Track_Error,Range
0.05338361773432587,4.817581390234727
0.05496093021675719,4.795117742979907
0.035928290933443185,4.75744046498891
0.001551747762431277,4.7477528003822025
0.007353850927346861,4.7410681641560295
0.01313087756522724,4.7429740682328365
0.019996785187392674,4.750344225705522
0.0385151508788264,4.761832605951326
0.0532662081682872,4.689621281572831
0.03262108887039761,4.632973615122841
0.019293841813137536,4.626986743982938
0.008277214203900707,4.627515970086973
0.0075828129144595025,4.5549229337378
0.009902105453570287,4.551743722863833
0.013327783058371123,4.548744718363082
0.021479465245382134,4.537872718531454
0.0313414939661435,4.512826850349525
0.056959624053083746,4.5055505036403956
0.0742581748012262,4.503691210196599
0.10985285512036325,4.478910510728803
0.11793751112230877,4.4528523489126455
0.12581261059223459,4.434137021025702
0.12933562991450998,4.410080786297012
0.12889977528451568,4.396003007227185
0.12935786960167484,4.3880587382025045
0.13427825857506348,4.39655073705932
0.17704791717074897,4.398238993441812
0.09118908372142254,4.350225364448975
0.029828268689792603,4.431437321691252
0.005057958846261368,4.478776950792813
0.012151248280443117,4.495387410690325
0.009111408603718951,4.327270077914266
0.008020793310708485,4.126671011650673
0.005417449149877851,4.133525584198775
0.06545580919465566,4.191659353188731
0.05817992799396765,4.091567092797912
0.06387565011072971,4.09821646210787
0.07185954937714079,4.0942925542754205
0.055752995552845186,4.100219997834502
0.10743181679189295,4.081852527872752
0.06553946609978667,4.032264204267781
0.042957576205945314,3.977437048444286
0.12206993236298413,4.031392110403113
0.09107607899377523,3.8846294268964874
0.11753671903528828,3.94932826379325
0.12018606225888007,3.9229180478910113
0.1183814576903165,3.928024757018025
0.11229546251979905,3.938189034436311
0.10525786875464527,3.9644463928734384
0.1003779335703806,4.001855903702145
0.11285464641148324,3.881919803153475
0.11227599070041983,3.8728319772103217
0.10487167832084143,3.87581830191734
0.10901281488936665,3.852970080607119
0.12375621570976547,3.845951133470208
0.15942316546078572,3.8199733207500657
0.11170404885485774,3.83941484221443
0.09258190576872671,3.879248632429547
0.05691593803823414,3.5122157735832213
0.057348923448686695,3.5072457484669117
0.03891302244705763,3.4854855400670135
0.008216052908718185,3.459970855951215
0.010900029681951917,3.4429034639414615
0.021815037885001165,3.4107689901940232
0.021027782360528935,3.4159863059775977
0.01608288493551613,3.4082955912456816
0.08157742305732019,3.4234562391977095
0.0770838075714757,3.434802836567201
0.0812392470682638,3.4484693581953514
0.024524791272155566,3.387340700781151
0.008413622347258065,3.2457922397742163
0.006937816413409736,3.285240991509492
0.08909455661035859,3.20376760409033
0.0096642297136319,3.1992788950472315
0.014817700391270505,3.178792316984949
0.04520535238447898,3.1562577910072735
0.07370009516656562,3.1438287119160444
0.0952683227381792,3.1974013169178357
0.10368932541468923,3.12838018780667
0.09487198245271178,3.096996006761599
0.09057180756456606,3.073182373104946
0.10718577593322909,3.0785770995159756
0.10453518153027674,3.0704023281950183
0.10309914954162491,3.063021899795225
0.1010893906612581,3.0567291493325195
0.09507802432458101,3.045688249275045
0.09210927676995706,3.034345226046313
0.0902311819819992,3.031715333544739
0.0788685460718207,3.024655038687098
0.030203043775271665,2.9288538517983023
0.01867581137688923,2.9257904289614807
0.004609895744326853,2.9085100295162896
0.0017861877602773357,2.889350281872226
0.005046594832795959,2.8681389762949125
0.008831680609012516,2.843731324602141
0.008643069922122992,2.819115809277106
0.006120807282694818,2.798097523732878
0.053154051176764194,2.7732912453089797
0.040195152943830914,2.76719549510535
0.02393604105942787,2.753454507797356
0.014089742363829538,2.739387584367974
0.011087510721004723,2.7237805643759914
0.006184632850667671,2.709953774391798
0.003382957905221251,2.70438447062503
0.00685306594025753,2.708835394472689
0.006156329599776689,2.66657942653266
0.021199380275861213,2.634499609662755
0.03131264180082527,2.6614438757612673
0.03295284692685668,2.6931525791830553
0.04396596752499443,2.662063536611382
0.0708043576520998,2.6616537475140696
0.07499956651749273,2.5096314542852416
0.07293236401928144,2.4221706118779673
0.07381555947688229,2.431464580105347
0.07088869669560072,2.3806213412656603
0.07292257872050778,2.3773676850951126
0.07358514721333226,2.3674937542183416
0.07198709605929343,2.356045038722949
0.06917415401147298,2.3449325623318273
0.06570108950157272,2.3317570577467186
0.06419466118705819,2.32078683186519
0.060724512427380306,2.3081467721745543
0.056824206067619676,2.3006239692232113
0.0038956458127856752,2.2458260146118865
0.0001354296027371582,2.239444037600603
0.004167934805984819,2.2300201042356287
0.011408847138766998,2.213914920769396
0.0351447188294135,2.1929453329221986
0.05370059979182329,2.175598517621406
0.0617697240849327,2.1623854628712884
0.060279349650336045,2.1513259554474713
0.05026802659634555,2.1430798955410464
0.10270122941271853,2.1287808323118136
0.09436213549144629,2.122474583872731
0.0683525532653072,4.777989156766518
0.04938574746666102,4.775163975061437
0.009472428015134149,4.702104540514943
0.01143260371596655,4.702107827230098
0.014451331193537365,4.698791311440097
0.014545055202278556,4.692940527795901
0.016724611233324693,4.684429045804443
0.016842074024326137,4.6751068711575
0.014338330590248805,4.670753527878128
0.014720032775875747,4.673401759094161
0.0022345639607188605,4.589546894476615
0.004420992685153169,4.5848561974350455
0.006900158121062372,4.589843430373634
0.004961461369496267,4.594510826762694
4.842374839342245e-05,4.59041163106183
0.0046160400607817564,4.576950340187532
0.0033767423924226936,4.557050375997138
0.0009259293709792393,4.557385320421012
0.004663622165851478,4.5831217873733925
0.007208753135027224,4.642087936603009
0.13523116563405946,4.514865897202487
0.13485542793515026,4.501327059306748
0.13564133694793856,4.472012158103224
0.134665241954542,4.451274512151681
0.13536850217875762,4.419347856612922
0.1282962493441604,4.378060353725325
0.12742737737325394,4.35346793785814
0.13629389235915956,4.3414908380543915
0.14177829235347583,4.3167838360888995
0.05188286865021019,4.366117459497202
0.01954917323812011,4.398105986055656
0.0586022963693138,4.394477199859244
0.13708775856239253,4.373944804487459
0.0682747746038801,4.230100466810342
0.06439673988901595,4.2084858700470855
0.060944862265961075,4.202749511907719
0.06871776984403477,4.1996544182198585
0.07570827856185869,4.205223250493038
0.08146186780971953,4.207625367586412
0.08139441046038942,4.195033042618545
0.08531187363141024,4.190752280772262
0.07528074995331013,4.232815998707706
0.022665234967598535,4.329795162601069
0.023919241900013155,4.33788576101555
0.01662836581039495,4.340262859108202
0.025482005708563626,4.245720354915486
0.012751176028236166,4.139610072347292
0.10680330387328163,4.374567082914754
0.09661253658364743,4.297611181576718
0.07069001079741566,4.205039036484708
0.017242036734455013,3.975260684445278
0.014713828927322647,3.961530124740354
0.014712966473967137,3.9459168942610208
0.011079366657828493,3.931571121456523
0.017482627462136358,3.942475926974863
0.01563976834957137,3.955064932299245
0.011476228750931683,3.963503034930251
0.012847499201397161,3.9655321421745824
0.0011911408330489426,3.9047978600839657
0.03120321720505559,3.891879050134931
0.027812354691446384,3.9081294915825313
0.020425617710999933,3.9224647754668087
0.014723011753461135,3.919386468263631
0.014927884817264592,3.955258165197187
0.012715844916087904,3.6674417291867
0.013656877137895651,3.660044593183845
0.039574460828013525,3.62850661091004
0.06683456651491482,3.5914577912282324
0.10253026315608194,3.560832148360472
0.10719803919468063,3.5472821802644363
0.11491004380330344,3.5375534749987305
0.10534914658049399,3.48686084585899
0.10347677166666419,3.483813736288916
0.10022969834768392,3.475037186083883
0.08358870081276004,3.4653021157705473
0.06869841975752722,3.4522687312236906
0.05174745494103872,3.438958518199985
0.020330920711712497,3.4250515269264565
0.014283431547987169,3.4121013902506805
0.010858245237165165,3.403049858703658
0.005953230611672966,3.401318909789792
0.0034568752360504273,3.399560464968473
0.0009673431859121839,3.344382283776426
0.004071497512753819,3.3473041632303673
0.007867416306788555,3.341939634432346
0.019843646545249505,3.3359622740215884
0.038626510638708145,3.339696855179694
0.08534880799043287,3.3005701079842593
0.06114963704406262,3.287002314894099
0.04897616242569325,3.2736783818928687
0.04007385315516676,3.25399758806054
0.021185331301030175,3.2263001802471987
0.0879925276809923,3.240685567100017
0.060543611785150664,3.190999397368364
0.033838393458043625,3.174778211987464
0.021483765629683238,3.1733072734630867
0.04792535297342437,3.1326788436984825
0.0330071539273088,3.0969551621821156
0.01911607902024437,3.0919092115028213
0.005586645375270538,3.087812866228907
0.001673265771757415,3.090546000683871
0.006584911868831256,3.0329991112499872
0.013204561945607263,3.0235694487690887
0.035502434380080605,3.00964500876608
0.059273282883286815,3.0004679110146917
0.09042100597136188,2.9959013121239852
0.0930870012419942,2.945397352831216
0.0909510901161747,2.9373986181431215
0.08775499977407297,2.923239011350764
0.07337470750584546,2.9080192367708544
0.05807725688594412,2.8888929153983227
0.04648418939549198,2.8740468734146987
0.03573544920732946,2.8619958492688653
0.02461625065410733,2.8541806337612603
0.013391926760713047,2.85823108085746
0.013102575905789615,2.8669702024841346
0.011066912618485858,2.783191406555413
0.0016816165382415038,2.79317702671822
0.010157797857124229,2.786164468643032
0.02769136264979355,2.771082215965588
0.056526254282831145,2.7633204614500197
0.005466230370791747,2.714209386524487
0.07252248705351233,2.712271630046774
0.06579195448546221,2.6986129746518763
0.07042901856101857,2.6838099974042335
0.07294258184776814,2.6682119431103692
0.07181250091235425,2.6608824672539555
0.06277649259412332,2.648328208605069
0.04326681755642159,2.638492768591193
0.03484830252050497,2.6306711697482004
0.0312391762176516,2.627596149925616
0.030701970419009683,2.652056382134653
0.05716361260541969,2.524978871420497
0.04562420406737194,2.515276664782922
0.040389136462955,2.4934587492897076
0.0310987028163614,2.4962799610267337
0.028473236776542843,2.4838913884163474
0.021473580274181503,2.4697232584807964
0.03635055205167931,2.4550025313220227
0.09028703992477372,2.403758376512309
0.0900214742092712,2.3840616600750315
0.08522933121074,2.3558965370029803
0.08308329610522269,2.36981634364104
0.07900229000049142,2.3563108239742414
0.07124665431804594,2.338148540255225
0.04071859896864666,2.322616629524094
0.009659525962823823,2.3160203495024767
0.0015422561027521042,2.3187565613936747
0.01358725605093919,2.2589052386956823
0.00682019587393351,2.26128684120401
0.0032452806913562116,2.261315943550867
0.0009973587506329484,2.2476662412531527
0.010410087343596663,2.2491871335462057
0.038274515551602994,2.243152543119363
0.05559948146327004,2.2344176112781686
0.05847386882011718,2.22925663230317
0.09958326083565772,2.227123490268131
0.08416915667895358,2.2128209809549304
0.1161605004772035,2.198634981681911
0.06037597367965952,2.1543349180280615
0.05881558219357452,2.1401984673736996
0.05899228212910368,2.129267282971206
0.0583375810657486,2.119982997718915
0.04680008926204843,2.1127630453040176
0.031504232105739494,2.1073469073607423
0.08362322234849384,4.667047954807309
0.08778752703985204,4.670210237484486
0.10155269686928081,4.674516640932778
0.12718158910742083,4.700431608279136
0.008976789574519972,4.53801327423583
0.0014378388408651244,4.517990429718118
0.011790207560619548,4.500943900424806
0.020484173379219928,4.484273135616063
0.0490197519611526,4.475714261635397
0.06990787822394118,4.469109076323081
0.08639163968229402,4.443435209282693
0.12438899652090141,4.418322138611747
0.12334409474683672,4.423224512784711
0.127728032663463,4.427022575678693
0.1311270813763944,4.415289615893678
0.13808343385833077,4.404948251312509
0.13925979827194213,4.402869350006941
0.14164881833127618,4.406017428653436
0.1573969978258849,4.399836890131597
0.21609979691874115,4.4807967569626115
0.12052928825056242,4.300077209656817
0.0034891694955708763,4.581359445978596
0.0154159319412428,4.56305011228846
0.08267034274909402,4.517700027488506
0.12750855461425392,4.471273179590024
0.12761544002829395,4.442256143245008
0.13085890852546178,4.377646884827425
0.1323809384264779,4.339722839701497
0.14368700466430107,4.213668311805877
0.13878378964507487,4.213511041251936
0.145233930297051,4.2129121822499345
0.14763640045507398,4.198695276125276
0.14672017637533719,4.18877046756969
0.14999450889488763,4.168542092282878
0.20272147713229294,4.152261866733039
0.11516207051745364,4.097432611480213
0.03982098385758692,4.056567057694954
0.004473809936206163,4.039622426538813
0.002347920038561213,4.05883575787025
0.15327921227224195,3.899910031379101
0.1216437229356172,3.921504956659202
0.10722036680306934,3.939244606212378
0.07816155536318847,3.9332832513792906
0.07814668854718398,3.8945166138398903
0.07269158995751812,3.9064351604993073
0.05173029057473222,3.904625281088776
0.03919270286050269,3.907068137606733
0.014695083844454282,3.916524887456097
0.011214392788793659,3.917234830593852
0.0017046876363248087,3.9054177406976343
0.01413091818463541,3.907335176354667
0.011161243450061198,3.9000495474521295
0.002913441116175086,3.89094345936706
0.09513190625968992,3.8682671988122177
0.12397685513404444,3.980631103909517
0.10278124849159076,3.781626112681536
0.10999029513695635,3.7718106918314622
0.12277637367767558,3.7345170768124856
0.13365269211446673,3.6304777305855698
0.11509300193503336,3.532297579234907
0.10724050162512755,3.5233964702599776
0.11431892833733986,3.5241668267926873
0.12726520555490828,3.5136438607580978
0.12640430084600657,3.5079978935840916
0.13134810402494218,3.5101584168640194
0.13761512403728138,3.5144977184943533
0.16448025330074734,3.5155408273346596
0.21119421354757706,3.5099024051824683
0.03468117259558057,3.4334797252834117
0.016817985822906723,3.4536818498615425
0.10546958933174855,3.5231048414484505
0.182796049605222,3.251869358608096
0.14278968103721668,3.2588618845557784
0.11022300699556509,3.259715415284715
0.09460330347615065,3.2565978671531934
0.07737289957605609,3.245600041542068
0.08192500782021883,3.228826409023903
0.08069276904523226,3.230003717604548
0.0757226126792575,3.2270427901744156
0.04334700163180649,3.2190702568842213
0.0290103614803241,3.2097896200833507
0.02929034717470791,3.193629722692299
0.03570923179735874,3.165797161840172
0.029141027660682717,3.1369869089460787
0.01015237857603457,3.121063953192806
0.01185133229740365,3.1272581694934294
0.0008348701380579415,3.0746693953147335
0.0006980541182816102,3.08992962606326
0.0007471999919184125,3.0933025429286647
0.012947033459059898,3.071891834877354
0.036050593017366184,3.041705341567762
0.046315180998093564,2.992414973401163
0.060544686010786775,2.924753429944937
0.04999911728785533,2.9410905639538996
0.04290447958070909,2.929400197513831
0.03576379313480421,2.9168267862183543
0.01860638750324689,2.901981855286076
0.014290457997262362,2.8928833426241916
0.013336555541692496,2.868216253836724
0.012698210376851649,2.8442053018960074
0.01090183248012594,2.8311970479045914
0.007296866870353413,2.818839553372741
0.0025780897828243665,2.8066477618620675
0.001937849671620362,2.79883450638137
0.004668773980420093,2.77082679612934
0.0017454278229169784,2.763785991543608
0.006603199346074229,2.752283035670512
0.022331062738360774,2.7422982117097026
0.031051869250587283,2.733988152169472
0.03296457741524317,2.7250256212059076
0.042748415199236944,2.6931389146346474
0.02721149867153716,2.6737130604901953
0.019605529984521197,2.66217040265483
0.002203979323182448,2.645189088879709
0.00030441951422355285,2.625304570937713
0.0006010110771385024,2.6139313513895495
0.0002473795651719568,2.6042865945268474
0.00044710445206513905,2.5993375438427977
0.0033284896945132147,2.595082564011189
0.02192864179221543,2.600184251004529
0.02463224530183994,2.481393914343551
0.019702316702056077,2.470234142496642
0.015052618429391262,2.4579277983788734
0.01741394783968442,2.4444211871183184
0.04188734529184973,2.405638412887166
0.04197043936744871,2.3931863936748443
0.07796549523745,2.372968307835426
0.08887422140333417,2.3658065962885035
0.12578145864637574,2.357915426260278
0.05115103332486881,2.33501208564529
0.07780704418098416,2.332468794580586
0.07316010704504661,2.323654835916527
0.05337999831136753,2.312844885446481
0.031096463789471562,2.3022011890276857
0.002918088210273062,2.2961483958953552
0.012085438402894944,2.2935581556672004
0.021974659031430477,2.294756940838031
0.02626840591091051,2.306734169581598
0.013022714534211388,2.22778827160186
0.02130329051616836,2.229473342996952
0.026234344156696232,2.2176771755119757
0.02233114168675082,2.196486498354989
0.023045265848749885,2.1773163986519366
0.0325460983542078,2.1616165261447104
0.03903547229031851,2.1424389827291614
0.04641318782267656,2.127927050391635
0.04671495289400107,2.1214128252371056
0.06161519572889479,2.1344190650766217
0.06510207843993149,2.121753497529883
0.030139053202732358,2.104355134647122
0.009984112188188787,2.096176063716959
0.006625420947162786,2.25738025897255
0.0428639040373785,2.2013176987210734
0.06705142484052501,2.1624138369099124
0.0680478790026629,2.1550755963508665
0.07169889062155627,2.1334832271797923
0.07243324771145437,2.112732753407959
0.07288455981932423,2.1106641941787374
0.06402917679947318,4.665148463776266
0.08837045974575641,4.7031792099201395
0.08597313114482619,4.637433234162843
0.08341710136402058,4.60682958502407
0.07368828205478684,4.58842722054064
0.0684471648745546,4.55999157600404
0.06585313781031887,4.53388864931127
0.06458203430336718,4.502477612815504
0.06266787824450959,4.49644692448212
0.0555717596079115,4.535517693519202
0.07568853490340888,4.347899328008738
0.06949061895652986,4.349355472537841
0.05377333344723545,4.331678964467408
0.022380392996656395,4.319082844839259
0.02515913260865954,4.3082288253048295
0.00018361954670731429,4.2755166330020264
0.03609806485963096,4.266268511336433
0.06614294911430818,4.242937529939143
0.05454136738888682,4.195105286795497
0.03749294605361175,4.184332917060156
0.03588197492555589,4.179280887658005
0.024947365502088648,4.189771770139174
0.012890446379418163,4.1377957727947
0.02753176729851492,4.059713211202467
0.0030909837262647066,4.0920049533630465
0.05698714737670496,3.969435318313571
0.06497086588418277,3.964338374137394
0.06852523551826106,3.965835185786353
0.12280962549850516,3.913329859641732
0.13112387681207793,3.881580298439684
0.1482680993749521,3.894389330524207
0.1880435372341125,3.834865955112353
0.19145275065320755,3.8450439062897694
0.0809777675118144,3.580644007628814
0.0403567155023099,3.493521219089814
0.04246185324853502,3.49991209506661
0.02357318340866854,3.496267737885463
0.039826090340319587,3.461756589211407
0.06490434411014179,3.480980410256425
0.04455224192432872,3.4453004048629916
0.05025754541867511,3.3570892370577163
0.046836129646788516,3.3212864237504545
0.035876304984155505,3.325997195784982
0.013222479156297151,3.3152244330571823
0.01591530638335814,3.314299959275988
0.02488563314039105,3.3172830757204887
0.0036920446330213075,3.2054768645877556
0.00887758532625993,3.2090152173681785
0.007171354438154864,3.2507979815574237
0.08345474108461626,3.0783754089388915
0.0804388365745432,3.082557749946506
0.11342541971542841,3.06854748550142
0.1505720465483361,3.027318574515055
0.13891037376226045,2.9442003139716793
0.1374500784189957,2.9351285478030453
0.1362577367965162,2.9366002367802007
0.13378227717192603,2.922190486142988
0.13180658200509854,2.8948821343190656
0.11947830238971402,2.864672174014455
0.09176891594054859,2.8410359192532897
0.07837687234050217,2.821830100438409
0.07567468209817674,2.818311216269949
0.07062548683695224,2.8214031416961207
0.05240758232370335,2.801132363422549
0.024480111306884766,2.7392112394118047
0.02754378906851851,2.7708763916164942
0.007945452433430034,2.6839243545970684
0.004554363075108814,2.641044622664563
0.032259674967605956,2.595892629992407
0.049557834932980604,2.618108915124422
0.04583019101056218,2.613488311744725
0.04300015050674044,2.619622668286622
0.025749334171098592,2.6123007791227755
0.024064445549516145,2.60707670800311
0.029383692777333992,2.5876225737723058
0.006312395248160851,2.526211105684252
0.06360264967120177,2.4377357301963545
0.04767778902671416,2.327958944269797
0.06887087682891635,2.3103928535656895
0.0954970280168973,2.293642425650212
0.10239676153571065,2.275112554211594
0.10562253768275098,2.2611227739820934
0.10775521965246038,2.2564544144902627
0.10746970769473818,2.256976965887671
0.1090466360871094,2.2493536779477927
0.1750693589006882,2.2268336185282456
0.10863752188353937,2.1754208520236404
0.10752083910820709,2.165542663222244
0.027433926275236442,2.152380327207654
0.03098325001257929,2.1672604643540083
0.12038221742183386,4.509918566689089
0.10605467757151299,4.486073111644654
0.10838185310443649,4.478888535158241
0.11205481713811394,4.477080229060722
0.06345632332370621,4.364603336269081
0.05863301738864468,4.3694824230221
0.045317831779882134,4.3462528956929365
0.014900190207461916,4.323491262938055
0.005935996995960036,4.309105320805316
0.020011820303060812,4.279981008392563
0.04211014448720385,4.310072734243183
0.04022622231125528,4.303924821637694
0.05862041663115347,4.30168392795713
0.06733844202802142,4.315331400645563
0.039860621240298544,4.297222459994899
0.04271283314123231,4.342628549547075
0.044568395293137275,4.316016011530846
0.02484266880895092,4.298557472865092
0.2670933212387889,4.663923693329633
0.11786183199394196,4.0284385667268126
0.14084344854901376,3.9982931170542897
0.2350132616158931,3.94644309663222
0.1942215227987567,3.9236827249221538
0.18850694266849177,3.9174917573366246
0.18602935089756079,3.906100091008669
0.17439906060123977,3.8884724403387687
0.13945582235123322,3.860904452503705
0.1262124972120715,3.8423337418384342
0.13425114795962023,3.8042356617039537
0.13310818284665427,3.760110493995235
0.10577670098103331,3.7393512161234046
0.08687798513293465,3.7259946128534343
0.06076038128151029,3.713111069183151
0.05522042991823817,3.673803804390175
0.03426275729359052,3.629903154103455
0.0196988168110388,3.595982505746192
0.020790047426513913,3.570065966398965
0.00765530233664502,3.4974401807873257
0.01890916481160465,3.5008000570081483
0.02856323708382158,3.4996496862263684
0.006789368253066863,3.4951110598875283
0.06193225045769979,3.4757224832539393
0.05605846084502897,3.46687347850908
0.04798044561625936,3.4555198237658913
0.03812770881270966,3.4416854106843284
0.04770389296282285,3.432466375904602
0.056783861452647466,3.431303558267195
0.06011584345196197,3.4082069347587103
0.0406191003546037,3.339662139116227
0.07932772506140773,3.3074263591106208
0.11481085895315035,3.274959784153025
0.09027836995502558,3.2880804309975353
0.12689455057273102,3.2400591875662648
0.1419566841317842,3.1849531404846365
0.13348115338496047,3.179539194057185
0.1058457084739135,3.16312773221717
0.15312678826922432,3.146736884150364
0.1471560114526248,3.134394518197919
0.13529247771969766,3.1112445827940234
0.10012923166583021,3.0898678044203693
0.058988488169876674,3.0758426297104715
0.04943126679009935,3.0653865154052324
0.05325139926615374,3.0019836265401376
0.04678559357487588,2.9776858676861497
0.03835845745932176,2.976850603818263
0.02932627604767757,2.9698263133338743
0.0069433776141203385,2.9439186563820923
0.014556384845194947,2.9075366073763154
0.023266680983733745,2.888493508405606
0.030389210115265297,2.872671923287706
0.018151315178508542,2.849437727398755
0.005032618551869206,2.8439791711537374
0.027807728160730183,2.8365118720167044
0.03269787274278668,2.824569120832414
0.021151094040726237,2.8192584884095884
0.043845517751541996,2.80402468703289
0.04157877878166649,2.72659204295731
0.04575496412702296,2.714847276098315
0.05253462803330067,2.7057435242477244
0.07915293476580632,2.695211964467075
0.08740352674626983,2.683870495322927
0.11407580249912708,2.655054590984671
0.11790419662171792,2.6148380410830954
0.11944391617098915,2.5680937901740095
0.1194675382170346,2.529088866996489
0.11622783037901296,2.4988398392155027
0.10587664062601909,2.470711503077807
0.07737636913274049,2.4397629576235675
0.06688625125314118,2.4207977643969847
0.11408707672930607,2.404730243164243
0.07333322734853842,2.3780593170501123
0.038094766645280775,2.36973129852994
0.032670070040706434,2.378170101107459
0.08907704840610742,2.321595186967789
0.05493032023861766,2.3216276645640535
0.03754190973755778,2.3253927753183254
0.0011387908505992028,2.250384582455025
0.01393488197670889,2.244928041024015
0.04464190024284287,2.2436406371214757
0.0482753894053094,2.233178256376122
0.06685485472970543,2.236915394225543
0.08009474864803245,2.1702145922001552
0.049492663880890464,2.178927530144257
0.0746698699671694,2.1779252176561243
0.022098093375003125,2.1529436283633574
0.021764381573929237,2.156346636294391
0.024382053844133056,2.15758490514271
0.0277045719535296,2.14663451387644
0.030068499450608965,2.126717932412575
0.03156259810396744,2.1066522020813534
0.010814340417457435,4.877544924403849
0.026146013747053942,4.8431741125626875
0.07176052258251531,4.80868927056899
0.07221040938900325,4.797847044214145
0.07271473152143182,4.7875615307314945
0.07609913402402868,4.775330356884201
0.08017338903454041,4.76827520736121
0.08145656017272418,4.7670957788876756
0.08322773041098719,4.763307922185193
0.10186893059846236,4.781490728938877
0.056972737346577595,4.67297099292042
0.0601832207563846,4.672766901607467
0.05685631109356648,4.682427307913496
0.03512475170126517,4.698600909221578
0.06106136002447493,4.599124929887723
0.0554500928698245,4.589038904775309
0.005711593421706018,4.626300617736676
0.05919470871001442,4.589127733027023
0.05996155865499131,4.523741471701548
0.0633950382831363,4.508163756908942
0.07051908178457489,4.490371933718023
0.07790472285084404,4.471897152043745
0.08631503007291474,4.452743135994414
0.08602249279146279,4.435166348351066
0.09304189427639087,4.429418167556431
0.11228738200255184,4.484521038930038
0.013416339914200437,4.300908340908335
0.0344326397442094,4.299510574606306
0.04910662897524798,4.281663044876645
0.06110144121751926,4.255893004603706
0.07396011665791935,4.24764644619046
0.07914001815656357,4.237713187730606
0.13488871562189875,4.202312712209172
0.12868162623789403,4.200558809965037
0.1265768324986143,4.196157785588983
0.1348066103494565,4.177356665519998
0.1411824887910611,4.156967299478572
0.13645143876171817,4.132974339054073
0.12657639505353124,4.1169022493143554
0.11898474793875224,4.099634262390866
0.1300043331627445,4.092311482689688
0.09809275984253896,4.0156404933350425
0.07007896502429922,4.022873875538822
0.058150941217284036,4.020362917996071
0.07373321860223858,3.980929122299064
0.1021511999216358,4.093205740178841
0.06640074887919667,3.922006364848713
0.05650824887802508,3.923923583411903
0.030333754744897856,3.911898188681646
0.05733416374091038,3.8538400340326233
0.02414609593329442,3.8386859956099464
0.022580508899079144,3.813137588765564
0.015969759255907823,3.7750967903656543
0.0008048833998708371,3.7291646326970818
0.006170152518501837,3.691145610530079
0.005055994298058142,3.6706671154692945
0.001243663353987845,3.6339687428659446
0.028294836627723585,3.601976546796497
0.03518171058587649,3.5935256528233572
0.0017196756952870818,3.578306940803007
0.16156036668112472,3.614466728938963
0.15657130614408843,3.4986509686754057
0.16900322182412797,3.4650955733480866
0.17610051941064198,3.4794975326034896
0.17840779500420212,3.47825551530136
0.18714056409427693,3.4600353983314527
0.18286572462487716,3.4360247755446185
0.18255207576903554,3.4095860527414064
0.197507283629776,3.3868403086505374
0.2115860302302187,3.3506062351324273
0.15935972018449307,3.328270375011082
0.1396787276286121,3.296615268539348
0.06283397312890437,3.2568392152914236
0.04121107351670217,3.236632306445647
0.030675664042519646,3.220034242451373
0.031313618563105994,3.2051894205719456
0.02979479862528811,3.161677766050439
0.02870662782308131,3.122499220183972
0.030035940399376515,3.0924548442156703
0.026411241667775975,3.0800218774228285
0.012528690051885949,3.065142065525667
0.020690515730020675,3.0499457693024694
0.042508422900984444,3.024407731104078
0.040823555804017087,3.0208034948906204
0.03300350412093922,3.0057290738123426
0.031523985644147046,3.0027370844489263
0.026317179917910938,2.924209718405685
0.006170345987798642,2.916727654283138
0.009084360906488453,2.908211257277711
0.02946858659167484,2.897757983075337
0.043451002867904265,2.8537462484603555
0.04404695539808201,2.8419424450432698
0.04666121456710348,2.835168132019344
0.047398672366885886,2.8356387670351655
0.05622747770174863,2.8450227103040455
0.12468966269650605,2.756432177096841
0.12047040968180944,2.7393896433809837
0.10661515635812768,2.718879532622283
0.10227624618720499,2.694836101669982
0.08751980463672115,2.6773329858565633
0.06254505083349893,2.6773302786352295
0.06460712832820059,2.67123086413364
0.07029206831762103,2.6712367353551945
0.04105353716031124,2.58961184730836
0.03209589124729029,2.577658011968535
0.008348794455565467,2.574337918254263
0.006530257839832965,2.585764670806154
0.019215127802400533,2.5973023335829915
0.041404376586945735,2.5782999896999796
0.04375904299720135,2.5260481747735257
0.050332845522298,2.4822839084779
0.017767454286592654,2.355574245393025
0.006152615546824669,2.3556491111688325
0.00016285786491332388,2.343654014978794
0.0014910551708985365,2.3325181362898486
0.016343027147586286,2.3208394989205674
0.012851816353337875,2.313230927696757
0.01280346960868628,2.319614715623654
0.007039668331141891,2.3027801445503604
0.007988641192892443,2.2685062162751666
0.010810018754789041,2.2598188670956443
0.02116370869882156,2.2488387226527973
0.02300764239515063,2.236238489061882
0.02579262524071635,2.22749833969856
0.025691312557018176,2.2041151351029455
0.027165503359726006,2.1945792641800765
0.029207397062099183,2.182528071170456
0.03108513947440783,2.169978609107001
0.02997267139046833,2.155924000330257
0.026782312884821358,2.1429813258398585
0.024623204478520178,2.133494574516349
0.015755918580406147,2.124364842170718
0.02621726457287543,2.1205338952195296
0.005860087716200835,2.1057779566682795
0.09830558617354468,4.713967145797516
0.0950349012306424,4.707584576003126
0.09205666194727047,4.7107968804914195
0.09429892795506567,4.730805269929088
0.036587545352755324,4.662207780172357
0.03735124292401548,4.5688576385454605
0.005412815434675533,4.511190788913271
0.04682681941144384,4.498427099971677
0.023075616539321553,4.473698679735952
0.006927742767030232,4.4442933961325854
0.05309453310781742,4.411879373370485
0.07004966686163905,4.393745234422379
0.0077431755997305896,4.3250328485356695
0.019024650463176584,4.3141297801419505
0.032902706256063396,4.300782752862141
0.06116250351035801,4.276839951539788
0.0690979035489534,4.241882977517321
0.06214133516448239,4.216212371320577
0.05301134767064308,4.189792090419914
0.0526751095906457,4.172989851230121
0.005670150277591324,4.040332182063994
0.011880766449718916,4.016570781738733
0.005035902920287105,4.018999000426978
0.03528602169966,4.004156129902741
0.06467341125892911,3.9841348325448145
0.06972238091831762,3.9565936403659063
0.06894714693836135,3.944224259394014
0.07190539794628137,3.9400852127342696
0.10595623429875256,3.905940499312846
0.08673591911612477,3.8994222134428544
0.09243020767421628,3.8893256135914585
0.09945204800631124,3.870221183952756
0.07885246213726393,3.8575490850565592
0.07424372392485279,3.848048705135491
0.07616124086188081,3.869022410310993
0.0651216750049124,3.863694515882059
0.021307869134687518,3.666913417896078
0.01258729876282505,3.6330626356874074
0.028893274135492142,3.6093443943255026
0.010329637010559223,3.778326669009798
0.0595476064087348,3.4785168764212204
0.05426585507568871,3.4763082719253418
0.17373586264990504,3.4673337477926607
0.16944103147806477,3.4638591251184354
0.178100113962117,3.4488343667279744
0.18124391744966184,3.417077318481751
0.06315578146561007,3.4041793645931975
0.08081336212765233,3.388715508756978
0.09478844474626746,3.3452333799706993
0.12751840862908326,3.372873109454163
0.004517723191334699,3.3228722145155927
0.03899091464935123,3.305126460075016
0.03859056565124108,3.309796425285149
0.03895243183813535,3.3022692503999767
0.04854887779976691,3.273581855331783
0.05588955613078439,3.248122828627019
0.052839560060384594,3.2175566450328774
0.07686289688036485,3.1440992697600763
0.07358145311729358,3.1417853087450083
0.07047009445714458,3.132097020189897
0.06740294448243,3.11835075953019
0.06784638315359781,3.0992423463266716
0.06527136017007074,3.0801985335214432
0.06208517070944786,3.0635750193057216
0.06059622699514122,3.0491210797769894
0.05690574486305211,3.0362861540595487
0.05417342150047344,3.0374567590798023
0.03974615656219971,2.9499163991237336
0.01369714147074741,2.949138969545323
0.014054700637454731,2.941802659474589
0.04174863352007696,2.929634746519429
0.05456060500327076,2.9053122161756204
0.06622470362986,2.8835964661096423
0.03745620865765176,2.832486525283752
0.04331356744048298,2.821199993388257
0.04980167170583516,2.811040697265327
0.053338817837371044,2.7907570170525453
0.057954849696029376,2.773281718238762
0.039474050599506816,2.7970740414606974
0.01773431215303445,2.8385187542254435
0.04596892483810566,2.6534877930656156
0.02042941843575119,2.6492874275354077
0.006759706412921007,2.650836924977728
0.0017738386507684112,2.6568334882478255
0.051195693976101575,2.585321788193361
0.052638902668022514,2.57727487666022
0.059471209623642274,2.570439379307505
0.060207009401896716,2.562107957132399
0.05277246716649264,2.5744867718315363
0.12916289351543753,2.4752375238222983
0.12646947166455957,2.454627387544168
0.12621835786393576,2.3993686116793658
0.12447657633009113,2.3937594667795965
0.12045817553953109,2.377931871905696
0.11733547000011302,2.3603331043829443
0.11315164216026663,2.3437636879499992
0.09922211143913673,2.3326088529368807
0.09187505174646604,2.3254789004791343
0.08631856377778979,2.322953401058581
0.0873011372445619,2.3295266910700336
0.0632027925436951,2.2833098883176466
0.03322041794341657,2.2442227644936708
0.022745900463227442,2.2413008765533013
0.025692696481406596,2.2337264651368973
0.036904182506376504,2.2011312306191764
0.026636633636040075,2.1488957644875386
0.05392106065889202,2.1407741862711887
0.056474385460697496,2.1224076389660262
0.052990529607886305,2.1100131863852862
0.015243763360859863,2.09437385044119
0.005494412228138068,2.087120269476634
0.038442116261447445,2.0995036260459963
0.04143032697237958,2.096913848033216
0.0408674546265998,2.093246319992493
0.03414293315547989,2.090101367474726
0.013604060529524342,2.083303585379729
0.006611933743415621,2.077917728157294
0.014669527529525883,2.0773041983496268
0.02605325264882019,2.079015828555376
0.029674912068546777,2.078937522892372
0.03159852547071984,2.080517867814362
0.034218000617396216,2.0800521035020902
0.2125299459271044,4.699763573403277
0.2221690960330247,4.696680794640746
0.23198192685056074,4.69175264873924
0.24066427330278528,4.688949540084285
0.2354189162222593,4.668754142322749
0.170613113568425,4.641655142539856
0.06969126661348124,4.637098439671333
0.06730280712745018,4.591837682768907
0.07567731625708451,4.479756899887379
0.08246303416298373,4.440114015537846
0.08450984468329148,4.434759333926659
0.097160919639804,4.419736155534186
0.07323335999203873,4.404050165981222
0.08201321015562835,4.406771326570803
0.08204344368056171,4.4131238763977825
0.07460154165009181,4.403871200124285
0.07003169534906983,4.384542779969077
0.07446577741616123,4.399804896600436
0.09976905007821246,4.379316057781811
0.06291447277393436,4.3702229266337955
0.27462112463277855,4.493042083742075
0.22869960845385862,4.267164865155022
0.20643590111810406,4.059278338763126
0.19398644445151358,4.0485340683090625
0.19036979096055306,4.05554480415759
0.192705215415643,4.045298700484594
0.1922232572907403,4.038937946060194
0.25611422950337936,4.011746058544052
0.2975843160829825,4.010596302292172
0.3205301601960957,4.015665178851286
0.32722757785761725,4.010852832596328
0.325372498303911,4.024254895113818
0.30290487393887977,4.045778534544547
0.28795108248896684,4.037201041583755
0.22128826953315417,4.046727204470649
0.07794293611403802,3.821528212139467
0.04036499333256294,3.790775448123399
0.05901725200365382,3.7816839312716426
0.0632148558277974,3.7438398791750016
0.060475573099765034,3.716248882049386
0.06414701176525295,3.704934954348701
0.06526693730592137,3.6707428857960513
0.06773270219703709,3.6455252140148944
0.0677510407563997,3.613285719431752
0.01846095189262198,3.763084711564443
0.05397211255019352,3.618896198680084
0.03847502349287124,3.606641872653284
0.0006421729489152206,3.5037015146925965
0.052033327838583165,3.494860460872802
0.05691415464007887,3.4932439446470855
0.05813354873328147,3.4867285346502697
0.07086886030192607,3.4657658500840216
0.07580388003052785,3.441691302140166
0.07727565990672502,3.408951787769113
0.10831319827042551,3.394836545279017
0.11534539381262277,3.376418567316316
0.11598776111780906,3.3525751798377605
0.07997866729084513,3.332042243145026
0.07252837767328213,3.323988247297463
0.17992332307373005,3.34081259525778
0.17068704084098885,3.322848101569053
0.15751570776576318,3.300281891800391
0.1324961378585383,3.2782500111657273
0.11521360501669498,3.26612484409367
0.10207060823065439,3.260870945076095
0.07022805169164825,3.2107869538755276
0.052485568208995304,3.2005959147983645
0.04735758106710897,3.1928158897330614
0.04424024118919512,3.1841225998789575
0.03957615259326608,3.1745538751591886
0.025860536860728978,3.1537790674498924
0.04114891836913226,3.1260397721772972
0.04860004577243204,3.1000877282938255
0.0019738378778604293,3.078722986343381
0.014052116930948433,3.07232585899609
0.024251219286156145,3.066797165767853
0.03519788114873057,3.0551413848479156
0.03850503828170937,3.027792142680184
0.04104397434530349,2.9987461105553197
0.04395384266258073,2.981539467723439
0.049042714570580515,2.981985244760332
0.0657110528165874,2.8906978595397015
0.06661083170230353,2.896158289572468
0.08976020998077638,2.8955817092912257
0.13460473517709004,2.8841638449793954
0.10870902197145371,2.8590779594702935
0.08141884550342926,2.827328859465896
0.14888311137721955,2.8082082606220333
0.15623191629188415,2.7854254515615113
0.16493673711082169,2.767416181148797
0.23043315316622137,2.7579235011311556
0.15511609990580233,2.7190377656548512
0.1769311885695266,2.7123770255239097
0.19393907242353214,2.7076817604906087
0.19033135056784145,2.707342649213226
0.14309677596513581,2.6804705759493612
0.13637333700237164,2.6715175632851302
0.13582419303243487,2.6726070751384383
0.11976380544249432,2.6670996914533074
0.10494965160820202,2.674509962048331
0.1219661539651904,2.6899324500978454
0.04844426829779547,2.597805378173545
0.0073809316461308505,2.5468251838562583
0.003983613696574073,2.5493560541082676
0.004001824398113252,2.533902354050744
0.0370296490344284,2.453496799085302
0.01385918495786087,2.4371848010832924
0.0041933293692804074,2.4226449656085216
0.004658307939827244,2.4038490390461873
0.029150800239205132,2.3893585287793844
0.02896305092394491,2.369756001524251
0.027489810215129973,2.3410280671954857
0.03089268543833623,2.33869539293258
0.03197669693044236,2.3340336997100604
0.03483277983967603,2.3272716900477906
0.03470147111195554,2.319082417293521
0.03347944295499994,2.3139273239189473
0.035248062889221665,2.307961445221085
0.03810552254246424,2.3035107577884224
0.042564647498731456,2.278387723372056
0.03485025726767432,2.2555656598435996
0.03570449059262448,2.249439469769396
0.037138052078853456,2.220825641927328
0.04300231784962116,2.2141057388814684
0.04367854803754634,2.2088020445562013
0.045925945827344106,2.200832367796907
0.04385946847852484,2.1894059140348867
0.03990135090625435,2.1786370911383504
0.03607377892898744,2.1702531259794675
0.033641966569072035,2.166788946838252
0.0573383877249497,2.1380866618168777
0.038641294135092874,2.125282844310542
0.035157038453690226,2.1160757192936575
0.0128088616680464,2.112519438025236
0.012755582816412758,2.09607496977076
0.03268443359147544,2.08537411627643
0.04338294113844676,2.0774339572598266
0.047644217439647196,2.0732256007181475
0.04525523651184005,2.07113914800603
0.03599182771164189,2.069966715592299
0.026768721687820518,2.069664371804665
0.024125719503366505,2.069273195442201
0.01616221840589005,2.068224027548577
0.09740129268599862,4.638825848913273
0.0839069485235977,4.640178308679396
0.07363167363561018,4.6258942816345066
0.08073520847326887,4.482888470804887
0.12485710783547144,4.393603564418367
0.0859268586069788,4.358962157643808
0.0798813655370838,4.319148798778897
0.08567529891926284,4.316771213849786
0.09475153789635393,4.312368763956662
0.08464534636745591,4.2976516124988775
0.08825806488098831,4.278285301571972
0.011579972268550565,4.315431913786485
0.18172525746004786,4.254105313578605
0.14260425028064927,4.267824902964156
0.14810568918854372,4.288832167655493
0.08534147542550197,4.218590489647715
0.0803510943910668,4.214741306426222
0.08486266760290695,4.207687581877513
0.11475178672675046,4.153767387361568
0.16974754664305647,4.074537853124543
0.2075432820982701,3.979652829248612
0.2018831319346912,3.9714592683987697
0.1994243375870759,3.963729291606177
0.1981689314004471,3.954510312462736
0.21834788548158302,3.944456566256412
0.22859751525185534,3.950493562740195
0.2434961679877563,3.940221764503915
0.2363136545647948,3.93203586545204
0.28096936828384234,3.9396752239040898
0.3480246915411067,3.936805394717788
0.1315825324231259,3.79546885626876
0.06077147273282257,3.5194182344848377
0.012912379199718105,3.500892440396391
0.029320976854411596,3.5025627562145267
0.03956775916715438,3.497347898669526
0.04327324829349655,3.493816020500439
0.034273117922496876,3.4925382435768437
0.0011279415824467787,3.4894032499029355
0.00653419440507097,3.4858724736760736
0.043123228525908,3.4989733518258697
0.0644545976447739,3.5190790487814967
0.058227425477160644,3.4224738526659837
0.06564876310804957,3.4315360695091517
0.16954127508855676,3.3868779442672743
0.17819478538678446,3.362600762641166
0.19269636354154063,3.3448236814423877
0.18763847944795242,3.334579950722022
0.17459804784027533,3.2146178785979083
0.16345163449369693,3.2087186322159496
0.15492162939467247,3.202358323428261
0.2131763725668563,3.200437805368118
0.26862931099072673,3.212660258552925
0.2700450473535976,3.2134010233403707
0.2663260561909322,3.2096168333288873
0.27753903789111334,3.2013591622287696
0.03866786259739907,2.918866907848792
0.04232009217557797,2.9199322133387784
0.04121282183866515,2.909020978183311
0.011691658784013681,2.902187783687613
0.03857376265669199,2.8851410405485187
0.03940644528921666,2.848612809906038
0.039019630262993044,2.845998633506825
0.04624093336249824,2.845557718098781
0.053539838265826756,2.840549573426135
0.0587356182314176,2.826223807018879
0.06519561151014308,2.8116060554310867
0.09065359246320304,2.799048556293263
0.09795384608993807,2.7871678273828366
0.10524966536263025,2.777007494571654
0.11544938862311427,2.770435129476817
0.12630610687635446,2.7699194401145997
0.098352796817609,2.719090795070582
0.10380118620658796,2.7132108056679307
0.10151856138588933,2.7002854467445885
0.10687305973140449,2.6808152624528465
0.13056604481980827,2.660157029975192
0.135854230322072,2.6360593449498064
0.13931481732156303,2.610228175865619
0.14218011763893545,2.5849905035373566
0.13570334949671126,2.501691849373971
0.1333593832827228,2.5030668087043124
0.1306325694803373,2.4926836804776378
0.12635228196075277,2.4765952980120542
0.10696259698441346,2.460469772654458
0.08604209539622065,2.441535108068611
0.0680311590537992,2.4251642628322836
0.0511260742122841,2.4163493407409327
0.0487607463328783,2.409858619143088
0.044210637242360074,2.4034685221856966
0.033084166110516566,2.4046144455174123
0.005500469785380657,2.448000060438146
0.0012299524629519887,2.2991714912556622
0.03768343356242099,2.28415277059564
0.04951404327940745,2.263812840147192
0.0571165328924762,2.2490763243767593
0.05981165429503288,2.239920279940139
0.0430892322536538,2.222817289546126
0.040037973763227486,2.217078076397272
0.036112092728609824,2.208851633663465
0.01254646720269792,2.1702984657009297
0.0051226577588613376,2.170306114494731
0.015825156992613665,2.1669033989469684
0.029700389186319676,2.1588473768882563
0.03397015806089754,2.144951877116843
0.03744080584879661,2.1327282799541103
0.040637163753758365,2.1255462650334955
0.04264957521132362,2.118662326213612
0.04375666043986215,2.11519613163546
0.043218620704006394,2.1103010681597327
0.044309431708554725,2.1054404025943056
0.06064077485938335,2.1011408135794394
0.060488906828469635,2.099489470366054
0.07311044754768647,2.0947659029214023
0.07694841773331129,2.0882043790167613
0.10481234332906164,2.083388534799868
0.16197953724779568,4.688921390386424
0.1632665959843913,4.687013464509725
0.1677742961320967,4.669844837366851
0.17573130734440845,4.666860546897022
0.1789517105946019,4.664138202721478
0.18397484734758462,4.658185763936072
0.18216832070318523,4.646739532735111
0.1832909409957475,4.627066324041384
0.1858676836369919,4.612777267463983
0.2083410254049931,4.601974611967449
0.21817802964254351,4.603620601027954
0.20486057323048312,4.59885453728933
0.20238719922534631,4.579111817218954
0.14224352321227807,4.590998047857863
0.175303467957046,4.606064557282107
0.1633623236248578,4.544687820204062
0.09590416298872873,4.4705623144184
0.026475393381832912,4.405480006610039
0.0880620651133972,4.4249615099222925
0.11461344026858056,4.441546070059802
0.07498845669683085,4.415829066915234
0.07155726931132866,4.401716955250957
0.05009474859548968,4.397056234112788
0.16508224119913395,4.416532880578739
0.14748325150653185,4.4179588003672805
0.04257490867964764,4.34380091647775
0.11202041308269362,4.2940584658355
0.16111021744358878,4.2301397474658495
0.14059057023007338,4.183470120252759
0.15284502371162567,4.186881465588263
0.15577252028851873,4.187320245624803
0.15478900643832283,4.194485563708901
0.15926106951217966,4.009359657866453
0.16326147130879765,4.014839858168646
0.1672430497860058,4.008767494840376
0.17352968459783114,3.999837952012124
0.17732244792130514,3.931111427022312
0.16801070124782624,3.928356172089708
0.16244158521013685,3.925339740163216
0.15459127834467057,3.912633148481435
0.17028144556245617,3.92311382387276
0.16924840864838298,3.913143217224976
0.16729080751113168,3.908442837845133
0.13013164203408767,3.8720032161685727
0.1431678958064424,3.879803121639263
0.17387832593624686,3.9257009098672824
0.0019287478530833901,3.675866278826305
0.0005921351128870267,3.658137488640119
0.009719927658485616,3.6217924554426704
0.022609690286265804,3.5884631409043353
0.019928665662302558,3.5754363697970564
0.007188591582536041,3.5754640254541705
0.01198186866704476,3.5642530118103233
0.012297481182280023,3.538397100416654
0.013030651070948807,3.5158265826348822
0.12234469582180685,3.5012850101161286
0.13090439490969707,3.4894038466574986
0.1319023498774914,3.479453782403827
0.1280243732535007,3.4803037285645524
0.11739661403074209,3.4785082743873192
0.12371342793908346,3.477846561477105
0.004624599930906026,3.4244889878284273
0.02103295051716203,3.417003486191241
0.06899909493513112,3.4060922452777747
0.13565935676821672,3.3928004360493396
0.10236120647022062,3.3454368178879403
0.122979905324899,3.33586558125439
0.14915280131174713,3.3160255987091247
0.16892596691330874,3.304244693849493
0.18023257265862402,3.2811205797141976
0.2168984244465828,3.2728474973572133
0.15526332920302166,3.179130769581683
0.1433767582766441,3.1742330977140973
0.13865546834295417,3.1658856456158495
0.1332019752677147,3.1575393521810144
0.11860369357726741,3.142765766004883
0.09441181219095474,3.126293876411846
0.07908576683294588,3.1126911860915976
0.08233038432257933,3.1055979568979413
0.0867678365201503,3.104290054419953
0.11101669007576609,3.1106442539900834
0.12357696844983934,3.13020495490337
0.011520848308212317,3.0236853846039033
0.010664961678407803,3.0222453263343665
0.009697809855337303,3.0255083539387
0.012378828303520661,3.03787150052771
0.03300623593625396,2.960188435624596
0.012276301564439374,2.954273828406075
0.005897101609571687,2.9529012755922084
0.003203683676842539,2.8953370474285305
0.009689650860379873,2.8947725351577347
0.013493012768077683,2.8932734369648725
0.016908967495696148,2.884201393449052
0.018714889082988684,2.8784112532873345
0.027068025211896662,2.8824387408763212
0.038631738641686564,2.8874203469915014
0.023340529203559557,2.8794028769760884
0.01703822529157395,2.8677860131259996
0.002925962775533142,2.858624772201605
0.008073533462568783,2.8555083910812096
0.01000794992295484,2.8373062379968945
0.0463061270915337,2.822866198989064
0.05759718917169776,2.81023540358521
0.07505400777041693,2.760278604180608
0.05129063925497945,2.7462213145956564
0.06412391118487903,2.725806283820142
0.10024126000092659,2.711726153611
0.09932896912745837,2.7002919796897764
0.10092243047641469,2.6974645527415455
0.13133369223395452,2.6645623356266066
0.12373225679102573,2.647664582891123
0.12057023081035045,2.628342394191819
0.11836258253999477,2.614441371952858
0.11496134662868296,2.5991757943537617
0.10812683908263954,2.5683537702796757
0.10796062002393803,2.5662751619238837
0.10164100336379134,2.5634956659574657
0.10179150676717819,2.571595017848161
0.06398984226775806,2.5304741277624005
0.0630340246851051,2.5276429307648893
0.05513539892020991,2.526957855158307
0.057498613665428966,2.535403719938818
0.06201179643621346,2.559512950866591
0.001029339065933943,2.410242162996846
0.0003820265638867504,2.403576074983797
0.04655467992065132,2.425804439589777
0.01059098552378468,2.38705923797804
0.00027759444571628933,2.3830311389482968
0.006426805388653811,2.320489406727857
0.00013216012962069534,2.3178320841591176
0.002395239972000862,2.3090897428654027
0.001422465083068536,2.3029410649113133
0.006056295643758647,2.292153345925269
0.007695826262821948,2.2836268790444003
0.012110780946336552,2.276291430013958
0.012663273617995241,2.2713285610390126
0.01416829688529253,2.2657619891785257
0.015066248506452773,2.258581827865041
0.016137861313432422,2.2539229770273095
0.023892428051437875,2.2511515221590996
0.017868839584526786,2.214367593436339
0.022325415705093166,2.206145770614225
0.040881690124487946,2.192306236291609
0.07213600044518476,2.173130438929202
0.0813966095827503,2.155606152758194
0.08680714510827281,2.1369634624112797
0.08917014855842398,2.126195751671966
0.09113213359512151,2.1171595397476404
0.16908186410610182,2.1095489683982747
0.16716236245981364,2.104935683884427
0.0326862824447578,4.668813210510792
0.024915181414990606,4.677504225064569
0.030165383311432592,4.682754573266444
0.03253145905247701,4.680961297610607
0.045073350168278736,4.678726047918252
0.0395493340647981,4.674785725791867
0.04199994036025556,4.671580044892278
0.042199144909946806,4.67593649257001
0.03904545604022136,4.6759655568010485
0.01900256775253828,4.59829918428095
0.021457161368107602,4.602152132944945
0.02147907697547735,4.600145463382938
0.013591552696941012,4.595700558170908
0.016436366806190872,4.586686640135858
0.0137501392305861,4.574976387517512
0.013081826154385467,4.551185478195567
0.014330662688087248,4.52788505475811
0.017886793487659425,4.501558021649619
0.016243196842649077,4.480062907241502
0.009226490274664378,4.455618111649311
0.008061642406238967,4.430767311478619
0.006646033094338311,4.414251048081531
0.007804200719816912,4.39996117618131
0.008732113260976782,4.396191921390178
0.0067426963945633744,4.410170925591993
0.034454624320803706,4.27545300978576
0.05719268491178919,4.198644261998442
0.034235178875897,4.204486975440003
0.029719760841050213,4.20308917578177
0.03777579924238239,4.187904204123092
0.042347067238172276,4.174539954497121
0.04467277566451067,4.162820575023282
0.08609289577011392,4.084883231011458
0.05637390843048595,4.061258520820619
0.04041142552961152,4.048469581767857
0.04207665918178649,4.033913709069625
0.03959305920245182,4.013184268948784
0.041337665653722766,3.999894177601794
0.03597913995097746,3.9762783671038697
0.03795068296232085,3.961777843274248
0.054558478668670585,3.960412203331397
0.03724181307070529,3.9693827305936753
0.01032827717786744,3.876872646876425
0.0012647973870005824,3.8602589503979945
0.003183641159572481,3.911639805257129
0.018140601766672315,3.740301686790706
0.03959641094182054,3.661522019785743
0.008877379882895164,3.568678402655052
0.007580347353181471,3.583357365244825
0.009712288454931883,3.575524364474347
0.007049916212670704,3.5599466203858117
0.004766958578413583,3.548464745453229
0.0003708435163143342,3.539644154145608
0.001728253430739457,3.5341650695484725
0.001073012491384695,3.542862937821071
0.028066444744710983,3.4182947478080936
0.02896069427034864,3.4278951227419583
0.05453017943769756,3.4184724865896756
0.07086831923686332,3.3959489291033953
0.08544826036233033,3.3731560647748404
0.11539188239663867,3.36211222679947
0.11666529186485342,3.3514533512121414
0.11690905736777801,3.3414191639343036
0.0919299755394043,3.271838230480334
0.08044941038859332,3.2723227871243585
0.07627467994298742,3.25962112520971
0.07245845400965156,3.243550776696927
0.06351858542221023,3.2267465444871632
0.06913827216305135,3.2175572795179117
0.0874200670455092,3.2144374846052224
0.12267857886111,3.2232094408500305
0.03648391268067419,3.1341029097126523
0.0056006486942365985,3.1015288323292727
0.0055259525830084755,3.0881168716427063
0.003630274199173389,3.06247461152012
0.016128300330243484,3.0310213325303232
0.0536047561998787,2.948564418708262
0.03411204915654187,2.9268605959879066
0.013986766077385804,2.9169243646890703
0.00766406956145449,2.8992712221645083
0.020252314770638824,2.890779113403322
0.06425448579895732,2.9235987238034133
0.041242252258038015,2.9159084116379277
0.008138351775598851,2.9185182110583927
0.0008729259904536324,2.876834980939285
0.01224501305961656,2.8175181728672425
0.02092279392800167,2.8347989111064167
0.03833215812494872,2.8707230263117323
0.058681827662386166,2.7633619776127603
0.07484520796375205,2.7534779863376304
0.08705529263639389,2.728956017975675
0.08629545951177198,2.709859905137239
0.07249170365810209,2.6886878265720533
0.0471886524206695,2.677914124388438
0.11664979757590976,2.6180453835712982
0.13543392503607854,2.6189749512387417
0.06524113132661813,2.560914669090263
0.06329305293776888,2.5534072666352694
0.05942393932023715,2.536940008220685
0.07587173654519996,2.547584631803931
0.016279827559708027,2.4447102047843243
0.0312930248970571,2.432986981624948
0.03823189911703384,2.4356619008110156
0.0011290359312423615,2.3347197730027123
0.0016117089593821188,2.3275624727786255
0.003521271469812959,2.3146639183427036
0.007105869181997848,2.299731950038414
0.005327485225810724,2.291826214600005
0.0017059716893892407,2.288355229063819
0.0011521048390867872,2.275118009867218
0.010284830413645585,2.258355433747989
0.07178612314618094,2.248333415249684
0.08918614078945541,2.2299394830579975
0.052178791926146495,2.224594099686501
0.0068747086139373526,2.2674192142225493
0.010273941803040865,2.2766546390627567
0.010719766349402082,2.2764337777635753
0.007296471649108627,2.257184245899877
0.019077797150965026,2.135683205232945
0.04604161526800099,2.150380893229018
0.010215822092995763,2.134257115418415
0.0025199916942881817,2.1340945890595853
0.0010941166792290957,2.132741339409336
0.003169979575047499,2.1293189670054233
0.004309014327995797,2.123585608789402
0.0007294768834038567,2.121217869678841
0.014121920282518463,2.1229143362574945
0.05538948157899437,4.815899670594248
0.07824345482063233,4.723323297282421
0.06753068997936973,4.7220215476821865
0.09684980986322245,4.721962542574566
0.10503834268705337,4.719611481562255
0.11897348499044647,4.719141781479917
0.11747939949472652,4.721636505906068
0.12408881208385125,4.714102725302249
0.1191920709358949,4.694213875792544
0.12548467883505765,4.697471308621647
0.014726759256745936,4.549398196172295
0.014965787661162633,4.548288337721091
0.003482508364911485,4.515665125224183
0.014011916268816815,4.480876707377691
0.06526558893414958,4.472818465918782
0.00796611534470859,4.465823047589403
0.007421284627438851,4.460011445637561
0.003963044495762791,4.440077236756693
0.0017380098110435505,4.429641700784441
0.0072750230727058884,4.41991466068247
0.0017676368519685681,4.42269926900636
0.008047317121101294,4.399644998261706
0.011821939551063476,4.389476049384349
0.02210579229962084,4.392570080494437
0.017915981002175396,4.415321194460905
0.021439184174468107,4.398293710217428
0.0751697426945479,4.351860963394857
0.043005230209098855,4.174438315134285
0.029413936529904205,4.126131761371576
0.028207333857172223,4.116957571397499
0.030128157130454802,4.104800613556878
0.15320762610053196,4.066681729756496
0.1461036623099614,4.053901116625188
0.1547705176880767,4.052236072602412
0.09435908157419037,4.057768022219512
0.08204869103604118,3.9964554726251458
0.0925521339530242,3.981138021378582
0.07357740321748496,3.956660866768355
0.08298786763948596,3.9430830820612783
0.08942204426303246,3.9370782126902504
0.10583108239519579,3.935551924592386
0.13678544787939306,3.951585076740769
0.023998847208888563,3.849015161890516
0.033647055639344,3.879627465115906
0.07086630677730232,3.894502339726137
0.07259889380714535,3.9031418373978415
0.03151572338090958,3.810470491352111
0.05218969531655482,3.83765910346532
0.02976447507888036,3.828394636626028
0.06719049744539718,3.562469213296639
0.07470546402819411,3.5660294680302513
0.11938767404358064,3.5751118534898407
0.1291734849558701,3.5610463019636263
0.12890364614391348,3.540795507784159
0.1188261525499652,3.527234684167899
0.11964438043463343,3.5279447043203103
0.1357377422292405,3.524392711054606
0.08264846484066868,3.4901141613590254
0.008017550416991481,3.467810287724205
0.13027442174924508,3.4101162436749974
0.12624477630647424,3.412146420396463
0.1250591137214716,3.4190835378464777
0.2682759007985511,3.3710739405978636
0.2613131573272687,3.3812517165066107
0.15440983076327752,3.246072273049364
0.14573375979773862,3.247731614398294
0.1382421095582247,3.2357894556612
0.12976805991002416,3.2174020118722577
0.12329200334966739,3.1918104921427157
0.1144194194436503,3.173442340104103
0.10896486074335776,3.159580500923351
0.1085177050978372,3.145159164589167
0.11168855217072249,3.1360270079157093
0.11964899974532406,3.139106517001452
0.043505969177359605,3.078520796690562
0.017149046277670443,3.0540761630017275
0.0153399604937976,3.046614598084264
0.0117057686434201,3.035728305105532
0.008197447110270595,3.0360398880450212
0.008149989026740023,2.9437919481005697
0.0018974304410479537,2.945454501506584
0.0010873529513804048,2.9311342747004963
0.010392554493966477,2.903912969134598
0.022775745295331884,2.912344619398393
0.01350834117659816,2.90746587899621
0.0101477073690317,2.89368214132246
0.003775928631086778,2.886619237093109
0.0008186275639903151,2.884995153134349
0.0032166793511314573,2.8969751600796023
0.030863811872912983,2.9335132608768917
0.058100850096248324,2.7854077400682544
0.10075285860298244,2.786816877034119
0.12074241012178089,2.775306037300837
0.14575649051425343,2.7561556050380274
0.16202095767746338,2.7062183409102585
0.15347414791249636,2.708332799630468
0.1607403474529996,2.705726627390514
0.12091494399207137,2.621273498612858
0.11376404785888927,2.612749786204325
0.10956330193756902,2.5979989477475103
0.10377746598653914,2.580120596156688
0.08748520605046273,2.5588976235726113
0.07628801318333611,2.5476906185050727
0.07494275893912783,2.536583232885575
0.07651265450239153,2.524570761166308
0.08580192463823422,2.5176132392402457
0.09626742707870606,2.5133559422428404
0.08446165735201627,2.5210458192855554
0.041607255601712634,2.3582660626085734
0.026112923066616833,2.3544277960930913
0.02268137744069354,2.3444304543379815
0.01849941360343932,2.330628573868432
0.0129310132808782,2.3148690780989765
0.009436252448960847,2.3025533857662284
0.0048723203450042885,2.298354749625808
0.0013711294975031763,2.2966209211295427
0.004526027514377251,2.2508462508664153
0.010351375339429314,2.2466857125111663
0.014793848927117992,2.24068304346388
0.016436731336589183,2.234399164996817
0.020090254768202254,2.228213223205471
0.04890163126582081,2.2227403564939343
0.07939727541407393,2.2182037964410677
0.09043894531335539,2.2156173470253795
0.0980010693196598,2.2120196817527527
0.1008529269986671,2.209568152911805
0.13557009685241384,2.2040015357605713
0.18291674382479373,2.2063847582570233
0.005060534302973707,2.125139560536522
0.0995242897748645,2.132868881595628
0.09280669259990337,2.12110751250161
0.09758850810006225,2.1135387029618418
0.12026727007077964,2.1059505841447206
0.10767647246119982,2.094601436070304
0.050736032871059836,4.686205534402434
0.0492845263123889,4.670683797316312
0.013447825715025973,4.6576809950003195
0.07796141756493787,4.638208937129038
0.07896060574384045,4.630248656017231
0.09015952889201552,4.614084392146614
0.09113968165623199,4.607252117901376
0.08541918771124425,4.6008070827811975
0.07879477830176267,4.585867394262927
0.07996971685079714,4.563595136862237
0.0879629820766904,4.542392676048255
0.09029162917113379,4.510396379233633
0.10384467879526423,4.492016395440884
0.10168447181132599,4.413778051954861
0.0853546102706049,4.432137340481395
0.07369259102437918,4.439593533623182
0.0637971957424972,4.400715572080396
0.17914958269513007,4.246453761779737
0.1707557514480499,4.241273707093731
0.13489835712558068,4.233773010902221
0.03621892377729977,4.133092152203401
0.0729010815584186,4.1116953105397
0.07270341002543912,4.080510426681187
0.06257211780893986,4.061400052231753
0.0477426685517726,4.0620416558563335
0.0064010673838132,4.056530190722792
0.06268489770122951,4.008333355629715
0.06675636450275002,3.9977409487854967
0.06328666402853368,3.9851668886110505
0.06900252707182473,3.9733678810457422
0.06455624404380947,3.9605620715144614
0.05490025823099033,3.950714603479267
0.049950124949171115,3.9455285205901416
0.05277977488502716,3.940781517016864
0.030783512971547713,3.932762024941306
0.02141862462847884,3.925811834333311
0.04106519515503035,3.890324551345089
0.05918496596925733,3.783762728835104
0.15455827131599112,3.6355229387340713
0.15948336750709174,3.594533535199385
0.16386698901340022,3.5864384206822244
0.14906407675453145,3.5198482308474976
0.17653152128638186,3.4840198310213712
0.24430027900869486,3.476054030139064
0.18102248965755804,3.447642794949577
0.04280548515617588,3.3568466601423443
0.05023003633397362,3.3593027712318975
0.0595433876284995,3.318486026624143
0.046155040952837206,3.3071710084530244
0.03515907372461752,3.2851173849868585
0.04942422691869763,3.244108737244739
0.045908211587194145,3.2503163428096804
0.040519773722209045,3.244745060711644
0.037558511781147885,3.232975111763458
0.03117950865422867,3.214813048800468
0.013586439931433542,3.201921849166387
0.033644442788249615,3.1878584955224643
0.04138676347454209,3.166841161803298
0.04879092822610466,3.121763211004493
0.0418246629539139,3.116400648803135
0.04240583842985072,3.106110597363078
0.0431665709793993,3.087965034734746
0.042940186057437615,3.063311784692443
0.04506587679115077,3.054040233133955
0.03821664690597433,3.061703724954249
0.044542264929442736,2.9829502587352996
0.015104843988613028,2.906118592903948
0.21866407529103696,2.882732949332689
0.13728531677257189,2.8522972344161315
0.1259364956065447,2.835039465428419
0.12549943632391555,2.828088686635889
0.12300205579900608,2.8284462911234027
0.07827579674522898,2.8255518296986613
0.04119859607776299,2.772914068398351
0.043916483750416103,2.771141237173135
0.036647533111370895,2.767947604463226
0.031384726917592184,2.7614166181758644
0.039257072416673096,2.7713222932896615
0.037868272948957504,2.721393117652798
0.019848353232898696,2.673721051654719
0.04002237348980793,2.646350156846637
0.043163808867016956,2.6287695434783527
0.06382088081583867,2.604306816936761
0.11164543224205994,2.5538731497610123
0.09032852591284683,2.518647638936642
0.07041465920265419,2.513927373893809
0.08380588580269369,2.4899672021849337
0.0815539187834528,2.462595990389292
0.07352047150638014,2.4515028900294724
0.04007430385658242,2.4500364698788992
0.01862329409067013,2.4523637889216965
0.013826124490416038,2.456417727316772
0.015866303419516285,2.4105538239272537
0.06382779319645912,2.323923435826006
0.05585026754673556,2.300466946648653
0.07431672483814776,2.283172891560888
0.1098799935258961,2.2544509692448833
0.10993355213623686,2.2606437002978867
0.12162519257204811,2.2609433427679795
0.0947037028564525,2.213394969856457
0.04573557860602199,2.2119227924270937
0.029231133271152707,2.214307855382244
0.0046266470563249016,2.135609992704274
0.005924634036961724,2.1290377580028004
0.0037555208291507195,2.122608665107198
0.0026120364832997326,2.115018155755713
0.022340763488745006,2.1123935332739174
0.02840332373259524,2.116109366591283
0.022046335701263593,4.644107407168907
0.0432827922312607,4.626265442122688
0.0525047742903733,4.612885272665319
0.05587318346761748,4.5961012611521745
0.06156467687720508,4.5803509091637435
0.06347252856200009,4.573282644369866
0.061717148561037764,4.560381046910879
0.06258511836838765,4.5503496031588275
0.07677624303965457,4.58205529203468
0.07748742546362096,4.574807663700177
0.05027955404069049,4.487402359711386
0.05882078557421732,4.491074649953294
0.05445365293690827,4.452886171182829
0.045429546377070876,4.406834859506422
0.03509586344935372,4.397710295229527
0.20610187286105724,4.332493967699888
0.1809959245454088,4.314229342985481
0.1518112251032629,4.29662189436926
0.09038543587890283,4.270491690446347
0.07921573182943827,4.243888788120674
0.08546361882543743,4.230691690034579
0.07557353947057671,4.219215835815147
0.059032862392788765,4.200013403861931
0.057184244576195024,4.184433847869395
0.06154849677417827,4.181647770770673
0.0603812124602469,4.167539952600381
0.059585176953280916,4.156353441099888
0.008922532187676083,4.066451725050811
0.05105583740574248,4.004590854735145
0.0506894704700351,3.9772720896969633
0.04832537249954565,3.966673719887417
0.038389418445318985,3.956333488431718
0.0014715749526337386,3.948068631793772
0.0033038940904047483,3.94956311713886
0.007506395645656429,3.9459658621356146
0.007508316414653444,3.9485894107924095
0.0036750660411360376,3.950061897637064
0.009411566703850011,3.975368395960604
0.007369432780829323,3.806468457142968
0.03168693447004411,3.787415158884206
0.0559101507356675,3.729558160586449
0.06519068018577934,3.6912550338360943
0.09046784908662753,3.6488851677345946
0.06884538640888471,3.6119518539206767
0.064524738484961,3.5975433418590894
0.06270066488815733,3.597537001996914
0.11927078603005221,3.550725700089392
0.08230697587243972,3.5471218344941224
0.02614364936194847,3.452571999379691
0.06525094665408858,3.4685020232200325
0.036369746437052326,3.396493118078169
0.0336590803754264,3.3957461305899357
0.04861970254172507,3.342760321850782
0.04815483641272541,3.3582981696498617
0.04937528861704568,3.3685330863122416
0.05276287333741488,3.3765785025773773
0.05206981256468015,3.2914130621962236
0.04832124214284255,3.299597988186731
0.04594310526310515,3.294928102525118
0.042561148402600626,3.2794196499708255
0.03721428308278007,3.25949376408397
0.005834695152820807,3.249183671980814
0.02198924510960328,3.254289912722007
0.04547240676408196,3.228329585573761
0.05312161024807595,3.2064394720238965
0.03956467992496612,3.1104876609840892
0.046425224859732044,3.1131123391761983
0.055843820322117446,3.097264019811051
0.062103835143633906,3.0738250691757383
0.08002906420833956,3.0422016012567004
0.10201808219483785,3.0236217247137787
0.11950750598019766,3.0085217521991217
0.10574121637037388,2.981442579396547
0.12172524573612369,2.9443737798546104
0.12192548294763329,2.943240942613169
0.1161716735512502,2.9326017002846396
0.09880869427013111,2.9177969509800232
0.09143614325779466,2.902877517852325
0.08440067736150283,2.888280229802417
0.06810622094713333,2.865128227583547
0.05945948196437341,2.8444312162818592
0.05387332693415764,2.836938471703013
0.0484826678644647,2.840531059366646
0.04509704653094941,2.852363060408736
0.032228511809039996,2.781692270672411
0.03293067880437631,2.783236746898441
0.01759900033656144,2.780145937596021
0.006126982478315711,2.7669453382588416
0.004774995944406652,2.7531094263579243
0.004719288625301444,2.739844643204768
0.03956446700514315,2.737045232627043
0.04094124468838988,2.731648104430433
0.0457389392423704,2.7230473579903816
0.04420922022170329,2.6875531702631723
0.017895131590252102,2.6707976435398004
0.014113672421517945,2.663515870162173
0.002950141178658345,2.6452001845576074
0.008147736683500453,2.6269046374210987
0.0007534801574645072,2.578153926476309
0.0023520815588274086,2.5655834646983906
0.010472564921040269,2.5569878341387864
0.021430888002544477,2.5505276035435003
0.03507548730625461,2.5510463842479956
0.037506819707429716,2.55339271939607
0.028951893081573133,2.43068931593471
0.03352959863912721,2.4134223218702875
0.03810033709350626,2.3966480276015902
0.07472975008214988,2.355278815906217
0.06650894874875858,2.345825741993585
0.05687718847859343,2.3348447238228576
0.04715010742558357,2.322426666784736
0.04730048560642206,2.3222979860642052
0.04665290318663544,2.3197782801014535
0.045006865044981546,2.314915336593289
0.04200243074795948,2.308839311149454
0.039263478342617696,2.302726662471997
0.035140225154810016,2.297663900510859
0.03222679116824232,2.2926481340030778
0.028413171087227806,2.2903422638779096
0.033770478184628264,2.2702098526290535
0.030826955704243878,2.2496157408284003
0.030901693804232033,2.197899283226191
0.02988576593059524,2.1943959558155974
0.03223367429463786,2.1845588862992247
0.0338505447927313,2.174560751886935
0.031507916493328014,2.1660770913213825
0.0265672719880212,2.167886991137008
0.05557669652948079,4.562876284788362
0.030861762911530536,4.571118123146052
0.025966182371897965,4.546877742849787
0.03006789811309447,4.4825053234146175
0.05065288528806822,4.469735548722671
0.05098455252806055,4.468109361616075
0.05683108115202178,4.478822177862194
0.04326690102892644,4.45396328610087
0.04894819318465498,4.34313190608975
0.05436626076254904,4.319076464456022
0.055714923592962415,4.296436456505672
0.02704715149381928,4.290403647000773
0.13434246373627642,4.237160550695928
0.17858982767799272,4.173918110849064
0.14839023096520657,4.172172198466644
0.13123694964120886,4.1650473672330195
0.17517882510334654,4.149154830439709
0.138553332956097,4.150169194343589
0.1182413089641271,4.133350208599096
0.10391806719062745,4.11702125756594
0.06558586460555951,4.088741985576284
0.11375668097699684,4.056688055793792
0.07243473232575943,4.088273319481055
0.06387857787733829,4.01306678943778
0.06979716575653776,4.009075313281446
0.013948917726654965,3.956847905148776
0.0195260896072948,3.955715718408223
0.04238916081638367,3.948388847235928
0.04747720023924316,3.9464647811308966
0.05741719283049945,3.913657076713009
0.05814956343161986,3.870045820031088
0.05799944034470048,3.860712841673785
0.06160562030459602,3.839905753637645
0.059413834076708215,3.8258019440046143
0.058465669366014404,3.875775931206516
0.049224520663798704,3.7030551281221697
0.041821680533681356,3.691191351384815
0.012599813760636184,3.856511567178751
0.008637087195166615,3.794344647717095
0.024159922100124246,3.5208688125229557
0.039511545478888174,3.508659724960905
0.041020023272506756,3.50135350259822
0.038588824077922065,3.522603330566016
0.11937932703707319,3.44785716375133
0.06911098162423192,3.4309526110591753
0.17532570999586694,3.3918140021570635
0.17819206691535988,3.397577702116512
0.17805716843475675,3.3870508757007416
0.17744251442192954,3.370326249029327
0.17344258623655948,3.357278559119524
0.17384992531698076,3.3495962266829116
0.061056207131578236,3.200396489376956
0.0573611917432175,3.196584783355388
0.04741494325260796,3.1868344503269195
0.019429489543755847,3.168483017988051
0.027410348259850656,3.1486973477805296
0.04381259094335117,3.1388971920220414
0.05313937348175801,3.1258671772616453
0.03610000847998478,3.098994505265194
0.006634068024910887,3.0511762342901663
0.007145723795228665,3.0367313686193
0.030152175432029436,3.0092868277305813
0.041862137284297,2.9850755644342852
0.051160910317961834,2.9723060150029705
0.05306161863952625,2.9689853323822075
0.015358464980415104,2.882446341184038
0.024716587533763698,2.882750512907976
0.032088716801734724,2.881526235732559
0.04641296463139345,2.7986409520742614
0.04657448743113588,2.797815679294797
0.041685329315766774,2.7995031903021848
0.05629270662194132,2.7996172542120337
0.06619181864763655,2.781573079303309
0.07342613108150992,2.7620129014987005
0.08795701156027955,2.734731961483466
0.12061608641615057,2.697506125388303
0.1105226694038687,2.6955908032775544
0.09910313274999598,2.6829019176429463
0.1232214761768697,2.6721564569789047
0.11771724164643717,2.664831970003514
0.11349858955140361,2.676677157025988
0.05687479161513354,2.609018240960459
0.03663027582981372,2.548438519442698
0.0244232242910124,2.5468317233733533
0.004965089876807633,2.482190891363379
0.010228708441353589,2.4883390111221284
0.0006204044535769588,2.478698957188973
0.011433468537149943,2.4559389200006256
0.03367154560293318,2.4296892132016197
0.04030744405383655,2.4034451949745126
0.07410268787088795,2.386877033336479
0.04111961033683129,2.3229643107627065
0.03435036400134353,2.3178895229307668
0.03346744346866176,2.3067527883067016
0.03366606064401228,2.2929438126538835
0.03293455815755215,2.2803013855256724
0.029558993691139332,2.270511154138581
0.024866439392546687,2.2610049059735524
0.00586055532939948,2.2509502024256554
0.012654085009995777,2.242466625312015
0.026072034388526493,2.2379147461312736
0.0313677000966394,2.2387373048761283
0.024703754280193932,2.179404749804624
0.028976975543253448,2.17009345134525
0.03162420392139821,2.1572409187225645
0.031120899352341184,2.1480804686728168
0.004555253187143338,4.489313067998466
0.008696883052518034,4.473557954512235
0.0115826990326372,4.46057495073264
0.018954685919372882,4.435461531022191
0.01761001169066323,4.402105065716227
0.01003220281845496,4.388689890663166
0.0018956743514876306,4.373866202271826
0.0022378872316037857,4.381125226849003
0.01249597128929647,4.401157334571521
0.05476914408166478,4.425146333591007
0.05935442428960147,4.328358564855506
0.08747586066924606,4.249453538209818
0.07914932429182842,4.5346658501247585
0.0014221381159159607,4.182503597322689
0.01341511857835953,4.169984196607731
0.015065406038227258,4.115566811881279
0.061297386275519505,4.111466166054133
0.08390357155130512,4.120610218070965
0.0024006999670663776,4.032179414627384
0.002778488080317887,4.013405241725686
0.0022975449272627513,3.9878301617379472
0.0011111323000830842,3.9825134623660263
0.04671958043728042,3.9463665346689503
0.019079734878102883,3.927453435342803
0.013184278868300092,3.9093692568374503
0.010617249735914935,3.897679425010677
0.008963758619915718,3.874275155002622
0.0026301185710849717,3.8436610815385057
0.0016969727532850643,3.8130907738836224
0.02805189467161251,3.774848828340536
0.05499508665357988,3.739307206920836
0.06819706213311538,3.7176066107686783
0.059945010264778054,3.6933779726225673
0.04896502813732806,3.6750567846616073
0.041757401361634416,3.6543911785727694
0.0390019301880451,3.656343331453199
0.03099849197895621,3.620169926401757
0.024208882399233134,3.788896751020265
0.03211508129926377,3.756501133273377
0.05899692568133319,3.726413341462119
0.09929163758742865,3.480028973183146
0.06601049997663822,3.382287382147639
0.013848588676872886,3.407891718962475
0.006591698951017411,3.4013057594290252
0.0019022125103718146,3.4382127628318693
0.005648759242613988,3.4118429730815905
0.04237929190552481,3.3384816120070067
0.0003286785912127721,3.292175033889408
0.08573249676440786,3.2656498958238145
0.03951462458066157,3.2393914878086907
0.0076389871269024745,3.2196161785416324
0.0035274648492455984,3.206229376440945
0.0052525264013008055,3.1863121227669464
0.04557353663977015,3.153614827215172
0.0803192124759129,3.11850598139895
0.07230868492167175,3.0742717519639347
0.044293939239924085,3.055773994916837
0.01304115690394514,3.023390848296573
0.0166161024827281,2.9987234133297136
0.015478305901618195,2.9903157854157905
0.03104032861632755,2.974550641405003
0.043382564222088915,2.963946055312977
0.02726312435782463,2.9665442372185216
0.030461269048440598,2.97453436855503
0.06264008052895254,2.8759481622036964
0.059880463662094374,2.8650514130025377
0.08435992546284277,2.8585552689049623
0.08825556829559927,2.841889651899711
0.041847706258230255,2.7978495225526836
0.09598945198740483,2.7823364936448667
0.0988223506621948,2.7646566878163976
0.09653296273858164,2.7427715887303363
0.08907456943437503,2.741862887163069
0.0889885678448949,2.7592014281862633
0.14593822394618822,2.695092203734961
0.12338148415624084,2.6713606573605877
0.06489535238226657,2.6619977210114314
0.031082103238257386,2.6443620964761014
0.02299522852551067,2.636910105042971
0.05498373241766824,2.6268989873281545
0.03490531082661347,2.636228728874725
0.1787055197486584,2.602532730411312
0.10182718109357314,2.5723715102075166
0.03758117988034354,2.436316342525031
0.04197910544608324,2.4449518796908234
0.008699671214151328,2.2807529836598226
0.0038029489135755767,2.2528543329070176
0.0011546855316225124,2.236911145877038
0.0010128352866256574,2.2394785940148147
0.010148509911318881,2.247497317700435
0.06997543498987013,2.253524636250147
0.11511350804669612,2.2338768477021116
0.14593284924951316,2.1910147245860823
0.14660653366766851,2.157967751863431
0.14440010298069367,2.1420926984977617
0.17126034722065284,2.1433739313768534
0.17201387298169662,2.07755786693284
0.14596723513331852,2.087548075077427
0.17293349587671608,2.0914610784473453
0.0725499089072299,2.0665870971824805
0.054986417658289155,2.064851732954734
0.03768706679811479,2.063497737454777
0.04800346642842529,2.063035859914678
0.06405508310924468,2.062495534907983
0.0773944765721899,2.06054823743875
0.11763475284063146,2.058307308607645
0.14969517854858835,2.056208908934385
0.033167706037224964,2.0633083814782354
0.1365816648692813,2.16743299755569
0.2397383043129846,2.09674762444011
0.259344440718457,2.0863477083153477
0.09534857386722051,4.673777812937781
0.09901060584114463,4.6877585626222915
0.011476927193739828,4.650294520156016
0.00935070225816037,4.64794436300457
0.058633924405252946,4.635498101775656
0.11123349057564358,4.632284967600991
0.11377732682460329,4.640128929604213
0.12132839017579578,4.640687946898042
0.1261891678701792,4.615215806130934
0.052547981130358634,4.595160251960869
0.08209116822839002,4.592220199394871
0.14310999034774874,4.579732583749574
0.03982681259415788,4.485946937119017
0.13474060123733522,4.395686710149334
0.15888768672376585,4.502870927964593
0.19626552358576133,4.452463351041223
0.20708904957011198,4.5293002687386945
0.1703498068197684,4.381264596840844
0.20946011978381862,4.22445491883655
0.1895767964864301,4.218910348417634
0.1506337078379666,4.223762590899852
0.13755569177855653,4.2356558007522285
0.06685774076602635,4.222775708003468
0.0894949442578532,4.245863529436027
0.14389293151354143,4.26972544830336
0.13959284360926583,4.277789583530007
0.12065961041893614,4.246680564593722
0.13238904502976367,4.15354784269745
0.037182247382028244,4.006435587195028
0.012479957815917597,3.930959410717035
0.014961025105523884,3.927238445434812
0.010987107155982279,3.924112308835982
0.010195565493392622,3.912646654748276
0.006924808787120318,3.8763075239309472
0.0009497432770373404,3.856628753176465
0.0534836327108682,3.830711642175336
0.04073844356016576,3.898286954233121
0.12019422570259541,3.8965201563041054
0.015109620388601419,3.9002110817871025
0.051154221453867166,4.075029335124687
0.05946015915848579,4.050628631380437
0.08220436821496657,4.0412233744673856
0.12760249759187803,4.009205008874528
0.07205459652089552,3.8504982876973033
0.024046849985953855,3.499973231617281
0.12476997526740324,3.4929635579274314
0.13181383108370065,3.4930282138701214
0.13474257219784175,3.4809802818886433
0.12596436383993503,3.4762648391348594
0.11734569131964018,3.4692487426939547
0.11312698915558594,3.467496910474574
0.1149797389998164,3.4683355164144856
0.11776253125727248,3.4707334151500624
0.12485243551215586,3.4887056354759824
0.010173240016914331,3.4061917947589513
0.01817755897970663,3.3878776349978907
0.011081513790895059,3.391269829276116
0.004993748790693808,3.395612609236041
0.02878172497156406,3.297404062710379
0.024822903240953154,3.2596078684041583
0.008286144526307826,3.22899237295227
0.03949702124262977,3.146008527730061
0.0063244779406034235,3.1593131892128268
0.0006677194476821802,3.1581083304777766
6.643786188920142e-05,3.1504532277934993
0.0035359593050576787,3.129960847148138
0.0015603277695865891,3.10833079399901
0.0018325794210232171,3.086690719527887
0.003305743770892877,3.0682607384358476
0.005761223374372126,3.064090781936353
0.009738910753227192,3.0741744663365265
0.022397264427316765,3.0256579373360117
0.03680587463444396,2.9652835923921947
0.03609113117944823,2.93849391488383
0.0395392424777824,2.9045975597295595
0.04550326851732017,2.8717322968313876
0.13448976070021523,2.8066798672343256
0.10197686122094562,2.802042862486226
0.09124981589812642,2.7951201839553272
0.09205484429061578,2.773778930543729
0.08101961954195153,2.7752116689131454
0.056359357587530357,2.7769328482993587
0.016664324574017675,2.775610060264806
0.006671813259609138,2.770941362299097
0.0006545541985226722,2.7707542478691627
0.012051814578677711,2.783374403511091
0.04074334453106426,2.8068096807608978
0.0746554519902648,2.7193099660531024
0.07236267106198913,2.7133853045401706
0.05245077389097508,2.6850508644921303
0.05348720743427504,2.641749902288802
0.05033661831405373,2.6073837220624037
0.03589174236184606,2.593379909118687
0.0020345838922048998,2.536779447619518
0.00855532207278148,2.506252127739423
0.01781663276167339,2.4910888782261607
0.027018859050291777,2.4802907954057045
0.025447155811041455,2.457474540933209
0.02855489358186769,2.4327063985671913
0.034330546939787154,2.4128090611878723
0.0113114528443784,2.394982220184156
0.005911642714365284,2.392067893960646
0.01253277275166248,2.396735510226673
0.08196244819420906,2.4124279623799456
0.003323342367926585,2.2964376759640595
0.007173829110884322,2.2865009600578863
0.011704242631199624,2.2781791764231007
0.03883235165767518,2.2659831930983874
0.0616036527057251,2.250976755148822
0.07537646946597365,2.241723076754061
0.07658068760331038,2.232617779935166
0.15628868409213853,2.2082713286199622
0.14281813925434655,2.198909680188882
0.146705663160148,2.1956759435908415
0.12348737611829852,2.1680486726735544
0.06495585272753068,2.161495968118494
0.057773367662494024,2.156013124502785
0.04114678782218967,2.1508462277951046
0.011260639757046498,4.601281884916816
0.008722371716725186,4.593903918035624
0.08036418440359916,4.554359971942493
0.06509050763097235,4.5595954877632785
0.023963488947776,4.539384130761142
0.023750224977356793,4.496010294681249
0.021785492220929625,4.478926851849917
0.02213130371892491,4.475492823189778
0.010186109190823966,4.455555685914971
0.0015926394589453885,4.4419945875971445
0.02915578695059251,4.409763836437681
0.058184235269912676,4.5330810106554615
0.055129535523062434,4.373517332161586
0.13303044224849092,4.157515403923909
0.13304073274540096,4.188277398083523
0.12983236130238418,4.154167958319301
0.1209252257698038,4.159176002186827
0.07877618383477059,4.160409475080543
0.06502362781932336,4.163004339533257
0.043607845147070945,4.178525077909593
0.050747246791927436,4.1858042213918685
0.00847703509985076,4.097324707818324
0.0011671200569048912,4.1018931031808465
0.009000760833286825,3.996081879404525
0.05731203072935398,3.9963358016617416
0.11273088036278478,3.9626339975607583
0.10687748626366178,3.934896079345985
0.07366209324583328,3.913208461100852
0.09725778198579393,3.894518898936265
0.11785780961648396,3.8678394923373394
0.08775614848820201,3.8617690144206818
0.05788267980412343,3.8139861442428193
0.012197932122011923,3.752571862192927
0.002830460086194253,3.686296867392758
0.002094721804055011,3.641954937719472
0.0006591510096742859,3.5990568827832465
0.00046485830274900497,3.5724184583481233
0.02122214213028828,3.63209529815237
0.0036819034096401415,3.511818687711888
0.005994027581626926,3.4980526131859664
0.010409587277345533,3.4850210177184224
0.031514875779385054,3.4633268201365457
0.10074788209762492,3.4183501313462847
0.10533605038522237,3.4041784897648055
0.10102709743147137,3.3945549280976044
0.13466649160235972,3.3620451694960485
0.16091087974459456,3.3585898248871486
0.1165846293321035,3.361352801555498
0.10308723056314661,3.3061449526658753
0.1074630913016732,3.348948654048068
0.019960036163021,3.202171530784369
0.04386905986592715,3.202709468598244
0.04105716670055293,3.1964942931902467
0.02307669779774857,3.196162587010013
0.05854848200413337,3.220080237959751
0.04412491166065535,3.0874854146282833
0.03704743249956044,3.0900322834238527
0.014952362771411098,3.0239789516574382
0.013509951301496015,3.030509369573465
0.008876676101581271,3.008472631720742
0.0031201947249343,2.9782097122030127
0.002862677317761242,2.9539075588222983
0.00958162342526292,2.923967185385855
0.03293884107763034,2.89852841232251
0.041718410178443854,2.8867207857786026
0.017113041739842905,2.8784685609904925
0.05722943792971108,2.850155654662412
0.0047782016295429,2.828242305775148
0.002287589445727267,2.816326958940233
0.0008988872399851577,2.815385095920131
0.012019491157176598,2.7852593871495883
0.056600625757533496,2.7598158086947917
0.07972832953374098,2.750944019861627
0.0776553192060026,2.736550988962999
0.08439500622691387,2.722204058274816
0.1195228364706798,2.7262525741377406
0.06298542861666423,2.7272222051131907
0.010942347912931971,2.723574425362859
0.0901347287647768,2.7092351418125524
0.12145653790640948,2.6635695740509733
0.1276578436682952,2.6499746923459675
0.10949442771591628,2.667012782231442
0.09023193625728831,2.692811153220985
0.0050174808653604686,2.556872813833861
0.05942954057472827,2.590551110028648
0.08084799891399325,2.556099314518583
0.05441938962614862,2.506193615299036
0.0015092924390932572,2.378310403828685
0.008091107683722676,2.38674949746622
0.010818670957725207,2.379712259841815
0.0073259932187688115,2.3686423073490306
0.005546253882868446,2.3516532293015433
0.0064211523449694274,2.340017270738598
0.005955572141488785,2.3320671739940573
0.0038754649731025936,2.3222179126363502
0.03479649825531567,2.301044745432652
0.0007898015754144172,2.2451514177166367
0.0005486613068827473,2.240813643567406
0.004140670623048404,2.2397061598695656
0.0007834762671091178,2.2474830584678176
0.013829620630473216,2.2475036534896717
0.07575750669564962,2.23165703579608
0.13188270921977507,2.183098573606048
0.1305301376318649,2.152575994461521
0.07243511819012938,2.1315362086241456
0.19773245993327834,2.104490307160095
0.1514580904526941,2.0994198286767634
0.2731521994486593,2.0871248190415357
0.27590110254302763,2.0971727372245113
0.30413206136564286,2.1034403425516195
0.11554183454548772,2.0962082226705627
0.08773391532942815,2.080518219415744
0.13084262115672313,2.166848906601602
0.078594409443694,2.1178480921473484
0.04067650558759178,2.088351630848975
0.016875747341142833,2.081034754141094
0.02172187771233869,2.0772385735457086
0.034054429901160976,2.075784001703747
0.057545178498660754,2.0751806232222103
0.08516267650769976,2.0732706266203738
0.017951714491035442,2.0706186671878775
0.1693524364683715,2.072562001073637
0.06804376943380963,4.601243234173875
0.210077856638067,4.502620576237796
0.17423734429537463,4.481383336687376
0.1404893605964983,4.498891115499237
0.16171972354841868,4.551256078309115
0.08597737419142137,4.368933823050292
0.06381856883831993,4.319450638984445
0.0659325979093901,4.321492891654111
0.07169254753098775,4.305485856901375
0.05338008496374247,4.296129229123437
0.050105144081431296,4.277655564120218
0.05281582492793291,4.272735330538074
0.04889654281988065,4.256456846471816
0.051465038629262994,4.179211300462604
0.05804494468273669,4.151560701096226
0.04981407055014819,4.033578039108789
0.05910141369672561,4.0358766440630855
0.07628337833918986,3.961126736839101
0.07113945573290814,3.968148297623068
0.06867362867763172,3.988184714857461
0.06790484048753243,4.00077539974856
0.0029373036180153633,3.8958488439801537
0.03160733238301372,3.912156440406998
0.011969909045879135,3.906518568751531
0.007172501873209169,3.916032142632304
0.06942671640164444,3.948394737022142
0.008072506063186546,3.8051053816956384
0.013537041115243342,3.7892799676995654
0.08590288261421763,3.9690163737261863
0.08800185764405444,3.979512482156626
0.04365600586018159,3.5252672508410914
0.03980622456507232,3.511292728448841
0.031739325231471716,3.518840446190433
0.13997635916359807,3.507359700877362
0.065490660429951,3.46112437449252
0.05048058965288704,3.456061666399434
0.04110753939597833,3.4761566505472934
0.150060311886981,3.3326498782516834
0.10167972555658422,3.321657279799571
0.09895965933669193,3.3055759102245563
0.10597075613778961,3.2904017717134546
0.11430421972955784,3.266243144502265
0.07663527376185164,3.239783756722556
0.04552812103498849,3.2333318118566634
0.04141241254935912,3.252914441680226
0.060872078287275255,3.1321270374870727
0.046675389593781036,3.122770506538584
0.03359549404578832,3.096572774626661
0.02185221160174966,3.0593998369377826
0.053892228067475734,3.0306801274640636
0.058980543196998636,2.9887613400000466
0.08505398541531839,2.9425206791581235
0.06279731424155166,2.9165232999522344
0.04404516020228333,2.909307496583926
0.04303663046804873,2.8776097714938547
0.0196287695718268,2.856105628949842
0.008160807568781236,2.8332722897075
0.030960027498944,2.806815182394591
0.03516725009264143,2.7854295349818523
0.03468062765556268,2.776648303773676
0.08093888788350478,2.767005539085933
0.05258239011130539,2.7695526002971076
0.038462877604651946,2.754782325541215
0.12216205236737288,2.7520903951604985
0.08953335243966987,2.753017905171443
0.04217632136771121,2.7655644007230276
0.04350333522766503,2.7457313016178286
0.0016450467784226985,2.589317473490847
0.010045334111378312,2.574426980331464
0.006162909390207139,2.5426538643005205
0.026766398683014447,2.485969477824873
0.04198064478131103,2.4593421608873975
0.04358035963552598,2.488103772033628
0.046153822419634505,2.4665009324578793
0.011136860629381795,2.4475399175857104
0.011607280940289622,2.334587218287389
0.03681261365551669,2.3428891129610836
0.05533675426157714,2.339746682758585
0.0864070351603905,2.3274028223370937
0.10749812501143075,2.322402074399133
0.11231001113078587,2.3223678449250507
0.12887356434790365,2.3283940041934077
0.10978238346552616,2.268567550242221
0.1016432752598555,2.2729035149621946
0.08856517425988542,2.2613443669875775
0.04266236457848693,2.2393612425097773
0.03565766850825591,2.214071170356347
0.02633877149778574,2.190244929656422
0.03864137491888997,2.175238486163979
0.15358544575295174,4.616893441643573
0.07771575787917895,4.581429846370169
0.08061437855269804,4.534828313602404
0.08817209625757827,4.5017954398119375
0.08502965672307439,4.471622322659353
0.12132451628446672,4.414658113201997
0.14188210036826443,4.412193502978638
0.14127343851515262,4.403530521023938
0.17867191132396787,4.430383738357527
0.2731078315009685,4.589318847885034
0.2457191857752794,4.447673727602638
0.13729004482575102,4.209102487558531
0.07835815556212067,4.199014026603895
0.06632581293485873,4.200242069510939
0.055971005928972195,4.203885905195109
0.012958268556283015,4.217619906084695
0.03350385099199871,4.083332924287701
0.04107416866482638,4.056093987917104
0.03843072525735436,4.037389255678833
0.10281793407017248,4.060570337705689
0.1783498782389208,4.025103931983946
0.11392401607821223,3.9695026894828938
0.0755592182960938,3.9425964518872534
0.07135292834482354,3.9386600917627654
0.05676179488069821,3.9122732064862022
0.08518999088776158,3.902726776611374
0.06407445292773617,3.901057958998885
0.11100980263894944,3.9293970932107025
0.13899537749809987,3.941031673540934
0.14390169067750258,3.96941266282433
0.008046472622889489,3.6011995664118515
0.0028736803269655553,3.583246039392162
0.010207777397146733,3.592489526068017
0.010564600462933837,3.516770999906486
0.0008987422493880182,3.501715740527233
0.21869125027080139,3.803010967541309
0.20684531052163424,3.4134580387376374
0.16869953647564095,3.422248486249674
0.14588356796636992,3.4272255278527974
0.06060446353492632,3.418783848174831
0.05227279381986727,3.4297610124527536
0.05011038936199741,3.445184738863055
0.045466204169015034,3.298188961919456
0.05410118393123575,3.2887451954380156
0.06708165053682591,3.2787705881623457
0.06224201281091535,3.2618137200670465
0.04739412002004728,3.2247224632198397
0.11679888672840644,3.2261620019400232
0.15310773466544425,3.281607627846251
0.06447992648185408,3.147858010338375
0.04259706747880776,3.067536618875699
0.04441308723451887,3.0549821438964164
0.04682582398041124,3.046843129156146
0.05204432307508611,3.036835219514755
0.09968954130452123,3.022994343335904
0.12077878455102964,3.016348841807593
0.15069623578980873,3.0300502848428903
0.13503344244943782,2.9274244448388624
0.19241024196389034,2.9068050057730925
0.1906002145710538,2.92197770872808
0.17938282272698058,2.898887726032628
0.17572563123070117,2.879933518538193
0.14802964905659066,2.7972906147364096
0.13054290383159772,2.753272025311775
0.14036461135224698,2.761248260574162
0.13625215822667336,2.749732366381347
0.12535112376132684,2.740388944110486
0.10002267169042423,2.7418878067197037
0.07568060327593584,2.740671189971708
0.044135174309893443,2.7304016467288466
0.029367105683128614,2.7214087610939237
0.016271038484297895,2.721111303685268
0.005562379907266157,2.7203125618958666
0.017086386088332017,2.7342349902501684
0.11737810181050101,2.708152069932346
0.16508944784002832,2.7242959139863947
0.1264903899842892,2.625993355764297
0.14360534863305263,2.6269011045142445
0.13149422714410963,2.5938049983381286
0.03994081309391839,2.4719738799299025
0.07218846100328524,2.375120785250739
0.0899160380332884,2.3677347783568385
0.13411284017886715,2.37613789168617
0.1527044704819721,2.3770884240305183
0.18236885343942255,2.3708920590932436
0.18205753943949587,2.372205118004981
0.14878474459448754,2.33633568854324
0.12235398113949136,2.31393501904495
0.10353567149224463,2.259831334438482
0.09545066833899163,2.2424446333271058
0.10232923282753115,2.2352375606677186
0.04161186087152413,2.177836519928769
0.04218494655077376,2.1541384308847227
0.06124851255185726,2.164353960464709
0.033450777333703385,2.1675335036163164
0.06933803703931796,4.643770429366391
0.02121105674923407,4.636622787090892
0.017081867589641142,4.632480794858344
0.03782995460008798,4.63011367892928
0.05609448767765546,4.622058529682304
0.05403650925315784,4.615457455404671
0.1161287823028545,4.571549667428044
0.18693928681613126,4.583879621601592
0.17201787849382466,4.550799568921075
0.1322366078818613,4.5126435996057515
0.13465623644293934,4.559469105605447
0.11910315084785994,4.552165063263625
0.11471442528518594,4.5513248387035805
0.048384039270621626,4.4053081331782185
0.23026473227308775,4.639503760091546
0.07372397537048236,4.346778606348163
0.08082981001648704,4.302661637461995
0.07883900582126468,4.292824597186779
0.03652905075600499,4.324488748004408
0.03886402461194849,4.152320691778773
0.00246422106485511,4.1318231528930305
0.047107317545598715,4.122880070246307
0.02714103372247756,4.1104237781066
0.042757420423294334,4.085352327336842
0.07326818194001672,4.050030093070312
0.0718892931565065,4.0338353972887155
0.03530599635092169,4.008090353281373
0.01105623829296154,3.9987437054105386
0.00950326312758909,3.987435331306428
0.009484813734745412,3.969493198497749
0.048088931686695924,3.9508057257169096
0.06330911393547112,3.925498582527189
0.0958443395839077,3.9136580756830655
0.12150763269652498,3.948655980265934
0.15277161168517273,3.877069736725641
0.08710749486360925,3.762433283966599
0.15567402681581366,3.830282391921104
0.15270010712636117,3.8039073984475182
0.149514599063576,3.748210818772067
0.09081413464435206,3.56321667472602
0.05841068049627096,3.560326307304873
0.06402223064209989,3.5152483895698095
0.0475618407139593,3.5090475888007706
0.03726721310511749,3.5163710993070736
0.0580167147314008,3.5321309105918006
0.060802941690237144,3.4588608882899696
0.047689619682702133,3.4301692441573524
0.052920174076007465,3.4066265158740174
0.05209895675058718,3.385211477934533
0.03970824979626486,3.3722086848695043
0.016799438673710032,3.3761451178086084
0.03906518451176044,3.3488285027821787
0.052414096097428975,3.24432043708202
0.048443908154448545,3.2416594962245044
0.03678365669007522,3.2279449149412325
0.05432991326332759,3.2186641488865093
0.08521372398180238,3.222620262769424
0.10199248387034854,3.2108106533378393
0.11931750198336966,3.1948649410082486
0.14029937424340255,3.1756839665505563
0.14521555821903664,3.1618163602031872
0.1961999932752,3.1850712356281257
0.04209095701261967,3.0346964868157063
0.0411374194957973,3.021709637317041
0.04250010124279979,2.9983650018665315
0.03831113107891937,2.98188867338447
0.03446101834810378,2.9589924869497852
0.1275012992218708,2.892046938916262
0.10838769541885762,2.875955225230734
0.0797271961888063,2.8599005779746816
0.07152740914075661,2.8495896823040545
0.054305551069596225,2.825043799339709
0.044905467902957796,2.821551806712669
0.04157945484941605,2.8232966417231276
0.03533420568992507,2.8270277802580734
0.031770324254010385,2.8321410075221127
0.03468714849663823,2.748215810325754
0.0403274149151015,2.7503658853836908
0.04585153085089355,2.7504165979928934
0.0791008225526364,2.749359190043775
0.10075688291424834,2.745716104651127
0.09911517723850871,2.7289069909809167
0.07466179121161132,2.6820297157851396
0.051365857352816624,2.640163927356663
0.03941190852103793,2.6115820740705264
0.01864219664586153,2.5864363089510625
0.03424755403036994,2.5330731739985173
0.039358941555094895,2.541028810696986
0.05722277122659858,2.5341654996539797
0.07024900862557892,2.529603649442528
0.08101352307327891,2.515143319508976
0.09243298233052077,2.499953965848828
0.10290232835594859,2.5053940106241472
0.13494552119679926,2.5139825548354366
0.07042703316165089,2.375448672024265
0.0686794423789654,2.367758006551253
0.08029179373837192,2.3488932305853796
0.09041945473266966,2.324482584969129
0.11064837501558089,2.306244842183112
0.12371400478139194,2.2837909483672107
0.11718288851938563,2.268812282839286
0.11281684712460127,2.2556765906109906
0.11172047662613671,2.250100361807884
0.1266014231656707,2.2569079239409624
0.143682412730038,2.250847775379261
0.11347576776037238,2.1925891916940476
0.23083297733911934,4.701734933132369
0.25852438228077723,4.659871320997521
0.25603332708227655,4.5890212274179465
0.23797090402318988,4.554615845941017
0.33136766412503804,4.529249412101585
0.27712831870452037,4.490334242346161
0.23146437416976506,4.43741145550992
0.22935817385274437,4.426993869103003
0.21780807231164379,4.380864821775747
0.14353088195588826,4.3367287889787605
0.08947959352812052,4.3460973446670925
0.14466615664949112,4.284112144920317
0.20273619883562333,4.316326323798674
0.23203813885859237,4.259486646869677
0.23492235697448582,4.231415631682542
0.2332838717376704,4.250006883960253
0.36189772763780303,4.40506915821568
0.0749936231952486,4.063032312864682
0.061523044761271795,3.974349988924285
0.07101130325030458,3.9685810746678896
0.0839538613013473,3.970053951396264
0.1147062035962838,3.954384277968112
0.020845271238948637,3.96593579996802
0.007300864464212076,3.963533628828885
0.0643154528720713,3.974665116626787
0.0749619636605825,3.9724687078864567
0.06526514292391505,3.9732225431943338
0.03959322835941559,3.969976077284664
0.08117896526622359,4.009209623165582
0.10591882855747992,4.013966632911228
0.16383582918267914,4.006406257521525
0.22554543946100902,4.0174783101188805
0.24948987698912872,3.9129400872120095
0.1732121247907472,3.5795102154640195
0.07197938860928699,3.5625534063410895
0.112253590819547,3.57526446058179
0.10753624529925188,3.558812000330675
0.12238032553033151,3.550807711059753
0.11640525356687403,3.549891452289347
0.1131572120455806,3.538827425582561
0.13318201611901603,3.5348601657199668
0.15243992440238485,3.553849631216414
0.06203320413851121,3.4534374669293117
0.05608522636878166,3.4231010082280497
0.06777650840014382,3.4200190693390846
0.04962915013549152,3.374164266530917
0.07148018217015584,3.3714635586696904
0.07392673059423882,3.3377534921572343
0.015374918429025275,3.250975674811309
0.024871258618714753,3.2357253913514783
0.11267049516491956,3.2493056866752146
0.16817846490902721,3.271624991905911
0.18065104592098158,3.274657210065551
0.22485849777561073,3.281162054094928
0.0029778318592270647,3.066833512459883
0.05680912700542762,3.0596273525588047
0.06094325157013425,3.048828974340383
0.08375102521297562,3.0462960886415975
0.11456446738395543,3.0592683210017197
0.1486111998643007,3.056351503514325
0.16768284756098728,3.005457698721114
0.18150293923272498,2.9271020850220704
0.15772976370577418,2.8843644840319933
0.11031941300134496,2.826125496533766
0.06473001372355291,2.824715073806094
0.05545571091097634,2.8154677844597336
0.05111264087074563,2.8062905757135956
0.04775016436694246,2.8047769064102246
0.044795338640106985,2.8027049388650807
0.045069977260242755,2.810938907045589
0.04836126283817155,2.726615249803321
0.058423278087486485,2.735234345768062
0.09305070280523942,2.7384197427816885
0.10922862388945287,2.725986913224349
0.10257034523835329,2.7029588145181465
0.09038162455434717,2.6703876584781896
0.07862231439849943,2.6431671544895377
0.09926604182317966,2.540456580258993
0.09052903383029398,2.525037287203309
0.08661649606813171,2.494132080313489
0.08042675312224712,2.4713051134499193
0.07694214957897061,2.444566058756519
0.08585199478038053,2.4207272879260926
0.10318496833678215,2.415177946080516
0.11655923989444938,2.4088861446225147
0.1230922649858407,2.444535026277893
0.09787623119112199,2.30041906708704
0.11499717487941918,2.3027475484342097
0.12435398687773469,2.30745953224334
0.15674650158618686,2.305500965494389
0.19333365664664326,2.282557900805893
0.18428547171484821,2.253960668514686
0.14970371635807223,2.2391521617073225
0.12151007525286261,2.2076695754934295
0.009010239997961245,2.2070315318986897
0.046782893630474054,2.188054436428861
0.08074502121024685,2.191290349913133
0.034317530712823174,2.2633508789257477
0.0791252084232068,2.2361831264153262
0.09969260720698958,2.200057993104789
0.14923271732400845,2.162734886524041
0.10546155733984164,4.663350778349547
0.15051898278265852,4.6665972203160315
0.23842455928379902,4.69267170514725
0.2533985293105141,4.696597481867001
0.2890162716175537,4.683437789793409
0.09137405596829118,4.489167868548978
0.013064420873481586,4.471994084995896
0.06826443424349149,4.4325273001042715
0.07479258263044275,4.415466367125741
0.07144469213759796,4.389114289959345
0.07659506254917603,4.356271186851304
0.07931845238711221,4.344898530896332
0.09639414853613326,4.349841480302723
0.1665032341655157,4.280474188059063
0.1567472448075562,4.270087548957809
0.18242295875067005,4.243260325611727
0.22713190536348504,4.212036863897005
0.06205685868514976,4.261001950511383
0.07496888258410084,4.259121060126722
0.0029181171167484976,4.249009211626386
0.01486941748759274,4.103793583072535
0.005835418228595568,4.067291539834953
0.05953124924554665,4.046190575054633
0.05354730034166133,4.026025247379869
0.011439196897602644,4.023517401202089
0.06963144323651682,3.962669162993346
0.06944469280270615,3.958610492058717
0.06421712008018288,3.947948008985495
0.07789239431790729,3.9350126429139913
0.020145528259286172,3.954499179049906
0.008784675249952967,3.972284464985504
0.02014545251841393,3.968155919778803
0.012974479071383715,3.9787766372484623
0.14559936759593017,3.995063976964933
0.2579672613963999,3.981398271600281
0.2841817053707587,3.9773270643582865
0.2801801450202286,3.9603962409369657
0.17813231652319672,4.053112257145528
0.2664414236771555,3.928520126053949
0.21384472259164555,3.834987515994944
0.2170575803086927,3.732308703944577
0.15979929572869978,3.8209495374410434
0.20360724894803806,3.8457557659619623
0.2151443595352125,3.9264345551442537
0.22372967714682068,3.963704550852805
0.07151719755093056,3.554823064366882
0.02827794781848203,3.5415440544255854
0.0317629283776637,3.3873096394915967
0.07110777972600646,3.379432129322631
0.07046963680359442,3.3267674798267928
0.06312820933776386,3.302793772732266
0.11388448162998377,3.2993330525151245
0.07106698234751119,3.286411994410688
0.06646600738981312,3.295050697495039
0.05442004563368297,3.203683423671887
0.0607459832551589,3.1911163192391783
0.05967186532388413,3.179897890423635
0.057501418092740675,3.1605008884374652
0.08298106853160503,3.1380235430059784
0.12408835918753791,3.1176806758668003
0.16143332071224936,3.101163173773131
0.17348306822175075,3.103835253932406
0.14912932956984992,2.9690202103029097
0.1287536920311172,2.9642109460925017
0.14775000570778607,2.95663436923012
0.10336850786964535,2.924927879917009
0.08022833227446435,2.921263469568588
0.0753039715136623,2.870202434218308
0.08770337658701521,2.849475977174591
0.10575444985524785,2.839161553852165
0.11624427186717501,2.8166454246427195
0.11176264207448261,2.802617048718291
0.15832821741560754,2.8057846355421563
0.15751006873443307,2.788234340415649
0.1838264155434035,2.7782052057327427
0.18450629565414522,2.782945331005296
0.11839490609970027,2.7565887340158737
0.04658477617996026,2.728499405878158
0.06472873048264693,2.729517120875185
0.0629236928812964,2.7358679081294355
0.0647597285575301,2.6446257297408917
0.06499382512976881,2.5927600697277744
0.04316783768562904,2.571206268877229
0.029195473931748595,2.560020692003678
0.10762267208304976,2.759705004736967
0.056315160657137264,2.477391938639185
0.023464817033570062,2.463206301149447
0.003970994627232383,2.4226584106444005
0.02865911861219761,2.3985245926113743
0.04724207390433155,2.3791256296192342
0.06757245227579933,2.358077460146467
0.05765890447712596,2.342755985620163
0.04816237321316452,2.322691267503206
0.07975394438402073,2.3108381334503925
0.0786590724542573,2.3012817070776372
0.03999271036568108,2.2335226778396495
0.04100287570246541,2.2303592662065763
0.04477651990249942,2.2244663472480024
0.04180582130757449,2.2117709647398383
0.037477006303951566,2.2056761652892867
0.03987894298256056,2.210067231672344
0.06866916838436432,2.193672189709372
0.1080249588396075,2.181878080213301
0.10854236274560902,2.1568300421202444
0.11143905815010569,2.131204664044078
0.09693585225498491,2.1283469262469725
0.06542493865262766,2.1322170031514034
0.0295897702777852,2.136482944586031
0.038192515207290056,2.132628129573136
0.0732585375591931,2.121842040257844
0.1657440004913957,4.6576250579219645
0.09305345916289731,4.648248638594196
0.13792736560324337,4.632114932896187
0.15735925309432708,4.618964018807537
0.15364730708524021,4.605273171657896
0.1619954699706898,4.583545973823122
0.16011748540761417,4.5669389828828395
0.15373822121535796,4.562052426894887
0.1347903464463025,4.551126975480207
0.2002519823801916,4.4946675016099205
0.14193639657554935,4.5199825792570385
0.1697814216072251,4.5265250791920195
0.23990109437344032,4.534356171267499
0.24761752821294647,4.473226469119898
0.19720252354673828,4.416980583160515
0.16882444601869828,4.400901741231967
0.1711109224053491,4.3843063147069055
0.17998376235371705,4.367360546657932
0.20557700645720245,4.439638246739503
0.2242055363947053,4.511019032553933
0.04356639927238626,4.313764666479546
0.014966395557519663,4.203868760646727
0.15201170416311904,4.181920210847283
0.144118345475714,4.1263271983975525
0.12721360762922096,4.117291987526112
0.09448389170311211,4.100574044942606
0.07815575252386053,4.075585127697827
0.07594137419968638,4.058530988105001
0.08230512156964509,4.049986093869017
0.07984608671438465,4.033143164841185
0.05932463470798832,3.999393962089611
0.06561012201177552,3.9772489535377815
0.06215512597501838,3.9637802085525946
0.06492606988505822,3.934859986976493
0.06396070637465501,3.9132541745552265
0.10648710626142677,3.932624606772966
0.17825360252193656,3.9309268410816287
0.13498056553709725,3.8610810796410417
0.15888897662594226,3.837661906577734
0.16151871493800396,3.78393287273522
0.16346200107619602,3.736281188755792
0.1508676480771638,3.690910000458724
0.21882167995588508,3.7731227755134222
0.2552689419055083,3.913623378236721
0.26891343919430444,3.8933746600647754
0.20656888926131778,3.7619461549561257
0.06654540696380606,3.5059894168375414
0.06213989534753894,3.482716842903361
0.06967364644845508,3.46818517355114
0.07358786087459235,3.4657695062528577
0.08711703732338938,3.4574075078916535
0.09026007030425376,3.448251146121571
0.07205258280161653,3.431215985421878
0.060554563191286714,3.3965993880218863
0.04868102562282939,3.367510450992354
0.045677562673396954,3.3422811853540053
0.07458398512260223,3.308818270628376
0.08104888963320933,3.3159539002503458
0.06720909149405019,3.2910582162058963
0.062012895810431345,3.2607951843969514
0.04967537038080905,3.2327265797255156
0.04729826993724595,3.1979393299066285
0.04723722944747166,3.1736773960607985
0.05544348334898386,3.1722271842307492
0.07308911214832614,3.185483059243778
0.07188437733386488,3.149653752680732
0.06576712307539934,3.0947150883225105
0.1041351385157856,3.0992056592331374
0.17594872466245337,3.18725858648276
0.12075045315678046,3.045463014614173
0.12544388737412704,3.0203299299539093
0.11935318091564207,3.020484411187248
0.06659797992940275,3.009651186210793
0.21587396552115323,2.992190409825589
0.15903512448096002,2.96832282554641
0.15698803978146136,2.9513492160674493
0.1561597737793594,2.939313338116772
0.12490313592687952,2.897435834957815
0.09566643186796875,2.8396971484681384
0.08914959125821786,2.8441952770232706
0.08159648112363227,2.8630969231643997
0.01175942569081867,2.7677295135692592
0.03766720580944649,2.7684186882323796
0.046089992601759944,2.755463736648046
0.04227322760843233,2.7477052480595217
0.1262326214322258,2.742420448230276
0.10532069936377741,2.72564088992529
0.05476234496125976,2.6941698947450523
0.05032488037821947,2.687182265297249
0.047468028152854114,2.665381235640573
0.12506625612588107,2.6313795802101416
0.11469323639009477,2.6210473677805393
0.11371694603038374,2.6263427807791033
0.15728731015512443,2.636511489456136
0.017959896529595065,2.4926128486261145
0.020979847044413802,2.461951771240418
0.02494549642471333,2.4303699478470944
0.015325935234457688,2.413295603576555
0.003667324449082132,2.395405411572778
0.14759074637627267,2.4305062543173284
0.07542122738803636,2.3762101770485677
0.12557014422013513,2.3197393542519107
0.12070190975472295,2.3099279015542193
0.11523167919714372,2.2883385207873066
0.11867034956524325,2.2767711802480872
0.1121281641243469,2.2682431986100746
0.11211495122045512,2.2579601430323537
0.12017507036353758,2.244418755991511
0.12398485694030537,2.245755226123857
0.14226499614654864,2.2436321105041923
0.17481821995340663,2.2367668356993846
0.1986624280438145,2.2376640729796047
0.0417806431945672,2.13120628609286
0.08348612026338109,2.144950056730825
0.033510155932457875,2.161233485921716
0.12814474352106542,4.711090020763872
0.17915215582392952,4.706230829062767
0.06749695166952963,4.641562240749636
0.1833727349738119,4.624325261525293
0.1961465101915394,4.624994418523998
0.346759186338192,4.533824137169795
0.3358798723959946,4.44647999127203
0.2919324534547514,4.39447671208439
0.2985553961190117,4.399446331318148
0.2327751058351768,4.371208388502202
0.16422322824436608,4.216383544653479
0.09376205290654216,4.219650254428717
0.10056690575236926,4.211179348463878
0.1115401904716018,4.217444580609931
0.06566300057636365,4.245660787168801
0.016460119205745416,3.951264225968422
0.09440098970303046,4.014861797477602
0.015393375034591816,3.9174945361381286
0.09164937422619812,3.9017543239909354
0.26780330951954556,3.959658607925134
0.20804761871592548,3.9272134083442105
0.2513044303474865,3.927319662382496
0.19130958273252507,3.913852788889408
0.24885999954798477,3.855923524493672
0.29040429374152144,3.8699463562047542
0.20539900747592532,3.713924334535789
0.25713333843835673,3.619347277660746
0.2177161141946442,3.5505244481145537
0.19925501761277498,3.541898756813979
0.16480654919953408,3.5087712910692255
0.16131220626622778,3.4952156802282484
0.1595691290384973,3.490015870144915
0.17317015336416675,3.488402490670458
0.2123419100438242,3.481515283776215
0.21291541152871352,3.455788642722199
0.20623386040539393,3.436251351551578
0.22248665398138145,3.4321713160884815
0.1331585997021174,3.4713913751655925
0.09966041736052333,3.4379433393805203
0.11003970343338176,3.2803719363518757
0.13507148266220503,3.2768108850117903
0.13666405727151631,3.259475253796242
0.1325398525391679,3.248979027451608
0.13489771224518488,3.234849715915297
0.12172049530578133,3.2071243486824006
0.09332816856632942,3.1560593097433154
0.0583071198458569,3.0987519409083606
0.06342040704466556,3.0490375612391007
0.049394686173074964,3.0149596675598165
0.23903843483992393,2.932957536692513
0.24171100970869874,2.9225906224969376
0.23622395626501413,2.9012450503009366
0.233841327875703,2.8634785440002646
0.238526787346504,2.838938217380641
0.2446597067420886,2.835750015103189
0.23795137126433885,2.810053549377597
0.23374443643873755,2.7776901705889023
0.21921696718651118,2.7046471630062703
0.12641517473416797,2.682455213068846
0.21837203552891293,2.668652495245154
0.21488160221812946,2.6521763776609335
0.15841028410568003,2.644220007992738
0.1983099267073083,2.6267661517181335
0.17221625284936404,2.5779988147630046
0.12644217605899688,2.5106848779070483
0.10528712335280521,2.441405204580205
0.09951102778499621,2.430126230022403
0.10342313738526898,2.4348491959837695
0.1062320006086197,2.379454531516993
0.04387673850056051,2.3741345810589105
0.07979201870564467,2.3039701955941085
0.12214920800999685,2.250710278083675
0.13003318344437043,2.234261223755349
0.14077674343295232,2.2168632346717514
0.06348442221356909,2.2146880416676216
0.0871243780364983,2.207911026355028
0.09741652083241226,2.2047584035727033
0.10777212105016565,2.1943785624964347
0.12738273415278623,2.191037447649796
0.12297196802800747,2.1836483974278056
0.153297914624421,2.179902148073364
0.18036184871532956,2.18529087432011
0.09270953078640787,2.157508751951515
0.27043719873512995,4.909470683806141
0.10452426962146433,4.806242367504142
0.09883422992891999,4.774657615781029
0.1597654366016963,4.7517933769558045
0.18742397293670798,4.740477712163237
0.18692721693414827,4.729474035464607
0.19225452982251312,4.721239388808321
0.18568413184853805,4.7095471533300985
0.12288873141244805,4.683189269339598
0.14366128682063906,4.649750844109687
0.09002075440333535,4.6219447971150345
0.006397110683733054,4.556436800808669
0.07521380379489129,4.555548788605229
0.17441611220140008,4.554273257788861
0.18661558841919534,4.5392412491840455
0.19057969051532586,4.510429673079392
0.19285834332480123,4.4923040857114085
0.2080451461119579,4.484360239090244
0.2152564825934573,4.465604027998094
0.24919618392131948,4.429561502708126
0.2296788904235889,4.396906067618165
0.22654089802571287,4.366507830216345
0.2746253656794484,4.380937902650237
0.20173055733012424,4.4268536109943755
0.27478105552345045,4.367797900836866
0.17517889552590038,4.329565639179398
0.17395423246414654,4.260304700466408
0.12430920056864858,4.286247453550654
0.179828115439584,4.167175231009063
0.21065248487113974,4.098508288104386
0.23674628665134634,4.133190110177813
0.26746725670382143,4.1158352345903495
0.2775946498669204,4.113628478334465
0.270914508206336,4.0995069399852815
0.25681943660886697,4.084876003217999
0.23731236324744898,4.078152963188962
0.1913790413882106,4.040958092757211
0.20786100150352627,4.017317637381847
0.25654026528370877,4.0356555977066
0.2181753625021483,3.94766043269173
0.1732423335992026,3.871044775529094
0.1639280477849645,3.8163361745589177
0.16343462147803622,3.7612236227272446
0.1582771643881129,3.752009093151297
0.1302595548229326,3.747440378145948
0.2500735871742128,3.7635992644092657
0.22175944133528458,3.6874118263153393
0.23805964405967162,3.6009307665165258
0.1641813623841788,3.577446140371874
0.14770978858320194,3.5642818154999576
0.1621870738254947,3.580279565218995
0.15370953071489635,3.578972749360409
0.1472151343422916,3.558874090274678
0.1341268861778533,3.5276920707421424
0.02505398699233452,3.4579648217369012
0.0443220412384433,3.439549786337167
0.1249604689492998,3.437509372547077
0.10418580637386321,3.3985129712905304
0.09473159865133374,3.390183960531477
0.16495795574775496,3.403506862221083
0.15070515695692954,3.3785762664861574
0.14563735254141608,3.3458612098477967
0.21578218184220854,3.337892234274856
0.26779969988299057,3.2960312618866108
0.2535693896486053,3.292238891827257
0.2605388197214298,3.252657803461585
0.23750998999122874,3.1733527337543843
0.21828427196922418,3.1414119125773494
0.25528197713391143,3.1043253083923
0.2594229977322797,3.09378758218414
0.17222091209075518,3.0173327833186554
0.16790069867183366,3.005949638461806
0.18872867564299112,3.02769858740394
0.18592069708501358,3.016585621014874
0.16839010012897826,2.9880138512014423
0.2271853924892686,2.9662876948582615
0.18990847474181227,2.959390461664753
0.1699013545111825,2.913456169127836
0.19725006321331118,2.8856836587684236
0.20341846805402364,2.869031413030564
0.22609492953789467,2.862760915522924
0.23056142998750917,2.863885642075591
0.12731535008185024,2.808565038799443
0.16219931674880228,2.80824389148491
0.17225619905378498,2.804056812595163
0.21070102873562058,2.7929577156957865
0.1983784858108113,2.7799730494722814
0.17661525843000692,2.7726387019127867
0.0027707427711669563,2.775954938640893
0.09088336267607744,2.7777172274060264
0.006975044584196066,2.765310185488575
0.023512815741473014,2.7630329054985476
0.28009314837782995,2.632735124768818
0.26265645258980297,2.5990721434618136
0.2816344262757393,2.5409516229124955
0.2618873703922855,2.522088726829626
0.2631755978045336,2.4820162611176326
0.23380030672805208,2.4064203690835844
0.20089563504575092,2.393884920426209
0.1980482716326526,2.383821441628412
0.19773152014099526,2.3730312138540453
0.19524515170887247,2.36296452765402
0.19432403272713827,2.342541608969038
0.18354251220380458,2.309826397854839
0.15296930116063545,2.295267995762434
0.10674191844162673,2.287215872428149
0.13755656385718074,2.2274577348134827
0.1739641067518467,2.1913787866383476
0.1709254657666388,2.1990419062907556
0.15144233143286212,2.1927935418320095
0.14178728585267275,2.1830489984248023
0.14493880603039044,2.1817814858661864
0.14556762144777335,2.1704427053681834
0.1353778224246711,2.162308032515838
0.10126689542034617,2.1694833393245987
0.09307257870044161,2.1667391369226334
0.08212730460955808,2.1578779141602533
0.11843288275541486,2.1470251293375555
0.09244529389690304,2.121849738888701
0.0029211944412996793,2.1378963264065365
0.018692664244425394,2.1276207033671963
0.27949020933810553,4.672151209679344
0.19993742823567606,4.589642819526978
0.10440307516249758,4.508125500578654
0.12207880134712346,4.4163830571103055
0.18168529400355027,4.387868942408544
0.18998173106304383,4.364103272080411
0.17684281128305113,4.363701968432867
0.27541267139470094,4.350141588517403
0.336137708698488,4.348848660752025
0.33163175063589545,4.3224833087736565
0.24827276348258898,4.27736539628955
0.25632385601827146,4.273926104009847
0.21111429188137354,4.254523607692781
0.31826767528527533,4.249990968326373
0.17924284525948608,4.202734682225543
0.17745414798117953,4.120824559408297
0.14154907752911994,4.111787818600414
0.09099782517646071,4.022014475298223
0.0992200792602822,4.001665665560234
0.10863910578772962,3.9852957457871385
0.21304773160840096,3.963667084837186
0.26280443448923574,3.945971762086211
0.2169564605338392,3.9533810670949623
0.20412439744364463,3.9381077055049
0.1716094008472051,3.9150318922191034
0.21273879165042553,3.910384765704987
0.23553246136350436,3.88912689712926
0.16042203623574158,3.833299507303402
0.16428966299281678,3.8181079618615215
0.17318329834714863,3.802311400880841
0.18012744299498795,3.804432425949966
0.2560518544694024,3.7199413455515544
0.1685225706219775,3.492191541884002
0.1719858006407431,3.4911686245524165
0.1617616003522513,3.4652967377681434
0.16131692724986602,3.4465486558575367
0.15674006327857204,3.4254325371905585
0.13434138360934011,3.4114830209874554
0.21334563297278053,3.3838854190107455
0.20434110594319055,3.408287020131251
0.16932334340761446,3.402951654753558
0.16468326612473838,3.402189646826395
0.26281015498535676,3.4423730395758763
0.05831443736602138,3.1578166054769556
0.07549859871691766,3.1168903194597997
0.1133381489519234,3.0999241889451405
0.11035404075672028,3.072856752440247
0.08484579173801787,3.039155353537069
0.13300142965138462,3.063146263233606
0.12855966373368144,3.044832874942878
0.11765648473908086,3.012639121617734
0.09555320105701992,2.9735660746645936
0.16668187179723715,2.952739522503067
0.1862059769810338,2.9542779041999214
0.16855285935447983,2.9203442220148053
0.16247335959259201,2.855608631991138
0.16943904449222202,2.8286085987946947
0.18314142522290422,2.8108210696251175
0.1901940067062564,2.8048947991412554
0.2230083358815944,2.8179999707122207
0.188290767447711,2.7244662296784146
0.21272147262491337,2.7238718904882893
0.21497625948274623,2.7138414244257265
0.2170612887551029,2.7121306282696396
0.21009480647890277,2.7116654751240663
0.1628645936142994,2.5523614588299046
0.10726918794342577,2.5071990460293545
0.10458100528805914,2.462331457975837
0.09936385381682777,2.427869274715756
0.096236058098355,2.4137473660822915
0.1038932122845675,2.4195788111783267
0.1007890518135961,2.4027840728108103
0.077824386244566,2.384363819233385
0.01527264565238684,2.3485580282562357
0.006401504678192005,2.293077219668741
0.00832465649054992,2.2736890013071793
0.012908972184601186,2.2689295374254717
0.022058428120654394,2.2272928950164568
0.06601830239284001,2.221986587518643
0.04456859399289592,2.208474853419662
0.015446953347553638,2.194052170942667
0.06712074924566092,2.1597857501788877
0.045044473748634184,2.158206793923513
