group,window,t_sec,range_m,A_human_scr,A_human_raw,A_blank_scr,A_blank_raw,DR_scr_dB,DR_raw_dB
0,1,0.844311377245509,5.53125,48.8131207789384,125.117720462653,6.5585331446225,133.84651285348,17.4345971343153,-0.585764750800827
0,2,0.904191616766467,5.53125,53.1730988925551,126.143227658799,6.5585331446225,133.84651285348,18.1777050755862,-0.514862433059596
0,3,0.964071856287425,5.53125,48.3113206349531,126.54034209454,6.5585331446225,133.84651285348,17.3448438365866,-0.487561132815219
0,4,1.02395209580838,5.5125,49.3044737701935,128.832012392476,6.61720427880309,137.671550132405,17.4442357202693,-0.576408235892146
0,5,1.08383233532934,5.53125,53.6819999875454,126.929618055715,6.5585331446225,133.84651285348,18.2604393992501,-0.460881752790306
0,6,1.1437125748503,5.53125,43.545093167349,128.915411388681,6.5585331446225,133.84651285348,16.4426501284774,-0.326044440102281
0,7,1.20359281437126,5.49375,47.5582547277652,133.042285798602,6.66928354603742,141.51750848366,17.0629345350591,-0.536409520396042
0,8,1.26347305389222,5.5125,38.5613446168174,129.939050682543,6.61720427880309,137.671550132405,15.3095525450632,-0.502090257985105
0,9,1.32335329341317,5.4,47.9132643147243,143.648209098554,6.86819589645111,156.0697497237,16.872261729597,-0.72037036077296
0,10,1.38323353293413,5.4,41.2960502269603,142.956573283985,6.86819589645111,156.0697497237,15.5813168338595,-0.762292089829897
0,11,1.44311377245509,5.325,42.0821908713923,146.704945744108,7.13001903799985,160.177637216424,15.4201530476435,-0.763142559641175
0,12,1.50299401197605,5.2875,45.9588175954598,147.277180667555,7.56943331983178,161.489575502379,15.666109585676,-0.800180621469883
0,13,1.56287425149701,5.25,52.2476649159651,150.727761541226,8.20829934159726,163.215114372188,16.0762739897687,-0.691342483985462
0,14,1.62275449101796,5.30625,58.4415147911392,145.128527570903,7.30944530557616,160.800230609662,18.0567408694697,-0.890677563683601
0,15,1.68263473053892,5.7,50.5724994159063,115.462077655247,6.45809574446347,121.81528527246,17.8761987738608,-0.465248371083795
0,16,1.74251497005988,5.23125,72.3900805899196,152.214455176301,8.49994356509345,164.156526825016,18.6052603573484,-0.656045146287759
0,17,1.80239520958084,5.25,57.3123047525951,148.328903979791,8.20829934159726,163.215114372188,16.8798937503045,-0.830691720062912
0,18,1.8622754491018,5.175,53.6697783034121,154.476895874669,8.94044737694102,165.291601687026,15.5674110007999,-0.587745081473764
0,19,1.92215568862275,5.19375,55.8100717461194,154.108233040681,8.8717850539646,165.432623005773,15.9740313931861,-0.61590629491478
0,20,1.98203592814371,5.175,46.2922736929987,156.539168124578,8.94044737694102,165.291601687026,14.2829852168531,-0.472555329119712
0,21,2.04191616766467,5.11875,59.522942870182,150.955588031202,8.74243865019951,158.633440078928,16.6610360330417,-0.430910961446001
0,22,2.10179640718563,5.11875,65.0001002473423,150.746522940721,8.74243865019951,158.633440078928,17.425628661936,-0.442948773099979
0,23,2.16167664670659,5.11875,60.1489739227202,150.133147134217,8.74243865019951,158.633440078928,16.7519125959069,-0.478363076373935
0,24,2.22155688622754,5.0625,62.6388165452194,134.14304453658,8.19882271229826,139.228722696922,17.661840966858,-0.323213598649238
0,25,2.2814371257485,5.025,59.7835762200344,115.78242390486,7.67737822410954,120.034788310428,17.8273790838095,-0.31328987229741
0,26,2.34131736526946,5.025,56.5528223747731,115.663804937886,7.67737822410954,120.034788310428,17.3448269508274,-0.322193118217476
0,27,2.40119760479042,5.04375,54.2860734338428,124.164575826336,7.95872769740081,130.074447275493,16.6768956795616,-0.403885598027627
0,28,2.46107784431138,5.00625,51.0942338238309,104.17249825071,7.36093329880929,109.565900031641,16.8287801750466,-0.438446622536094
0,29,2.52095808383234,5.2875,47.3077306077006,149.371509521614,7.56943331983178,161.489575502379,15.9173749499346,-0.677534460293459
0,30,2.58083832335329,5.2875,53.3693470659854,148.305028212625,7.56943331983178,161.489575502379,16.964570439888,-0.739772342091982
0,31,2.64071856287425,4.78125,58.6986504987747,99.5520227621414,6.83995320579822,104.204755093146,18.6714997240056,-0.396748970079889
0,32,2.70059880239521,4.74375,54.0488407726948,118.243863323574,7.08362811128574,125.166686788313,17.6506126195046,-0.494202913293705
0,33,2.76047904191617,4.725,47.088248268978,125.204799951674,7.16415373712046,134.901466384214,16.3549527529623,-0.647913836805331
0,34,2.82035928143713,4.725,36.7695579200041,126.117965879139,7.16415373712046,134.901466384214,14.2064702297289,-0.584794259511829
0,35,2.88023952095808,4.6875,55.5697055219933,139.871609943859,7.20103294396453,150.702804192899,17.7488659515548,-0.647835195816944
0,36,2.94011976047904,4.66875,67.2585165784883,142.758456680178,7.17216129346669,156.234762252844,19.4419447344432,-0.783516531745757
0,37,3,4.6875,63.5816536921233,138.66428911223,7.20103294396453,150.702804192899,18.9187404298562,-0.723134079819657
0,38,3.05988023952096,4.6125,79.4224749468412,151.913182555864,7.01255902628443,162.812613668077,21.0813377300063,-0.601851719088405
0,39,3.11976047904192,4.63125,89.744297777689,153.377907740339,7.0679918609116,162.185935230288,22.0742164591948,-0.4850076060532
0,40,3.17964071856287,4.63125,91.896271454062,153.246390625761,7.0679918609116,162.185935230288,22.2800370040957,-0.492458699908976
0,41,3.23952095808383,4.6125,85.79908302358,153.661259014279,7.01255902628443,162.812613668077,21.7521223304781,-0.502473219025326
0,42,3.29940119760479,4.59375,85.5005453507502,154.0196946221,6.96543961493112,162.165463375831,21.7804070647534,-0.447642187961688
0,43,3.35928143712575,4.575,86.9253490347848,153.202123248912,6.93279161290678,160.544230739926,21.9647659381002,-0.40659838495102
0,44,3.41916167664671,4.5375,81.4973499016235,149.722318941621,6.87688773247925,155.734809600916,21.4750310471821,-0.341983025424001
0,45,3.47904191616766,4.5375,59.4544874433759,147.658571944037,6.87688773247925,155.734809600916,18.7358541003856,-0.462540646868518
0,46,3.53892215568862,4.425,69.3511535759463,143.067248289117,6.63921849190075,149.004000009969,20.3787345650637,-0.353154060960209
0,47,3.59880239520958,4.3875,75.3296294051558,147.350130976514,6.65985538559233,153.049960337846,21.070020640249,-0.329653903329529
0,48,3.65868263473054,4.35,77.5442199197408,150.518225574264,6.83348584502971,159.706851874599,21.0981426452278,-0.514689182391145
0,49,3.7185628742515,4.33125,87.1907427297593,155.749789976824,6.92742326096566,163.558733033724,21.9979730728351,-0.424925360851749
0,50,3.77844311377246,4.29375,95.9457306603299,161.454487650798,7.01654251092271,171.189054766089,22.7180498741216,-0.508517462967749
0,51,3.83832335329341,4.275,109.848080732995,165.798712177913,7.00923872077208,174.522868602352,23.9024324376005,-0.445423798025734
0,52,3.89820359281437,4.275,113.98240402452,165.62035618314,7.00923872077208,174.522868602352,24.2233392215491,-0.454772569924108
0,53,3.95808383233533,4.275,100.037262448214,163.8734981308,7.00923872077208,174.522868602352,23.0898189433782,-0.546872366128036
0,54,4.01796407185629,4.2375,83.7734303136699,167.64181624853,6.91940568452434,179.386359897308,21.6607501012945,-0.588141197778581
0,55,4.07784431137725,4.25625,72.1629968865508,164.678416062475,6.96869000059089,177.296363151806,20.3032683073857,-0.641262918932248
0,56,4.1377245508982,4.275,74.1450365956315,163.155687784807,7.00923872077208,174.522868602352,20.4882246485228,-0.585002488622004
0,57,4.19760479041916,4.25625,75.1599016398581,163.33477509196,6.96869000059089,177.296363151806,20.6567011509024,-0.712423364764604
0,58,4.25748502994012,4.25625,51.7702257618928,166.723532015468,6.96869000059089,177.296363151806,17.4185782668935,-0.534058498029854
0,59,4.31736526946108,4.25625,38.4983193467241,162.021788821772,6.96869000059089,177.296363151806,14.8458125032327,-0.782528086868034
0,60,4.37724550898204,4.29375,39.9184205229342,159.837969684474,7.01654251092271,171.189054766089,15.1010037630589,-0.595920791689311
0,61,4.43712574850299,3.91875,40.6313535758396,151.428188607817,8.91113175038834,157.663623877526,13.1785685149168,-0.350495544336811
0,62,4.49700598802395,3.9,52.9463566818483,144.472592761946,8.73011654242591,151.165920279454,15.6563207934444,-0.393368509206034
0,63,4.55688622754491,3.91875,60.9401293954591,151.331972302303,8.91113175038834,157.663623877526,16.6994101461761,-0.356016245849843
0,64,4.61676646706587,3.9,67.0100774128364,146.431977356451,8.73011654242591,151.165920279454,17.7024015661205,-0.276359307787267
0,65,4.67664670658683,3.88125,76.8278769067918,139.929566348717,8.54586409817483,143.180715656888,19.0752569955044,-0.199500811703883
0,66,4.73652694610778,3.88125,87.1564982077378,143.705607817453,8.54586409817483,143.180715656888,20.1708758128591,0.031783742149864
0,67,4.79640718562874,3.88125,85.1368652690078,142.558105454611,8.54586409817483,143.180715656888,19.9672334669886,-0.0378522739200571
0,68,4.8562874251497,3.88125,70.587824781813,140.309599307341,8.54586409817483,143.180715656888,18.3394763375382,-0.175942888576355
0,69,4.91616766467066,3.76875,63.3365184999605,85.3392826788238,6.91377932744855,79.8762312429151,19.2387734711925,0.574628449339668
0,70,4.97604790419162,3.825,57.3792576735764,110.676305652441,7.89256371538908,112.161133281027,17.2307365765631,-0.115754694125151
0,71,5.03592814371257,3.58125,61.7803197252141,108.401786233018,7.24729025512919,112.350298789424,18.6134899260038,-0.310755864392924
0,72,5.09580838323353,3.58125,79.955885132818,109.958318808392,7.24729025512919,112.350298789424,20.8534956033018,-0.18692281197161
0,73,5.15568862275449,3.5625,86.2798575122964,120.915189231902,7.32262246409923,125.294733187151,21.4248555124543,-0.309039115235259
0,74,5.21556886227545,3.58125,70.9425664793337,109.531525415171,7.24729025512919,112.350298789424,19.8146248120251,-0.220701914572535
0,75,5.27544910179641,3.975,60.7382159150852,160.626937944674,9.22946556286562,168.960859683713,16.36570954771,-0.439354603198847
0,76,5.33532934131737,4.05,68.1698482690615,166.121939249407,8.321216458301,173.527238373036,18.268110159512,-0.37881325837706
0,77,5.39520958083832,3.45,91.3652757542864,163.020922013878,7.1837462815655,176.265666844134,22.0886036796508,-0.678487664948119
0,78,5.45508982035928,3.4125,108.542572385855,158.554804086218,7.17813218951085,178.257147187507,23.5917731598772,-1.01735092971288
0,79,5.51497005988024,3.39375,122.39142531239,161.369881232782,7.16527865295115,177.125025505732,24.6503581582846,-0.809148928592861
0,80,5.5748502994012,3.375,138.293648989758,163.307096036262,7.13310001921223,175.057495854001,25.7504784462987,-0.603513111342821
0,81,5.63473053892216,3.35625,137.608802795437,162.142254587017,7.07302833476162,172.435988857659,25.7808163719676,-0.534634086322521
0,82,5.69461077844311,3.35625,127.661438055807,158.104871509223,7.07302833476162,172.435988857659,25.1290866879012,-0.753653206621766
0,83,5.75449101796407,3.3375,114.514113263956,152.917471608937,6.97237800891334,169.605483314824,24.3095618010146,-0.899655603621829
0,84,5.81437125748503,3.3375,112.890831208279,152.412263882436,6.97237800891334,169.605483314824,24.1855549258748,-0.928399496215715
0,85,5.87425149700599,3.31875,104.221521043129,149.322415871878,6.85992016648919,166.851682057998,23.6327669110918,-0.964111629744845
0,86,5.93413173652695,3.3,90.1981470259763,145.966280677333,6.74938983853986,164.391725926553,22.5186620489145,-1.03254826094268
0,87,5.9940119760479,3.1875,79.3200319099427,147.050060517008,6.5606147358178,159.508605514179,21.6487669032078,-0.706378214152561
0,88,6.05389221556886,3.1875,101.059957778798,154.280107131122,6.5606147358178,159.508605514179,23.7526915474858,-0.289483730299103
0,89,6.11377245508982,3.15,107.677521498784,157.855268173452,6.63453738408722,160.448225966178,24.2062880980751,-0.141516784139037
0,90,6.17365269461078,3.13125,117.525624441228,163.273931261774,6.66485709799162,160.956459831863,24.9268345057166,0.124168766614947
0,91,6.23353293413174,3.1125,115.446112928543,164.445983830917,6.69872644972775,161.405144428182,24.7277414313446,0.162117973059243
0,92,6.2934131736527,3.1125,112.281081542862,164.639256367757,6.69872644972775,161.405144428182,24.486286881447,0.172320461126226
0,93,6.35329341317365,3.09375,114.26565097622,167.701930233363,6.74704465465847,161.779594854408,24.5760422733752,0.312286356957668
0,94,6.41317365269461,3.075,105.401873826624,165.55399114778,6.80099375590585,162.110112342423,23.8055191137171,0.182590967215315
0,95,6.47305389221557,3.05625,86.6750933114124,167.694535572798,6.85351905390759,162.466815709851,22.0396138670428,0.275084850987601
0,96,6.53293413173653,3.01875,69.5443959631332,173.669041419034,6.96545003711466,163.628633553157,19.9862591592131,0.517262070341361
0,97,6.59281437125748,3.09375,53.7930683878754,156.77238880602,6.74704465465847,161.779594854408,18.0322546579479,-0.273083351149373
0,98,6.65269461077844,3.075,59.6545244331354,161.596565592309,6.80099375590585,162.110112342423,18.8614202347701,-0.0275596052955227
0,99,6.7125748502994,2.8875,61.5411137790508,201.661498148298,8.61818723621282,181.772154502568,17.0749885338151,0.901912688253154
0,100,6.77245508982036,2.83125,62.274889661042,216.092795845901,10.2152727800528,196.100632302601,15.7012599713244,0.843225890199889
0,101,6.83233532934132,2.86875,56.2661820432839,206.494106433223,9.1642047811687,186.507507812105,15.763053234362,0.884226840430953
0,102,6.89221556886228,2.8125,54.9206550380469,217.101418286018,10.6476826363323,200.344861488882,14.2496122059111,0.697689053020914
0,103,6.95209580838323,2.79375,67.2689105001454,220.296027552098,10.9942855240965,203.827123790576,15.7329476464488,0.674893794097651
0,104,7.01197604790419,2.8125,67.0845682562634,216.946280398763,10.6476826363323,200.344861488882,15.9873506191319,0.691480009043288
0,105,7.07185628742515,2.75625,87.4136369864835,227.169323471386,11.3994310586591,207.612663203871,17.6939202747558,0.781916903304172
0,106,7.13173652694611,2.7375,106.549212724601,221.071586810648,11.4340351679702,207.649864284478,19.387014429536,0.544025538762202
0,107,7.19161676646707,2.71875,106.693954566327,220.430415073115,11.3425884077436,206.381885837737,19.4685527877583,0.57199883765759
0,108,7.25149700598802,2.71875,107.399946273383,218.509924538145,11.3425884077436,206.381885837737,19.5258378225593,0.495991809927776
0,109,7.31137724550898,2.7,117.697297993776,213.84647932275,11.1085724752845,203.838704404948,20.5021647985095,0.416309086324478
0,110,7.37125748502994,2.7,102.503681211552,220.04785067828,11.1085724752845,203.838704404948,19.3016241930111,0.664609612869357
0,111,7.4311377245509,3.01875,93.4040545248526,170.416413489336,6.96545003711466,163.628633553157,22.5483309458605,0.353042348807205
0,112,7.49101796407186,2.45625,88.7543462693788,124.195016804623,6.91964779503073,130.195991850721,22.1621127949336,-0.409868877715699
0,113,7.55089820359281,2.4375,116.760159348399,137.826552718384,7.01314938914534,127.216106245196,24.4276317797727,0.695815900226623
0,114,7.61077844311377,2.45625,124.457027557408,142.47225487408,6.91964779503073,130.195991850721,25.0987086928635,0.782653667339997
0,115,7.67065868263473,2.4375,115.494715770705,134.212751542019,7.01314938914534,127.216106245196,24.3329804875577,0.465033625152742
0,116,7.73053892215569,2.38125,114.755935794953,142.678703119258,7.44701323092381,134.479891392732,23.7558606679051,0.514036069306556
0,117,7.79041916167665,2.3625,129.035357654665,162.823025579506,7.56095133763313,140.016078084669,24.6426457393349,1.3107582370178
0,118,7.8502994011976,2.3625,123.100683412373,154.164596997274,7.56095133763313,140.016078084669,24.2336804208701,0.836134865350961
0,119,7.91017964071856,2.30625,132.931518965026,189.952604908904,7.54869819065439,160.2517857022,24.9151181081696,1.47684752017642
0,120,7.97005988023952,2.30625,165.527356695803,197.854159728281,7.54869819065439,160.2517857022,26.8199543590591,1.8308461558452
0,121,8.02994011976048,2.2875,167.43870109057,208.918107719635,7.50106663681724,167.955357965561,26.9746564539339,1.89564441335823
0,122,8.08982035928144,2.2875,187.414652569381,218.488437000632,7.50106663681724,167.955357965561,27.9536103712708,2.28469189984608
0,123,8.1497005988024,2.26875,188.417679835332,224.745973558533,7.48708006443476,175.816654362379,28.0161834850888,2.13263816621621
0,124,8.20958083832335,2.26875,205.200513964536,237.282337249976,7.48708006443476,175.816654362379,28.7573193371426,2.60410799977942
0,125,8.26946107784431,2.25,231.863370214585,253.343199984415,7.50971300244291,183.546111789948,29.7921760848056,2.79928125832488
0,126,8.32934131736527,2.25,213.048688683697,246.926802784349,7.50971300244291,183.546111789948,29.0571105100711,2.57646088541175
0,127,8.38922155688623,2.19375,198.414190439548,247.141067250292,7.74361309867559,205.17238673234,28.172581671443,1.61652014491273
0,128,8.44910179640719,2.175,235.233545122487,275.513101120593,7.77597193641641,212.099732926689,29.6148913835768,2.27204266935383
0,129,8.50898203592814,2.15625,238.944651966887,280.19804263054,7.77160258603809,219.203445068261,29.7557346103343,2.13235443508545
0,130,8.5688622754491,2.11875,232.745528010023,283.958897633342,7.72912812346587,236.140683634897,29.5750167727685,1.60169330627379
0,131,8.62874251497006,2.11875,223.540346203242,289.131024193132,7.72912812346587,236.140683634897,29.2245082534274,1.75847756838139
0,132,8.68862275449102,2.11875,201.022818925975,279.372554925271,7.72912812346587,236.140683634897,28.3022970448197,1.46025846671473
0,133,8.74850299401198,2.1,175.861924362032,276.767592997183,7.76146015457431,247.309852574038,27.1045677766389,0.977476364295166
0,134,8.80838323353293,2.08125,170.937476333004,277.852477790077,7.87500800817712,259.67984891877,26.7317256756652,0.587520484252601
0,135,8.86826347305389,2.08125,147.162359175151,275.937849111399,7.87500800817712,259.67984891877,25.4309147466937,0.527460498174136
0,136,8.92814371257485,1.9875,118.884819346532,297.05014538562,8.94227580264108,318.218725733515,22.4735668337947,-0.597919261190681
0,137,8.98802395209581,1.95,104.348860997473,302.777682621443,9.3886251017911,332.707732693375,20.917714308258,-0.818780680881344
0,138,9.04790419161677,1.96875,105.410368606553,301.859871008329,9.17557642742192,326.480805376426,21.2049995001612,-0.681045419536383
0,139,9.10778443113773,1.89375,109.499154053761,290.239103960154,9.53219522369739,335.158619921859,21.2043567138229,-1.24988937712193
0,140,9.16766467065868,1.93125,133.712987119295,300.602003106916,9.52862175265453,336.481692298708,22.9428700677072,-0.979391386758293
0,141,9.22754491017964,1.85625,162.420053859114,292.977877690499,9.37101018626491,320.238376952099,24.7770648042299,-0.772770946141025
0,142,9.2874251497006,1.81875,200.04391032453,315.366274688429,9.46982121680688,292.482781249938,26.4956711066654,0.654298882804228
0,143,9.34730538922156,1.78125,240.551509520324,326.381478569525,9.83390946743296,262.513187132457,27.7696376153115,1.89148761623539
0,144,9.40718562874251,1.725,241.851094754608,317.020673807485,10.5220593693511,241.480989763557,27.2289461934558,2.36409274930252
0,145,9.46706586826347,1.66875,267.197418661726,319.452313808668,10.8484148663264,228.149287840477,27.829319460316,2.9237384123785
0,146,9.52694610778443,1.65,283.036347226447,318.632827417006,10.965829639381,225.998434242837,28.2360143232268,2.98370174076661
0,147,9.58682634730539,1.65,305.794991415873,334.786797595595,10.965829639381,225.998434242837,28.9077774658262,3.4132578570867
0,148,9.64670658682635,1.65,312.561296863239,316.929016735196,10.965829639381,225.998434242837,29.0978741118668,2.93713145925983
0,149,9.7065868263473,1.63125,379.566682739328,388.301173092902,11.0507705595162,225.570945240434,30.717910446205,4.71771086317744
0,150,9.76646706586826,1.63125,428.062271527566,426.135530092392,11.0507705595162,225.570945240434,31.7622877949028,5.52529173286128
0,151,9.82634730538922,1.6125,415.508986707521,415.701238517425,11.078576162882,225.241472595932,31.4819294699801,5.32265920777906
0,152,9.88622754491018,1.6125,387.83591299149,397.698579126915,11.078576162882,225.241472595932,30.8832814771929,4.93811362671537
0,153,9.94610778443114,1.6125,365.499495211877,375.656410919881,11.078576162882,225.241472595932,30.3680566753506,4.44284893677713
0,154,10.0059880239521,1.6125,323.856898059727,343.760143431041,11.078576162882,225.241472595932,29.3173840822152,3.67214327698636
0,155,10.0658682634731,1.55625,294.938666471221,310.55207271717,11.3489851153171,215.670924080032,28.2954937178348,3.16685666111671
0,156,10.125748502994,1.55625,282.689637488859,293.77371856355,11.3489851153171,215.670924080032,27.9270572499505,2.68442682823016
0,157,10.185628742515,1.51875,294.898785295707,288.68582354503,12.0552255469402,213.071311906442,27.769952869229,2.63800955349199
0,158,10.2455089820359,1.44375,382.868788815265,380.281232669225,13.3931001483393,248.782185681385,29.1233769618001,3.68571227975122
0,159,10.3053892215569,1.425,458.157253129042,453.071355443132,13.2845724717083,272.644171272833,30.7533396788258,4.41140776140205
0,160,10.3652694610778,1.425,440.915048772713,437.891043481234,13.2845724717083,272.644171272833,30.4201467903481,4.11539689551774
0,161,10.4251497005988,1.425,365.095275460245,361.955154626552,13.2845724717083,272.644171272833,28.7811726119977,2.46117096545054
0,162,10.4850299401198,1.44375,379.928151197693,384.2277823963,13.3931001483393,248.782185681385,29.0564071589473,3.77538970462167
0,163,10.5449101796407,1.29375,407.210328719258,490.551287038051,12.4064915492576,479.284831172362,30.323396022129,0.201814704287032
0,164,10.6047904191617,1.275,426.992265173929,529.540152121741,13.6997165231428,505.772861867704,29.8741685447721,0.398867461164446
0,165,10.6646706586826,1.33125,464.987562162564,515.000693021215,11.4661690487088,419.209736936269,32.1604599161458,1.78752904116226
0,166,10.7245508982036,1.3125,474.211565806932,555.000755336021,11.7057341638055,449.99872310828,32.1514696983584,1.82164585470692
0,167,10.7844311377246,1.21875,530.627511027186,631.533156149684,18.8932085255379,553.366758291747,28.9696808964305,1.14766179286786
0,168,10.8443113772455,1.18125,648.064173876518,683.981666687974,20.870787145066,545.769063241418,29.8415836939309,1.96071093908399
0,169,10.9041916167665,1.18125,680.94895436533,705.903019188612,20.870787145066,545.769063241418,30.2715145694741,2.23472250451645
0,170,10.9640718562874,1.18125,593.662498276745,638.474483115692,20.870787145066,545.769063241418,29.0800157300773,1.36269262038707
0,171,11.0239520958084,1.10625,570.560312617954,591.76395539305,22.6364783414729,498.290696344268,28.0298539364316,1.49331460171816
0,172,11.0838323353293,1.0875,732.78691716204,744.772391760626,23.800718491025,483.44330758377,29.7677527878565,3.75356033358647
0,173,11.1437125748503,1.0875,868.83776435932,879.809418962735,23.800718491025,483.44330758377,31.2469724356756,5.2008610902788
0,174,11.2035928143713,1.05,969.136016369795,996.281737466363,27.4700514979085,477.363806491975,30.9505052026172,6.3906536312996
0,175,11.2634730538922,1.03125,1137.83919467441,1146.26996677372,29.2385988629432,503.464060543748,31.8024866521165,7.14636879030214
0,176,11.3233532934132,1.0125,1137.46679573175,1142.34975022928,30.6553835199517,551.463563476472,31.3886394804482,6.32564536457729
0,177,11.3832335329341,1.0125,1018.38718625376,1102.43599608419,30.6553835199517,551.463563476472,30.4281234479322,6.0167312455307
0,178,11.4431137724551,1.03125,894.690919384035,951.150321590567,29.2385988629432,503.464060543748,29.7143294494506,5.52561369830376
1,1,0.844311377245509,5.775,43.94011459435,183.95711907162,6.67634607883183,129.385036098245,16.3664468857525,3.05665096398569
1,2,0.904191616766467,5.2875,75.766106049045,227.178184821448,7.56943331983178,161.489575502379,20.0082319991965,2.96444264455382
1,3,0.964071856287425,5.2875,69.4366816322953,227.063213185795,7.56943331983178,161.489575502379,19.2505118045607,2.96004572712403
1,4,1.02395209580838,5.2875,65.5070482347166,227.106988324834,7.56943331983178,161.489575502379,18.7444932574485,2.96172010393915
1,5,1.08383233532934,5.2875,56.7499743877338,226.728453840255,7.56943331983178,161.489575502379,17.4980460457332,2.94723066916065
1,6,1.1437125748503,5.26875,59.3617426857961,221.258852468388,7.88466352856463,162.298028096505,17.5344695431642,2.69174824838932
1,7,1.20359281437126,5.25,53.2181733186666,215.360839638259,8.20829934159726,163.215114372188,16.2361355519923,2.40812724135125
1,8,1.26347305389222,5.25,59.4261928998738,215.562962062294,8.20829934159726,163.215114372188,17.1944944475885,2.4162753788659
1,9,1.32335329341317,5.23125,57.9146777527713,199.803155216379,8.49994356509345,164.156526825016,16.667452038953,1.70688374608074
1,10,1.38323353293413,5.23125,61.4436442911525,199.975654744708,8.49994356509345,164.156526825016,17.1812184805686,1.71437945081215
1,11,1.44311377245509,5.2125,59.74046479864,183.622183271723,8.72468872842268,164.9683150598,16.7103731136241,0.930492163906657
1,12,1.50299401197605,5.2125,57.1369889513518,181.502665599633,8.72468872842268,164.9683150598,16.3233481665405,0.829649378580395
1,13,1.56287425149701,5.23125,49.8462498706008,198.890642048965,8.49994356509345,164.156526825016,15.364328958907,1.66712389749666
1,14,1.62275449101796,5.2125,43.0972333706525,182.424131398895,8.72468872842268,164.9683150598,13.873988999118,0.873634968033625
1,15,1.68263473053892,5.23125,38.0911300490606,199.703321354412,8.49994356509345,164.156526825016,13.0281562962244,1.70254266038582
1,16,1.74251497005988,4.81875,52.0988865959657,80.0871555344866,6.53392169186158,84.9992779806882,18.0330903377998,-0.517047352119137
1,17,1.80239520958084,4.81875,71.8952459876376,84.3570465705526,6.53392169186158,84.9992779806882,20.8305249752978,-0.0658774085439223
1,18,1.8622754491018,4.8,85.8695260613425,101.184176947458,6.68813512477899,94.0906986482539,22.1706805410638,0.631318202013779
1,19,1.92215568862275,4.8,86.9753226489136,101.252924875171,6.68813512477899,94.0906986482539,22.2818201930383,0.637217683191292
1,20,1.98203592814371,4.8,77.8313704427888,97.6209680341945,6.68813512477899,94.0906986482539,21.3169927730143,0.31992833240356
1,21,2.04191616766467,4.725,75.3905277869691,179.708385063859,7.16415373712046,134.901466384214,20.4430377359037,2.4910334190803
1,22,2.10179640718563,4.74375,79.5950299071568,155.388848570904,7.08362811128574,125.166686788313,21.0126039498997,1.87862184293562
1,23,2.16167664670659,4.7625,69.6603425594633,133.139002824802,6.97042381254502,114.757479601245,19.9945284224658,1.29048597071122
1,24,2.22155688622754,4.725,65.5209023264745,180.835226997152,7.16415373712046,134.901466384214,19.2242994563924,2.54532730316946
1,25,2.2814371257485,4.6875,57.82496975182,231.051799300285,7.20103294396453,150.702804192899,18.0944123297388,3.71176042819837
1,26,2.34131736526946,4.63125,88.2069182112177,287.50702727859,7.0679918609116,162.185935230288,21.9241321631872,4.97270549506143
1,27,2.40119760479042,4.63125,104.916734920383,285.997285346769,7.0679918609116,162.185935230288,23.4309745172883,4.92697442798768
1,28,2.46107784431138,4.63125,98.2285986784429,290.548772859325,7.0679918609116,162.185935230288,22.8588381550576,5.064117120959
1,29,2.52095808383234,4.6125,85.3393867507792,299.870414995109,7.01255902628443,162.812613668077,21.7054597571716,5.30491145000645
1,30,2.58083832335329,4.575,94.1869112944802,316.62180751955,6.93279161290678,160.544230739926,22.6616481772203,5.898922406427
1,31,2.64071856287425,4.51875,96.7039483116747,309.543883898494,6.8440646837285,153.207462807116,23.002602015133,6.10884613914158
1,32,2.70059880239521,4.51875,99.8145349947991,311.491097774362,6.8440646837285,153.207462807116,23.2775936485784,6.16331437604116
1,33,2.76047904191617,4.48125,113.153942162575,294.83118669397,6.76274070330449,149.317482562526,24.4709390573038,5.90925522413401
1,34,2.82035928143713,4.48125,142.117632598106,298.80078424551,6.76274070330449,149.317482562526,26.4505045667049,6.02542147482389
1,35,2.88023952095808,4.48125,142.192977161526,297.192254161013,6.76274070330449,149.317482562526,26.4551082259111,5.97853653551567
1,36,2.94011976047904,4.5,118.139114860413,304.382842824499,6.8066041579653,150.990332008538,24.7892643591528,6.08942057591053
1,37,3,4.3875,132.908202842456,246.96032941575,6.65985538559233,153.049960337846,26.0017397350131,4.1558794876725
1,38,3.05988023952096,4.3875,145.864928602465,247.868645011306,6.65985538559233,153.049960337846,26.8097216983428,4.18776742588343
1,39,3.11976047904192,4.40625,135.4944953614,257.896087689014,6.63298453856305,150.629655173155,26.204253336661,4.67068544004095
1,40,3.17964071856287,4.3875,113.646495714053,247.448466726704,6.65985538559233,153.049960337846,24.6418249991922,4.17303091467753
1,41,3.23952095808383,4.33125,127.318694937698,221.694248014826,6.92742326096566,163.558733033724,25.2864090949056,2.64161374993149
1,42,3.29940119760479,4.35,122.662874368799,229.075452162588,6.83348584502971,159.706851874599,25.08141676349,3.1331000695386
1,43,3.35928143712575,4.35,108.364379905216,229.256807157864,6.83348584502971,159.706851874599,24.0048850202465,3.13997381461961
1,44,3.41916167664671,4.35,85.6089118503715,227.625522501245,6.83348584502971,159.706851874599,21.9575335548707,3.07794813410193
1,45,3.47904191616766,4.1625,78.0311792934211,236.006858564495,6.94079467240417,180.557328841849,21.0171794704729,2.32619005894571
1,46,3.53892215568862,4.14375,68.3175743155555,240.199070774759,6.98528474349726,179.48105844081,19.8069664757699,2.53105401944383
1,47,3.59880239520958,4.10625,61.7002925792898,246.440011881363,7.21782728091809,176.80928338046,18.6376147608994,2.88412314259803
1,48,3.65868263473054,4.06875,74.7350016655941,234.793057235287,7.90205504855112,174.441760686333,19.5156799545731,2.58069578656643
1,49,3.7185628742515,4.06875,80.3185142170323,232.930748844536,7.90205504855112,174.441760686333,20.1415123042498,2.51152722843225
1,50,3.77844311377246,4.06875,99.2502964664186,235.211173923307,7.90205504855112,174.441760686333,21.9798352378568,2.59614975963835
1,51,3.83832335329341,4.06875,113.599142685418,231.709963851945,7.90205504855112,174.441760686333,23.1527000605824,2.46588495978454
1,52,3.89820359281437,4.05,130.256773013929,223.788020782313,8.321216458301,173.527238373036,23.8922699072605,2.20938360287371
1,53,3.95808383233533,4.05,149.687048401704,224.881753968414,8.321216458301,173.527238373036,25.0999481094227,2.25173129420778
1,54,4.01796407185629,4.05,158.47895101027,227.478069596883,8.321216458301,173.527238373036,25.5956953703167,2.35143757876824
1,55,4.07784431137725,4.06875,145.037909557222,237.350717185576,7.90205504855112,174.441760686333,25.2748296160984,2.67480173722771
1,56,4.1377245508982,4.06875,138.678130981549,235.058179586461,7.90205504855112,174.441760686333,24.8853585812608,2.5904981390849
1,57,4.19760479041916,4.06875,122.842341846134,236.960431191981,7.90205504855112,174.441760686333,23.8321607272223,2.66050739966324
1,58,4.25748502994012,4.06875,97.1209544593941,230.771908350686,7.90205504855112,174.441760686333,21.7914578197675,2.43064959934528
1,59,4.31736526946108,4.05,87.931184992952,224.300821732401,8.321216458301,173.527238373036,20.4791221305726,2.22926418895697
1,60,4.37724550898204,4.05,77.4638215764255,220.026257627275,8.321216458301,173.527238373036,19.3782419829703,2.06213713651437
1,61,4.43712574850299,4.0125,74.7345598035747,192.657720293732,8.98584525114852,171.845873997995,18.399250913018,0.992946155404881
1,62,4.49700598802395,3.99375,58.2657575668547,171.197411489562,9.16514874007022,170.686327826996,16.0654776004551,0.0259691765661785
1,63,4.55688622754491,4.0125,50.0842300130862,189.666367058507,8.98584525114852,171.845873997995,14.9228413245215,0.857024328137141
1,64,4.61676646706587,3.525,67.9147321318451,185.467676954849,7.34639930984568,149.112728708141,19.3177892317054,1.89507029211403
1,65,4.67664670658683,3.525,90.6717090265678,186.259394955305,7.34639930984568,149.112728708141,21.8279454220281,1.93206940299003
1,66,4.73652694610778,3.525,123.278580706628,190.060572698344,7.34639930984568,149.112728708141,24.4962619048597,2.10754631708832
1,67,4.79640718562874,3.50625,140.971675331919,212.638925790928,7.3095904687563,158.885499734186,25.7047763078586,2.5311701071947
1,68,4.8562874251497,3.50625,158.43713885912,212.683344376405,7.3095904687563,158.885499734186,26.7192789094837,2.5329843311834
1,69,4.91616766467066,3.4875,173.981096647797,228.626374254769,7.25609064852688,166.746855518518,27.5959872873621,2.74137352362172
1,70,4.97604790419162,3.4875,187.133067391908,233.529434065421,7.25609064852688,166.746855518518,28.2289567353919,2.92567948073976
1,71,5.03592814371257,3.4875,172.118034838496,228.572826617572,7.25609064852688,166.746855518518,27.5024735850709,2.73933892308738
1,72,5.09580838323353,3.4875,149.055791012364,223.740827164404,7.25609064852688,166.746855518518,26.2529230797304,2.55375173007188
1,73,5.15568862275449,3.4875,144.52837102185,221.674077350654,7.25609064852688,166.746855518518,25.9850081631604,2.47314513408931
1,74,5.21556886227545,3.46875,120.615464347129,234.360201361092,7.21084158108632,172.537521414816,24.4683407742958,2.66000615166921
1,75,5.27544910179641,3.4125,148.568002361517,244.068823928629,7.17813218951085,178.257147187507,26.3182766406693,2.7293071326088
1,76,5.33532934131737,3.43125,164.462168730872,251.514063477101,7.17371680278175,178.082853384788,27.2064356981506,2.99880336214977
1,77,5.39520958083832,3.43125,157.396559484891,246.421531647375,7.17371680278175,178.082853384788,26.8250201383557,2.82113093942261
1,78,5.45508982035928,3.4125,140.900346101433,244.778502781066,7.17813218951085,178.257147187507,25.8580121606867,2.75452644417863
1,79,5.51497005988024,3.4125,133.76165076499,242.168681459969,7.17813218951085,178.257147187507,25.4064033587681,2.66142050678574
1,80,5.5748502994012,3.43125,104.893481687736,233.223866610043,7.17371680278175,178.082853384788,23.3000854600878,2.3430177113981
1,81,5.63473053892216,3.45,90.9644745024777,229.910818032313,7.1837462815655,176.265666844134,22.0504165923261,2.30783356684412
1,82,5.69461077844311,3.16875,84.5148572201301,189.631930427422,6.59811780709988,159.935165265934,22.1502599329685,1.47935005367578
1,83,5.75449101796407,3.16875,104.843675757387,190.816326330955,6.59811780709988,159.935165265934,24.0224434638822,1.5334313388864
1,84,5.81437125748503,3.16875,128.449730275386,198.796105605238,6.59811780709988,159.935165265934,25.7862626239272,1.88927817832439
1,85,5.87425149700599,3.16875,155.121641674749,210.790540298864,6.59811780709988,159.935165265934,27.4250465368134,2.39814307175427
1,86,5.93413173652695,3.16875,166.315143766476,213.944979366128,6.59811780709988,159.935165265934,28.0302346018913,2.52716271863927
1,87,5.9940119760479,3.15,144.693503146305,198.438431548086,6.63453738408722,160.448225966178,26.7727677161364,1.84581732295622
1,88,6.05389221556886,3.13125,142.841227606178,192.336319215094,6.66485709799162,160.956459831863,26.6212546372323,1.54705778469145
1,89,6.11377245508982,3.13125,143.706672022819,192.544970101726,6.66485709799162,160.956459831863,26.6737217993194,1.55647533135849
1,90,6.17365269461078,3.1125,130.029710636857,186.410016252385,6.69872644972775,161.405144428182,25.7610070570608,1.25103743090465
1,91,6.23353293413174,3.09375,106.431012197787,189.602537381089,6.74704465465847,161.779594854408,23.9590921593842,1.37840803138024
1,92,6.2934131736527,2.94375,107.637208356177,312.273160775275,7.37606213548129,170.51233969893,23.2827571797262,5.25557690971253
1,93,6.35329341317365,2.925,136.390966876259,316.97697688337,7.67770441723438,173.653656891892,24.9910843968407,5.22687571455311
1,94,6.41317365269461,2.90625,175.981370592717,321.638719566907,8.10824730322271,177.430976221925,26.7307941898208,5.1667776500326
1,95,6.47305389221557,2.8875,207.622491900357,340.812343093157,8.61818723621282,181.772154502568,27.6371694792494,5.45975920497613
1,96,6.53293413173653,2.8875,214.317321650921,338.967747663291,8.61818723621282,181.772154502568,27.9128269598923,5.41262045562791
1,97,6.59281437125748,2.86875,208.50750389465,336.054935841909,9.1642047811687,186.507507812105,27.1405380795241,5.11427919238115
1,98,6.65269461077844,2.8875,192.255787722519,340.964764756761,8.61818723621282,181.772154502568,26.9692699516872,5.46364293106588
1,99,6.7125748502994,2.86875,172.178765994643,319.992869095956,9.1642047811687,186.507507812105,25.4776961127151,4.68887962902273
1,100,6.77245508982036,2.83125,176.24751557034,316.247941161872,10.2152727800528,196.100632302601,24.7374607124716,4.15097425696745
1,101,6.83233532934132,2.83125,166.659333793923,312.949618826674,10.2152727800528,196.100632302601,24.2515934656219,4.05990865836608
1,102,6.89221556886228,2.8125,173.273612557656,291.901792629884,10.6476826363323,200.344861488882,24.2295466382001,3.26917108211912
1,103,6.95209580838323,2.79375,200.51199537655,287.277048364881,10.9942855240965,203.827123790576,25.2194669469772,2.9807790758209
1,104,7.01197604790419,2.79375,197.866668955499,274.642539386543,10.9942855240965,203.827123790576,25.1041126214471,2.5901165961666
1,105,7.07185628742515,2.79375,169.168134280505,269.350856828393,10.9942855240965,203.827123790576,23.7430309617993,2.42112770463974
1,106,7.13173652694611,2.79375,144.274162903486,262.216513451408,10.9942855240965,203.827123790576,22.3604310331021,2.18796124673505
1,107,7.19161676646707,2.53125,130.355160994665,164.787142724836,6.75498821578311,148.99707342042,25.7100726923871,0.874911706959941
1,108,7.25149700598802,2.5125,146.750745250083,171.338760148278,6.70939799497303,143.361917322416,26.7979352170626,1.54843638593907
1,109,7.31137724550898,2.53125,173.547075600763,186.560925409224,6.75498821578311,148.99707342042,28.1958540831245,1.9528589839216
1,110,7.37125748502994,2.475,186.345960066368,197.001233884583,6.82526757492742,133.985180526255,28.7240059970264,3.34824361121225
1,111,7.4311377245509,2.45625,216.132359186079,224.433654193431,6.91964779503073,130.195991850721,29.8927160853544,4.72980732343375
1,112,7.49101796407186,2.45625,241.976337101456,247.77925038826,6.91964779503073,130.195991850721,30.8737781718116,5.58934640535355
1,113,7.55089820359281,2.41875,252.746036550461,261.479581000832,7.12818047646423,126.563170625304,30.9941133390789,6.30260868519082
1,114,7.61077844311377,2.4,240.960661888588,260.71628132681,7.28824956451899,129.725863671039,30.386458242535,6.06283164536547
1,115,7.67065868263473,2.41875,191.930473237444,221.041909782777,7.12818047646423,126.563170625304,28.6033049435998,4.84334556153448
1,116,7.73053892215569,2.325,185.336400558879,274.440684180512,7.59786398142193,152.952757650054,27.7453841964838,5.07782363762468
1,117,7.79041916167665,2.2875,209.483455724446,326.751796701598,7.50106663681724,167.955357965561,28.9205341197867,5.78048242839784
1,118,7.8502994011976,2.25,228.393725508231,382.660292638482,7.50971300244291,183.546111789948,29.6612165746311,6.38136420760351
1,119,7.91017964071856,2.25,263.897303386724,378.585608898426,7.50971300244291,183.546111789948,30.9162322496869,6.28837824546741
1,120,7.97005988023952,2.23125,334.202764264168,447.078541697077,7.57440970879392,190.995749618441,32.8932248958743,7.3872024601263
1,121,8.02994011976048,2.23125,430.253928367536,473.186715594941,7.57440970879392,190.995749618441,35.0875210270744,7.88017681887723
1,122,8.08982035928144,2.2125,478.073499195448,531.056021879663,7.67082845280437,198.179116341246,35.893047997275,8.56164900505057
1,123,8.1497005988024,2.2125,479.266142554589,525.814972052139,7.67082845280437,198.179116341246,35.9146895829828,8.4755012087273
1,124,8.20958083832335,2.2125,469.183533005731,525.461075379915,7.67082845280437,198.179116341246,35.7300098149505,8.46965325364101
1,125,8.26946107784431,2.2125,432.200824148789,502.528037878308,7.67082845280437,198.179116341246,35.0168664042895,8.08204820077395
1,126,8.32934131736527,2.19375,437.234033114767,491.194798762958,7.74361309867559,205.17238673234,35.0354062623412,7.58269697771475
1,127,8.38922155688623,2.2125,382.75193320336,475.083678056774,7.67082845280437,198.179116341246,33.9615024487128,7.59424444949717
1,128,8.44910179640719,2.19375,347.726293715433,452.806033075387,7.74361309867559,205.17238673234,33.0458777161418,6.87586588203108
1,129,8.50898203592814,2.19375,316.887284175039,435.001195311332,7.74361309867559,205.17238673234,32.2392233339815,6.52743079552804
1,130,8.5688622754491,2.025,403.042215470031,489.971196485119,8.49255033995226,297.144546166764,33.5262481514315,4.3440557343676
1,131,8.62874251497006,2.00625,487.129946630979,533.789975679025,8.71258757666672,308.311275269585,34.94995344771,4.76762012118556
1,132,8.68862275449102,1.9875,526.470820629088,561.749684932727,8.94227580264108,318.218725733515,35.3985249030551,4.93634210359792
1,133,8.74850299401198,1.9875,522.105382590021,555.280615715512,8.94227580264108,318.218725733515,35.326202201125,4.83573561253284
1,134,8.80838323353293,1.96875,487.202615005885,521.163779380244,9.17557642742192,326.480805376426,34.501525073193,4.06233143479465
1,135,8.86826347305389,1.95,476.325698329183,517.368529183158,9.3886251017911,332.707732693375,34.1060403058759,3.83474225838038
1,136,8.92814371257485,1.95,445.840569716503,501.595827238921,9.3886251017911,332.707732693375,33.5315517493028,3.56582040452548
1,137,8.98802395209581,1.93125,398.303431004087,457.681247939261,9.52862175265453,336.481692298708,32.4236791976836,2.67203358690814
1,138,9.04790419161677,1.8,483.030805492817,480.583903851543,9.61358216590502,276.233224646543,34.0217917287981,4.80986615367021
1,139,9.10778443113773,1.78125,480.487356750387,478.442205600894,9.83390946743296,262.513187132457,33.7791151721847,5.21356718165437
1,140,9.16766467065868,1.7625,427.898072876425,425.253635687178,10.0847399096765,253.079288025581,32.5535125705789,4.5078286254114
1,141,9.22754491017964,1.74375,426.848900921375,425.232243209528,10.3325827359463,246.544504657598,32.3213055204258,4.73461721329761
1,142,9.2874251497006,1.725,463.128144853279,456.081855456588,10.5220593693511,241.480989763557,32.8720085294937,5.52319695164135
1,143,9.34730538922156,1.725,445.563797364559,437.117009776203,10.5220593693511,241.480989763557,32.5361829738403,5.15429519044922
1,144,9.40718562874251,1.70625,477.002479814212,463.504085425848,10.6557287497683,236.808745371985,33.0187496036824,5.83311659150585
1,145,9.46706586826347,1.70625,493.918715116747,481.236188434159,10.6557287497683,236.808745371985,33.3214465143001,6.15921082953843
1,146,9.52694610778443,1.725,400.738378172078,387.570001913753,10.5220593693511,241.480989763557,31.6152037660194,4.10934415721312
1,147,9.58682634730539,1.66875,337.082185987319,350.457302461008,10.8484148663264,228.149287840477,29.8473903298021,3.72831992618382
1,148,9.64670658682635,1.66875,355.332422553746,378.856761441931,10.8484148663264,228.149287840477,30.3053710323816,4.40511850029362
1,149,9.7065868263473,1.65,406.071180901618,416.478134295583,10.965829639381,225.998434242837,31.3712134776496,5.30973549928259
1,150,9.76646706586826,1.65,457.009137593952,458.751782064563,10.965829639381,225.998434242837,32.3976677801349,6.1494466806506
1,151,9.82634730538922,1.63125,429.523772499513,425.762264487329,11.0507705595162,225.570945240434,31.7918928672479,5.51768015297606
1,152,9.88622754491018,1.65,380.67181374431,398.614486303159,10.965829639381,225.998434242837,30.8101845352431,4.92895294670248
1,153,9.94610778443114,1.6125,394.87891798284,393.817121343517,11.078576162882,225.241472595932,31.0396000054316,4.85292470583652
1,154,10.0059880239521,1.59375,397.896855565742,395.966323356029,11.0749922466086,223.454780676235,31.1085415246913,4.96937201028142
1,155,10.0658682634731,1.55625,359.890842881054,360.842979728895,11.3489851153171,215.670924080032,30.024275402397,4.47053322570273
1,156,10.125748502994,1.36875,420.102840485485,467.233481688003,11.9630655059899,357.190470464901,30.9102627437427,2.33268185500335
1,157,10.185628742515,1.35,519.08906250867,552.58269363822,11.5632665814824,387.9920600714,33.0432268019247,3.07148881777396
1,158,10.2455089820359,1.33125,547.742982510564,583.931496792214,11.4661690487088,419.209736936269,33.5831696367762,2.87861079950267
1,159,10.3053892215569,1.33125,520.640176375092,562.006048198798,11.4661690487088,419.209736936269,33.1423867595739,2.54619255970944
1,160,10.3652694610778,1.3125,491.510158604487,581.947493843527,11.7057341638055,449.99872310828,32.4626768244546,2.2334504158578
1,161,10.4251497005988,1.25625,507.576549865794,576.427674246219,15.4328776304231,527.973210794533,30.3410927356545,0.762658719340973
1,162,10.4850299401198,1.275,575.551028489074,640.131836357595,13.6997165231428,505.772861867704,32.4674450713811,2.04627808325951
1,163,10.5449101796407,1.275,526.744736824185,591.781093523675,13.6997165231428,505.772861867704,31.6977724824904,1.36411126440723
1,164,10.6047904191617,1.18125,532.283824219443,563.979543056347,20.870787145066,545.769063241418,28.132088791381,0.285088742979312
1,165,10.6646706586826,1.1625,688.910046991552,698.720120970322,21.1805329158858,530.383674473441,30.2445127092951,2.39426204017124
1,166,10.7245508982036,1.14375,813.747941188042,828.664830573874,21.3565048511541,519.832767185285,31.6191944821197,4.05030511850082
1,167,10.7844311377246,1.125,913.43994977269,959.19714648126,21.8300989548827,511.128548230557,32.4324859486118,5.46755479367455
1,168,10.8443113772455,1.125,1065.37111375052,1067.09679509251,21.8300989548827,511.128548230557,33.7689042577451,6.39347354253872
1,169,10.9041916167665,1.125,1171.05664932666,1152.09098507163,21.8300989548827,511.128548230557,34.5904440004963,7.05913279856175
1,170,10.9640718562874,1.125,1115.10682315751,1090.22951411506,21.8300989548827,511.128548230557,34.1652153769887,6.57975592831485
1,171,11.0239520958084,1.125,1115.86102546518,1096.12130392927,21.8300989548827,511.128548230557,34.1710880911676,6.62656960483311
1,172,11.0838323353293,1.10625,1166.37835282828,1176.93660035226,22.6364783414729,498.290696344268,34.240611764303,7.4654058053496
1,173,11.1437125748503,1.0875,1210.23376836529,1228.67262562319,23.800718491025,483.44330758377,34.1255839791596,8.10181259775084
1,174,11.2035928143713,1.0875,1251.79727158681,1274.77185676072,23.800718491025,483.44330758377,34.4188786597538,8.42173828764032
1,175,11.2634730538922,1.06875,1209.67962847034,1303.3271175191,25.5211030211435,473.081082016109,33.5154185271156,8.80235700007352
1,176,11.3233532934132,1.05,1319.7268501933,1440.97342611084,27.4700514979085,477.363806491975,33.6324915806584,9.5961296776985
1,177,11.3832335329341,1.05,1258.9864123493,1421.9871493663,27.4700514979085,477.363806491975,33.2232313881228,9.48092367486205
1,178,11.4431137724551,1.05,1223.38673047594,1408.06994457402,27.4700514979085,477.363806491975,32.974085840018,9.39549481223081
1,179,11.502994011976,1.03125,1369.47068851723,1532.99763870351,29.2385988629432,503.464060543748,33.4119236843366,9.67146023479783
1,180,11.562874251497,1.03125,1566.61813291087,1673.26194753429,29.2385988629432,503.464060543748,34.5801318391317,10.4319092099794
1,181,11.622754491018,1.0125,1737.1497976874,1784.0963277873,30.6553835199517,551.463563476472,35.0666103253994,10.1980295293246
1,182,11.6826347305389,1.0125,1773.49342519432,1854.89987020374,30.6553835199517,551.463563476472,35.2464565789422,10.5360729597065
1,184,11.8023952095808,1.0125,1723.2442382423,1775.54323051459,30.6553835199517,551.463563476472,34.9968016252407,10.156288560482
2,1,0.844311377245509,4.70625,89.0948826502651,206.846829675056,7.20014963029779,143.523422158531,21.8502247661578,3.17452175573166
2,2,0.904191616766467,4.6875,71.0122804776587,228.056300181148,7.20103294396453,150.702804192899,19.878773239267,3.59841481740973
2,3,0.964071856287425,4.8375,48.689489384067,67.8371557310744,6.38676013755126,77.4743210497982,17.6430922805531,-1.15380296775219
2,4,1.02395209580838,5.23125,46.821330027251,201.369460099637,8.49994356509345,164.156526825016,14.8205540809179,1.77470901612972
2,5,1.08383233532934,4.63125,115.361351924407,289.71976126984,7.0679918609116,162.185935230288,24.2552859238649,5.03929858384889
2,6,1.1437125748503,4.63125,142.635123956489,286.126612639423,7.0679918609116,162.185935230288,26.0986088629857,4.93090127884731
2,7,1.20359281437126,4.63125,167.372171439891,287.219642399113,7.0679918609116,162.185935230288,27.4877441971074,4.96401895348771
2,8,1.26347305389222,4.63125,166.021546184199,288.975111733448,7.0679918609116,162.185935230288,27.4173682693601,5.01694501700832
2,9,1.32335329341317,4.6125,160.028244126687,298.38629401455,7.01255902628443,162.812613668077,27.1664022046721,5.26181644648522
2,10,1.38323353293413,4.6125,133.586734696105,302.738285722387,7.01255902628443,162.812613668077,25.597736090918,5.38758598380671
2,11,1.44311377245509,4.575,118.082073545147,313.396465524713,6.93279161290678,160.544230739926,24.62551649103,5.80998781338485
2,12,1.50299401197605,4.575,110.520167971663,316.246519136369,6.93279161290678,160.544230739926,24.0506678000879,5.88862100967968
2,13,1.56287425149701,4.575,83.6595572664553,310.77533766406,6.93279161290678,160.544230739926,21.6321483126705,5.7370368693059
2,14,1.62275449101796,4.51875,77.0618241780979,309.888381616074,6.8440646837285,153.207462807116,21.0305035963259,6.11850746816998
2,15,1.68263473053892,4.425,75.6822062276069,265.014508202945,6.63921849190075,149.004000009969,21.1375364517094,5.0014344563042
2,16,1.74251497005988,4.40625,88.0348528378486,255.66310836458,6.63298453856305,150.629655173155,22.4589131525112,4.59515165794431
2,17,1.80239520958084,4.40625,92.8534780613888,254.928548262676,6.63298453856305,150.629655173155,22.9217838202818,4.57015981839256
2,18,1.8622754491018,4.425,83.3293346886848,268.48062091123,6.63921849190075,149.004000009969,21.9736190635977,5.11430032678401
2,19,1.92215568862275,4.3875,76.8798350706643,245.075601623757,6.65985538559233,153.049960337846,21.2469528824646,4.08933712101791
2,20,1.98203592814371,4.1625,88.8054084912673,236.535010558188,6.94079467240417,180.557328841849,22.1406043864255,2.34560620866428
2,21,2.04191616766467,4.1625,106.206644062258,236.942583290941,6.94079467240417,180.557328841849,23.6948497831345,2.36055995809852
2,22,2.10179640718563,4.1625,124.48670254686,237.415463724924,6.94079467240417,180.557328841849,25.0742753269613,2.37787763046872
2,23,2.16167664670659,4.14375,125.544318396088,242.859093494071,6.98528474349726,179.48105844081,25.0922589812671,2.62671495231709
2,24,2.22155688622754,4.14375,137.392459602781,243.036786256195,6.98528474349726,179.48105844081,25.8755756849793,2.63306783512353
2,25,2.2814371257485,4.14375,127.167525496115,242.813595681145,6.98528474349726,179.48105844081,25.2038421299782,2.62508756419413
2,26,2.34131736526946,4.14375,106.370669541032,241.434939257318,6.98528474349726,179.48105844081,23.6527555755382,2.57562994466164
2,27,2.40119760479042,4.14375,80.9784503478341,243.961270952485,6.98528474349726,179.48105844081,21.2837069498039,2.6660453042161
2,28,2.46107784431138,4.10625,84.0929438694905,247.934416983356,7.21782728091809,176.80928338046,21.3270614168725,2.93663507108064
2,29,2.52095808383234,4.10625,91.76817001639,244.726738403119,7.21782728091809,176.80928338046,22.0857117193607,2.82352716496337
2,30,2.58083832335329,4.10625,74.7850131037531,246.163655821773,7.21782728091809,176.80928338046,20.3081617739029,2.87437738289865
2,31,2.64071856287425,4.10625,58.051110408204,245.826773284609,7.21782728091809,176.80928338046,18.1080809199006,2.86248233444648
2,32,2.70059880239521,4.0875,52.9502842741848,242.049047069141,7.50847175959015,175.538288974954,16.966334887681,2.79063032702245
2,33,2.76047904191617,4.05,43.0903338340155,226.596408861157,8.321216458301,173.527238373036,14.2838607866579,2.31770735240321
2,34,2.82035928143713,4.0875,43.2161864718718,242.211146812062,7.50847175959015,175.538288974954,15.2018977821128,2.7964453023095
2,35,2.88023952095808,4.06875,43.0233400426777,238.629426602032,7.90205504855112,174.441760686333,14.7192814450978,2.72147072430722
2,36,2.94011976047904,4.05,50.1544543608803,222.8480819366,8.321216458301,173.527238373036,15.6024538125294,2.17282490516245
2,37,3,3.7875,69.4586304094811,70.3039892655237,7.26049135789759,89.8003606383496,19.6152040557224,-2.12596223736915
2,38,3.05988023952096,3.75,91.940436637825,92.0679521479714,6.58966319193809,71.6279619639684,22.8928668851437,2.18051778000313
2,39,3.11976047904192,3.73125,111.849569858314,111.409815327642,6.32692369995354,65.6059243805249,24.9488344236238,4.59960790624216
2,40,3.17964071856287,3.69375,132.642324484484,132.465406648791,6.19154750788622,61.7949283018545,26.6176582884559,6.62299288725165
2,41,3.23952095808383,3.65625,149.728814707979,148.695367350197,6.53521213176316,69.6968494236868,27.2009139469792,6.58168582920961
2,42,3.29940119760479,3.6375,163.778049228832,162.866925769342,6.75598667908158,77.6758439571948,27.6913381861131,6.43093836435733
2,43,3.35928143712575,3.61875,165.144251540875,163.410103434029,6.95624507718229,87.8404525561797,27.5097717344371,5.39168680562964
2,44,3.41916167664671,3.6,160.460345141267,160.210738607958,7.12073675083552,99.6250294495853,27.0568558307666,4.12646319675713
2,45,3.47904191616766,3.6,132.396680943758,136.941874539809,7.12073675083552,99.6250294495853,25.3870433485352,2.76335611326528
2,46,3.53892215568862,3.5625,124.002876603485,158.263699412289,7.32262246409923,125.294733187151,24.5753023280103,2.02896994997373
2,47,3.59880239520958,3.6,119.561655146719,130.21299052439,7.12073675083552,99.6250294495853,24.5013397614752,2.32571700833318
2,48,3.65868263473054,3.61875,103.226425630937,110.622452968479,6.95624507718229,87.8404525561797,23.4283203034059,2.00297439561953
2,49,3.7185628742515,3.46875,118.748854467761,223.213935112152,7.21084158108632,172.537521414816,24.3328694880762,2.23675497920502
2,50,3.77844311377246,3.45,121.841345068892,233.291371027222,7.1837462815655,176.265666844134,24.5888739881991,2.43461894166517
2,51,3.83832335329341,3.45,107.827462327884,230.442515219021,7.1837462815655,176.265666844134,23.5275679811199,2.32789756901191
2,52,3.89820359281437,3.45,105.800456623017,236.398196519036,7.1837462815655,176.265666844134,23.3627311345332,2.54952861303711
2,53,3.95808383233533,3.39375,131.478263875258,242.132870291942,7.16527865295115,177.125025505732,25.2724175250545,2.7154764896073
2,54,4.01796407185629,3.39375,158.547233869862,245.099592911922,7.16527865295115,177.125025505732,26.898511698505,2.82125328271756
2,55,4.07784431137725,3.39375,192.821893228923,257.097883272037,7.16527865295115,177.125025505732,28.5984651639076,3.23637150496881
2,56,4.1377245508982,3.39375,221.049213538354,266.385737259296,7.16527865295115,177.125025505732,29.7851177919905,3.5446208493999
2,57,4.19760479041916,3.35625,212.135894783373,259.189646250207,7.07302833476162,172.435988857659,29.5401752464762,3.53979474095813
2,58,4.25748502994012,3.35625,196.379738544908,255.733255628841,7.07302833476162,172.435988857659,28.869825592013,3.42318591162625
2,59,4.31736526946108,3.31875,179.262709055449,243.757198351424,6.85992016648919,166.851682057998,28.3434178745321,3.29253720862045
2,60,4.37724550898204,3.31875,154.915225748556,243.161167931558,6.85992016648919,166.851682057998,27.0755008533328,3.27127262961861
2,61,4.43712574850299,3.3,110.870526532445,223.960058623811,6.74938983853986,164.391725926553,24.3110319343106,2.68581234839098
2,62,4.49700598802395,3.24375,99.324753804578,209.220780095503,6.52988018954807,159.871201876524,23.6430456869532,2.33669154318489
2,63,4.55688622754491,3.15,118.12701198981,192.767289419347,6.63453738408722,160.448225966178,25.0107714617675,1.59396842073449
2,64,4.61676646706587,3.16875,130.047393235647,196.143178974934,6.59811780709988,159.935165265934,25.8936317169944,1.77258492737949
2,65,4.67664670658683,3.16875,109.42638023674,191.327481894635,6.59811780709988,159.935165265934,24.3940393557272,1.55666784496774
2,66,4.73652694610778,3.01875,116.258466525665,233.799309198393,6.96545003711466,163.628633553157,24.4495081765029,3.09967839953226
2,67,4.79640718562874,3.0375,137.194561620236,217.889905390544,6.91045451957241,162.939565692482,25.9566056652861,2.52421111843721
2,68,4.8562874251497,3.05625,155.860715244784,213.459570151661,6.85351905390759,162.466815709851,27.1364608072403,2.37101924003877
2,69,4.91616766467066,3,148.48722872984,250.036692256695,7.02525581091246,164.637530964067,26.500539181693,3.62949801066251
2,70,4.97604790419162,2.94375,153.381296883156,310.870795461648,7.37606213548129,170.51233969893,26.3589567800827,5.21648221646166
2,71,5.03592814371257,2.8875,149.402555751662,327.587572969481,8.61818723621282,181.772154502568,24.7788420316537,5.11600127216185
2,72,5.09580838323353,2.86875,195.051798358493,335.882305149625,9.1642047811687,186.507507812105,26.5611034710112,5.10981612326445
2,73,5.15568862275449,2.86875,229.978490614649,347.434344876837,9.1642047811687,186.507507812105,27.9918486807075,5.40352857144873
2,74,5.21556886227545,2.8875,248.376053029108,354.517529472781,8.61818723621282,181.772154502568,29.1938759234303,5.8022071867355
2,75,5.27544910179641,2.8875,237.008898863659,347.878187057502,8.61818723621282,181.772154502568,28.7869745472189,5.63799686553295
2,76,5.33532934131737,2.8875,211.69524437314,343.842076951732,8.61818723621282,181.772154502568,27.8059035342591,5.5366333328173
2,77,5.39520958083832,2.86875,185.772484214236,338.505725487665,9.1642047811687,186.507507812105,26.1377320681017,5.17739399664847
2,78,5.45508982035928,2.8875,150.127092285184,343.059612853752,8.61818723621282,181.772154502568,24.8208629580257,5.51684476673476
2,79,5.51497005988024,2.85,119.311336589039,310.938642446589,9.70603415560611,191.385163390623,21.7927979132634,4.21532861698786
2,80,5.5748502994012,2.86875,112.323799345959,334.467583979742,9.1642047811687,186.507507812105,21.7675399950272,5.07315428325279
2,81,5.63473053892216,2.86875,136.227047773608,314.97914552408,9.1642047811687,186.507507812105,23.4433711939807,4.55170963196294
2,82,5.69461077844311,2.86875,151.646222094731,322.717144911391,9.1642047811687,186.507507812105,24.3747362019622,4.7625143951768
2,83,5.75449101796407,2.86875,145.903626434409,326.114126098428,9.1642047811687,186.507507812105,24.0394260229589,4.8534658477629
2,84,5.81437125748503,2.86875,139.922579172335,316.987078808272,9.1642047811687,186.507507812105,23.6758603312484,4.60690481463078
2,85,5.87425149700599,2.86875,153.424129549965,324.417903468844,9.1642047811687,186.507507812105,24.4759776545976,4.80816988912687
2,86,5.93413173652695,2.325,193.946885600884,281.632884826677,7.59786398142193,152.952757650054,28.1398259127034,5.3025210459677
2,87,5.9940119760479,2.325,265.664532647306,315.635563725845,7.59786398142193,152.952757650054,30.8728412730237,6.2925723850224
2,88,6.05389221556886,2.325,307.16629060168,342.482398405883,7.59786398142193,152.952757650054,32.1336407734228,7.00161889465591
2,89,6.11377245508982,2.325,390.905087639322,406.3601173663,7.59786398142193,152.952757650054,34.2275961673268,8.48707531232396
2,90,6.17365269461078,2.30625,421.339459415151,436.848090103996,7.54869819065439,160.2517857022,34.9352014360445,8.71055127428384
2,91,6.23353293413174,2.30625,396.252649553547,413.157963631111,7.54869819065439,160.2517857022,34.4020023448898,8.22626501210271
2,92,6.2934131736527,2.30625,327.968813266189,369.845963807541,7.54869819065439,160.2517857022,32.7592097292598,7.26436011855015
2,93,6.35329341317365,2.2875,314.429009651842,379.447491474974,7.50106663681724,167.955357965561,32.447991684454,7.07915646341568
2,94,6.41317365269461,2.26875,301.370678621239,396.677390404677,7.48708006443476,175.816654362379,32.0957703737451,7.06754871909265
2,95,6.47305389221557,2.2125,285.202096177565,441.921832059704,7.67082845280437,198.179116341246,31.4062088538654,6.96575139466418
2,96,6.53293413173653,2.23125,346.967016301623,457.225473798327,7.57440970879392,190.995749618441,33.2187879705502,7.58213431939012
2,97,6.59281437125748,2.23125,358.700163745229,449.788550372084,7.57440970879392,190.995749618441,33.5076556401317,7.439693867419
2,98,6.65269461077844,2.19375,403.655226679099,497.725681496448,7.74361309867559,205.17238673234,34.3413386895831,7.69742278731654
2,99,6.7125748502994,2.1375,421.806787533821,502.162716814024,7.74607950716713,226.932041035901,34.7206322717949,6.89897292139079
2,100,6.77245508982036,2.175,376.204339421957,470.898656313565,7.77597193641641,212.099732926689,33.6933823234738,6.92774659095043
2,101,6.83233532934132,2.1375,381.887812107906,468.658570399628,7.74607950716713,226.932041035901,33.8570769560204,6.29921488409025
2,102,6.89221556886228,2.08125,352.398410008221,455.704313196147,7.87500800817712,259.67984891877,33.0156587228819,4.88489778691141
2,103,6.95209580838323,2.04375,386.220432537755,498.186359805756,8.28480329071899,285.07936509518,33.3710608926725,4.84852099215655
2,104,7.01197604790419,2.025,422.778864043607,501.400476816978,8.49255033995226,297.144546166764,33.94150275347,4.54433958117669
2,105,7.07185628742515,2.00625,432.48099464627,523.049307620608,8.71258757666672,308.311275269585,33.9163974125907,4.5910644782987
2,106,7.13173652694611,1.9875,485.522275916641,548.742542959862,8.94227580264108,318.218725733515,34.6952219955973,4.73285798384662
2,107,7.19161676646707,1.9875,456.681375404998,525.319794642795,8.94227580264108,318.218725733515,34.1633047975117,4.35396066976259
2,108,7.25149700598802,1.96875,426.702830104913,474.150883102263,9.17557642742192,326.480805376426,33.3498433265319,3.24117821327648
2,109,7.31137724550898,1.93125,385.326956886221,397.828703963718,9.52862175265453,336.481692298708,32.1359861016297,1.45469350720332
2,110,7.37125748502994,1.95,348.862718386769,390.757121578947,9.3886251017911,332.707732693375,31.4010512601163,1.39688014171623
2,111,7.4311377245509,1.9125,312.798540729056,346.441779103811,9.5800126885995,337.412854334981,30.2779726804258,0.229372728287131
2,112,7.49101796407186,1.74375,354.887758751988,362.096560433067,10.3325827359463,246.544504657598,30.7176425574119,3.33858145342263
2,113,7.55089820359281,1.725,414.820822336087,413.751239440639,10.5220593693511,241.480989763557,31.9151960036285,4.67712721056872
2,114,7.61077844311377,1.725,446.128755995846,442.097197858055,10.5220593693511,241.480989763557,32.5471893884606,5.25269629981854
2,115,7.67065868263473,1.6875,513.195375342327,507.252215131923,10.7584374930322,232.174629158781,33.5706706628111,6.78818383394696
2,116,7.73053892215569,1.6875,536.534605728566,534.985356543215,10.7584374930322,232.174629158781,33.956970753044,7.25054268527939
2,117,7.79041916167665,1.6875,565.023077272208,556.072646591153,10.7584374930322,232.174629158781,34.4063397032106,7.58633543921908
2,118,7.8502994011976,1.6875,557.459272840738,550.51323532206,10.7584374930322,232.174629158781,34.2892788604421,7.4990600821118
2,119,7.91017964071856,1.6875,595.15697949471,590.798382288263,10.7584374930322,232.174629158781,34.8576466012538,8.11249073844569
2,120,7.97005988023952,1.65,630.834434794878,626.991516510651,10.965829639381,225.998434242837,35.197477943376,8.8631246874726
2,121,8.02994011976048,1.65,576.407453919956,573.665730667424,10.965829639381,225.998434242837,34.4137618751705,8.09106953440223
2,122,8.08982035928144,1.6125,548.41927807039,545.862136981204,11.078576162882,225.241472595932,33.8925753001478,7.68869226090398
2,123,8.1497005988024,1.59375,559.214328918276,557.216510746018,11.0749922466086,223.454780676235,34.0646972017091,7.93668651719204
2,124,8.20958083832335,1.5375,637.919221380051,630.334646071839,11.6494478949243,213.702660317744,34.76920690016,9.39522499992481
2,125,8.26946107784431,1.5,816.476277607758,806.971911414429,12.5659027043544,214.110789745225,36.2549975655707,11.5243972991634
2,126,8.32934131736527,1.48125,956.955009670286,943.813043049446,13.0332220703981,218.552519825555,37.3167945027734,12.7066031338307
2,127,8.38922155688623,1.48125,971.407830848542,956.848170846925,13.0332220703981,218.552519825555,37.4469960994084,12.8257442577896
2,128,8.44910179640719,1.48125,884.440809746695,871.932802806634,13.0332220703981,218.552519825555,36.6323395669887,12.0185439674847
2,129,8.50898203592814,1.40625,851.141453809964,843.228132118711,12.989215512914,299.094931707746,36.3283764055968,9.00272066863619
2,130,8.5688622754491,1.3875,831.076573079074,841.393410771947,12.5207910246719,327.409512056128,36.4401854638736,8.1981562800708
2,131,8.62874251497006,1.35,826.938228630189,863.188693275757,11.5632665814824,387.9920600714,37.0878506278266,6.94565809529526
2,132,8.68862275449102,1.33125,762.728152362261,819.530992814893,11.4661690487088,419.209736936269,36.4590287225867,5.82268041709503
2,133,8.74850299401198,1.21875,599.356227243763,657.78802413253,18.8932085255379,553.366758291747,30.0275860805127,1.50145791150605
2,134,8.80838323353293,1.18125,477.17423768368,551.651469142964,20.870787145066,545.769063241418,27.1827631900822,0.0931172988094921
2,135,8.86826347305389,1.14375,625.576384407107,695.465366412041,21.3565048511541,519.832767185285,29.3350033399036,2.52823711965898
2,136,8.92814371257485,1.14375,841.183549429454,831.782398586785,21.3565048511541,519.832767185285,31.9072118428972,4.0829214920213
2,137,8.98802395209581,1.125,1016.10315772253,1021.54882483407,21.8300989548827,511.128548230557,33.3576419332559,6.01457980210526
2,138,9.04790419161677,1.10625,1354.42002431419,1385.68640480845,22.6364783414729,498.290696344268,35.5388900662104,8.88364355161891
2,139,9.10778443113773,1.10625,1653.58595900928,1643.24290666297,22.6364783414729,498.290696344268,37.2723582661529,10.3643797555445
2,140,9.16766467065868,1.10625,1771.08899104507,1760.38924950422,22.6364783414729,498.290696344268,37.8686304178335,10.9625185847786
2,141,9.22754491017964,1.0875,1777.69427526111,1791.89895102034,23.800718491025,483.44330758377,37.4653401241993,11.3793592531701
2,142,9.2874251497006,1.0875,1740.3154758479,1760.0781219479,23.800718491025,483.44330758377,37.280758290948,11.2237278409592
2,143,9.34730538922156,1.06875,1770.45489636445,1813.69544669907,25.5211030211435,473.081082016109,36.8237085323701,11.6725756251202
2,144,9.40718562874251,1.05,1838.81145067107,1877.44646852709,27.4700514979085,477.363806491975,36.5135545188196,11.8943614988624
2,145,9.46706586826347,1.05,1795.57442361758,1785.13616782059,27.4700514979085,477.363806491975,36.3068787407941,11.4564372242294
2,146,9.52694610778443,1.05,1742.67213382061,1695.08122359988,27.4700514979085,477.363806491975,36.047124261605,11.0068205063878
2,147,9.58682634730539,1.05,1666.78037783105,1645.04434396906,27.4700514979085,477.363806491975,35.6603781098853,10.7465624283752
2,148,9.64670658682635,1.05,1589.89906213978,1548.07302038695,27.4700514979085,477.363806491975,35.2502015913722,10.2188390794198
3,1,0.844311377245509,4.06875,59.6617433792043,237.517636704564,7.90205504855112,174.441760686333,17.5591177789621,2.68090803834549
3,2,0.904191616766467,3.46875,120.705537493078,226.14474675467,7.21084158108632,172.537521414816,24.4748247971155,2.35005897658108
3,3,0.964071856287425,3.45,107.516175893003,233.588991668957,7.1837462815655,176.265666844134,23.5024564753907,2.44569287239703
3,4,1.02395209580838,3.43125,112.671959789278,241.480894155141,7.17371680278175,178.082853384788,23.9214324077374,2.64521339264534
3,5,1.08383233532934,3.375,136.177850956928,239.10597475826,7.13310001921223,175.057495854001,25.6165632511493,2.70819433282314
3,6,1.1437125748503,3.375,169.995245756132,248.171216851403,7.13310001921223,175.057495854001,27.5431692399068,3.03141396898767
3,7,1.20359281437126,3.35625,207.925727161109,258.188983762172,7.07302833476162,172.435988857659,29.3660566219403,3.50619592465764
3,8,1.26347305389222,3.35625,234.999968169994,276.724200550667,7.07302833476162,172.435988857659,30.4292481113078,4.1083845910528
3,9,1.32335329341317,3.375,224.358292930041,266.985076944081,7.13310001921223,175.057495854001,29.9532762654127,3.66612551107547
3,10,1.38323353293413,3.3,210.572767596393,254.615134529472,6.74938983853986,164.391725926553,29.8827538373223,3.80008519631344
3,11,1.44311377245509,3.31875,246.811031761737,280.000078450947,6.85992016648919,166.851682057998,31.1209101196603,4.49655127639907
3,12,1.50299401197605,3.31875,249.817389593743,281.452424114185,6.85992016648919,166.851682057998,31.2260720886374,4.54148808664263
3,13,1.56287425149701,3.28125,248.494416062427,278.248124896589,6.6495460446076,162.368778513618,31.4504927297465,4.67859445579282
3,14,1.62275449101796,3.28125,228.425842081673,262.054868919997,6.6495460446076,162.368778513618,30.7190647393556,4.15779419346673
3,15,1.68263473053892,3.28125,189.603992678122,245.185951297681,6.6495460446076,162.368778513618,29.1011096167805,3.5798611750827
3,16,1.74251497005988,3.24375,165.319107355004,229.777016889179,6.52988018954807,159.871201876524,28.068356774643,3.15072693899149
3,17,1.80239520958084,3.1875,168.761040965189,220.30092288515,6.5606147358178,159.508605514179,28.2065532096168,2.80464396443349
3,18,1.8622754491018,3.16875,171.844119941419,211.880330132,6.59811780709988,159.935165265934,28.314292216899,2.4429335499126
3,19,1.92215568862275,3.1875,179.178512717153,219.163082182998,6.5606147358178,159.508605514179,28.7268278458697,2.75966562383963
3,20,1.98203592814371,3.1875,188.421326686398,221.139041180258,6.5606147358178,159.508605514179,29.163710445536,2.83762607912495
3,21,2.04191616766467,2.94375,209.546174690813,327.601966316439,7.37606213548129,170.51233969893,29.0691034115099,5.67181372301212
3,22,2.10179640718563,2.9625,259.343277226638,314.925345463171,7.20271886294183,167.998725913294,31.1275706174426,5.4580325269568
3,23,2.16167664670659,2.9625,314.511975921961,352.844683137567,7.20271886294183,167.998725913294,32.8028144675718,6.44555179072338
3,24,2.22155688622754,2.94375,350.031331227844,373.455187752708,7.37606213548129,170.51233969893,33.5256470632786,6.80965366110997
3,25,2.2814371257485,2.94375,364.027361231448,381.701128307339,7.37606213548129,170.51233969893,33.8661892206867,6.99935260155016
3,26,2.34131736526946,2.925,349.603410799202,375.480466968175,7.67770441723438,173.653656891892,33.166885455567,6.69806831914697
3,27,2.40119760479042,2.925,320.885944443995,370.356774848648,7.67770441723438,173.653656891892,32.4223861226,6.57872720313819
3,28,2.46107784431138,2.94375,262.077302475568,328.85063548527,7.37606213548129,170.51233969893,31.0120968688338,5.7048574359803
3,29,2.52095808383234,2.90625,244.302389524457,353.309582169212,8.10824730322271,177.430976221925,29.5800145707766,5.98251948270207
3,30,2.58083832335329,2.90625,228.48597567778,357.990956118096,8.10824730322271,177.430976221925,28.9986512442662,6.09685226439944
3,31,2.64071856287425,2.90625,187.841113137904,339.101212126621,8.10824730322271,177.430976221925,27.2972733377972,5.62599800289077
3,32,2.70059880239521,2.86875,179.725950405031,351.098373683285,9.1642047811687,186.507507812105,25.8503200720972,5.49464997743937
3,33,2.76047904191617,2.86875,165.252729126752,357.452316932033,9.1642047811687,186.507507812105,25.1210771052788,5.65043595016508
3,34,2.82035928143713,2.86875,159.97429848198,339.391613566125,9.1642047811687,186.507507812105,24.8391085822454,5.20009575403316
3,35,2.88023952095808,2.86875,188.274351825265,356.42703866434,9.1642047811687,186.507507812105,26.2539275171192,5.62548646833809
3,36,2.94011976047904,2.85,220.716894328112,344.22171311655,9.70603415560611,191.385163390623,27.1358752271785,5.09859988804524
3,37,3,2.83125,190.851329007633,309.506207300233,10.2152727800528,196.100632302601,25.4289044076031,3.963807388693
3,38,3.05988023952096,2.85,172.251696555049,339.271951166271,9.70603415560611,191.385163390623,24.9824338564175,4.97279378364874
3,39,3.11976047904192,2.85,171.686193505117,326.513407996506,9.70603415560611,191.385163390623,24.9538711324494,4.63985505307912
3,40,3.17964071856287,2.83125,159.634259017424,300.610740411871,10.2152727800528,196.100632302601,23.877522651018,3.71050998556144
3,41,3.23952095808383,2.5875,189.075717030735,201.902689750656,7.64614051745263,169.124366979317,27.8638696202361,1.53871841169865
3,42,3.29940119760479,2.5875,199.580803423592,207.079302431484,7.64614051745263,169.124366979317,28.3335298307604,1.75861018541169
3,43,3.35928143712575,2.60625,187.305816663973,199.005976608898,8.28750897731298,176.253920469526,27.082545049402,1.05454667112831
3,44,3.41916167664671,2.55,156.016457012705,183.131805002431,6.89571928934279,155.260150686948,27.0918167464541,1.43407545270031
3,45,3.47904191616766,2.53125,144.96891242591,174.142435135798,6.75498821578311,148.99707342042,26.6330057013577,1.35453750031056
3,46,3.53892215568862,2.4375,126.454894641457,155.421683943738,7.01314938914534,127.216106245196,25.1204510809175,1.73939022545879
3,47,3.59880239520958,2.325,153.024496263156,250.743087282292,7.59786398142193,152.952757650054,26.0813888815257,4.29343314708905
3,48,3.65868263473054,2.325,197.113162867462,264.11037069661,7.59786398142193,152.952757650054,28.2804822441422,4.74456286613295
3,49,3.7185628742515,2.325,271.139102098676,309.397107844446,7.59786398142193,152.952757650054,31.0500127811252,6.11917876502868
3,50,3.77844311377246,2.30625,329.430371255672,358.074611127357,7.54869819065439,160.2517857022,32.797831475716,6.9834130268327
3,51,3.83832335329341,2.2875,343.218623752779,384.239010076045,7.50106663681724,167.955357965561,33.2089564387084,7.18815183732583
3,52,3.89820359281437,2.30625,286.204111227695,329.719847436936,7.54869819065439,160.2517857022,31.5760761210668,6.26684425230682
3,53,3.95808383233533,2.2875,298.759386772975,359.279776039926,7.50106663681724,167.955357965561,32.0039707149248,6.60477816901206
3,54,4.01796407185629,2.26875,292.172037947597,381.051405511353,7.48708006443476,175.816654362379,31.8265234495966,6.71847112625566
3,55,4.07784431137725,2.26875,300.794473571897,374.39112976052,7.48708006443476,175.816654362379,32.0791475088157,6.56531078280286
3,56,4.1377245508982,2.26875,277.134173502474,372.695809156429,7.48708006443476,175.816654362379,31.3675520943038,6.52588995457748
3,57,4.19760479041916,2.23125,271.535515940936,402.834892540948,7.57440970879392,190.995749618441,31.0895569797684,6.4820675670005
3,58,4.25748502994012,2.2125,299.016352851064,422.65348095949,7.67082845280437,198.179116341246,31.8170533910276,6.57853125104887
3,59,4.31736526946108,2.19375,257.215346947173,430.655206411841,7.74361309867559,205.17238673234,30.4270646349578,6.44021582887119
3,60,4.37724550898204,2.175,216.583227847617,442.298630540954,7.77597193641641,212.099732926689,28.8974027477196,6.38350946073143
3,61,4.43712574850299,2.1375,217.3486406244,450.371160170024,7.74607950716713,226.932041035901,28.9614995590602,5.95349506347971
3,62,4.49700598802395,2.1375,224.059281192957,457.982091254449,7.74607950716713,226.932041035901,29.2256197604641,6.09905353300043
3,63,4.55688622754491,2.1375,255.009700665226,458.525393472317,7.74607950716713,226.932041035901,30.3494950224749,6.10935146015527
3,64,4.61676646706587,2.025,291.414190365768,430.781920321378,8.49255033995226,297.144546166764,30.709451319963,3.2257940868962
3,65,4.67664670658683,2.025,345.056621395982,442.924977390167,8.49255033995226,297.144546166764,32.1770447156326,3.46724816221093
3,66,4.73652694610778,2.025,368.209427249197,457.726780708288,8.49255033995226,297.144546166764,32.7411354736706,3.75277118671524
3,67,4.79640718562874,2.025,362.326513949434,454.232541076897,8.49255033995226,297.144546166764,32.6012397138922,3.68620960308162
3,68,4.8562874251497,2.025,384.128448608447,468.888331644488,8.49255033995226,297.144546166764,33.1087668483948,3.962033236523
3,69,4.91616766467066,1.9875,412.521176941581,474.87742260525,8.94227580264108,318.218725733515,33.2799637530163,3.47711579617368
3,70,4.97604790419162,1.96875,372.602110807942,439.478734716509,9.17557642742192,326.480805376426,32.1722390773289,2.58160424771171
3,71,5.03592814371257,1.96875,328.404106579786,423.450672573874,9.17557642742192,326.480805376426,31.0755044436977,2.25890347796413
3,72,5.09580838323353,1.96875,336.781563529964,428.813436992675,9.17557642742192,326.480805376426,31.2942990369828,2.3682146507702
3,73,5.15568862275449,1.96875,349.596375077762,441.91670671487,9.17557642742192,326.480805376426,31.6186712768067,2.62965534652331
3,74,5.21556886227545,1.95,351.813095053936,436.292133756184,9.3886251017911,332.707732693375,31.4742000604299,2.35428976205031
3,75,5.27544910179641,1.93125,324.97836278207,418.379899951846,9.52862175265453,336.481692298708,30.6564871765811,1.89218744298624
3,76,5.33532934131737,1.93125,276.603967944289,386.422051959016,9.52862175265453,336.481692298708,29.2565663658638,1.20200925523343
3,77,5.39520958083832,1.95,203.075990498705,361.76302703079,9.3886251017911,332.707732693375,26.7011316525535,0.72722568443364
3,78,5.45508982035928,1.9125,192.444696730904,318.924917436283,9.5800126885995,337.412854334981,26.0587972657396,-0.489463440212479
3,79,5.51497005988024,1.725,246.603406526037,278.59359965949,10.5220593693511,241.480989763557,27.3979664726575,1.24176375181637
3,80,5.5748502994012,1.70625,270.889355036237,311.011222008225,10.6557287497683,236.808745371985,28.1041756506211,2.36756645552766
3,81,5.63473053892216,1.6875,340.139484961748,367.318956403885,10.7584374930322,232.174629158781,29.9981569766061,3.9845716244416
3,82,5.69461077844311,1.66875,398.099138238877,405.494416599609,10.8484148663264,228.149287840477,31.2924990458464,4.99531522305298
3,83,5.75449101796407,1.65,489.048204082983,492.352119393837,10.965829639381,225.998434242837,32.9862034763837,6.76340762895848
3,84,5.81437125748503,1.63125,614.531578191599,613.238556033694,11.0507705595162,225.570945240434,34.90303284703,8.68692585849909
3,85,5.87425149700599,1.63125,647.326130112865,643.114862946641,11.0507705595162,225.570945240434,35.3546115238174,9.10010774383708
3,86,5.93413173652695,1.6125,604.961848684572,601.205317522217,11.078576162882,225.241472595932,34.7448807888267,8.52748910267942
3,87,5.9940119760479,1.6125,599.600986649755,594.129413321245,11.078576162882,225.241472595932,34.6675678217299,8.42465390630888
3,88,6.05389221556886,1.59375,598.128219871982,594.404058155996,11.0749922466086,223.454780676235,34.6490172437559,8.49784230502291
3,89,6.11377245508982,1.40625,551.247692177067,566.557762926958,12.989215512914,299.094931707746,32.5552772350187,5.5487028160731
3,90,6.17365269461078,1.40625,694.158062593939,697.407956176057,12.989215512914,299.094931707746,34.5575089957415,7.35355687607506
3,91,6.23353293413174,1.3875,731.323096894894,725.657235154541,12.5207910246719,327.409512056128,35.3295504511977,6.91280474315703
3,92,6.2934131736527,1.35,686.630360487284,690.548304807132,11.5632665814824,387.9920600714,35.4728492900183,5.00742450518013
3,93,6.35329341317365,1.3125,855.204567338083,869.065023168247,11.7057341638055,449.99872310828,37.2734270903189,5.71681979984532
3,94,6.41317365269461,1.3125,948.3199599434,978.046053579127,11.7057341638055,449.99872310828,38.1711246889985,6.74296047181238
3,95,6.47305389221557,1.275,899.447547173343,975.43804494513,13.6997165231428,505.772861867704,36.3452852207597,5.70488335090474
3,96,6.53293413173653,1.21875,984.531324539732,1054.16020236615,18.8932085255379,553.366758291747,34.3384764115831,5.59787099080569
3,97,6.59281437125748,1.21875,1058.22448473445,1096.08124719248,18.8932085255379,553.366758291747,34.9654417578964,5.93659361454774
3,98,6.65269461077844,1.21875,1073.75425115682,1077.78198039484,18.8932085255379,553.366758291747,35.0919835669576,5.79035703046972
3,99,6.7125748502994,1.1625,997.744145189803,998.910068369798,21.1805329158858,530.383674473441,33.4616460992853,5.49872485601617
3,100,6.77245508982036,1.2,905.195754599094,942.756584868346,20.1281576997435,553.980517903574,33.0587696409833,4.61810165093902
3,101,6.83233532934132,1.18125,911.709372680089,937.425982954976,20.870787145066,545.769063241418,32.8063518131286,4.69856145324321
3,102,6.89221556886228,1.10625,936.515696852332,1079.22475311655,22.6364783414729,498.290696344268,32.3341239662371,6.71258238580112
3,103,6.95209580838323,1.06875,874.096780233921,1136.00522338326,25.5211030211435,473.081082016109,30.6932015970727,7.60889493665706
4,1,0.844311377245509,5.86875,56.9872067677937,152.123979267625,6.66379012349531,132.258026642236,18.6411212007575,1.21551277336695
4,2,0.904191616766467,5.53125,58.8154479727135,157.45140214672,6.5585331446225,133.84651285348,19.0536938308914,1.41078943284608
4,3,0.964071856287425,5.4375,50.0189021744804,165.681269430425,6.77107869066376,151.583700066392,17.3695258898896,0.772418193734664
4,4,1.02395209580838,5.41875,40.3923026983972,174.791303881094,6.81797295540598,154.079263682605,15.4528667617851,1.09551255382113
4,5,1.08383233532934,5.3625,44.6702751189968,209.361316995622,6.96311275845584,158.698545594862,16.1443039837666,2.40646989878768
4,6,1.1437125748503,5.325,48.478621115479,225.796114026523,7.13001903799985,160.177637216424,16.6491913832189,2.98229160629324
4,7,1.20359281437126,5.325,63.2370261694077,226.747988027954,7.13001903799985,160.177637216424,18.9576149763879,3.0188311819114
4,8,1.26347305389222,5.325,76.4463676131047,224.884965000777,7.13001903799985,160.177637216424,20.6053233010097,2.94717075905847
4,9,1.32335329341317,5.30625,79.9138845498327,230.894104933872,7.30944530557616,160.800230609662,20.7747564226897,3.14252355261691
4,10,1.38323353293413,5.30625,81.8062709291369,229.778051964953,7.30944530557616,160.800230609662,20.9780435081586,3.1004375192475
4,11,1.44311377245509,5.2875,80.5000074366357,232.783288118753,7.56943331983178,161.489575502379,20.5346510582893,3.17614610947602
4,12,1.50299401197605,5.2875,102.97682064095,228.469446888871,7.56943331983178,161.489575502379,22.6735222298877,3.01367274718447
4,13,1.56287425149701,5.26875,123.507751506047,226.75458062188,7.88466352856463,162.298028096505,23.8982210085602,2.90485651371004
4,14,1.62275449101796,5.26875,122.485348283115,225.859572477257,7.88466352856463,162.298028096505,23.82601953053,2.87050517030335
4,15,1.68263473053892,5.26875,110.666952496834,223.526853195928,7.88466352856463,162.298028096505,22.9446957154817,2.78032921897641
4,16,1.74251497005988,5.26875,102.627942133457,227.018588116567,7.88466352856463,162.298028096505,22.2896491147158,2.91496350274858
4,17,1.80239520958084,5.25,116.518953448533,213.258480964667,8.20829934159726,163.215114372188,23.0428677848566,2.32291875453668
4,18,1.8622754491018,5.25,112.280150549591,216.394613671746,8.20829934159726,163.215114372188,22.7209960060656,2.44972145518632
4,19,1.92215568862275,5.25,95.1845958238758,213.411759593557,8.20829934159726,163.215114372188,21.2862696829962,2.32915945841118
4,20,1.98203592814371,5.23125,78.408900115821,202.468060300265,8.49994356509345,164.156526825016,19.2989863913012,1.8219673472984
4,21,2.04191616766467,5.23125,74.4673046857737,200.638065653655,8.49994356509345,164.156526825016,18.8509918552729,1.743103545873
4,22,2.10179640718563,5.2125,66.8946355406097,182.136625040923,8.72468872842268,164.9683150598,17.6928270077942,0.859934925068525
4,23,2.16167664670659,5.23125,51.739256875666,203.385739842437,8.49994356509345,164.156526825016,15.6880828891916,1.86124689479867
4,24,2.22155688622754,5.2125,35.634490697143,184.656692557626,8.72468872842268,164.9683150598,12.2224122904111,0.979290277027188
4,25,2.2814371257485,4.93125,37.2022565875443,41.5354953308395,6.21567631877333,74.4977264755911,15.5416178659269,-5.07447250263389
4,26,2.34131736526946,4.9125,41.8950601705115,45.8099256534965,6.12208791295718,70.0929715250854,16.7052651348111,-3.69429769863004
4,27,2.40119760479042,4.85625,42.465805917078,58.8938024056963,6.25235928640941,71.9670034157636,16.6399088825935,-1.74127649728684
4,28,2.46107784431138,4.7625,51.1630216981795,136.51105873852,6.97042381254502,114.757479601245,17.3139400281058,1.50773667165927
4,29,2.52095808383234,4.74375,60.700412077432,158.399392487419,7.08362811128574,125.166686788313,18.6587177323977,2.04529510321112
4,30,2.58083832335329,4.74375,57.064401904666,160.319966033673,7.08362811128574,125.166686788313,18.1221903399169,2.149977114756
4,31,2.64071856287425,4.6875,60.8046089145013,231.863658729013,7.20103294396453,150.702804192899,18.530834034614,3.74222702207485
4,32,2.70059880239521,4.70625,79.2140799253803,208.32858818881,7.20014963029779,143.523422158531,20.8292172077385,3.23652179240932
4,33,2.76047904191617,4.6875,78.3623137482992,233.825215830153,7.20103294396453,150.702804192899,20.7342490567895,3.81540020784266
4,34,2.82035928143713,4.6875,93.779467285703,230.894867383344,7.20103294396453,150.702804192899,22.2942592724617,3.70585890985443
4,35,2.88023952095808,4.6875,114.283758954237,232.689538587483,7.20103294396453,150.702804192899,24.0117943745541,3.77311049851556
4,36,2.94011976047904,4.66875,117.184105119435,252.748656339362,7.17216129346669,156.234762252844,24.2643732019155,4.17822369219845
4,37,3,4.66875,104.828077927428,255.514705548597,7.17216129346669,156.234762252844,23.2965515020462,4.27276458245337
4,38,3.05988023952096,4.66875,80.4051320838289,250.481801456974,7.17216129346669,156.234762252844,20.9926744385776,4.09997014371838
4,39,3.11976047904192,4.63125,70.4600924615303,287.420137016204,7.0679918609116,162.185935230288,19.9729433604695,4.9700800521103
4,40,3.17964071856287,4.63125,92.3482752191021,284.999986521572,7.0679918609116,162.185935230288,22.3226549568817,4.89663299986847
4,41,3.23952095808383,4.6125,101.23840113588,298.448439559036,7.01255902628443,162.812613668077,23.1893749573572,5.26362528673021
4,42,3.29940119760479,4.6125,82.6128226933324,298.593922028937,7.01255902628443,162.812613668077,21.4234186288488,5.26785830195374
4,43,3.35928143712575,4.59375,89.2689419733387,306.321116875901,6.96543961493112,162.165463375831,22.1550371183743,5.52437138903432
4,44,3.41916167664671,4.59375,103.063175625024,307.306900478222,6.96543961493112,162.165463375831,23.4030997683711,5.55227889879777
4,45,3.47904191616766,4.59375,107.293129418835,305.416678754463,6.96543961493112,162.165463375831,23.7524676194083,5.49868765496598
4,46,3.53892215568862,4.59375,106.51622582938,305.717471904889,6.96543961493112,162.165463375831,23.6893447637337,5.50723784420557
4,47,3.59880239520958,4.575,101.558375480636,312.697547311281,6.93279161290678,160.544230739926,23.3161519805023,5.79059542545221
4,48,3.65868263473054,4.575,101.033714096129,312.097422062699,6.93279161290678,160.544230739926,23.2711634414073,5.77390955716983
4,49,3.7185628742515,4.51875,96.1534131875011,307.856274612018,6.8440646837285,153.207462807116,22.9530119939656,6.06136178294394
4,50,3.77844311377246,4.51875,84.4342731755563,310.957569462796,6.8440646837285,153.207462807116,21.824093276326,6.14842425124254
4,51,3.83832335329341,4.4625,78.9288175232475,285.594030783495,6.71457224587596,148.366417466361,21.4043449087665,5.68827031751326
4,52,3.89820359281437,4.40625,76.3591287990105,253.06965256033,6.63298453856305,150.629655173155,21.2230395961955,4.50659173897722
4,53,3.95808383233533,4.36875,95.4921761748985,235.975579477425,6.73341684906342,156.134004405166,23.0346457843499,3.58739125882842
4,54,4.01796407185629,4.36875,108.401642766868,236.858479347734,6.73341684906342,156.134004405166,24.1360072470983,3.6198287687944
4,55,4.07784431137725,4.35,114.758535207318,224.534799306594,6.83348584502971,159.706851874599,24.5028539413155,2.95920220529975
4,56,4.1377245508982,4.35,134.580592248374,226.655776481974,6.83348584502971,159.706851874599,25.8868027203221,3.04086485678649
4,57,4.19760479041916,4.35,129.127779969398,226.940144384603,6.83348584502971,159.706851874599,25.5275477065054,3.05175555676335
4,58,4.25748502994012,4.29375,135.564554550429,214.443015221748,7.01654251092271,171.189054766089,25.7204598112511,1.95671822278427
4,59,4.31736526946108,4.3125,155.079030886609,217.463425649197,6.99074404189579,167.463534695743,26.9205935428959,2.26931942705183
4,60,4.37724550898204,4.3125,166.20739608151,220.698085180543,6.99074404189579,167.463534695743,27.5225388874575,2.39756622841542
4,61,4.43712574850299,4.3125,159.87655655084,222.010449108761,6.99074404189579,167.463534695743,27.185227691091,2.44906323266557
4,62,4.49700598802395,4.275,140.286719298915,217.081267413209,7.00923872077208,174.522868602352,26.0269141524508,1.8954001142905
4,63,4.55688622754491,4.21875,121.043795697269,221.822857632833,6.8918678595095,180.72674667348,24.8921118379842,1.77967730034309
4,64,4.61676646706587,4.2,104.273009170397,226.891837182664,6.89083027646448,181.317768596132,23.5980070723686,1.9475701190715
4,65,4.67664670658683,4.3875,83.7204435555139,241.003906409386,6.65985538559233,153.049960337846,21.9873344347396,3.94381721363576
4,66,4.73652694610778,4.44375,67.2871652144337,276.655738930175,6.66967821454976,148.246555321422,20.0765470113549,5.41910145597718
4,67,4.79640718562874,4.10625,66.1989488406954,247.95446133438,7.21782728091809,176.80928338046,19.2488921605992,2.93733725670556
4,68,4.8562874251497,4.10625,73.8246533970536,245.3813696233,7.21782728091809,176.80928338046,20.195898625174,2.84673044530268
4,69,4.91616766467066,4.10625,80.0371165439196,244.54534775954,7.21782728091809,176.80928338046,20.8976989749769,2.81708682541308
4,70,4.97604790419162,4.4625,82.2644097781961,287.845712516064,6.71457224587596,148.366417466361,21.7638727023316,5.75648309758424
4,71,5.03592814371257,4.0875,84.7482798750348,243.162979954658,7.50847175959015,175.538288974954,21.0515868096548,2.8305119233859
4,72,5.09580838323353,4.0875,87.7935198472758,241.029418343877,7.50847175959015,175.538288974954,21.3582181918365,2.7539638375582
4,73,5.15568862275449,4.0875,86.2753021464942,244.463639073838,7.50847175959015,175.538288974954,21.206698745106,2.87684823037743
4,74,5.21556886227545,4.0875,94.6921784850616,244.416035200243,7.50847175959015,175.538288974954,22.0152511273736,2.87515668124804
4,75,5.27544910179641,4.06875,93.8301226347973,231.721770567626,7.90205504855112,174.441760686333,21.4920446627281,2.46632753555911
4,76,5.33532934131737,4.05,110.999077911425,228.548604640014,8.321216458301,173.527238373036,22.5026510332247,2.39221837886072
4,77,5.39520958083832,4.05,127.360642490233,228.057057131952,8.321216458301,173.527238373036,23.6969684376628,2.37351721322184
4,78,5.45508982035928,4.03125,129.9609538224,213.031340301557,8.69585274213,172.715233498522,23.4900142683828,1.82225711406856
4,79,5.51497005988024,4.03125,125.655863899903,211.354306893274,8.69585274213,172.715233498522,23.197411673095,1.75360916132574
4,80,5.5748502994012,4.03125,104.409437365844,213.956644268436,8.69585274213,172.715233498522,21.5885515758109,1.85990267323856
4,81,5.63473053892216,4.03125,82.1272045861558,209.740885224739,8.69585274213,172.715233498522,19.5034972809868,1.68704905144036
4,82,5.69461077844311,4.03125,85.4097035108447,210.07004294626,8.69585274213,172.715233498522,19.8439007517419,1.70066960315382
4,83,5.75449101796407,4.05,81.9777523127277,226.36557631194,8.321216458301,173.527238373036,19.870183743282,2.30885457320072
4,84,5.81437125748503,4.05,68.25434605643,223.929957672026,8.321216458301,173.527238373036,18.2788698132996,2.21489085636922
4,85,5.87425149700599,3.99375,77.5998363279301,173.991422658891,9.16514874007022,170.686327826996,18.5544257557313,0.166582083298896
4,86,5.93413173652695,3.99375,70.2832217159403,174.184338411694,9.16514874007022,170.686327826996,17.694242869157,0.176207366257191
4,87,5.9940119760479,3.99375,64.0483401315739,174.628945455356,9.16514874007022,170.686327826996,16.8873672328065,0.198349927814146
4,88,6.05389221556886,3.95625,50.9223479239779,132.05362478167,9.18938573344872,166.386230502357,14.8724387603589,-2.00734112146943
4,89,6.11377245508982,3.9375,42.5546373947566,111.816859043473,9.06905447233751,162.693216399031,13.4276976764525,-3.25724312877767
4,90,6.17365269461078,3.69375,38.3763701961228,56.6981207699255,6.19154750788622,61.7949283018545,15.8452937051622,-0.747683360306677
4,91,6.23353293413174,3.54375,37.9842299575456,165.835592310461,7.35095721804918,137.755283242133,14.2651886262634,1.61138964403477
4,92,6.2934131736527,3.54375,59.174987567604,163.536705307566,7.35095721804918,137.755283242133,18.1158856031624,1.49013959844624
4,93,6.35329341317365,3.54375,78.3118764400417,164.237173061222,7.35095721804918,137.755283242133,20.5496747014672,1.52726394096965
4,94,6.41317365269461,3.525,94.9170450761927,185.212237563523,7.34639930984568,149.112728708141,22.2253935788905,1.88309921611784
4,95,6.47305389221557,3.525,91.3699609664495,184.440982216728,7.34639930984568,149.112728708141,21.8945781774086,1.84685417245361
4,96,6.53293413173653,3.525,79.2508281771271,185.312369870262,7.34639930984568,149.112728708141,20.6585855762847,1.88779384729356
4,97,6.59281437125748,3.525,85.7547155272489,183.076454899554,7.34639930984568,149.112728708141,21.3436696016969,1.78235552858342
4,98,6.65269461077844,3.525,88.952646733479,185.576261551876,7.34639930984568,149.112728708141,21.6616868855745,1.90015407737618
4,99,6.7125748502994,3.4875,86.1720101019924,213.044187534029,7.25609064852688,166.746855518518,21.4932704813807,2.12824074118381
4,100,6.77245508982036,3.4875,127.679730916536,219.150461330874,7.25609064852688,166.746855518518,24.9083851823799,2.37369472796611
4,101,6.83233532934132,3.50625,143.521227995187,207.877788762566,7.3095904687563,158.885499734186,25.8604619202271,2.3344764844478
4,102,6.89221556886228,3.4875,134.367722153701,215.306563812043,7.25609064852688,166.746855518518,25.3518451060793,2.2199923411655
4,103,6.95209580838323,3.46875,132.124476991276,223.509020685926,7.21084158108632,172.537521414816,25.259946535414,2.24823001565481
4,104,7.01197604790419,3.46875,139.160837724762,228.020611753672,7.21084158108632,172.537521414816,25.7106216009932,2.4218110321183
4,105,7.07185628742515,3.46875,147.402517582153,227.064936821278,7.21084158108632,172.537521414816,26.2103789353433,2.38533042217212
4,106,7.13173652694611,3.46875,128.804814933873,220.179634170769,7.21084158108632,172.537521414816,25.0389228709881,2.11787181820525
4,107,7.19161676646707,3.45,125.993166694316,234.035463325928,7.1837462815655,176.265666844134,24.8799201244654,2.46227885149165
4,108,7.25149700598802,3.4125,148.50270919738,243.894498329777,7.17813218951085,178.257147187507,26.3144584976826,2.72310103920768
4,109,7.31137724550898,3.4125,147.045086570066,243.136851631047,7.17813218951085,178.257147187507,26.2287813103653,2.69607673812747
4,110,7.37125748502994,3.4125,169.663673827425,242.934546174329,7.17813218951085,178.257147187507,27.4715482988666,2.68884651236381
4,111,7.4311377245509,3.4125,177.441796035768,250.79473620493,7.17813218951085,178.257147187507,27.8608894564834,2.96542930504076
4,112,7.49101796407186,3.4125,180.647278393743,250.982442109028,7.17813218951085,178.257147187507,28.0163994215209,2.97192777852229
4,113,7.55089820359281,3.4125,155.34880638454,244.298127765282,7.17813218951085,178.257147187507,26.7059293772747,2.73746373681068
4,114,7.61077844311377,3.39375,131.243375783549,246.423573753316,7.16527865295115,177.125025505732,25.256886161988,2.86804651674781
4,115,7.67065868263473,3.3375,97.219092338806,237.289698945662,6.97237800891334,169.605483314824,22.8874127527368,2.91677993056324
4,116,7.73053892215569,3.35625,89.0066812631879,236.155149078503,7.07302833476162,172.435988857659,21.9963442037481,2.73139014765032
4,117,7.79041916167665,3.35625,80.5932562563673,234.297139997651,7.07302833476162,172.435988857659,21.1338661059505,2.66278150823369
4,118,7.8502994011976,3.31875,71.8984897861715,229.673097544162,6.85992016648919,166.851682057998,20.4080141329711,2.77559076916307
4,119,7.91017964071856,3.225,75.7853319200108,202.57875259474,6.51549480377857,159.368007706674,21.3127550856897,2.08385498229017
4,120,7.97005988023952,3.225,95.6739248306835,206.764096282192,6.51549480377857,159.368007706674,23.3369237524653,2.26147968176812
4,121,8.02994011976048,3.20625,112.269851994416,204.580887792544,6.53237014492535,159.28069496164,24.7038472968518,2.17403834044075
4,122,8.08982035928144,3.1875,118.340159613606,201.007279669145,6.5606147358178,159.508605514179,25.1237523123552,2.0085533562241
4,123,8.1497005988024,3.1875,114.481575708564,200.156751562737,6.5606147358178,159.508605514179,24.8358212655038,1.97172251516963
4,124,8.20958083832335,3.1875,105.542392497927,196.337246872826,6.5606147358178,159.508605514179,24.1296479942465,1.80437157105529
4,125,8.26946107784431,3.1875,110.629161063448,196.808077779186,6.5606147358178,159.508605514179,24.538501678444,1.82517602675936
4,126,8.32934131736527,3.16875,107.7679802611,191.915980171431,6.59811780709988,159.935165265934,24.2613935625288,1.58334349952219
4,127,8.38922155688623,3.16875,96.2334413993681,189.591499047167,6.59811780709988,159.935165265934,23.2781190279977,1.47749793969313
4,128,8.44910179640719,2.98125,93.8959295405004,281.312777501569,7.1001009002888,166.064205859966,22.4276449022444,4.57826851433156
4,129,8.50898203592814,2.94375,144.41480352683,320.9646064174,7.37606213548129,170.51233969893,25.8357429441076,5.49402661285364
4,130,8.5688622754491,2.94375,182.970695007528,314.688168004103,7.37606213548129,170.51233969893,27.8911394240407,5.32249200972805
4,131,8.62874251497006,2.925,197.937506952674,331.191141950974,7.67770441723438,173.653656891892,28.2259341540863,5.60789558529095
4,132,8.68862275449102,2.925,183.125218919974,326.008480933606,7.67770441723438,173.653656891892,27.5503353723251,5.4708992960138
4,133,8.74850299401198,2.925,157.055758566365,322.444717071503,7.67770441723438,173.653656891892,26.2164495298115,5.37542665018546
4,134,8.80838323353293,2.925,182.857583469997,318.875650660425,7.67770441723438,173.653656891892,27.5376317568495,5.27874848880082
4,135,8.86826347305389,2.94375,201.319052893907,305.112176036817,7.37606213548129,170.51233969893,28.7212062411991,5.05407451250098
4,136,8.92814371257485,2.925,179.17662337497,313.768508463797,7.67770441723438,173.653656891892,27.3609991937028,5.13850839803779
4,137,8.98802395209581,2.925,235.100315388436,316.875750499049,7.67770441723438,173.653656891892,29.7204364693473,5.22410143853548
4,138,9.04790419161677,2.925,191.666020691119,313.119189974247,7.67770441723438,173.653656891892,27.946274759903,5.12051502930157
4,139,9.10778443113773,2.8875,225.444383829898,334.547956090408,8.61818723621282,181.772154502568,28.3524699123397,5.29862052157807
4,140,9.16766467065868,2.8875,251.197382739037,337.648393520251,8.61818723621282,181.772154502568,29.291983698073,5.37874665833964
4,141,9.22754491017964,2.8875,263.951134384989,340.822648067722,8.61818723621282,181.772154502568,29.7221521520477,5.4600218319626
4,142,9.2874251497006,2.8875,245.712231424643,328.85193222414,8.61818723621282,181.772154502568,29.1002170151538,5.14946086270279
4,143,9.34730538922156,2.86875,229.759377189626,355.994966169074,9.1642047811687,186.507507812105,27.9835692010067,5.61495076212969
4,144,9.40718562874251,2.86875,213.514282255392,343.41486837708,9.1642047811687,186.507507812105,27.3466429120414,5.30245550785586
4,145,9.46706586826347,2.85,181.480465902699,327.200385545747,9.70603415560611,191.385163390623,25.4357614052644,4.65811078955602
4,146,9.52694610778443,2.85,138.524205814139,330.30281222925,9.70603415560611,191.385163390623,23.0896770735599,4.74008008145915
4,147,9.58682634730539,2.83125,152.09671986008,316.301366327856,10.2152727800528,196.100632302601,23.4573975987663,4.15244147886224
4,148,9.64670658682635,2.8125,128.567322734131,289.8888850197,10.6476826363323,200.344861488882,21.6375100438419,3.20906711761846
4,149,9.7065868263473,2.8125,132.669377693533,285.9546619656,10.6476826363323,200.344861488882,21.9103118778326,3.09037946661924
4,150,9.76646706586826,2.79375,128.865077289703,263.522427247113,10.9942855240965,203.827123790576,21.3793645413281,2.23111211709037
4,151,9.82634730538922,2.775,118.815745360912,231.304918767661,11.248716247868,206.305118728967,20.4754207016125,0.993497293748292
4,152,9.88622754491018,2.775,112.546628095997,222.249606112671,11.248716247868,206.305118728967,20.0045905266047,0.64661992743132
4,153,9.94610778443114,2.4375,116.639131411327,154.753623461817,7.01314938914534,127.216106245196,24.4186237369862,1.70197455469609
4,154,10.0059880239521,2.41875,137.337817555153,169.691871661498,7.12818047646423,126.563170625304,25.6962290951422,2.54707387490975
4,155,10.0658682634731,2.41875,142.946769764339,172.026034652392,7.12818047646423,126.563170625304,26.0439131779083,2.66573664961418
4,156,10.125748502994,2.38125,139.939126529735,201.291346971873,7.44701323092381,134.479891392732,25.47914066733,3.50335512658986
4,157,10.185628742515,2.3625,192.339190196118,250.221580620581,7.56095133763313,140.016078084669,28.1098268052173,5.04293708911815
4,158,10.2455089820359,2.34375,240.662998898961,295.557950207516,7.61080674278784,146.187454645076,29.9995725973532,6.11465083016394
4,159,10.3053892215569,2.34375,280.433545289134,317.809668066299,7.61080674278784,146.187454645076,31.3279853634432,6.74514000605247
4,160,10.3652694610778,2.325,293.290454466877,341.91553759054,7.59786398142193,152.952757650054,31.7321282811057,6.9872305064123
4,161,10.4251497005988,2.30625,262.633687401863,326.350445444977,7.54869819065439,160.2517857022,30.8295673868014,6.17762664414332
4,162,10.4850299401198,2.30625,271.245567594784,331.687167287694,7.54869819065439,160.2517857022,31.1098117645192,6.31851583461691
4,163,10.5449101796407,2.30625,265.397610394522,334.86684029326,7.54869819065439,160.2517857022,30.9204989260573,6.40138533354224
4,164,10.6047904191617,2.26875,282.016303342235,349.955172062935,7.48708006443476,175.816654362379,31.5192347643802,5.97904809753801
4,165,10.6646706586826,2.26875,369.060117970113,409.321726901735,7.48708006443476,175.816654362379,33.8556927774164,7.34009572334618
4,166,10.7245508982036,2.26875,395.160361755742,428.815394796019,7.48708006443476,175.816654362379,34.4492179396504,7.74420713824459
4,167,10.7844311377246,2.25,357.270328799478,427.805046868607,7.50971300244291,183.546111789948,33.5474721941993,7.35001429550045
4,168,10.8443113772455,2.25,313.984295905538,392.073691665665,7.50971300244291,183.546111789948,32.4256917437518,6.59245025984215
4,169,10.9041916167665,2.25,329.144519001932,410.036559416973,7.50971300244291,183.546111789948,32.8352657510216,6.98154783632883
4,170,10.9640718562874,2.25,362.019370476346,399.795024841124,7.50971300244291,183.546111789948,33.6621693776305,6.76184392840346
4,171,11.0239520958084,2.23125,364.179080798197,401.645196632576,7.57440970879392,190.995749618441,33.6393240495264,6.45637749701595
4,172,11.0838323353293,2.23125,348.168223276843,419.266130758581,7.57440970879392,190.995749618441,33.2488067669231,6.82932155807771
4,173,11.1437125748503,2.23125,331.958616233732,395.969086250603,7.57440970879392,190.995749618441,32.8347030528719,6.33275157482288
4,174,11.2035928143713,2.23125,290.542971380913,378.300080943922,7.57440970879392,190.995749618441,31.6772316164056,5.93625463131444
4,175,11.2634730538922,2.23125,258.855799317805,379.230253269773,7.57440970879392,190.995749618441,30.6741821258086,5.95758546880663
4,176,11.3233532934132,2.23125,256.693730994502,380.534409618794,7.57440970879392,190.995749618441,30.6013293897033,5.98740462149254
4,177,11.3832335329341,2.23125,241.69614600023,373.900638628015,7.57440970879392,190.995749618441,30.0784186487233,5.83465008569083
4,178,11.4431137724551,2.23125,205.447855718681,394.336987475298,7.57440970879392,190.995749618441,28.6670563984051,6.29687623369833
4,179,11.502994011976,2.2125,203.166576280901,415.623920476262,7.67082845280437,198.179116341246,28.4601998309805,6.43285294044925
4,180,11.562874251497,2.2125,219.612453018394,407.266205190335,7.67082845280437,198.179116341246,29.1362938492221,6.25640972732015
4,181,11.622754491018,2.19375,252.194552660468,447.302627791599,7.74361309867559,205.17238673234,30.2558411180275,6.7696507800571
4,182,11.6826347305389,2.11875,244.021076027788,467.4481426223,7.72912812346587,236.140683634897,29.9859366263099,5.93125244549119
4,183,11.7425149700599,2.0625,249.050101828246,449.034661553683,8.06552111342444,272.449754924781,29.7930858246654,4.33986888912062
4,184,11.8023952095808,2.04375,250.42209549675,447.408923156525,8.28480329071899,285.07936509518,29.6078088816925,3.91477717092665
4,185,11.8622754491018,2.04375,261.44793864017,451.873089377445,8.28480329071899,285.07936509518,29.9820604154386,4.00101390889004
4,186,11.9221556886228,2.04375,234.819657236009,443.085112656508,8.28480329071899,285.07936509518,29.04904497049,3.83042750780754
4,187,11.9820359281437,2.00625,261.823755772501,449.208723767983,8.71258757666672,308.311275269585,29.5572378366415,3.26917548349108
4,188,12.0419161676647,1.9875,249.857929805453,436.57486452102,8.94227580264108,318.218725733515,28.9249015364545,2.74665991151398
4,189,12.1017964071856,1.96875,224.032409844661,412.103548771922,9.17557642742192,326.480805376426,27.7535498694335,2.02297402608998
4,190,12.1616766467066,1.89375,191.619116254145,348.815143358055,9.53219522369739,335.158619921859,26.0649180911514,0.346898750779301
4,191,12.2215568862275,1.89375,215.043900136245,358.28673797403,9.53219522369739,335.158619921859,27.0666839939559,0.579606790765131
4,192,12.2814371257485,1.8,214.484265379884,314.202581694538,9.61358216590502,276.233224646543,26.9702039045566,1.11867671841055
4,193,12.3413173652695,1.78125,261.796304522393,331.242220000638,9.83390946743296,262.513187132457,28.504746120696,2.01989123856241
4,194,12.4011976047904,1.78125,358.982901014652,400.071741770486,9.83390946743296,262.513187132457,31.2469511415171,3.65973504535557
4,195,12.4610778443114,1.78125,431.783098671477,441.102621809644,9.83390946743296,262.513187132457,32.8507886582405,4.50777028832631
4,196,12.5209580838323,1.7625,459.197914434776,450.757830918959,10.0847399096765,253.079288025581,33.1667040981236,5.0137335270662
4,197,12.5808383233533,1.7625,477.863183343958,473.212740232302,10.0847399096765,253.079288025581,33.5127773969477,5.43599649088068
4,198,12.6407185628743,1.7625,515.449772805919,510.327395991561,10.0847399096765,253.079288025581,34.1704330101761,6.09184558500942
4,199,12.7005988023952,1.74375,559.210031329015,552.807129780096,10.3325827359463,246.544504657598,34.6673212372904,7.01356617776044
4,200,12.7604790419162,1.74375,597.129741661051,591.138290254764,10.3325827359463,246.544504657598,35.2371962288677,7.59587528724159
4,201,12.8203592814371,1.725,597.110068773369,590.804788701473,10.5220593693511,241.480989763557,35.0790729323915,7.77122119082815
4,202,12.8802395209581,1.725,541.265344669665,537.864878065479,10.5220593693511,241.480989763557,34.2261894740715,6.95580478117595
4,203,12.940119760479,1.70625,470.963402328171,477.984229315222,10.6557287497683,236.808745371985,32.908080071847,6.10031661563585
4,204,13,1.70625,455.130209861262,455.270614949317,10.6557287497683,236.808745371985,32.611050133554,5.6774376632087
4,205,13.059880239521,1.70625,485.669597006708,480.047369177753,10.6557287497683,236.808745371985,33.1751552154574,6.13772714131085
4,206,13.1197604790419,1.6875,473.233565053677,474.363366679092,10.7584374930322,232.174629158781,32.8665267866195,6.20592764316412
4,207,13.1796407185629,1.6875,454.5130143283,450.630410129524,10.7584374930322,232.174629158781,32.5159424439665,5.76011471114006
4,208,13.2395209580838,1.6875,431.655400043434,435.147801832203,10.7584374930322,232.174629158781,32.0677595480479,5.45644066926911
4,209,13.2994011976048,1.66875,431.388201547661,426.435984557158,10.8484148663264,228.149287840477,31.9900395561993,5.43269455560222
4,210,13.3592814371257,1.66875,446.285894130508,451.520969453023,10.8484148663264,228.149287840477,32.2849375004707,5.92917614129735
4,211,13.4191616766467,1.6875,464.857360021003,474.432694490649,10.7584374930322,232.174629158781,32.7114102107069,6.20719698595704
4,212,13.4790419161677,1.6875,477.884977888777,479.363532884987,10.7584374930322,232.174629158781,32.9514835587107,6.29700463760587
4,213,13.5389221556886,1.6875,451.569285153793,463.588489353506,10.7584374930322,232.174629158781,32.4595038694359,6.0063576717953
4,214,13.5988023952096,1.65,448.346284202494,451.409916072973,10.965829639381,225.998434242837,32.2314416038251,6.00931329315674
4,215,13.6586826347305,1.65,472.982034662493,474.558273368257,10.965829639381,225.998434242837,32.696063012169,6.44368237852681
4,216,13.7185628742515,1.65,480.519280848351,479.836768868444,10.965829639381,225.998434242837,32.8333864770375,6.53976187356532
4,217,13.7784431137725,1.65,467.427139219709,479.428265433095,10.965829639381,225.998434242837,32.5934485943619,6.5323640932985
4,218,13.8383233532934,1.4625,452.458234633714,454.424001689377,13.3192713381644,229.616210979932,30.6219606057648,5.92917431318322
4,219,13.8982035928144,1.36875,489.433563856888,533.933732829067,11.9630655059899,357.190470464901,32.237025356452,3.49174991569577
4,220,13.9580838323353,1.3875,517.052827308949,545.350190853412,12.5207910246719,327.409512056128,32.3180630025823,4.43168353742642
4,221,14.0179640718563,1.36875,546.558251927416,578.985116068135,11.9630655059899,357.190470464901,33.1958794971438,4.19535071448881
4,222,14.0778443113772,1.36875,614.786595790151,660.527283793115,11.9630655059899,357.190470464901,34.2176381838827,5.33981795113435
4,223,14.1377245508982,1.33125,670.239179574831,733.283935661131,11.4661690487088,419.209736936269,35.3362294200969,4.85681618879001
4,224,14.1976047904192,1.2375,794.67703540496,839.393872604286,17.2630780463018,544.324979045339,33.2614485792686,3.76215060208749
4,225,14.2574850299401,1.2,843.275012745829,878.063381396891,20.1281576997435,553.980517903574,32.4433041093561,4.00062747665933
4,226,14.3173652694611,1.18125,838.50591130256,912.303442428956,20.870787145066,545.769063241418,32.07934599568,4.46260798859633
4,227,14.377245508982,1.14375,986.744482351843,1036.72029283574,21.3565048511541,519.832767185285,33.2934905581744,5.99595896288328
4,228,14.437125748503,1.125,1265.99457879979,1335.39053236832,21.8300989548827,511.128548230557,35.2675228322469,8.34156308857996
4,229,14.497005988024,1.125,1550.21083530815,1568.61018039336,21.8300989548827,511.128548230557,37.0267012748802,9.73969781721728
4,230,14.5568862275449,1.10625,1780.47979056977,1766.6087839234,22.6364783414729,498.290696344268,37.9145637185192,10.9931521405953
4,231,14.6167664670659,1.10625,1920.62498026664,1908.88069819331,22.6364783414729,498.290696344268,38.5726742101713,11.6659201619958
4,232,14.6766467065868,1.0875,2131.79947202028,2121.9314455967,23.800718491025,483.44330758377,39.0431256533618,12.8477159246012
4,233,14.7365269461078,1.06875,2211.64197923756,2197.42150888889,25.5211030211435,473.081082016109,38.7563076810809,13.3395557946888
4,234,14.7964071856287,1.06875,2129.16133970378,2116.86774995881,25.5211030211435,473.081082016109,38.4261826242752,13.0151629027061
4,235,14.8562874251497,1.06875,1930.0353102228,1917.26232161758,25.5211030211435,473.081082016109,37.5733162780516,12.1549191214891
4,236,14.9161676646707,1.05,1974.13717843468,1970.17376545391,27.4700514979085,477.363806491975,37.1303570791391,12.3131008772586
4,237,14.9760479041916,1.03125,1868.64943020999,1904.35594496956,29.2385988629432,503.464060543748,36.1114255147494,11.555593037244
4,238,15.0359281437126,1.0125,1818.67490901892,1813.59517639322,30.6553835199517,551.463563476472,35.464966427274,10.3404705837274
5,1,0.844311377245509,5.53125,54.9599475310233,159.658984646418,6.5585331446225,133.84651285348,18.4647918355446,1.5317260437248
5,2,0.904191616766467,5.2125,65.8450695739814,190.28197905442,8.72468872842268,164.9683150598,17.5554663870393,1.23994242100281
5,3,0.964071856287425,5.2125,63.3127559866518,190.27981561771,8.72468872842268,164.9683150598,17.2148255422042,1.2398436650438
5,4,1.02395209580838,5.23125,53.7757063840535,204.870874626633,8.49994356509345,164.156526825016,16.0234016325928,1.92444133318871
5,5,1.08383233532934,5.25,47.8505851911706,215.933937754035,8.20829934159726,163.215114372188,15.3126813478681,2.43121061808617
5,6,1.1437125748503,5.26875,40.4148991140234,224.611959078228,7.88466352856463,162.298028096505,14.1951666823891,2.8223926515601
5,7,1.20359281437126,5.26875,43.6165365079404,225.65504381714,7.88466352856463,162.298028096505,14.8573602269623,2.86263604081344
5,8,1.26347305389222,5.25,36.7028551101219,217.984745902613,8.20829934159726,163.215114372188,13.0089332659318,2.51331460002131
5,9,1.32335329341317,5.25,36.0699025469425,215.445844616504,8.20829934159726,163.215114372188,12.8578356594394,2.411554968433
5,10,1.38323353293413,4.8375,36.5277896554297,68.022584179324,6.38676013755126,77.4743210497982,15.1468557452734,-1.13009304399685
5,11,1.44311377245509,4.8,31.0754357330288,95.241553367891,6.68813512477899,94.0906986482539,13.3422437616754,0.105595534769224
5,12,1.50299401197605,4.725,34.9037239083508,183.793999955564,7.16415373712046,134.901466384214,13.7541373557461,2.68629318063109
5,13,1.56287425149701,4.725,39.8391051288155,182.923023457987,7.16415373712046,134.901466384214,14.9028935557173,2.6450340108775
5,14,1.62275449101796,4.725,39.1590417748463,181.361267744411,7.16415373712046,134.901466384214,14.7533431828293,2.57055744843479
5,15,1.68263473053892,4.725,40.5000719973599,181.768517034516,7.16415373712046,134.901466384214,15.0458179673758,2.59003987053477
5,16,1.74251497005988,4.70625,42.273274214539,207.320563452237,7.20014963029779,143.523422158531,15.3744872987106,3.19439198776442
5,17,1.80239520958084,4.6875,47.5599204855225,229.365628304056,7.20103294396453,150.702804192899,16.3969264416446,3.64814007073824
5,18,1.8622754491018,4.6875,51.014113948037,231.980395058968,7.20103294396453,150.702804192899,17.0059110023994,3.74659900395913
5,19,1.92215568862275,4.65,53.9177845849158,275.254273211706,7.12818347665247,160.046153118119,17.5750633905614,4.70977660147214
5,20,1.98203592814371,4.65,57.5616255772802,275.057658904109,7.12818347665247,160.046153118119,18.1430836090046,4.70357004787935
5,21,2.04191616766467,4.65,51.4335948440957,273.871900361684,7.12818347665247,160.046153118119,17.1653601949689,4.6660447090355
5,22,2.10179640718563,4.63125,72.0863311030056,291.555847087388,7.0679918609116,162.185935230288,20.1711376312209,5.09417132094221
5,23,2.16167664670659,4.63125,75.4375005968427,291.165549028243,7.0679918609116,162.185935230288,20.5658250030142,5.08253596175606
5,24,2.22155688622754,4.63125,93.295568340256,288.60550207334,7.0679918609116,162.185935230288,22.4112994792411,5.00582833795661
5,25,2.2814371257485,4.6125,95.5389573495987,301.83369321815,7.01255902628443,162.812613668077,22.686079350605,5.36159339137299
5,26,2.34131736526946,4.6125,110.631476225462,300.16292095198,7.01255902628443,162.812613668077,23.9600435532214,5.31337989503743
5,27,2.40119760479042,4.6125,108.453731082389,297.615415027805,7.01255902628443,162.812613668077,23.7873593520193,5.23934747220064
5,28,2.46107784431138,4.6125,100.596251102291,297.04077329498,7.01255902628443,162.812613668077,23.1341053286713,5.22256037295097
5,29,2.52095808383234,4.59375,84.5784651977008,309.137503560882,6.96543961493112,162.165463375831,21.6862253677726,5.60386656179885
5,30,2.58083832335329,4.575,65.5798495036638,309.051415674732,6.93279161290678,160.544230739926,19.5172453879493,5.68872067555033
5,31,2.64071856287425,4.5,54.8845947747763,305.43449382524,6.8066041579653,150.990332008538,18.1303993474173,6.11937883730013
5,32,2.70059880239521,4.3875,60.6067522349956,246.138257370884,6.65985538559233,153.049960337846,19.181124260428,4.12691800263489
5,33,2.76047904191617,4.36875,80.0761195638364,233.87789072245,6.73341684906342,156.134004405166,21.5053503593221,3.50983340202762
5,34,2.82035928143713,4.35,84.0004254628269,226.8141295725,6.83348584502971,159.706851874599,21.7927837323891,3.04693113596269
5,35,2.88023952095808,4.3875,82.9693225505305,246.632524305469,6.65985538559233,153.049960337846,21.9090549042728,4.14434253203049
5,36,2.94011976047904,4.29375,79.3978923917112,207.412434554279,7.01654251092271,171.189054766089,21.0737162695915,1.66717590429932
5,37,3,4.29375,87.6149993572537,206.877083719727,7.01654251092271,171.189054766089,21.9291060261586,1.64472783042987
5,38,3.05988023952096,4.1625,91.0440622266098,235.824412534973,6.94079467240417,180.557328841849,22.3568485992564,2.31947280108945
5,39,3.11976047904192,4.1625,108.600432181008,235.600580544784,6.94079467240417,180.557328841849,23.8884471314765,2.31122470165098
5,40,3.17964071856287,4.18125,118.738735878269,228.727684652051,6.90998747912582,181.221483757867,24.7023032114844,2.02218103735502
5,41,3.23952095808383,4.18125,112.983737192575,227.710544517807,6.90998747912582,181.221483757867,24.2707735095021,1.98346919854705
5,42,3.29940119760479,4.1625,120.085244385407,235.942496522046,6.94079467240417,180.557328841849,24.7616089852021,2.32382098440397
5,43,3.35928143712575,4.14375,111.950504321225,241.565993908601,6.98528474349726,179.48105844081,24.0968388050525,2.58034350187185
5,44,3.41916167664671,4.14375,108.519313111933,241.593222272493,6.98528474349726,179.48105844081,23.8264584413764,2.58132248584288
5,45,3.47904191616766,4.125,101.154491107327,245.570365905429,7.06042344175902,178.17147579271,23.1230884270302,2.78675560137974
5,46,3.53892215568862,4.10625,89.7770324473645,245.708768218522,7.21782728091809,176.80928338046,21.8951752087452,2.8583118160855
5,47,3.59880239520958,4.10625,76.1099990967176,246.039579241498,7.21782728091809,176.80928338046,20.4607046278833,2.86999823449412
5,48,3.65868263473054,4.10625,74.9047652884856,247.529293409828,7.21782728091809,176.80928338046,20.3220592423015,2.9224307636416
5,49,3.7185628742515,4.0875,78.5614690914994,241.369234715911,7.50847175959015,175.538288974954,20.3931608891024,2.76620105245999
5,50,3.77844311377246,4.06875,64.6790244578665,233.9265245506,7.90205504855112,174.441760686333,18.2604682018151,2.54858014158713
5,51,3.83832335329341,4.03125,76.5216905003514,211.28022960604,8.69585274213,172.715233498522,18.8894475823297,1.75056432190718
5,52,3.89820359281437,4.03125,84.7248507264101,208.565662010157,8.69585274213,172.715233498522,19.7739727131952,1.63824328415314
5,53,3.95808383233533,4.05,83.8007022531981,225.180555962487,8.321216458301,173.527238373036,20.0612167733913,2.26326463733924
5,54,4.01796407185629,4.05,67.9008487884183,223.378390627871,8.321216458301,173.527238373036,18.2337676758486,2.19347004935823
5,55,4.07784431137725,4.0125,67.1281069844687,192.309546386288,8.98584525114852,171.845873997995,17.4669093014544,0.977234684735852
5,56,4.1377245508982,4.0125,66.5602722694808,192.373241268598,8.98584525114852,171.845873997995,17.3931230927364,0.98011106361767
5,57,4.19760479041916,4.03125,67.9909894684184,210.509400938235,8.69585274213,172.715233498522,17.8627836959272,1.71881702559014
5,58,4.25748502994012,4.0125,60.0046453175472,196.331635054637,8.98584525114852,171.845873997995,16.4925187570016,1.15702348364439
5,59,4.31736526946108,3.76875,60.6704692433021,60.0930107249305,6.91377932744855,79.8762312429151,18.8652368042157,-2.47187204835492
5,60,4.37724550898204,3.99375,64.5945194671067,175.20327010623,9.16514874007022,170.686327826996,16.9611230860511,0.226869456855474
5,61,4.43712574850299,3.99375,64.5096983150808,175.296865583971,9.16514874007022,170.686327826996,16.9497098683556,0.231508313887594
5,62,4.49700598802395,3.525,69.5594619244066,183.176077861331,7.34639930984568,149.112728708141,19.5256336671902,1.78708076046772
5,63,4.55688622754491,3.50625,72.8816995993494,202.205587490036,7.3095904687563,158.885499734186,19.9745089241515,2.09417775763497
5,64,4.61676646706587,3.4875,75.1674162248415,213.644258441244,7.25609064852688,166.746855518518,20.3065384523371,2.15267146182061
5,65,4.67664670658683,3.46875,86.0957374201144,225.793383467909,7.21084158108632,172.537521414816,21.5399139150822,2.33655313079167
5,66,4.73652694610778,3.46875,114.426919122658,230.009091498659,7.21084158108632,172.537521414816,24.0108450112205,2.49722895371138
5,67,4.79640718562874,3.46875,141.004611969594,227.014436644333,7.21084158108632,172.537521414816,25.8249472669968,2.38339842970079
5,68,4.8562874251497,3.46875,179.874611493018,237.084229765916,7.21084158108632,172.537521414816,27.9396782901976,2.76038223779121
5,69,4.91616766467066,3.46875,199.628796077432,242.026521867431,7.21084158108632,172.537521414816,28.8447446643394,2.93958809520941
5,70,4.97604790419162,3.45,201.488897757527,254.233035871414,7.1837462815655,176.265666844134,28.95800271454,3.18128510379931
5,71,5.03592814371257,3.46875,166.664010845715,229.422355778436,7.21084158108632,172.537521414816,27.277117493953,2.47504360043003
5,72,5.09580838323353,3.43125,154.463471910925,243.449057087348,7.17371680278175,178.082853384788,26.6616312867596,2.71571982287982
5,73,5.15568862275449,3.4125,168.575763470659,245.901289934481,7.17813218951085,178.257147187507,27.4156736678293,2.79427710221506
5,74,5.21556886227545,3.39375,164.345508805311,244.417971572902,7.16527865295115,177.125025505732,27.2104951159422,2.79706419541372
5,75,5.27544910179641,3.39375,168.862594181755,244.326526513375,7.16527865295115,177.125025505732,27.4460074485566,2.79381390121143
5,76,5.33532934131737,3.39375,172.248500396301,249.293339745532,7.16527865295115,177.125025505732,27.618447302408,2.96861500042751
5,77,5.39520958083832,3.375,169.121747000427,245.024628145349,7.13310001921223,175.057495854001,27.4984228501196,2.92058054103852
5,78,5.45508982035928,3.35625,156.568227123272,246.599558538333,7.07302833476162,172.435988857659,26.9019647210462,3.10728765773147
5,79,5.51497005988024,3.31875,113.621788705457,228.19512923941,6.85992016648919,166.851682057998,24.3828512074473,2.71951562168665
5,80,5.5748502994012,3.31875,96.0668882684415,229.055254600583,6.85992016648919,166.851682057998,22.9250932401422,2.75219339753118
5,81,5.63473053892216,3.225,95.9157180673623,203.96115855364,6.51549480377857,159.368007706674,23.358847593987,2.14292653489826
5,82,5.69461077844311,3.16875,98.2720620824969,190.148506143781,6.59811780709988,159.935165265934,23.4602000733832,1.50297908770208
5,83,5.75449101796407,3.13125,138.020890230133,195.980066374573,6.66485709799162,160.956459831863,26.3230796434962,1.71006978116749
5,84,5.81437125748503,3.13125,182.272682251691,209.320077464809,6.66485709799162,160.956459831863,28.7386148487779,2.2820495086029
5,85,5.87425149700599,3.13125,237.899225749005,243.564629823511,6.66485709799162,160.956459831863,31.0520437304905,3.59811618864328
5,86,5.93413173652695,3.1125,278.634769096313,280.024320513536,6.69872644972775,161.405144428182,32.3808613027479,4.7855675861193
5,87,5.9940119760479,3.1125,312.370443397988,312.939553200079,6.69872644972775,161.405144428182,33.3735538163549,5.75086170782118
5,88,6.05389221556886,3.09375,309.95151601475,309.151138155005,6.74704465465847,161.779594854408,33.2436036077043,5.62494212477543
5,89,6.11377245508982,3.1125,273.539679090574,272.759846529382,6.69872644972775,161.405144428182,32.2205617969892,4.55726129281529
5,90,6.17365269461078,3.09375,238.63414521751,242.585414410743,6.74704465465847,161.779594854408,30.9723800152484,3.51881883263184
5,91,6.23353293413174,3.01875,233.696475841239,276.119004133908,6.96545003711466,163.628633553157,30.5140596371294,4.54473989435365
5,92,6.2934131736527,2.98125,264.188071695859,308.261031143116,7.1001009002888,166.064205859966,31.4129736881533,5.37285187656337
5,93,6.35329341317365,2.98125,251.430344484212,299.202292657392,7.1001009002888,166.064205859966,30.9830633966717,5.11377768077085
5,94,6.41317365269461,2.9625,196.980061904345,307.412828333785,7.20271886294183,167.998725913294,28.7385161180891,5.24831997112383
5,95,6.47305389221557,2.925,171.854311511355,317.973789175669,7.67770441723438,173.653656891892,26.998580880003,5.25414777763771
5,96,6.53293413173653,2.86875,140.242176767713,333.31553907112,9.1642047811687,186.507507812105,23.6956771753541,5.0431848380354
5,97,6.59281437125748,2.86875,161.193918052571,326.967556607574,9.1642047811687,186.507507812105,24.9050773261442,4.8761668593883
5,98,6.65269461077844,2.86875,153.171932548307,327.638183977989,9.1642047811687,186.507507812105,24.4616881310954,4.89396382328403
5,99,6.7125748502994,2.86875,157.986022166275,331.819040089901,9.1642047811687,186.507507812105,24.7304775825077,5.00409967441613
5,100,6.77245508982036,2.85,146.683907974796,323.820908113268,9.70603415560611,191.385163390623,23.5868131342865,4.56793238228329
5,101,6.83233532934132,2.83125,118.128570019203,298.078819731996,10.2152727800528,196.100632302601,21.2620995715207,3.63704247861143
5,102,6.89221556886228,2.79375,150.971564463904,273.934209583629,10.9942855240965,203.827123790576,22.7545628801344,2.56768590464997
5,103,6.95209580838323,2.83125,142.041390892872,305.430696766929,10.2152727800528,196.100632302601,22.8632989635229,3.84867377811689
5,104,7.01197604790419,2.83125,150.337051382551,308.903263298304,10.2152727800528,196.100632302601,23.3563211970757,3.94687004550161
5,105,7.07185628742515,2.85,125.168174790606,315.623856120316,9.70603415560611,191.385163390623,22.2090420820748,4.34523108486241
5,106,7.13173652694611,2.85,149.544368054426,322.913041615778,9.70603415560611,191.385163390623,23.7545649314738,4.54354636269566
5,107,7.19161676646707,2.85,161.646090278964,319.392169978468,9.70603415560611,191.385163390623,24.4304677912262,4.44831995557755
5,108,7.25149700598802,2.83125,142.339449610559,297.939241864715,10.2152727800528,196.100632302601,22.8815062806607,3.63297428655016
5,109,7.31137724550898,2.85,122.12189460166,316.528552985831,9.70603415560611,191.385163390623,21.9950343613045,4.37009250239855
5,110,7.37125748502994,2.34375,145.638502510062,239.385151392209,7.61080674278784,146.187454645076,25.6369102098998,4.28374208057256
5,111,7.4311377245509,2.34375,181.407010807595,251.868104293277,7.61080674278784,146.187454645076,27.5444674577478,4.72526138029059
5,112,7.49101796407186,2.325,229.145767467058,292.688798738053,7.59786398142193,152.952757650054,29.5884065076117,5.63697581480229
5,113,7.55089820359281,2.30625,262.365005239569,331.908690825442,7.54869819065439,160.2517857022,30.8206769120407,6.32431493371936
5,114,7.61077844311377,2.30625,280.250904050248,339.632622872631,7.54869819065439,160.2517857022,31.3934992066061,6.5241304287339
5,115,7.67065868263473,2.30625,247.964239970632,322.723047179549,7.54869819065439,160.2517857022,30.3303398376962,6.08054207857729
5,116,7.73053892215569,2.2875,277.166806344694,352.912724979886,7.50106663681724,167.955357965561,31.352363882008,6.44946910244996
5,117,7.79041916167665,2.2875,255.906619687042,330.135122749342,7.50106663681724,167.955357965561,30.6591699317067,5.86995736131736
5,118,7.8502994011976,2.25,264.85196145948,380.329669434367,7.50971300244291,183.546111789948,30.9475970731434,6.3283003406944
5,119,7.91017964071856,2.25,272.484876012486,385.61393897563,7.50971300244291,183.546111789948,31.1943812453234,6.44815070507157
5,120,7.97005988023952,2.25,352.204866403824,418.688868116154,7.50971300244291,183.546111789948,33.4234402470188,7.16292450661778
5,121,8.02994011976048,2.23125,400.674464228298,464.28296346168,7.57440970879392,190.995749618441,34.4688574389987,7.71518090349262
5,122,8.08982035928144,2.23125,348.560259022247,426.624925912058,7.57440970879392,190.995749618441,33.2585815347549,6.98045046429849
5,123,8.1497005988024,2.19375,421.593690363345,484.224736367988,7.74361309867559,205.17238673234,34.7190091350022,7.45856121660245
5,124,8.20958083832335,2.19375,473.262234239747,500.315235149458,7.74361309867559,205.17238673234,35.7231640777223,7.74249634560728
5,125,8.26946107784431,2.19375,440.624162372453,498.279776501745,7.74361309867559,205.17238673234,35.1024932591421,7.70708700857732
5,126,8.32934131736527,2.175,405.807424700557,490.332265688204,7.77597193641641,212.099732926689,34.3513060825302,7.27900701442349
5,127,8.38922155688623,2.175,406.215813721279,472.713195225068,7.77597193641641,212.099732926689,34.3600428331418,6.96115207251705
5,128,8.44910179640719,2.175,342.276526209469,489.614568703819,7.77597193641641,212.099732926689,32.8724486221045,7.26628420601034
5,129,8.50898203592814,2.08125,383.073202440687,489.40137316063,7.87500800817712,259.67984891877,33.7406153648998,5.50453867497686
5,130,8.5688622754491,2.0625,371.461859321641,488.610411271057,8.06552111342444,272.449754924781,33.2656359164699,5.07352590131703
5,131,8.62874251497006,2.025,317.948815129941,461.333050925331,8.49255033995226,297.144546166764,31.4663816205888,3.82093611960525
5,132,8.68862275449102,2.00625,343.076968221617,479.39993435351,8.71258757666672,308.311275269585,31.9048881401959,3.83417125203897
5,133,8.74850299401198,1.9875,357.322693263445,493.788184031151,8.94227580264108,318.218725733515,32.0322507652972,3.8162992212009
5,134,8.80838323353293,1.96875,347.681988118527,489.292803460435,9.17557642742192,326.480805376426,31.5709767074339,3.51422350165601
5,135,8.86826347305389,1.96875,309.092795880783,461.456845006072,9.17557642742192,326.480805376426,30.5491105189945,3.00546878724973
5,136,8.92814371257485,1.95,287.966180148803,425.595139203387,9.3886251017911,332.707732693375,29.7347897600193,2.13867528867443
5,137,8.98802395209581,1.7625,312.592833632227,322.397379062109,10.0847399096765,253.079288025581,29.8262863064395,2.10269797055398
5,138,9.04790419161677,1.7625,386.333678225863,384.585452830487,10.0847399096765,253.079288025581,31.6659573384894,3.63472497518304
5,139,9.10778443113773,1.74375,456.23230376978,453.095593853434,10.3325827359463,246.544504657598,32.8995428198435,5.28589024194367
5,140,9.16766467065868,1.74375,527.821054032312,525.266195069879,10.3325827359463,246.544504657598,34.1655563626372,6.56968249430907
5,141,9.22754491017964,1.74375,469.279792943134,464.600179835731,10.3325827359463,246.544504657598,33.1444592505624,5.50368093562424
5,142,9.2874251497006,1.725,479.679395685157,479.511754654512,10.5220593693511,241.480989763557,33.1770063222566,5.95832621213886
5,143,9.34730538922156,1.725,535.136413387696,530.588635600567,10.5220593693511,241.480989763557,34.1272751130857,6.8374999316557
5,144,9.40718562874251,1.725,533.909639109733,527.111331078528,10.5220593693511,241.480989763557,34.1073402737182,6.78038809827107
5,145,9.46706586826347,1.70625,637.998331080248,631.596145609119,10.6557287497683,236.808745371985,35.5447277203459,8.52083468244557
5,146,9.52694610778443,1.70625,684.4915478687,674.142691962815,10.6557287497683,236.808745371985,36.1556986633589,9.08708188057398
5,147,9.58682634730539,1.6875,653.51947924466,654.668681732149,10.7584374930322,232.174629158781,35.6701867209586,9.00413609890787
5,148,9.64670658682635,1.66875,712.590784230292,713.793788324944,10.8484148663264,228.149287840477,36.3494783248503,9.90707293563704
5,149,9.7065868263473,1.66875,723.035533505937,720.084128518906,10.8484148663264,228.149287840477,36.4758671199214,9.98328242401167
5,150,9.76646706586826,1.66875,717.41047623309,714.249544417449,10.8484148663264,228.149287840477,36.4080285828146,9.91261709128696
5,151,9.82634730538922,1.65,716.262008466995,709.684051870509,10.965829639381,225.998434242837,36.3006084321363,9.9391923103437
5,152,9.88622754491018,1.65,699.082831408386,696.606846989916,10.965829639381,225.998434242837,36.089742839129,9.77764617121178
5,153,9.94610778443114,1.63125,609.429483929211,602.428805455966,11.0507705595162,225.570945240434,34.8306179872,8.53245140560742
5,154,10.0059880239521,1.59375,615.267184761089,616.115252747868,11.0749922466086,223.454780676235,34.8944064356258,8.80944619808556
5,155,10.0658682634731,1.575,563.998174829467,559.821484142322,11.1466979794504,219.646056329592,34.0826292900815,8.12652302419312
5,156,10.125748502994,1.59375,523.259292832795,517.651959110431,11.0749922466086,223.454780676235,33.4874703817189,7.29696422857542
5,157,10.185628742515,1.575,563.384006211313,557.985710103511,11.1466979794504,219.646056329592,34.0731655936458,8.09799333657028
5,158,10.2455089820359,1.55625,597.811191762799,587.494404222527,11.3489851153171,215.670924080032,34.4321402978167,8.70424270482204
5,159,10.3053892215569,1.55625,583.744037213867,565.111230983651,11.3489851153171,215.670924080032,34.2253086196057,8.36684678754947
5,160,10.3652694610778,1.48125,522.961681900679,515.692408832804,13.0332220703981,218.552519825555,32.0683614704304,7.45669840781317
5,161,10.4251497005988,1.4625,570.17645749776,565.454240756557,13.3192713381644,229.616210979932,32.6305762999532,7.82789838738709
5,162,10.4850299401198,1.40625,700.559254549025,731.861668428246,12.989215512914,299.094931707746,34.6372390408045,7.77239895210844
5,163,10.5449101796407,1.3875,847.783567904468,844.650743098561,12.5207910246719,327.409512056128,36.6130645503902,8.23171751776258
5,164,10.6047904191617,1.33125,939.931736885638,967.392663311852,11.4661690487088,419.209736936269,38.2735594688348,7.26342855965697
5,165,10.6646706586826,1.29375,1070.05552604207,1077.80529667652,12.4064915492576,479.284831172362,38.7151466020113,7.03893258500166
5,166,10.7245508982036,1.275,1124.85249824608,1134.96111144553,13.6997165231428,505.772861867704,38.287679929014,7.0205091644807
5,167,10.7844311377246,1.275,1136.53783436232,1143.6954531228,13.6997165231428,505.772861867704,38.3774463367059,7.0870974346134
5,168,10.8443113772455,1.25625,1209.90562935594,1237.86471419407,15.4328776304231,527.973210794533,37.8860916953827,7.40122592531009
5,169,10.9041916167665,1.2375,1254.79177111105,1253.76570430148,17.2630780463018,544.324979045339,37.2290685592226,7.24716242763986
5,170,10.9640718562874,1.2,1210.96981568312,1209.75832582468,20.1281576997435,553.980517903574,35.5865858357173,6.78408255490836
5,171,11.0239520958084,1.18125,1041.58821298243,1048.92079102882,20.870787145066,545.769063241418,33.9631445549312,5.67467559248149
5,172,11.0838323353293,1.10625,937.930270893754,1016.30303090674,22.6364783414729,498.290696344268,32.347233798745,6.19080884595598
5,173,11.1437125748503,1.0875,1141.50453315861,1183.45196935889,23.800718491025,483.44330758377,33.6177514572427,7.77610168240481
5,174,11.2035928143713,1.0875,1431.51982013494,1428.4351219906,23.800718491025,483.44330758377,35.5841459557593,9.41029934799522
5,175,11.2634730538922,1.06875,1648.72553091535,1641.22765087476,25.5211030211435,473.081082016109,36.2049784499889,10.8046648753066
5,176,11.3233532934132,1.05,1848.87543952992,1874.20954022567,27.4700514979085,477.363806491975,36.5609635945726,11.8793731263125
5,177,11.3832335329341,1.03125,1999.38924749281,2107.53054591476,29.2385988629432,503.464060543748,36.6988159028539,12.4361080742141
5,178,11.4431137724551,1.05,2035.54927732842,2089.49319936265,27.4700514979085,477.363806491975,37.3964429362752,12.823829481671
5,179,11.502994011976,1.03125,1981.55045862394,2128.76718794752,29.2385988629432,503.464060543748,36.6209715746618,12.5231938674072
5,180,11.562874251497,1.0125,2113.97686244882,2263.36077527286,30.6553835199517,551.463563476472,36.7718695161768,12.2647392463695
6,1,0.844311377245509,5.2125,35.0579567881124,186.460778270775,8.72468872842268,164.9683150598,12.0807331969797,1.06373907866817
6,2,0.904191616766467,5.15625,31.684703449793,127.572535560195,8.93416026704911,164.275961149142,10.9959181572667,-2.19633658885157
6,3,0.964071856287425,4.89375,33.9806055193148,47.2865955879049,6.10984876585525,68.1625854917898,14.9040130608717,-3.17616014834979
6,4,1.02395209580838,4.875,30.305239408056,52.0639106965953,6.15446531545915,68.8020024807823,13.8465478149891,-2.42128584447234
6,5,1.08383233532934,4.7625,35.5527402905063,134.110168026312,6.97042381254502,114.757479601245,14.1522779139294,1.35361410589182
6,6,1.1437125748503,4.74375,41.5508386743006,157.21202810052,7.08362811128574,125.166686788313,15.3664808274286,1.97994027756922
6,7,1.20359281437126,4.725,56.9899486641391,183.217174241513,7.16415373712046,134.901466384214,18.0126673774159,2.65899020475287
6,8,1.26347305389222,4.70625,51.3536961971944,206.10658174816,7.20014963029779,143.523422158531,17.0646037138092,3.1433815907307
6,9,1.32335329341317,4.6875,45.3945886417232,231.270214951648,7.20103294396453,150.702804192899,15.9921857434083,3.71996741088844
6,10,1.38323353293413,4.66875,58.1103097700228,253.671979776253,7.17216129346669,156.234762252844,18.1720628555442,4.20989654984946
6,11,1.44311377245509,4.65,63.7304319651554,270.25055010118,7.12818347665247,160.046153118119,19.0273598479429,4.5504269354642
6,12,1.50299401197605,4.65,79.826960650766,273.104383270715,7.12818347665247,160.046153118119,20.9834144883936,4.64166861331652
6,13,1.56287425149701,4.65,83.7454774398069,271.598549590237,7.12818347665247,160.046153118119,21.3996498623766,4.59364412990374
6,14,1.62275449101796,4.65,88.1432386224131,271.67380380491,7.12818347665247,160.046153118119,21.8442026777066,4.59605047288637
6,15,1.68263473053892,4.63125,83.5671802523963,284.732906482577,7.0679918609116,162.185935230288,21.4547941519904,4.8884894366596
6,16,1.74251497005988,4.6125,95.2028708049387,300.531498679925,7.01255902628443,162.812613668077,22.6554702945313,5.3240389781423
6,17,1.80239520958084,4.6125,102.947972839598,299.075304937356,7.01255902628443,162.812613668077,23.3348253892346,5.28185012061089
6,18,1.8622754491018,4.63125,82.8946742502774,281.876679025471,7.0679918609116,162.185935230288,21.3846117704115,4.80091913340714
6,19,1.92215568862275,4.59375,66.0130649801943,309.182970780214,6.96543961493112,162.165463375831,19.5336273179434,5.60514396814836
6,20,1.98203592814371,4.59375,66.388339033197,306.083694758086,6.96543961493112,162.165463375831,19.5828654323202,5.51763655489484
6,21,2.04191616766467,4.6125,63.8936964831285,298.553207355893,7.01255902628443,162.812613668077,19.1916296908646,5.26667385966187
6,22,2.10179640718563,4.51875,62.4102602732927,309.286425747962,6.8440646837285,153.207462807116,19.1988377662728,6.1016187839972
6,23,2.16167664670659,4.5,69.7261177654836,304.638701859847,6.8066041579653,150.990332008538,20.2092998078401,6.09671871993871
6,24,2.22155688622754,4.4625,65.063728285902,287.221560723333,6.71457224587596,148.366417466361,19.7264118924329,5.73762855318535
6,25,2.2814371257485,4.44375,62.7069956852313,276.779766179945,6.66967821454976,148.246555321422,19.4642222525656,5.42299454563876
6,26,2.34131736526946,4.40625,64.4828961326386,257.453563367891,6.63298453856305,150.629655173155,19.7547109964751,4.65576850606315
6,27,2.40119760479042,4.35,65.0201987510141,225.256020735969,6.83348584502971,159.706851874599,19.5681198708451,2.98705717623217
6,28,2.46107784431138,4.33125,72.0243835686175,218.400800252801,6.92742326096566,163.558733033724,20.3381565288458,2.51160975223163
6,29,2.52095808383234,4.3125,86.4456479520149,211.877759280339,6.99074404189579,167.463534695743,21.8443946534569,2.04330235318908
6,30,2.58083832335329,4.3125,102.152358552401,211.347600577564,6.99074404189579,167.463534695743,23.2944999420206,2.02154135855902
6,31,2.64071856287425,4.35,106.976505914031,226.054328505645,6.83348584502971,159.706851874599,23.8929221926554,3.01778556714189
6,32,2.70059880239521,4.18125,120.255046971143,227.83172912962,6.90998747912582,181.221483757867,24.8125210370407,1.98809048728251
6,33,2.76047904191617,4.18125,135.83189374883,228.657561168962,6.90998747912582,181.221483757867,25.8704899034249,2.01951770334724
6,34,2.82035928143713,4.1625,111.045073430358,234.700407730844,6.94079467240417,180.557328841849,24.0818019728515,2.27797445782776
6,35,2.88023952095808,4.14375,136.662933127814,239.96383362447,6.98528474349726,179.48105844081,25.8293324685718,2.52254339077619
6,36,2.94011976047904,4.1625,150.721175472032,237.455933296592,6.94079467240417,180.557328841849,26.7353015107607,2.37935809122613
6,37,3,4.14375,144.034785077652,240.644820315492,6.98528474349726,179.48105844081,26.285665496379,2.54715792550495
6,38,3.05988023952096,4.14375,128.927374136881,239.801493549997,6.98528474349726,179.48105844081,25.3232204675713,2.5166652334995
6,39,3.11976047904192,4.14375,123.145037523374,239.578163962797,6.98528474349726,179.48105844081,24.924656026089,2.50857220636631
6,40,3.17964071856287,4.10625,122.503750510484,244.635183683804,7.21782728091809,176.80928338046,24.5948579928575,2.82027707883611
6,41,3.23952095808383,4.0875,111.127002341236,241.316252842688,7.50847175959015,175.538288974954,23.4053609543777,2.76429424267457
6,42,3.29940119760479,4.06875,81.2621047710976,235.168030934252,7.90205504855112,174.441760686333,20.2429603199468,2.59455642711527
6,43,3.35928143712575,4.05,57.6676829870041,224.646498070157,8.321216458301,173.527238373036,16.8149136597874,2.24263995480367
6,44,3.41916167664671,4.05,57.4476539038877,221.942658052989,8.321216458301,173.527238373036,16.7817095583685,2.1374625557052
6,45,3.47904191616766,3.99375,66.6342514715518,172.136899004739,9.16514874007022,170.686327826996,17.2311601203526,0.0735047999574059
6,46,3.53892215568862,3.975,80.615021199723,150.477225176495,9.22946556286562,168.960859683713,18.8247883765765,-1.00630672838813
6,47,3.59880239520958,3.99375,90.7104123346625,172.799152555145,9.16514874007022,170.686327826996,19.9103524723329,0.106857465143414
6,48,3.65868263473054,3.99375,71.6499412890694,168.572100138445,9.16514874007022,170.686327826996,17.861526427993,-0.108260751073052
6,49,3.7185628742515,3.825,66.9655714379029,65.9936138184325,7.89256371538908,112.161133281027,18.5726696517719,-4.60680955485234
6,50,3.77844311377246,3.84375,63.4052968558903,62.6176766635896,8.1432146286404,123.352090517649,17.8265931734068,-5.88899128795707
6,51,3.83832335329341,3.61875,76.4597097026657,100.681027966831,6.95624507718229,87.8404525561797,20.8211554089729,1.18506152992675
6,52,3.89820359281437,3.5625,85.213465940915,146.304361906673,7.32262246409923,125.294733187151,21.3168317281932,1.34648917398629
6,53,3.95808383233533,3.5625,91.1693750641554,147.597603053451,7.32262246409923,125.294733187151,21.9036466855306,1.42292978149829
6,54,4.01796407185629,3.5625,97.7058489074574,150.027953231711,7.32262246409923,125.294733187151,22.5050783764429,1.5647873754075
6,55,4.07784431137725,3.54375,123.227689688463,171.826745984992,7.35095721804918,137.755283242133,24.4872882213597,1.91965003074376
6,56,4.1377245508982,3.54375,132.485372934892,176.877702083293,7.35095721804918,137.755283242133,25.1164807476024,2.1712964675659
6,57,4.19760479041916,3.525,118.760876563221,185.977901783406,7.34639930984568,149.112728708141,24.1719772782909,1.91893251900512
6,58,4.25748502994012,3.50625,94.5479688988505,198.643569891213,7.3095904687563,158.885499734186,22.2351831611214,1.93980494388987
6,59,4.31736526946108,3.46875,117.341943312889,225.122910079854,7.21084158108632,172.537521414816,24.2293464385102,2.31072278387759
6,60,4.37724550898204,3.43125,113.493357889231,239.016951080544,7.17371680278175,178.082853384788,23.9845243502837,2.55613193089753
6,61,4.43712574850299,3.4125,154.680443549631,242.9106224088,7.17813218951085,178.257147187507,26.6684791378739,2.68799109915519
6,62,4.49700598802395,3.39375,195.546516413864,257.359558344575,7.16527865295115,177.125025505732,28.7203399816081,3.24520753614749
6,63,4.55688622754491,3.4125,235.342575289425,278.471235205249,7.17813218951085,178.257147187507,30.3137809930234,3.87466778756968
6,64,4.61676646706587,3.39375,252.672310931101,287.65145015174,7.16527865295115,177.125025505732,30.9464913584932,4.21173284008834
6,65,4.67664670658683,3.39375,240.980095438751,282.06394786818,7.16527865295115,177.125025505732,30.5349617511225,4.04135308725019
6,66,4.73652694610778,3.39375,203.653077266762,260.590753708597,7.16527865295115,177.125025505732,29.0731578464142,3.35358152405486
6,67,4.79640718562874,3.375,202.59675544155,256.670254858622,7.13310001921223,175.057495854001,29.0670834448494,3.32389660225142
6,68,4.8562874251497,3.35625,201.600448026303,256.328372971927,7.07302833476162,172.435988857659,29.097721900908,3.44337537946506
6,69,4.91616766467066,3.375,177.741913606207,254.369028297362,7.13310001921223,175.057495854001,27.9302307577801,3.24567038479214
6,70,4.97604790419162,3.3,179.906210301345,243.453643715463,6.74938983853986,164.391725926553,28.5156328397484,3.41072647666337
6,71,5.03592814371257,3.28125,196.11680710418,248.036299887563,6.6495460446076,162.368778513618,29.3944563287687,3.68025441095964
6,72,5.09580838323353,3.28125,176.790338429247,238.83313762665,6.6495460446076,162.368778513618,28.4933305911622,3.35184121214814
6,73,5.15568862275449,3.3,137.106847768048,234.582221931744,6.74938983853986,164.391725926553,26.1558926549606,3.08830280927298
6,74,5.21556886227545,3.2625,122.441132670925,227.443228888247,6.57401859589394,160.858641801667,25.4019282050931,3.00857229443268
6,75,5.27544910179641,3.20625,130.451803224527,214.899043460477,6.53237014492535,159.28069496164,26.0075860284464,2.60142680995978
6,76,5.33532934131737,3.13125,118.455955048589,194.274961087639,6.66485709799162,160.956459831863,24.9953211296734,1.63416838569234
6,77,5.39520958083832,3.01875,130.879253306072,235.208630465759,6.96545003711466,163.628633553157,25.4784325439459,3.15187899061622
6,78,5.45508982035928,3.075,146.525306104557,202.42023298608,6.80099375590585,162.110112342423,26.6668052244156,1.92887627288652
6,79,5.51497005988024,3.1125,130.456371910219,199.567737200248,6.69872644972775,161.405144428182,25.7894610612915,1.84345920658182
6,80,5.5748502994012,2.9625,113.07387227196,291.942732725998,7.20271886294183,167.998725913294,23.9173160273035,4.79983361647756
6,81,5.63473053892216,2.94375,131.925223191714,312.173379351419,7.37606213548129,170.51233969893,25.0500654212196,5.25280104216511
6,82,5.69461077844311,2.94375,131.673246037257,311.376158794168,7.37606213548129,170.51233969893,25.0334595097516,5.23059086277477
6,83,5.75449101796407,2.94375,131.410345836472,303.703522690836,7.37606213548129,170.51233969893,25.0160998342682,5.01388031461434
6,84,5.81437125748503,2.925,150.902190802062,320.274222316028,7.67770441723438,173.653656891892,25.8692831330758,5.31676103938889
6,85,5.87425149700599,2.925,141.491964178211,329.518048944816,7.67770441723438,173.653656891892,25.3100077439377,5.56390548353878
6,86,5.93413173652695,2.8875,161.342305079342,330.746899702533,8.61818723621282,181.772154502568,25.4466466431601,5.19936854255888
6,87,5.9940119760479,2.8875,182.18383826042,336.373903530609,8.61818723621282,181.772154502568,26.5018784473795,5.34589880557089
6,88,6.05389221556886,2.86875,155.603887547998,325.296372343799,9.1642047811687,186.507507812105,24.5985131553615,4.83165802424139
6,89,6.11377245508982,2.86875,156.812638712666,326.880210279853,9.1642047811687,186.507507812105,24.6657255511383,4.87384619514256
6,90,6.17365269461078,2.85,195.372988694523,327.439980243214,9.70603415560611,191.385163390623,26.0764540970649,4.66446876349635
6,91,6.23353293413174,2.86875,195.213081231581,341.174943680064,9.1642047811687,186.507507812105,26.5682826223475,5.24561619239633
6,92,6.2934131736527,2.86875,178.376662885274,335.634174897467,9.1642047811687,186.507507812105,25.7848649901535,5.10339712343874
6,93,6.35329341317365,2.85,184.234665317552,312.430962525257,9.70603415560611,191.385163390623,25.5665906895742,4.2569159904074
6,94,6.41317365269461,2.8125,189.794770077507,297.697091209818,10.6476826363323,200.344861488882,25.0205828570834,3.43992766409009
6,95,6.47305389221557,2.8125,200.705354378755,293.371039005753,10.6476826363323,200.344861488882,25.5060772108191,3.31278061938094
6,96,6.53293413173653,2.83125,191.094869245591,325.446633180707,10.2152727800528,196.100632302601,25.4399811714285,4.40001578052902
6,97,6.59281437125748,2.8875,150.108731234123,325.845902115624,8.61818723621282,181.772154502568,24.8198005793829,5.06969817559699
6,98,6.65269461077844,2.90625,155.244918169009,343.975215561021,8.10824730322271,177.430976221925,25.6418081293685,5.74995418907477
6,99,6.7125748502994,2.8875,165.058799630037,335.72509461821,8.61818723621282,181.772154502568,25.6444551444323,5.32912900119574
6,100,6.77245508982036,2.90625,169.511794565371,331.69045183743,8.10824730322271,177.430976221925,26.4054587067707,5.43407055811667
6,101,6.83233532934132,2.90625,147.895942743339,337.510388696942,8.10824730322271,177.430976221925,25.2205854757014,5.58515406173346
6,102,6.89221556886228,2.325,196.415124335559,281.453793331762,7.59786398142193,152.952757650054,28.2496682355575,5.29699589656267
6,103,6.95209580838323,2.325,214.652302213622,292.96729415561,7.59786398142193,152.952757650054,29.0208807265929,5.64523656944409
6,104,7.01197604790419,2.325,186.373724432105,273.924758361335,7.59786398142193,152.952757650054,27.7938633928573,5.06147951488683
6,105,7.07185628742515,2.30625,237.088466845576,320.718855815898,7.54869819065439,160.2517857022,29.940767327008,6.02643232534119
6,106,7.13173652694611,2.2875,318.336715510644,361.726452757135,7.50106663681724,167.955357965561,32.5552741492897,6.66372813274376
6,107,7.19161676646707,2.2875,384.225492613042,414.002004897645,7.50106663681724,167.955357965561,34.1892630495325,7.83617162822989
6,108,7.25149700598802,2.2875,438.151408712823,449.764374606638,7.50106663681724,167.955357965561,35.3300237749168,8.55582379081062
6,109,7.31137724550898,2.26875,462.168828286116,475.272872137658,7.48708006443476,175.816654362379,35.8097634617571,8.63766029146251
6,110,7.37125748502994,2.26875,427.541056488545,465.79954425979,7.48708006443476,175.816654362379,35.1333069744695,8.46278095463203
6,111,7.4311377245509,2.26875,429.334418458502,465.512374218141,7.48708006443476,175.816654362379,35.1696645721633,8.45742436610636
6,112,7.49101796407186,2.26875,383.196929612813,452.321335824274,7.48708006443476,175.816654362379,34.1821908650468,8.20774124363627
6,113,7.55089820359281,2.26875,302.287232243961,385.880385595728,7.48708006443476,175.816654362379,32.1221465367629,6.82785384549625
6,114,7.61077844311377,2.2125,284.584340352877,452.566141945057,7.67082845280437,198.179116341246,31.3873745655254,7.17248344275034
6,115,7.67065868263473,2.11875,279.941885037222,484.121137156016,7.72912812346587,236.140683634897,31.178747522901,6.235664570661
6,116,7.73053892215569,2.1,330.232629560389,475.77166102204,7.76146015457431,247.309852574038,32.5775310092843,5.6831430298428
6,117,7.79041916167665,2.0625,399.890590745363,492.851708370469,8.06552111342444,272.449754924781,33.9061750617323,5.14859689410038
6,118,7.8502994011976,2.04375,424.064992999982,509.788594907956,8.28480329071899,285.07936509518,34.1830044245655,5.04848664434868
6,119,7.91017964071856,2.04375,385.266906744988,475.269535643596,8.28480329071899,285.07936509518,33.3495900956844,4.4394838878675
6,120,7.97005988023952,2.04375,404.191750492815,490.487556046359,8.28480329071899,285.07936509518,33.7661048822588,4.71324421302331
6,121,8.02994011976048,2.025,361.619650983208,458.373751063861,8.49255033995226,297.144546166764,32.5842778568856,3.76503952156924
6,122,8.08982035928144,2.00625,410.824762930256,487.014667818723,8.71258757666672,308.311275269585,33.4701891353039,3.97105267575419
6,123,8.1497005988024,2.00625,519.136727934029,559.858366564443,8.71258757666672,308.311275269585,35.5026919785862,5.18177530191843
6,124,8.20958083832335,2.00625,500.349077062485,540.533274330869,8.71258757666672,308.311275269585,35.1825189296842,4.87666051867462
6,125,8.26946107784431,1.9875,493.623196442442,527.873783323098,8.94227580264108,318.218725733515,34.8389499893928,4.39608722230269
6,126,8.32934131736527,1.96875,485.876089111664,513.389013717663,9.17557642742192,326.480805376426,34.4778434026191,3.93177835271831
6,127,8.38922155688623,1.96875,419.672316781979,466.379929010891,9.17557642742192,326.480805376426,33.2055393080925,3.09764397763257
6,128,8.44910179640719,1.96875,359.354961168472,444.070342967048,9.17557642742192,326.480805376426,31.8578057600181,2.67188233766687
6,129,8.50898203592814,1.95,354.478249854842,428.498147688183,9.3886251017911,332.707732693375,31.5397519053173,2.19772108333596
6,130,8.5688622754491,1.95,277.476279078977,379.770737035891,9.3886251017911,332.707732693375,29.4124772897596,1.14917205418894
6,131,8.62874251497006,1.8,247.136389061609,283.891714441081,9.61358216590502,276.233224646543,28.2010290870268,0.237536086114307
6,132,8.68862275449102,1.74375,347.211785489115,356.896604494138,10.3325827359463,246.544504657598,30.5277113324762,3.21294178639453
6,133,8.74850299401198,1.725,448.47171957578,445.686837947745,10.5220593693511,241.480989763557,32.5926862782277,5.32293722850915
6,134,8.80838323353293,1.725,483.961402984641,482.945592846354,10.5220593693511,241.480989763557,33.2541995828227,6.02030519998674
6,135,8.86826347305389,1.725,522.220634347603,517.238619584443,10.5220593693511,241.480989763557,33.915065601113,6.61615993495398
6,136,8.92814371257485,1.725,515.269890712812,512.138591383451,10.5220593693511,241.480989763557,33.7986803543038,6.53009110790104
6,137,8.98802395209581,1.70625,548.39703211837,546.629580759474,10.6557287497683,236.808745371985,34.230238782163,7.26590785741259
6,138,9.04790419161677,1.6875,571.79266495896,571.779306796709,10.7584374930322,232.174629158781,34.5097875785282,7.82827346516714
6,139,9.10778443113773,1.66875,538.202786761782,535.395133259611,10.8484148663264,228.149287840477,33.9115931397648,7.40910603312836
6,140,9.16766467065868,1.65,518.625863296859,516.037115332232,10.965829639381,225.998434242837,33.4962535235661,7.17151017112159
6,141,9.22754491017964,1.65,565.778653374283,562.492503638103,10.965829639381,225.998434242837,34.2521012615115,7.92022617343756
6,142,9.2874251497006,1.65,628.947250626106,626.836110651986,10.965829639381,225.998434242837,35.171454568266,8.86097153959941
6,143,9.34730538922156,1.63125,646.718279541226,645.295400336538,11.0507705595162,225.570945240434,35.3464514895394,9.12950820073082
6,144,9.40718562874251,1.6125,612.821675282233,612.367885539735,11.078576162882,225.241472595932,34.8570034001867,8.68728097698517
6,145,9.46706586826347,1.6125,559.866073668634,564.793909088432,11.078576162882,225.241472595932,34.0720040704935,7.9848329294234
6,146,9.52694610778443,1.6125,517.908486877591,527.73136217618,11.078576162882,225.241472595932,33.3953816011788,7.3952909258651
6,147,9.58682634730539,1.5,475.961175542997,480.866963231531,12.5659027043544,214.110789745225,31.5675567152474,7.0277277521376
6,148,9.64670658682635,1.425,562.069792401502,570.154893860472,13.2845724717083,272.644171272833,32.528853260893,6.40793277682294
6,149,9.7065868263473,1.3875,645.058518332243,678.032487974829,12.5207910246719,327.409512056128,34.23934695148,6.32318422056989
6,150,9.76646706586826,1.36875,702.827985525442,763.430504076898,11.9630655059899,357.190470464901,35.3801313060342,6.59739290235248
6,151,9.82634730538922,1.33125,698.466543780472,779.114646308311,11.4661690487088,419.209736936269,35.6945453608879,5.38340014355199
6,152,9.88622754491018,1.2,732.564171895754,732.147991852419,20.1281576997435,553.980517903574,31.2208329615499,2.42208767134899
6,153,9.94610778443114,1.1625,762.452288426203,786.197252365206,21.1805329158858,530.383674473441,31.1255157842866,3.41882747875324
6,154,10.0059880239521,1.1625,695.882359402268,710.936394986736,21.1805329158858,530.383674473441,30.3319788848684,2.54481199776424
6,155,10.0658682634731,1.0875,770.189903039649,979.441800824418,23.800718491025,483.44330758377,30.2001550641771,6.13266164835385
6,156,10.125748502994,1.06875,827.482164289646,1076.88314769525,25.5211030211435,473.081082016109,30.2171840207011,7.14465998461619
6,157,10.185628742515,1.03125,971.051561949455,1293.8902791729,29.2385988629432,503.464060543748,30.4257146822913,8.19857951830402
6,158,10.2455089820359,1.03125,1275.59310926572,1499.08130389646,29.2385988629432,503.464060543748,32.7951121495968,9.47713427273602
6,159,10.3053892215569,1.03125,1296.07573151363,1500.64717483432,29.2385988629432,503.464060543748,32.9334764332658,9.48620241572663
6,160,10.3652694610778,1.03125,1251.38763483287,1488.05298992036,29.2385988629432,503.464060543748,32.6287060456427,9.41299845298777
7,1,0.844311377245509,5.64375,46.494085691963,190.18603292404,6.31897369665478,119.997188260223,17.3350232827791,4.00015099416629
7,2,0.904191616766467,5.23125,65.2049976341633,202.514157590931,8.49994356509345,164.156526825016,17.6972968247877,1.82394469822087
7,3,0.964071856287425,5.25,67.0406497498815,214.323871164629,8.20829934159726,163.215114372188,18.2417005758771,2.36620342614586
7,4,1.02395209580838,5.2125,53.9184112468105,181.373423263937,8.72468872842268,164.9683150598,15.81974290616,0.823462226842715
7,5,1.08383233532934,5.19375,64.5104064896992,163.53035940185,8.8717850539646,165.432623005773,17.2323753459214,-0.100455289988187
7,6,1.1437125748503,5.175,66.6331884476681,142.382220529951,8.94044737694102,165.291601687026,17.4466268758401,-1.29590052628604
7,7,1.20359281437126,5.175,65.4150992504096,142.94083958822,8.94044737694102,165.291601687026,17.2863750674201,-1.261889187087
7,8,1.26347305389222,5.15625,59.07410284655,122.095985686633,8.93416026704911,164.275961149142,16.4068679176962,-2.57745263102303
7,9,1.32335329341317,5.175,45.2904621994982,142.887533592213,8.94044737694102,165.291601687026,14.0929500298448,-1.26512896345054
7,10,1.38323353293413,4.85625,40.0676882801133,56.9394993514964,6.25235928640941,71.9670034157636,16.1350071991327,-2.03439551087711
7,11,1.44311377245509,4.875,36.6290649482829,48.8597390124328,6.15446531545915,68.8020024807823,15.4927100765251,-2.97299871440654
7,12,1.50299401197605,4.9125,34.914605786597,41.6614561146825,6.12208791295718,70.0929715250854,15.1221516223806,-4.51880053839602
7,13,1.56287425149701,4.78125,41.2403752507751,111.269739730208,6.83995320579822,104.204755093146,15.6053895546771,0.569790699279264
7,14,1.62275449101796,4.78125,45.6793534109521,111.102361143912,6.83995320579822,104.204755093146,16.4933363454856,0.556715028390848
7,15,1.68263473053892,4.7625,43.8148697121092,131.782662858902,6.97042381254502,114.757479601245,15.9672467987272,1.20154555006357
7,16,1.74251497005988,4.74375,37.6399635173439,156.001086870813,7.08362811128574,125.166686788313,14.5078688209974,1.91277735377523
7,17,1.80239520958084,4.74375,33.8987996805111,155.287756302304,7.08362811128574,125.166686788313,13.5985713563526,1.87296917192311
7,18,1.8622754491018,4.70625,30.2912246101723,206.943754300853,7.20014963029779,143.523422158531,12.4795061891258,3.17859085082894
7,19,1.92215568862275,4.6875,38.4792666280184,228.537595098026,7.20103294396453,150.702804192899,14.556639769971,3.6167263897848
7,20,1.98203592814371,4.65,37.7998724114146,270.331825744966,7.12818347665247,160.046153118119,14.4902292838427,4.55303875304855
7,21,2.04191616766467,4.65,47.82721199099,272.25557287066,7.12818347665247,160.046153118119,16.5339239076294,4.61463076673898
7,22,2.10179640718563,4.63125,55.7886333071949,287.63254258472,7.0679918609116,162.185935230288,17.944993632022,4.97649661697814
7,23,2.16167664670659,4.63125,57.5136395668872,288.568073594403,7.0679918609116,162.185935230288,18.2094962135808,5.00470181501262
7,24,2.22155688622754,4.6125,59.6269304694135,301.763985545132,7.01255902628443,162.812613668077,18.5913184614418,5.35958717703932
7,25,2.2814371257485,4.6125,66.2242118152294,302.314401292196,7.01255902628443,162.812613668077,19.5028053659381,5.37541575777085
7,26,2.34131736526946,4.6125,59.2003906722217,303.306557697392,7.01255902628443,162.812613668077,18.5289608574547,5.4038750395078
7,27,2.40119760479042,4.6125,61.9185578481375,302.09437734418,7.01255902628443,162.812613668077,18.9188860551767,5.36909187935555
7,28,2.46107784431138,4.59375,65.1511477533926,311.804831227723,6.96543961493112,162.165463375831,19.4194707882579,5.67848945332312
7,29,2.52095808383234,4.5375,75.4276836628876,318.906452709951,6.87688773247925,155.734809600916,20.8027767322536,6.22555221092238
7,30,2.58083832335329,4.51875,85.6768208813324,312.198683557657,6.8440646837285,153.207462807116,21.9509847556742,6.18302293899673
7,31,2.64071856287425,4.5,96.921181937561,307.700150347249,6.8066041579653,150.990332008538,23.0697641391211,6.18357136749201
7,32,2.70059880239521,4.48125,112.60046233655,298.812495451518,6.76274070330449,149.317482562526,24.4283487536624,6.02576190314564
7,33,2.76047904191617,4.48125,113.736779705832,297.847708958053,6.76274070330449,149.317482562526,24.5155638323612,5.99767209173156
7,34,2.82035928143713,4.48125,102.661452954457,296.204751517252,6.76274070330449,149.317482562526,23.6256934087465,5.94962723258027
7,35,2.88023952095808,4.425,107.515416386913,266.004800588978,6.63921849190075,149.004000009969,24.1870755999434,5.03383094435523
7,36,2.94011976047904,4.425,135.373049912145,266.459747538171,6.63921849190075,149.004000009969,26.1883050468049,5.04867369761405
7,37,3,4.44375,141.22097467515,278.289906266386,6.66967821454976,148.246555321422,26.5158864626169,5.47025687375068
7,38,3.05988023952096,4.4625,123.803164612327,288.878469276838,6.71457224587596,148.366417466361,25.3142679019862,5.78759128107566
7,39,3.11976047904192,4.4625,107.119658608035,287.309911188273,6.71457224587596,148.366417466361,24.0570165779164,5.74029995564633
7,40,3.17964071856287,4.36875,112.148320119171,236.305959176098,6.73341684906342,156.134004405166,24.4311454247563,3.5995435105451
7,41,3.23952095808383,4.36875,104.654551186549,236.512260604886,6.73341684906342,156.134004405166,23.8304523633447,3.60712321657745
7,42,3.29940119760479,4.29375,94.2379674311353,208.636298664643,7.01654251092271,171.189054766089,22.5620549934934,1.71827751047315
7,43,3.35928143712575,4.18125,95.8753247752866,229.929211530902,6.90998747912582,181.221483757867,22.8445917537312,2.06768936319685
7,44,3.41916167664671,4.18125,89.4748817452018,230.325992247522,6.90998747912582,181.221483757867,22.244477452816,2.08266537798416
7,45,3.47904191616766,4.2,78.9715941122129,223.918455713559,6.89083027646448,181.317768596132,21.1839870300175,1.83299049117044
7,46,3.53892215568862,4.14375,91.2267671647651,242.521010240425,6.98528474349726,179.48105844081,22.3187634157407,2.61461493304579
7,47,3.59880239520958,4.10625,101.28877591056,247.541989777272,7.21782728091809,176.80928338046,22.9430967452139,2.92287627219842
7,48,3.65868263473054,4.10625,125.54463904572,245.023849593147,7.21782728091809,176.80928338046,24.8078337398386,2.83406589788852
7,49,3.7185628742515,4.10625,141.736559078609,245.891723111307,7.21782728091809,176.80928338046,25.8615079969124,2.86477692793491
7,50,3.77844311377246,4.0875,142.751179922397,243.537157100955,7.50847175959015,175.538288974954,25.5805630993881,2.84386742419923
7,51,3.83832335329341,4.0875,140.765861537604,242.212359637685,7.50847175959015,175.538288974954,25.4589158208973,2.79648879511848
7,52,3.89820359281437,4.0875,136.90655186762,241.546049587611,7.50847175959015,175.538288974954,25.2174536156056,2.7725615657032
7,53,3.95808383233533,4.10625,111.292799257622,247.240803362061,7.21782728091809,176.80928338046,23.7612116122856,2.91230164299788
7,54,4.01796407185629,4.0875,86.814921277641,244.282557651225,7.50847175959015,175.538288974954,21.2608564821743,2.87041195185566
7,55,4.07784431137725,4.06875,110.297473528892,233.213062303509,7.90205504855112,174.441760686333,22.8965102761731,2.52204820410178
7,56,4.1377245508982,4.0875,113.398922427576,244.960528845092,7.50847175959015,175.538288974954,23.5811475206787,2.89448500224597
7,57,4.19760479041916,4.0875,94.2141417881702,244.595498397619,7.50847175959015,175.538288974954,21.9712908951354,2.88153198117202
7,58,4.25748502994012,4.06875,79.1434302729026,234.809834702302,7.90205504855112,174.441760686333,20.0134963786528,2.58131642681147
7,59,4.31736526946108,4.0875,66.0100190274837,242.400681251127,7.50847175959015,175.538288974954,18.8811661255034,2.80323950422097
7,60,4.37724550898204,4.0125,68.780492404011,193.083809017617,8.98584525114852,171.845873997995,17.6781269095576,1.01213496892734
7,61,4.43712574850299,4.06875,67.4294509290693,235.199709255181,7.90205504855112,174.441760686333,18.622191449391,2.59572638149956
7,62,4.49700598802395,4.0875,61.2247124024654,238.443282885449,7.50847175959015,175.538288974954,18.227504041603,2.66026463442149
7,63,4.55688622754491,4.0875,59.7882318715822,242.298962662815,7.50847175959015,175.538288974954,18.0212831695346,2.79959387973463
7,64,4.61676646706587,4.0875,61.015380947019,240.757479717937,7.50847175959015,175.538288974954,18.1977555090668,2.74415855163788
7,65,4.67664670658683,4.06875,60.3508264320084,231.672639517041,7.90205504855112,174.441760686333,17.6588634161539,2.4644857054658
7,66,4.73652694610778,3.7125,59.1092287232558,63.4258007175114,6.18561640309205,62.2425383795737,19.6054461710132,0.16357325795705
7,67,4.79640718562874,3.65625,61.7030649462071,76.6703320768208,6.53521213176316,69.6968494236868,19.5009409560744,0.82828395190189
7,68,4.8562874251497,3.675,73.1720644628036,75.3738483697514,6.32452305584658,64.317202414953,21.2663505637595,1.37787087742649
7,69,4.91616766467066,3.675,74.5772834266354,80.7578450563011,6.32452305584658,64.317202414953,21.4315755891638,1.97715151847369
7,70,4.97604790419162,3.6,65.5006356383707,110.369896602333,7.12073675083552,99.6250294495853,19.2744116813487,0.88964345816054
7,71,5.03592814371257,3.58125,74.0492732603067,129.212350520027,7.24729025512919,112.350298789424,20.1869029072857,1.21459590254332
7,72,5.09580838323353,3.525,70.8827321127785,182.773255569845,7.34639930984568,149.112728708141,19.6893183638481,1.76795859758272
7,73,5.15568862275449,3.525,93.4454416255821,183.471693365374,7.34639930984568,149.112728708141,22.0896718069159,1.80108703243395
7,74,5.21556886227545,3.50625,110.782724049746,201.187777906948,7.3095904687563,158.885499734186,23.6115798849949,2.05034659316981
7,75,5.27544910179641,3.4875,144.305003647865,212.610397507392,7.25609064852688,166.746855518518,25.9715738102351,2.11053693281762
7,76,5.33532934131737,3.4875,182.170016377982,229.760142346255,7.25609064852688,166.746855518518,27.9954839550859,2.78434077611718
7,77,5.39520958083832,3.4875,199.379205050735,235.143041051637,7.25609064852688,166.746855518518,28.7795432092454,2.98548955419319
7,78,5.45508982035928,3.46875,186.695249855178,233.840160892692,7.21084158108632,172.537521414816,28.2629462757588,2.640710925362
7,79,5.51497005988024,3.46875,177.130217082193,234.649512687048,7.21084158108632,172.537521414816,27.8061340093522,2.67072203448255
7,80,5.5748502994012,3.46875,183.108713179248,237.322008883284,7.21084158108632,172.537521414816,28.0944611233431,2.7690892200203
7,81,5.63473053892216,3.46875,191.440085544454,240.301041966744,7.21084158108632,172.537521414816,28.4809385051082,2.87744198103585
7,82,5.69461077844311,3.45,190.056741804217,247.086617343403,7.1837462815655,176.265666844134,28.4506458883533,2.93362991056086
7,83,5.75449101796407,3.45,147.154984848708,231.424930628914,7.1837462815655,176.265666844134,26.2284798597835,2.36484827759631
7,84,5.81437125748503,3.45,120.645420582192,233.97779491053,7.1837462815655,176.265666844134,24.5031971282452,2.46013830745591
7,85,5.87425149700599,3.4125,115.765088460281,241.541609370722,7.17813218951085,178.257147187507,24.1513231221611,2.63890007620245
7,86,5.93413173652695,3.39375,142.288310277135,244.230492747417,7.16527865295115,177.125025505732,25.9587227503585,2.7903991976231
7,87,5.9940119760479,3.375,122.458981232747,238.851346923702,7.13310001921223,175.057495854001,24.6942465687282,2.69893965932552
7,88,6.05389221556886,3.31875,133.278335830123,229.598778814228,6.85992016648919,166.851682057998,25.7688099950503,2.77277969221666
7,89,6.11377245508982,3.39375,124.271691850254,240.763339003352,7.16527865295115,177.125025505732,24.7827825285654,2.66620863745531
7,90,6.17365269461078,3.24375,127.930769199832,213.560264560643,6.52988018954807,159.871201876524,25.841395964913,2.51500420582877
7,91,6.23353293413174,3.24375,154.503827353202,222.321064154251,6.52988018954807,159.871201876524,27.480680585882,2.86420745299781
7,92,6.2934131736527,3.225,161.778368855565,226.563771538695,6.51549480377857,159.368007706674,27.8994609905313,3.05578644346474
7,93,6.35329341317365,3.225,173.256736716489,227.144198285517,6.51549480377857,159.368007706674,28.4948545491464,3.07801010163915
7,94,6.41317365269461,3.225,155.766371371046,221.416321512265,6.51549480377857,159.368007706674,27.5705260044686,2.85616975796705
7,95,6.47305389221557,3.20625,142.929478507545,213.720791098427,6.53237014492535,159.28069496164,26.8010204774926,2.55367262344601
7,96,6.53293413173653,3.16875,120.387164239708,197.067867278208,6.59811780709988,159.935165265934,25.223202383306,1.81343706230339
7,97,6.59281437125748,3.225,114.826634024448,211.099959352266,6.51549480377857,159.368007706674,24.9219046307434,2.44174012435286
7,98,6.65269461077844,3.075,108.302077037535,200.491239287425,6.80099375590585,162.110112342423,24.0412881914415,1.84570587169225
7,99,6.7125748502994,2.9625,153.526450325025,300.141912676231,7.20271886294183,167.998725913294,26.5737349009848,5.04041315390837
7,100,6.77245508982036,2.94375,189.19940742219,312.387463588486,7.37606213548129,170.51233969893,28.181904106305,5.25875566500211
7,101,6.83233532934132,2.94375,236.523975972448,327.981372708205,7.37606213548129,170.51233969893,30.1210120871304,5.68186731107214
7,102,6.89221556886228,2.94375,269.526681001061,339.326019730498,7.37606213548129,170.51233969893,31.2555439365093,5.97722698493383
7,103,6.95209580838323,2.925,264.789334868696,345.28123446164,7.67770441723438,173.653656891892,30.753382008561,5.9697808472241
7,104,7.01197604790419,2.925,247.641396743523,339.083004507104,7.67770441723438,173.653656891892,30.1718371316575,5.81244178597682
7,105,7.07185628742515,2.925,211.491480044011,324.655112618983,7.67770441723438,173.653656891892,28.8012297639826,5.43476626232551
7,106,7.13173652694611,2.925,215.809772106434,338.650144832697,7.67770441723438,173.653656891892,28.9767943572526,5.80134664661244
7,107,7.19161676646707,2.925,203.200342931708,326.545238576479,7.67770441723438,173.653656891892,28.4538609656888,5.4851884451228
7,108,7.25149700598802,2.90625,177.365109284754,322.370071561846,8.10824730322271,177.430976221925,26.7988240907387,5.18650547217699
7,109,7.31137724550898,2.8875,167.213381286982,321.556419114127,8.61818723621282,181.772154502568,25.7571020758774,4.95459657663021
7,110,7.37125748502994,2.8875,172.410803700365,325.9962044634,8.61818723621282,181.772154502568,26.0229710226168,5.07370377638617
7,111,7.4311377245509,2.8875,153.673082806884,333.931536198172,8.61818723621282,181.772154502568,25.0236375690061,5.2826016107992
7,112,7.49101796407186,2.86875,149.398051587439,321.279142496856,9.1642047811687,186.507507812105,24.2450029657282,4.72372426152185
7,113,7.55089820359281,2.86875,197.505761970032,348.030078037297,9.1642047811687,186.507507812105,26.6696996969501,5.41840919964653
7,114,7.61077844311377,2.85,239.003890278344,329.166800357034,9.70603415560611,191.385163390623,27.8272630954268,4.71015517416593
7,115,7.67065868263473,2.85,236.901950837813,331.425444371322,9.70603415560611,191.385163390623,27.7505364358777,4.76955159985959
7,116,7.73053892215569,2.83125,233.352766395941,317.295897185442,10.2152727800528,196.100632302601,27.1752597130566,4.17970924929811
7,117,7.79041916167665,2.83125,235.267121539551,317.722182229931,10.2152727800528,196.100632302601,27.2462254165176,4.19137085556414
7,118,7.8502994011976,2.83125,227.580534842596,325.110000945467,10.2152727800528,196.100632302601,26.9577029115171,4.39102670701413
7,119,7.91017964071856,2.8125,226.262873108662,307.833348762305,10.6476826363323,200.344861488882,26.5471639882726,3.7307491768114
7,120,7.97005988023952,2.775,224.876740732591,277.787370148194,11.248716247868,206.305118728967,26.0168315290979,2.58404985360445
7,121,8.02994011976048,2.64375,202.290958181655,206.498379417797,9.65274466394934,189.583591619671,26.4265130638462,0.742318021505695
7,122,8.08982035928144,2.71875,161.056308203316,202.670676777988,11.3425884077436,206.381885837737,23.0453113363841,-0.157613176263631
7,123,8.1497005988024,2.4,163.792872282104,195.997660547536,7.28824956451899,129.725863671039,27.0334352688955,3.58448633663381
7,124,8.20958083832335,2.4375,180.644537310025,193.272953474075,7.01314938914534,127.216106245196,28.2182348601689,3.63257968997087
7,125,8.26946107784431,2.49375,158.18434779577,178.303501258916,6.74134771103836,138.369375803306,27.4083356018672,2.20239778972109
7,126,8.32934131736527,2.3625,171.712703561253,227.525134294997,7.56095133763313,140.016078084669,27.1245196630843,4.21702941364516
7,127,8.38922155688623,2.34375,182.789577937674,253.428040607408,7.61080674278784,146.187454645076,27.6104147157286,4.77889122824741
7,128,8.44910179640719,2.30625,205.770869935788,290.702517626919,7.54869819065439,160.2517857022,28.7102366346583,5.172918307693
7,129,8.50898203592814,2.2875,248.685179089273,341.554372569024,7.50106663681724,167.955357965561,30.4105375951974,6.16531973297138
7,130,8.5688622754491,2.2875,262.490103828496,343.485469288148,7.50106663681724,167.955357965561,30.879798221266,6.21429013261177
7,131,8.62874251497006,2.2875,269.265561145983,349.300764071339,7.50106663681724,167.955357965561,31.1011557488379,6.3601134548981
7,132,8.68862275449102,2.2875,236.906924878672,336.982742707148,7.50106663681724,167.955357965561,29.9890946380338,6.04827595626717
7,133,8.74850299401198,2.2875,297.501527849668,367.741651993635,7.50106663681724,167.955357965561,31.9673235367258,6.80697919647652
7,134,8.80838323353293,2.26875,348.118839751294,395.52490637567,7.48708006443476,175.816654362379,33.3483010005894,7.04227649711539
7,135,8.86826347305389,2.23125,365.984145334396,465.032842633684,7.57440970879392,190.995749618441,33.6822695793196,7.72919846157317
7,136,8.92814371257485,2.23125,487.120288039146,502.366651523085,7.57440970879392,190.995749618441,36.1657484985217,8.39994198749128
7,137,8.98802395209581,2.2125,489.088353255081,514.268450447996,7.67082845280437,198.179116341246,36.0909010108143,8.28263988507674
7,138,9.04790419161677,2.2125,539.73442276241,550.361172495141,7.67082845280437,198.179116341246,36.9467569313938,8.87179799199328
7,139,9.10778443113773,2.2125,641.077888377694,644.813360200566,7.67082845280437,198.179116341246,38.441370545553,10.2475227927962
7,140,9.16766467065868,2.2125,687.24893040018,683.301506088662,7.67082845280437,198.179116341246,39.045436042544,10.7510898071803
7,141,9.22754491017964,2.2125,628.764699250461,619.653890998998,7.67082845280437,198.179116341246,38.2729176127407,9.90182587004542
7,142,9.2874251497006,2.1375,526.063323571748,590.489266770969,7.74607950716713,226.932041035901,36.6391214814864,8.30632377417829
7,143,9.34730538922156,2.11875,620.820656774109,651.414748747025,7.72912812346587,236.140683634897,38.096713047763,8.81373542086519
7,144,9.40718562874251,2.11875,631.036045546994,677.76387749751,7.72912812346587,236.140683634897,38.2384732170723,9.15815205003554
7,145,9.46706586826347,2.0625,574.55986576761,657.00944294109,8.06552111342444,272.449754924781,37.0540570783138,7.64570379936909
7,146,9.52694610778443,2.04375,556.905089501111,630.920378888183,8.28480329071899,285.07936509518,36.5499797125268,6.90017545105213
7,147,9.58682634730539,2.025,531.008762614424,592.496010377971,8.49255033995226,297.144546166764,35.921271158882,5.99435333537223
7,148,9.64670658682635,2.025,474.309877460653,552.912452465507,8.49255033995226,297.144546166764,34.9404807808204,5.39377214969601
7,149,9.7065868263473,2.00625,411.623197554624,500.325426294656,8.71258757666672,308.311275269585,33.4870537092158,4.2052633290547
7,150,9.76646706586826,1.96875,357.060747497761,457.445014231148,9.17557642742192,326.480805376426,31.8021750567052,2.92962490814041
7,151,9.82634730538922,1.9875,339.532614523379,461.329051590243,8.94227580264108,318.218725733515,31.5886687440964,3.22570144527278
7,152,9.88622754491018,1.96875,348.819547041485,452.412078256194,9.17557642742192,326.480805376426,31.5993491360602,2.83353075736494
7,153,9.94610778443114,1.7625,335.171919240889,339.261689446541,10.0847399096765,253.079288025581,30.4320584838025,2.54556432862815
7,154,10.0059880239521,1.74375,319.821208547899,332.640067543849,10.3325827359463,246.544504657598,29.8139673715753,2.60158466768844
7,155,10.0658682634731,1.78125,327.847156422981,339.343973157311,9.83390946743296,262.513187132457,30.458904307713,2.2297803138519
7,156,10.125748502994,1.7625,354.708638534608,356.03237848404,10.0847399096765,253.079288025581,30.9241412666355,2.96465783189935
7,157,10.185628742515,1.7625,335.010416971497,345.144651945151,10.0847399096765,253.079288025581,30.4278721875079,2.69489088647316
7,158,10.2455089820359,1.74375,312.189640577038,331.298275989361,10.3325827359463,246.544504657598,29.6041919247279,2.56647698234372
7,159,10.3053892215569,1.7625,320.012356775495,329.047724470896,10.0847399096765,253.079288025581,30.0300409243192,2.28004575544161
7,160,10.3652694610778,1.74375,390.279652397578,381.228204732744,10.3325827359463,246.544504657598,31.5433403605205,3.78579394294697
7,161,10.4251497005988,1.74375,416.28482662645,402.206680903876,10.3325827359463,246.544504657598,32.103633797419,4.25107906869511
7,162,10.4850299401198,1.725,405.856302769918,394.871905049892,10.5220593693511,241.480989763557,31.7254309367932,4.27146575500454
7,163,10.5449101796407,1.6875,391.556449481427,388.371886646711,10.7584374930322,232.174629158781,31.2209036172314,4.46866048491071
7,164,10.6047904191617,1.6875,446.178435768554,440.775237044456,10.7584374930322,232.174629158781,32.3551875129829,5.56804854244234
7,165,10.6646706586826,1.66875,508.295233156545,502.439615769225,10.8484148663264,228.149287840477,33.4149950336959,6.85729514688285
7,166,10.7245508982036,1.63125,555.646448070611,548.905778134589,11.0507705595162,225.570945240434,34.0281196097349,7.7242928607238
7,167,10.7844311377246,1.6125,562.498946755553,556.832478720794,11.078576162882,225.241472595932,34.1127553173629,7.8615240135681
7,168,10.8443113772455,1.6125,510.726164452801,505.454304787788,11.078576162882,225.241472595932,33.274083191279,7.02067083213648
7,169,10.9041916167665,1.575,476.185814847098,471.758187281766,11.1466979794504,219.646056329592,32.6126043993094,6.63992071893442
7,170,10.9640718562874,1.59375,512.23568919523,509.85786205272,11.0749922466086,223.454780676235,33.3025280620005,7.16518939985453
7,171,11.0239520958084,1.3875,562.640406988099,582.740269317037,12.5207910246719,327.409512056128,33.0519830287396,5.00767475503546
7,172,11.0838323353293,1.35,656.313378458994,675.697656487804,11.5632665814824,387.9920600714,35.0806143812083,4.81859148907443
7,173,11.1437125748503,1.25625,792.794889292717,818.574005905196,15.4328776304231,527.973210794533,34.2142785843331,3.80892124482636
7,174,11.2035928143713,1.25625,968.004466287117,983.701677110476,15.4328776304231,527.973210794533,35.9486089698912,5.40503049397355
7,175,11.2634730538922,1.2375,1018.52924973935,1023.60291849627,17.2630780463018,544.324979045339,35.4171054287526,5.48546501902663
7,176,11.3233532934132,1.2,1065.98813362679,1065.19667006745,20.1281576997435,553.980517903574,34.4789668770812,5.67870616312125
7,177,11.3832335329341,1.18125,1329.50509989694,1325.64683329175,20.870787145066,545.769063241418,36.0830235747356,7.7083784907259
7,178,11.4431137724551,1.1625,1655.48712293908,1645.0933434683,21.1805329158858,530.383674473441,37.8597784788252,9.832007946511
7,179,11.502994011976,1.14375,1792.05935899661,1776.24434718667,21.3565048511541,519.832767185285,38.4764442431722,10.6727811486198
7,180,11.562874251497,1.125,1660.77790694793,1639.41100161037,21.8300989548827,511.128548230557,37.6251170901623,10.1231541351884
7,181,11.622754491018,1.125,1473.36485856587,1458.40579738725,21.8300989548827,511.128548230557,36.5850920574332,9.1069648722555
7,182,11.6826347305389,1.125,1509.90236149821,1494.59096059736,21.8300989548827,511.128548230557,36.7978632001114,9.31984425712607
7,183,11.7425149700599,1.10625,1611.11734339772,1592.18963247234,22.6364783414729,498.290696344268,37.0463662030174,10.0902402642914
7,184,11.8023952095808,1.10625,1457.50777884286,1433.77769802002,22.6364783414729,498.290696344268,36.1760403734808,9.17998084618852
7,185,11.8622754491018,1.10625,1481.91566190649,1461.08542598916,22.6364783414729,498.290696344268,36.320292507034,9.34385660618137
7,186,11.9221556886228,1.0875,1595.41055176377,1579.68850471061,23.800718491025,483.44330758377,36.525647848559,10.2845181050912
7,187,11.9820359281437,1.06875,1565.8765881167,1565.11157857049,25.5211030211435,473.081082016109,35.7571618049583,10.3921944577023
7,188,12.0419161676647,1.05,1547.05140743401,1572.62418971775,27.4700514979085,477.363806491975,35.0129054330065,10.3555092736931
7,189,12.1017964071856,1.03125,1566.80619501476,1634.41300186115,29.2385988629432,503.464060543748,34.5811744599263,10.227866686267
7,190,12.1616766467066,1.03125,1534.23350044594,1620.86856178425,29.2385988629432,503.464060543748,34.3986980883537,10.1555864927945
7,191,12.2215568862275,1.03125,1503.51159195943,1550.78517984658,29.2385988629432,503.464060543748,34.2230044756273,9.77166335666696
7,192,12.2814371257485,1.0125,1526.50257788253,1645.38174592712,30.6553835199517,551.463563476472,33.9438157646058,9.49499704071067
8,1,0.844311377245509,5.2125,41.7662056604158,187.540658890066,8.72468872842268,164.9683150598,13.6015016222534,1.11389797655232
8,2,0.904191616766467,5.38125,36.9809818668719,198.775210252335,6.91292661114353,157.584059250495,14.5663298278242,2.01699876207404
8,3,0.964071856287425,5.34375,38.1544227441246,219.523397993041,7.02739485352107,159.520488620341,14.6950106208984,2.7732869053112
8,4,1.02395209580838,4.74375,51.6414771522161,159.866190991705,7.08362811128574,125.166686788313,17.2548580712435,2.12535742094736
8,5,1.08383233532934,4.74375,64.1990585019428,160.50166567355,7.08362811128574,125.166686788313,19.1454581259028,2.15981574801518
8,6,1.1437125748503,4.74375,72.258258935031,158.7367815969,7.08362811128574,125.166686788313,20.1726348050992,2.06377628520863
8,7,1.20359281437126,4.725,79.9818109965858,185.316015424018,7.16415373712046,134.901466384214,20.9565267314291,2.75792566289054
8,8,1.26347305389222,4.725,80.4582711273937,183.394363612526,7.16415373712046,134.901466384214,21.0081159879838,2.66738627133881
8,9,1.32335329341317,4.70625,87.1308208926146,209.524519202277,7.20014963029779,143.523422158531,21.6566056773532,3.2862414330098
8,10,1.38323353293413,4.70625,100.569455609292,210.791629675045,7.20014963029779,143.523422158531,22.9024915484764,3.33861160768292
8,11,1.44311377245509,4.6875,110.861034130562,232.898645821566,7.20103294396453,150.702804192899,23.7476825534252,3.78091259719722
8,12,1.50299401197605,4.6875,118.558877837472,231.385446378073,7.20103294396453,150.702804192899,24.3307856454114,3.72429411671793
8,13,1.56287425149701,4.66875,110.647725167398,255.865549304248,7.17216129346669,156.234762252844,23.7658488364185,4.28468287844152
8,14,1.62275449101796,4.66875,94.2312757864308,256.847831312206,7.17216129346669,156.234762252844,22.3709004649876,4.31796464512054
8,15,1.68263473053892,4.65,86.4369424249219,270.877593714247,7.12818347665247,160.046153118119,21.6744105246995,4.57055685892626
8,16,1.74251497005988,4.65,88.42368958821,274.817174642792,7.12818347665247,160.046153118119,21.8717952536328,4.69597261021087
8,17,1.80239520958084,4.63125,95.6629160973077,286.699767051174,7.0679918609116,162.185935230288,22.6289514926144,4.94828301196542
8,18,1.8622754491018,4.63125,120.005845840718,284.105843705553,7.0679918609116,162.185935230288,24.5981272321723,4.86933954477273
8,19,1.92215568862275,4.63125,132.845910357668,285.801850755048,7.0679918609116,162.185935230288,25.4810429706378,4.92103694660978
8,20,1.98203592814371,4.63125,116.99652981557,287.188439769094,7.0679918609116,162.185935230288,24.3775387957218,4.96307529475644
8,21,2.04191616766467,4.6125,107.336429831013,296.409226912185,7.01255902628443,162.812613668077,23.6974123215661,5.20407340942861
8,22,2.10179640718563,4.6125,133.280946624226,297.86165594725,7.01255902628443,162.812613668077,25.5778307760874,5.24653102863575
8,23,2.16167664670659,4.59375,141.074947912242,308.092476531127,6.96543961493112,162.165463375831,26.1300273403709,5.5744545163206
8,24,2.22155688622754,4.59375,130.767819835994,308.835287204191,6.96543961493112,162.165463375831,25.4710470331455,5.59537098345126
8,25,2.2814371257485,4.59375,118.879758875468,310.715740059611,6.96543961493112,162.165463375831,24.6431876792426,5.64809773366123
8,26,2.34131736526946,4.59375,107.248318967512,314.377821941728,6.96543961493112,162.165463375831,23.748839242296,5.7498706678874
8,27,2.40119760479042,4.575,100.633156213131,317.185425866834,6.93279161290678,160.544230739926,23.2366589525405,5.91437040952651
8,28,2.46107784431138,4.5,102.859693947286,305.705931813361,6.8066041579653,150.990332008538,23.586294661606,6.12709451266546
8,29,2.52095808383234,4.4625,95.6034376860826,290.022018867948,6.71457224587596,148.366417466361,23.0691031561826,5.82190722541188
8,30,2.58083832335329,4.44375,80.8545837062682,279.651359736916,6.66967821454976,148.246555321422,21.6719952795206,5.51264648994735
8,31,2.64071856287425,4.44375,85.032866371529,276.639841252624,6.66967821454976,148.246555321422,22.1096387501743,5.41860231780332
8,32,2.70059880239521,4.425,93.6470511201698,266.004076230954,6.63921849190075,149.004000009969,22.9875429019539,5.03380729176547
8,33,2.76047904191617,4.40625,97.5369768259003,254.448245405345,6.63298453856305,150.629655173155,23.3492061095054,4.55377957139314
8,34,2.82035928143713,4.3875,96.1771489696207,242.304580103394,6.65985538559233,153.049960337846,23.1921420010896,3.99056803945697
8,35,2.88023952095808,4.3875,90.1684691291182,241.301580802886,6.65985538559233,153.049960337846,22.6317979495862,3.95453891316803
8,36,2.94011976047904,4.3875,69.8989924024577,243.516574026759,6.65985538559233,153.049960337846,20.4201223312375,4.03390607531805
8,37,3,4.35,62.9760994724982,225.377678200866,6.83348584502971,159.706851874599,19.2906691848589,2.9917470311716
8,38,3.05988023952096,4.29375,81.1520431815727,207.451374415304,7.01654251092271,171.189054766089,21.2635259563872,1.66880645065729
8,39,3.11976047904192,4.3125,86.5708389442337,211.442749050849,6.99074404189579,167.463534695743,21.8569644998499,2.0254508572165
8,40,3.17964071856287,4.35,74.8584200375769,226.943491833929,6.83348584502971,159.706851874599,20.7919671499847,3.05188367583658
8,41,3.23952095808383,4.14375,65.7598264714915,245.066948398778,6.98528474349726,179.48105844081,19.4755308881055,2.70532241853635
8,42,3.29940119760479,4.14375,73.0289591230508,245.151376005225,6.98528474349726,179.48105844081,20.386219932254,2.7083142645884
8,43,3.35928143712575,4.125,78.3244661942925,249.651235744079,7.06042344175902,178.17147579271,20.9013339101162,2.92991085667863
8,44,3.41916167664671,4.125,81.9732109540106,248.613966396656,7.06042344175902,178.17147579271,21.2968239772957,2.89374690200929
8,45,3.47904191616766,4.10625,62.4662436962415,249.456455033108,7.21782728091809,176.80928338046,18.7447781152253,2.98979364930693
8,46,3.53892215568862,4.125,62.9172276089241,251.021769442115,7.06042344175902,178.17147579271,18.9987765874295,2.97746418612622
8,47,3.59880239520958,4.10625,75.8263911206049,247.317243896594,7.21782728091809,176.80928338046,20.4282780256912,2.91498668292712
8,48,3.65868263473054,4.06875,75.807074593391,235.314403410588,7.90205504855112,174.441760686333,19.6393937333051,2.59996098687655
8,49,3.7185628742515,4.06875,97.0651361936722,242.923551054801,7.90205504855112,174.441760686333,21.786464348736,2.87638319078664
8,50,3.77844311377246,4.06875,110.459574546894,241.287766277829,7.90205504855112,174.441760686333,22.9092663065505,2.81769682974169
8,51,3.83832335329341,4.06875,139.923881961227,236.973849167204,7.90205504855112,174.441760686333,24.9630358925361,2.66099922756772
8,52,3.89820359281437,4.06875,154.718650127553,242.457634812088,7.90205504855112,174.441760686333,25.8360523372607,2.85970805616849
8,53,3.95808383233533,4.06875,159.415369548718,241.488072610759,7.90205504855112,174.441760686333,26.0958027891006,2.82490447627794
8,54,4.01796407185629,4.06875,162.592580698942,241.493764469045,7.90205504855112,174.441760686333,26.2672134701462,2.82510919972345
8,55,4.07784431137725,4.05,161.462207941425,228.235804623097,8.321216458301,173.527238373036,25.7576813527637,2.38032240870363
8,56,4.1377245508982,4.05,171.65397952057,230.88309851449,8.321216458301,173.527238373036,26.2893411382893,2.48048973902825
8,57,4.19760479041916,4.06875,164.719517461432,241.286278079829,7.90205504855112,174.441760686333,26.3801002111624,2.817643257347
8,58,4.25748502994012,4.06875,141.780840600199,234.270120818578,7.90205504855112,174.441760686333,25.0775499218416,2.56132880106172
8,59,4.31736526946108,4.06875,107.696955966621,236.29616727241,7.90205504855112,174.441760686333,22.6892675483153,2.63612431909496
8,60,4.37724550898204,4.06875,82.027686580636,234.02784617013,7.90205504855112,174.441760686333,20.324408250977,2.5523414844616
8,61,4.43712574850299,4.06875,62.4261176627262,229.535765848141,7.90205504855112,174.441760686333,17.9525255158691,2.38399809311665
8,62,4.49700598802395,4.33125,42.6544881206601,218.346469741518,6.92742326096566,163.558733033724,15.7878602195592,2.50944873665196
8,63,4.55688622754491,4.0125,35.7193311461616,186.872547400593,8.98584525114852,171.845873997995,11.98688765706,0.728127931954598
8,64,4.61676646706587,4.0875,35.831649180229,242.075122587679,7.50847175959015,175.538288974954,13.5743049142711,2.79156599225336
8,65,4.67664670658683,4.03125,36.4541458397902,208.436041781296,8.69585274213,172.715233498522,12.4486950003304,1.63284346430219
8,66,4.73652694610778,3.7125,37.5035241563932,48.2369989476782,6.18561640309205,62.2425383795737,15.6537819140811,-2.21414030632695
8,67,4.79640718562874,3.5625,44.4226132013786,146.824234523472,7.32262246409923,125.294733187151,15.6587491830124,1.37729859322959
8,68,4.8562874251497,3.58125,55.3750498798791,128.480809384575,7.24729025512919,112.350298789424,17.6627695039715,1.16528064218094
8,69,4.91616766467066,3.5625,57.4318231552828,147.197831245937,7.32262246409923,125.294733187151,17.8897191890814,1.39937191373619
8,70,4.97604790419162,3.5625,67.5062073550835,145.744099517737,7.32262246409923,125.294733187151,19.2935413096233,1.31316331275967
8,71,5.03592814371257,3.54375,86.8451697348456,167.541218231093,7.35095721804918,137.755283242133,21.4480354622405,1.70026809812528
8,72,5.09580838323353,3.54375,93.6423468651217,168.278847981716,7.35095721804918,137.755283242133,22.1025678850494,1.73842532311599
8,73,5.15568862275449,3.5625,86.1336569130498,148.161793761326,7.32262246409923,125.294733187151,21.4101248507812,1.45606823268814
8,74,5.21556886227545,3.5625,66.7595981081107,148.842545451309,7.32262246409923,125.294733187151,19.1969413995906,1.4958854583922
8,75,5.27544910179641,3.50625,73.2297288323669,202.995163029754,7.3095904687563,158.885499734186,20.0158876069598,2.12802850776517
8,76,5.33532934131737,3.525,88.273173603677,186.187820735324,7.34639930984568,149.112728708141,21.5950842029214,1.92873101968552
8,77,5.39520958083832,3.4875,87.8902213848911,214.95808694297,7.25609064852688,166.746855518518,21.6647571758158,2.20592271084517
8,78,5.45508982035928,3.4875,100.03164335767,216.732325261891,7.25609064852688,166.746855518518,22.7886940799899,2.27732075244097
8,79,5.51497005988024,3.4875,98.9466839783995,216.997116752327,7.25609064852688,166.746855518518,22.6939708912628,2.28792621163267
8,80,5.5748502994012,3.4875,108.03729942596,211.353928510698,7.25609064852688,166.746855518518,23.457420402232,2.05905343611403
8,81,5.63473053892216,3.4875,129.343345864387,220.090075828196,7.25609064852688,166.746855518518,25.020827830074,2.41085614447819
8,82,5.69461077844311,3.46875,144.062643737983,225.853964675134,7.21084158108632,172.537521414816,26.0113085194489,2.33888327480963
8,83,5.75449101796407,3.46875,142.214878248377,233.370051994291,7.21084158108632,172.537521414816,25.8991815882963,2.62323136145352
8,84,5.81437125748503,3.45,136.858986177428,238.09578738593,7.1837462815655,176.265666844134,25.5984466633357,2.61167966376766
8,85,5.87425149700599,3.45,134.392466806717,237.237294618094,7.1837462815655,176.265666844134,25.4404788049956,2.58030468976862
8,86,5.93413173652695,3.45,118.339141336425,233.304567878713,7.1837462815655,176.265666844134,24.3355485677518,2.43511027211232
8,87,5.9940119760479,3.4125,121.916906423484,248.78144833949,7.17813218951085,178.257147187507,24.6010496457218,2.8954208001533
8,88,6.05389221556886,3.39375,141.852816134365,249.135043158395,7.16527865295115,177.125025505732,25.9320975513118,2.96309787187169
8,89,6.11377245508982,3.3375,153.248871088872,241.152849648678,6.97237800891334,169.605483314824,26.8403271904257,3.05705018875183
8,90,6.17365269461078,3.35625,186.012840910864,259.618008563548,7.07302833476162,172.435988857659,28.3987505551205,3.55413804753724
8,91,6.23353293413174,3.3375,231.264959379065,270.234324566629,6.97237800891334,169.605483314824,30.4145782045342,4.04601245009141
8,92,6.2934131736527,3.3375,255.578212879396,286.005113875544,6.97237800891334,169.605483314824,31.2828580917048,4.53867819463198
8,93,6.35329341317365,3.35625,258.094584296745,290.083739372346,7.07302833476162,172.435988857659,31.2434698755968,4.51790946461763
8,94,6.41317365269461,3.3375,247.279202273316,278.793778159719,6.97237800891334,169.605483314824,30.9961333315056,4.31686377149205
8,95,6.47305389221557,3.31875,236.461959025254,269.441956794508,6.85992016648919,166.851682057998,30.7488444344225,4.16269269292611
8,96,6.53293413173653,3.3375,212.226163712357,259.773755001969,6.97237800891334,169.605483314824,29.6683599842404,3.70310766557232
8,97,6.59281437125748,3.3375,159.689537932885,245.130617511411,6.97237800891334,169.605483314824,27.1979107961424,3.19915340891761
8,98,6.65269461077844,3.225,157.467116002121,220.596413034972,6.51549480377857,159.368007706674,27.6648494145455,2.82394605869981
8,99,6.7125748502994,3.225,145.036293906105,213.569477754943,6.51549480377857,159.368007706674,26.9505858198762,2.54276084409196
8,100,6.77245508982036,3.1875,123.137936741536,196.480199332236,6.5606147358178,159.508605514179,25.4689467467038,1.81069343558926
8,101,6.83233532934132,3.1875,106.522213297592,193.062334391372,6.5606147358178,159.508605514179,24.209912929183,1.65826869656087
8,102,6.89221556886228,3.225,98.5446179314442,202.830951278717,6.51549480377857,159.368007706674,23.5937101453392,2.09466168078572
8,103,6.95209580838323,2.9625,128.880832954447,297.548554730517,7.20271886294183,167.998725913294,25.0538374112892,4.96503714074152
8,104,7.01197604790419,2.9625,144.100939596516,292.907403455609,7.20271886294183,167.998725913294,26.0234069781244,4.8284872170321
8,105,7.07185628742515,2.9625,195.047918477028,289.365633542298,7.20271886294183,167.998725913294,28.652897125042,4.72281925699591
8,106,7.13173652694611,2.9625,220.693346183169,302.649454193731,7.20271886294183,167.998725913294,29.7258555171942,5.11267813882737
8,107,7.19161676646707,2.9625,225.383233703327,311.039856864847,7.20271886294183,167.998725913294,29.9085028395825,5.35020110604041
8,108,7.25149700598802,2.9625,249.695727474856,312.435485485424,7.20271886294183,167.998725913294,30.7982929508227,5.38908731563958
8,109,7.31137724550898,2.94375,273.796701917988,344.243857068091,7.37606213548129,170.51233969893,31.3920729180757,6.10220770984538
8,110,7.37125748502994,2.94375,274.464074886718,343.060458579898,7.37606213548129,170.51233969893,31.413218807266,6.07229700336554
8,111,7.4311377245509,2.94375,207.660748257175,332.770504307148,7.37606213548129,170.51233969893,28.9905969605885,5.80778022461335
8,112,7.49101796407186,2.90625,220.083418777025,341.128017930769,8.10824730322271,177.430976221925,28.6732067494443,5.67775897655299
8,113,7.55089820359281,2.90625,255.834387568987,368.824297728723,8.10824730322271,177.430976221925,29.9806386553586,6.35580164241522
8,114,7.61077844311377,2.90625,237.466523126186,366.974316146227,8.10824730322271,177.430976221925,29.3335081452128,6.31212455628219
8,115,7.67065868263473,2.8875,208.578643397468,352.937095708453,8.61818723621282,181.772154502568,27.6770782651101,5.76339905514677
8,116,7.73053892215569,2.8875,226.564777724997,363.40423719398,8.61818723621282,181.772154502568,28.3955293831732,6.01725263838785
8,117,7.79041916167665,2.8875,232.361988722657,352.57766859585,8.61818723621282,181.772154502568,28.6149831923615,5.75454893701729
8,118,7.8502994011976,2.86875,208.343197180579,366.432354106417,9.1642047811687,186.507507812105,27.1336907835716,5.86594987529239
8,119,7.91017964071856,2.85,186.942255615971,308.678281055247,9.70603415560611,191.385163390623,25.6933132649409,4.15195611718766
8,120,7.97005988023952,2.83125,182.175538545769,312.185369893266,10.2152727800528,196.100632302601,25.0248018779694,4.03867105266973
8,121,8.02994011976048,2.8125,193.052110196596,305.056776094118,10.6476826363323,200.344861488882,25.1683891001484,3.65204936495002
8,122,8.08982035928144,2.79375,218.917999326369,280.271651259732,10.9942855240965,203.827123790576,25.9822891800859,2.76634392113533
8,123,8.1497005988024,2.775,261.132366477906,291.172593894771,11.248716247868,206.305118728967,27.3151548557413,2.99280983565238
8,124,8.20958083832335,2.775,267.249351602602,297.064687136226,11.248716247868,206.305118728967,27.5162739698048,3.1668205111546
8,125,8.26946107784431,2.775,258.625926401615,300.008006992503,11.248716247868,206.305118728967,27.2313819522789,3.25245684583107
8,126,8.32934131736527,2.79375,240.380888369654,301.873826296471,10.9942855240965,203.827123790576,26.7946584870146,3.41126966710736
8,127,8.38922155688623,2.775,189.583990352392,277.458568188614,11.248716247868,206.305118728967,24.5339739664055,2.57376274416216
8,128,8.44910179640719,2.5875,159.924983088221,185.209455310798,7.64614051745263,169.124366979317,26.4094807686371,0.789139408670292
8,129,8.50898203592814,2.60625,156.477317949185,170.369178040324,8.28750897731298,176.253920469526,25.5205476352416,-0.294955155904038
8,130,8.5688622754491,2.49375,169.843453410747,189.707104321239,6.74134771103836,138.369375803306,28.0260416716936,2.74087226478395
8,131,8.62874251497006,2.4375,171.312320696683,189.951714546735,7.01314938914534,127.216106245196,27.7575101660059,3.48202238261217
8,132,8.68862275449102,2.34375,187.370913067088,248.083543379036,7.61080674278784,146.187454645076,27.8254295772336,4.59375703784371
8,133,8.74850299401198,2.34375,204.615024761443,251.029767523894,7.61080674278784,146.187454645076,28.5901365253287,4.6963023895627
8,134,8.80838323353293,2.34375,197.551484886356,248.332151044743,7.61080674278784,146.187454645076,28.2849920822703,4.60245691962543
8,135,8.86826347305389,2.325,205.541508966447,277.65301271161,7.59786398142193,152.952757650054,28.644160521707,5.17890157469563
8,136,8.92814371257485,2.30625,202.156080167114,296.344431658571,7.54869819065439,160.2517857022,28.5562949210863,5.33987787217968
8,137,8.98802395209581,2.30625,259.263467897269,315.370603463892,7.54869819065439,160.2517857022,30.7173852785245,5.88036663049995
8,138,9.04790419161677,2.26875,269.561617836749,362.320734271376,7.48708006443476,175.816654362379,31.1269115373591,6.28066352511738
8,139,9.10778443113773,2.26875,343.734934923442,408.089047532045,7.48708006443476,175.816654362379,33.2382239162511,7.31389855194711
8,140,9.16766467065868,2.26875,358.318385388163,411.69445199826,7.48708006443476,175.816654362379,33.5991323023169,7.39030005850069
8,141,9.22754491017964,2.26875,334.649142563347,393.112646212738,7.48708006443476,175.816654362379,33.0055447846907,6.98914007004605
8,142,9.2874251497006,2.26875,326.379342261476,381.961853917027,7.48708006443476,175.816654362379,32.7882037102331,6.73919962088735
8,143,9.34730538922156,2.25,306.304277395413,387.097748597983,7.50971300244291,183.546111789948,32.2105944322429,6.48150913014091
8,144,9.40718562874251,2.25,262.607961011226,366.74719070795,7.50971300244291,183.546111789948,30.8736909543821,6.01243213812413
8,145,9.46706586826347,2.2125,292.455024462473,424.533068772661,7.67082845280437,198.179116341246,31.6243363318887,6.61707274843787
8,146,9.52694610778443,2.2125,346.050401072942,435.428152079748,7.67082845280437,198.179116341246,33.0859417290076,6.83717233576325
8,147,9.58682634730539,2.2125,333.123061450493,424.519467752024,7.67082845280437,198.179116341246,32.7552485721006,6.61679446892243
8,148,9.64670658682635,2.23125,305.937059625456,421.420640502184,7.57440970879392,190.995749618441,32.1256659084925,6.87384200366424
8,149,9.7065868263473,2.2125,325.515882379432,439.225426633819,7.67082845280437,198.179116341246,32.5545982557477,6.91259171488576
8,150,9.76646706586826,2.1,341.800651662039,478.386260648191,7.76146015457431,247.309852574038,32.8765890825234,5.73074559148754
8,151,9.82634730538922,2.1,360.514473719318,495.290843990624,7.76146015457431,247.309852574038,33.3395854586871,6.03237762151081
8,152,9.88622754491018,2.08125,379.698217583112,509.315739531545,7.87500800817712,259.67984891877,33.663751086722,5.8509769540189
8,153,9.94610778443114,2.0625,351.524334814811,491.591128293218,8.06552111342444,272.449754924781,32.7864592539785,5.1263523004935
8,154,10.0059880239521,2.04375,307.137709484922,469.758881491157,8.28480329071899,285.07936509518,31.3810187977638,4.33818433864524
8,155,10.0658682634731,2.04375,271.003261631702,430.751686484367,8.28480329071899,285.07936509518,30.2938463311163,3.58522407153524
8,156,10.125748502994,2.04375,272.902076974636,432.843643113081,8.28480329071899,285.07936509518,30.354492794185,3.62730521607848
8,157,10.185628742515,2.04375,261.303275722062,437.306648076759,8.28480329071899,285.07936509518,29.9772530572194,3.71640593556166
8,158,10.2455089820359,2.025,220.029286181881,416.505141686966,8.49255033995226,297.144546166764,28.268847199535,2.9330520700919
8,159,10.3053892215569,1.9875,204.037998113517,393.629691817081,8.94227580264108,318.218725733515,27.1652598675633,1.8472423572309
8,160,10.3652694610778,2.00625,217.441331201553,410.984045755837,8.71258757666672,308.311275269585,27.943898833109,2.49671110862346
8,161,10.4251497005988,1.9875,256.520757275181,410.274315602365,8.94227580264108,318.218725733515,29.1534890567572,2.20697194713072
8,162,10.4850299401198,1.95,256.957290681906,384.011761608185,9.3886251017911,332.707732693375,28.7451789388578,1.24563263045755
8,163,10.5449101796407,1.95,268.393709478575,381.245556556393,9.3886251017911,332.707732693375,29.1234067044526,1.18283791847066
8,164,10.6047904191617,1.85625,272.562283276253,319.729391044605,9.37101018626491,320.238376952099,29.273586974772,-0.0138163094239151
8,165,10.6646706586826,1.78125,359.552809108524,369.881067607761,9.83390946743296,262.513187132457,31.2607296072928,2.97821955545617
8,166,10.7245508982036,1.7625,468.531714229009,465.002036473596,10.0847399096765,253.079288025581,33.3414858190215,5.28396501745527
8,167,10.7844311377246,1.7625,547.959049322175,545.821847254402,10.0847399096765,253.079288025581,34.7016680299259,6.67588621783614
8,168,10.8443113772455,1.74375,584.581952974764,581.286696013508,10.3325827359463,246.544504657598,35.052730246831,7.44990113051977
8,169,10.9041916167665,1.725,613.562512481768,613.316984772668,10.5220593693511,241.480989763557,35.3151613851078,8.09604089329549
8,170,10.9640718562874,1.725,706.185369527967,702.437088462939,10.5220593693511,241.480989763557,36.5363593571811,9.27448973762623
8,171,11.0239520958084,1.70625,755.343388292609,750.556393296953,10.6557287497683,236.808745371985,37.0112255085482,10.019711835464
8,172,11.0838323353293,1.70625,710.040825249684,702.28001586335,10.6557287497683,236.808745371985,36.47400326877,9.44225146770496
8,173,11.1437125748503,1.6875,616.746961187264,625.257845351573,10.7584374930322,232.174629158781,35.1671563478014,8.6048877830808
8,174,11.2035928143713,1.63125,629.070124421233,624.368532678504,11.0507705595162,225.570945240434,35.1061299660542,8.84315695322093
8,175,11.2634730538922,1.6125,734.304058937769,725.075591684972,11.078576162882,225.241472595932,36.4278396218668,10.154698552576
8,176,11.3233532934132,1.6125,802.812578485859,795.413723007667,11.078576162882,225.241472595932,37.202604413563,10.9588944284028
8,177,11.3832335329341,1.6125,828.255100057781,816.818015214673,11.078576162882,225.241472595932,37.4736034208878,11.189538993459
8,178,11.4431137724551,1.6125,762.331425104604,753.61947963435,11.078576162882,225.241472595932,36.7531975011679,10.4900751517269
8,179,11.502994011976,1.55625,702.713631345571,691.378782905392,11.3489851153171,215.670924080032,35.8364270342457,10.1184889719245
8,180,11.562874251497,1.55625,690.041631055856,681.88402355827,11.3489851153171,215.670924080032,35.6783653325652,9.99837831924176
8,181,11.622754491018,1.55625,697.957211448341,688.212524625084,11.3489851153171,215.670924080032,35.7774354484391,10.0786194567637
8,182,11.6826347305389,1.51875,675.034117145593,675.075782675264,12.0552255469402,213.071311906442,34.9630076602076,10.016550974376
8,183,11.7425149700599,1.4625,672.767108498922,662.719818945765,13.3192713381644,229.616210979932,34.0676856862915,9.2065482484644
8,184,11.8023952095808,1.425,692.050860819793,688.551313459039,13.2845724717083,272.644171272833,34.3358086163601,8.0468018704347
8,185,11.8622754491018,1.40625,700.848447338636,715.67183279394,12.989215512914,299.094931707746,34.6408238601072,7.57809741852319
8,186,11.9221556886228,1.40625,667.27864369023,678.552554714798,12.989215512914,299.094931707746,34.2144860581141,7.11548872287236
8,187,11.9820359281437,1.35,665.730336328597,714.195782941908,11.5632665814824,387.9920600714,35.204356189838,5.29988886603315
8,188,12.0419161676647,1.3125,748.348155455589,799.138835314807,11.7057341638055,449.99872310828,36.1141007087462,4.98821909809881
8,189,12.1017964071856,1.25625,820.376409132046,860.397064987844,15.4328776304231,527.973210794533,34.5113250124663,4.2417406624223
8,190,12.1616766467066,1.21875,850.577889701703,855.420582621144,18.8932085255379,553.366758291747,33.0681674269753,3.78333258043947
8,191,12.2215568862275,1.14375,895.142645811262,922.412906031767,21.3565048511541,519.832767185285,32.447241386187,4.98123438836727
8,192,12.2814371257485,1.125,1044.22523398913,1058.663702089,21.8300989548827,511.128548230557,33.5947695899057,6.32455768913315
8,193,12.3413173652695,1.125,1210.34731309134,1209.24855673907,21.8300989548827,511.128548230557,34.8770861212092,7.479708785945
8,194,12.4011976047904,1.10625,1341.69794898478,1334.9887143525,22.6364783414729,498.290696344268,35.4569178650486,8.55989631660247
8,195,12.4610778443114,1.0875,1404.7374211416,1398.10274299905,23.800718491025,483.44330758377,35.4201016841641,9.22387070405236
8,196,12.5209580838323,1.0875,1231.33652322814,1333.10401425807,23.800718491025,483.44330758377,34.2757338764706,8.81036967211423
8,197,12.5808383233533,1.06875,1284.98535756406,1326.07155885942,25.5211030211435,473.081082016109,34.0399747650808,8.9526275821829
8,198,12.6407185628743,1.05,1563.2961718025,1578.34453430813,27.4700514979085,477.363806491975,35.1036358159585,10.3870464552651
8,199,12.7005988023952,1.05,1679.31984267916,1681.58086997066,27.4700514979085,477.363806491975,35.7254789200698,10.9373654035244
8,200,12.7604790419162,1.0125,1673.50239709919,1747.51270959356,30.6553835199517,551.463563476472,34.7423916990163,10.0180704038587
8,203,12.940119760479,1.03125,1757.80864147771,1875.67811838992,29.2385988629432,503.464060543748,35.5803007622026,11.4237967561753
9,1,0.844311377245509,5.2125,56.6080234246144,180.967232313231,8.72468872842268,164.9683150598,16.2425609880335,0.803988114879682
9,2,0.904191616766467,5.2125,59.496536148355,176.54447013066,8.72468872842268,164.9683150598,16.6748348113386,0.58907160251238
9,3,0.964071856287425,5.2125,61.2992639970652,175.487225940624,8.72468872842268,164.9683150598,16.934106371159,0.536899402866269
9,4,1.02395209580838,5.2125,54.4856431206089,177.499762477531,8.72468872842268,164.9683150598,15.9106427982435,0.63594475151187
9,5,1.08383233532934,5.2125,44.3277491745865,181.331611929154,8.72468872842268,164.9683150598,14.1185147638739,0.821459670462637
9,6,1.1437125748503,5.19375,35.8423352568458,161.550134184828,8.8717850539646,165.432623005773,12.1277057319188,-0.206276652884412
9,7,1.20359281437126,4.875,42.4495505525642,49.8426798921128,6.15446531545915,68.8020024807823,16.773655357832,-2.79999387108241
9,8,1.26347305389222,4.81875,45.1122851132577,75.2862770540418,6.53392169186158,84.9992779806882,16.7824180230595,-1.0539883014041
9,9,1.32335329341317,4.78125,44.683092564388,109.388012711148,6.83995320579822,104.204755093146,16.3018018575504,0.421643903962482
9,10,1.38323353293413,4.78125,40.9051227506815,109.685174494834,6.83995320579822,104.204755093146,15.5344913933619,0.44520786515482
9,11,1.44311377245509,4.78125,41.3309932422351,107.993968087491,6.83995320579822,104.204755093146,15.6244542305667,0.310239235562984
9,12,1.50299401197605,4.725,41.9588577283072,180.198944009307,7.16415373712046,134.901466384214,15.3531751944342,2.5147114225862
9,13,1.56287425149701,4.6875,50.8000388965005,229.445610401071,7.20103294396453,150.702804192899,16.9693849407445,3.65116839967233
9,14,1.62275449101796,4.6875,69.8594323873893,226.289990108275,7.20103294396453,150.702804192899,19.7366050973429,3.53088019909076
9,15,1.68263473053892,4.6875,78.7285968118525,229.290288795393,7.20103294396453,150.702804192899,20.77475426515,3.64528655620102
9,16,1.74251497005988,4.66875,85.2521243937626,252.177813408358,7.17216129346669,156.234762252844,21.5011032438365,4.15858407689249
9,17,1.80239520958084,4.66875,86.9758886738094,250.826815714957,7.17216129346669,156.234762252844,21.6749765412553,4.11192587772692
9,18,1.8622754491018,4.6875,86.6469346868406,228.228977031137,7.20103294396453,150.702804192899,21.6071681097241,3.60498900337876
9,19,1.92215568862275,4.6875,80.5565625096615,231.115329888245,7.20103294396453,150.702804192899,20.9741225610811,3.71414839412794
9,20,1.98203592814371,4.66875,85.1561936156143,250.597864091273,7.17216129346669,156.234762252844,21.4913238592425,4.10399388413322
9,21,2.04191616766467,4.6875,77.6618510287728,226.955208246589,7.20103294396453,150.702804192899,20.6562587946759,3.55637640072456
9,22,2.10179640718563,4.66875,65.8727259984387,254.922833671921,7.17216129346669,156.234762252844,19.2611117673448,4.25262133000927
9,23,2.16167664670659,4.65,95.9310794911567,269.325176186929,7.12818347665247,160.046153118119,22.5796092354856,4.52063425509776
9,24,2.22155688622754,4.65,102.786936584499,270.256433380372,7.12818347665247,160.046153118119,23.1791810598551,4.55061602280381
9,25,2.2814371257485,4.65,113.010763708997,267.012550828998,7.12818347665247,160.046153118119,24.0028188016822,4.44572871662044
9,26,2.34131736526946,4.65,111.829701852784,271.049305262655,7.12818347665247,160.046153118119,23.9115659458487,4.5760611718208
9,27,2.40119760479042,4.65,98.0344651846677,270.599519455314,7.12818347665247,160.046153118119,22.7679982839181,4.56163562300376
9,28,2.46107784431138,4.63125,89.087712054517,285.55565570144,7.0679918609116,162.185935230288,22.010435296519,4.91355153450525
9,29,2.52095808383234,4.6125,79.198720254075,299.000026407178,7.01255902628443,162.812613668077,21.05683268383,5.27966356993935
9,30,2.58083832335329,4.4625,83.5736944619162,289.601609500417,6.71457224587596,148.366417466361,21.9010250004526,5.809307221441
9,31,2.64071856287425,4.4625,99.493888932747,287.342918368336,6.71457224587596,148.366417466361,23.4155611104891,5.74129776409297
9,32,2.70059880239521,4.44375,102.664042921282,276.949996170489,6.66967821454976,148.246555321422,23.7462696277115,5.42833505307784
9,33,2.76047904191617,4.425,108.851855159415,265.939746058747,6.63921849190075,149.004000009969,24.2943774781845,5.0317064504529
9,34,2.82035928143713,4.425,108.05578654733,266.394243154493,6.63921849190075,149.004000009969,24.2306213550717,5.04653816382714
9,35,2.88023952095808,4.40625,91.2160540140348,252.706476325837,6.63298453856305,150.629655173155,22.767245917347,4.49411780415121
9,36,2.94011976047904,4.40625,112.959431071823,254.074771271005,6.63298453856305,150.629655173155,24.6242702279184,4.5410212277571
9,37,3,4.425,119.052316074025,266.066628065712,6.63921849190075,149.004000009969,25.0724177499503,5.03584957047572
9,38,3.05988023952096,4.40625,114.985662513455,254.169447881308,6.63298453856305,150.629655173155,24.7786941374807,4.5442572728194
9,39,3.11976047904192,4.3875,119.378135404311,243.997933757326,6.65985538559233,153.049960337846,25.0691998481458,4.05105854478456
9,40,3.17964071856287,4.3875,122.66770502001,244.677826374836,6.65985538559233,153.049960337846,25.30530882637,4.07522784694208
9,41,3.23952095808383,4.3875,107.112932267341,243.589253811719,6.65985538559233,153.049960337846,24.1275421927816,4.0364980730306
9,42,3.29940119760479,4.3875,73.0867094120536,246.942936912692,6.65985538559233,153.049960337846,20.8074722040396,4.15526775103315
9,43,3.35928143712575,4.3875,58.4844216626802,244.155040253151,6.65985538559233,153.049960337846,18.8715080157456,4.05664945502757
9,44,3.41916167664671,4.48125,51.6740568082264,296.543543115644,6.76274070330449,149.317482562526,17.662996445468,5.95955625905249
9,45,3.47904191616766,4.0875,77.7470825291052,237.298458277201,7.50847175959015,175.538288974954,20.3026509875367,2.6184611156803
9,46,3.53892215568862,4.0875,88.3227497525954,235.821754692624,7.50847175959015,175.538288974954,21.4104205965072,2.56424011364385
9,47,3.59880239520958,4.06875,102.444006559777,224.20919708935,7.90205504855112,174.441760686333,22.2549300894244,2.18005923934097
9,48,3.65868263473054,4.06875,130.091497093504,229.749091764174,7.90205504855112,174.441760686333,24.3301772154649,2.39206683505811
9,49,3.7185628742515,4.06875,156.963892011903,231.039767624122,7.90205504855112,174.441760686333,25.9611941589798,2.44072555224788
9,50,3.77844311377246,4.06875,175.193279548132,235.322638321949,7.90205504855112,174.441760686333,26.9155478342944,2.60026494735959
9,51,3.83832335329341,4.06875,178.389012796573,238.061066289954,7.90205504855112,174.441760686333,27.072561026277,2.70075826052493
9,52,3.89820359281437,4.05,146.128937899659,225.125984208623,8.321216458301,173.527238373036,24.8909881673009,2.261159385954
9,53,3.95808383233533,4.05,114.365019222608,220.26066689431,8.321216458301,173.527238373036,22.7621277585615,2.07138589273486
9,54,4.01796407185629,4.05,104.853260953232,216.829777109496,8.321216458301,173.527238373036,22.0079024451709,1.93502536374177
9,55,4.07784431137725,4.06875,100.575964082297,233.362344656959,7.90205504855112,174.441760686333,22.0950830687007,2.52760636285545
9,56,4.1377245508982,4.05,83.443359279435,218.696998632846,8.321216458301,173.527238373036,20.0240992060716,2.00950335386798
9,57,4.19760479041916,4.05,61.8009206838059,218.913421046353,8.321216458301,173.527238373036,17.4161625138084,2.01809465456675
9,58,4.25748502994012,4.06875,62.650165106347,231.234837356403,7.90205504855112,174.441760686333,17.9836433810205,2.44805606207316
9,59,4.31736526946108,4.05,65.9474904270459,218.115842229542,8.321216458301,173.527238373036,17.9802290825324,1.98639110583983
9,60,4.37724550898204,4.05,64.8108026338762,217.27787030015,8.321216458301,173.527238373036,17.829211610433,1.95295681188427
9,61,4.43712574850299,4.05,59.2877353886619,215.435449637845,8.321216458301,173.527238373036,17.0555608510268,1.87899024552
9,62,4.49700598802395,4.05,60.0086099950268,218.998614991939,8.321216458301,173.527238373036,17.1605349550758,2.02147426123486
9,63,4.55688622754491,4.06875,57.9791840844294,227.417685552959,7.90205504855112,174.441760686333,17.3106409723895,2.30347547799419
9,64,4.61676646706587,4.06875,63.8956972622165,224.762528903938,7.90205504855112,174.441760686333,18.1546312587013,2.20146896841687
9,65,4.67664670658683,3.5625,79.5014071522082,143.621847927053,7.32262246409923,125.294733187151,20.7141634404853,1.18575389373485
9,66,4.73652694610778,3.54375,92.2437480827319,159.424175511757,7.35095721804918,137.755283242133,21.9718609172498,1.26891831144877
9,67,4.79640718562874,3.525,116.485491294607,184.287953227103,7.34639930984568,149.112728708141,24.0039461042497,1.83964457828374
9,68,4.8562874251497,3.525,148.800160360925,191.425927384192,7.34639930984568,149.112728708141,26.13057737474,2.16972084097467
9,69,4.91616766467066,3.525,160.307741191593,197.138819756709,7.34639930984568,149.112728708141,26.7775992848834,2.42514868908008
9,70,4.97604790419162,3.525,153.067634558958,190.610247047432,7.34639930984568,149.112728708141,26.376176806862,2.13263053055393
9,71,5.03592814371257,3.525,120.335276132041,180.639540014324,7.34639930984568,149.112728708141,24.2863685673194,1.6659620194439
9,72,5.09580838323353,3.4875,133.710850082339,207.349238424143,7.25609064852688,166.746855518518,25.3092790054828,1.89289583512684
9,73,5.15568862275449,3.4875,179.649357047651,223.634883793487,7.25609064852688,166.746855518518,27.8744593523171,2.54963790617697
9,74,5.21556886227545,3.4875,170.914998995734,219.350013679921,7.25609064852688,166.746855518518,27.4415495435282,2.38160026011152
9,75,5.27544910179641,3.4875,144.243949403603,207.761106407181,7.25609064852688,166.746855518518,25.9678981050912,1.91013193181577
9,76,5.33532934131737,3.45,142.097761138685,223.026640319964,7.1837462815655,176.265666844134,25.9247249997802,2.04378027740561
9,77,5.39520958083832,3.46875,138.895332104241,221.29941119732,7.21084158108632,172.537521414816,25.6940339221768,2.16193407045364
9,78,5.45508982035928,3.43125,140.253098236419,228.032404351568,7.17371680278175,178.082853384788,25.8233647145845,2.14748921555918
9,79,5.51497005988024,3.4125,174.655246679012,239.774598543805,7.17813218951085,178.257147187507,27.7234036921127,2.57512441383124
9,80,5.5748502994012,3.39375,187.15249536221,247.107121346486,7.16527865295115,177.125025505732,28.3392507516958,2.89210671325427
9,81,5.63473053892216,3.375,170.192278773754,236.885117140123,7.13310001921223,175.057495854001,27.5532307919279,2.62714128590513
9,82,5.69461077844311,3.35625,154.727266544484,233.542648836956,7.07302833476162,172.435988857659,26.7992291070745,2.63476579519437
9,83,5.75449101796407,3.3375,161.902817860363,240.113521322475,6.97237800891334,169.605483314824,27.317469662346,3.01953456032804
9,84,5.81437125748503,3.31875,157.256086400755,230.254943427195,6.85992016648919,166.851682057998,27.2057680342047,2.79756747583143
9,85,5.87425149700599,3.3375,133.655537456028,225.137585836965,6.97237800891334,169.605483314824,25.6521206438497,2.4601623200692
9,86,5.93413173652695,3.1875,143.199024564215,208.578288005371,6.5606147358178,159.508605514179,26.7799104918037,2.32969960400523
9,87,5.9940119760479,3.1875,192.56865939459,226.740429747268,6.5606147358178,159.508605514179,29.3528214379874,3.05489694302265
9,88,6.05389221556886,3.1875,205.869026541142,234.113848745186,6.5606147358178,159.508605514179,29.9329295172559,3.33285972769466
9,89,6.11377245508982,3.16875,159.781150708055,199.293255249017,6.59811780709988,159.935165265934,27.6821095813972,1.91097275049325
9,90,6.17365269461078,3.13125,199.150690152667,216.268742559977,6.66485709799162,160.956459831863,29.5078194739508,2.56570687588897
9,91,6.23353293413174,3.13125,227.306218472072,236.243075556101,6.66485709799162,160.956459831863,30.6564094979847,3.33301353086365
9,92,6.2934131736527,3.15,237.029446173706,246.725571806192,6.63453738408722,160.448225966178,31.0598331238806,3.73758489160469
9,93,6.35329341317365,3.15,229.909099267285,244.772544341104,6.63453738408722,160.448225966178,30.794910287866,3.66855565324325
9,94,6.41317365269461,3.13125,195.201148564948,213.359728077947,6.66485709799162,160.956459831863,29.3338305328181,2.44808075646827
9,95,6.47305389221557,3,180.827222601962,254.89686673642,7.02525581091246,164.637530964067,28.2120333799926,3.79671305185242
9,96,6.53293413173653,2.98125,192.324324246723,275.934911559596,7.1001009002888,166.064205859966,28.6553938920334,4.41061236697249
9,97,6.59281437125748,2.94375,182.845507424197,307.224601613871,7.37606213548129,170.51233969893,27.8851945502593,5.11400352179324
9,98,6.65269461077844,2.90625,165.776720810666,329.444300978903,8.10824730322271,177.430976221925,26.211931168321,5.37505114203334
9,99,6.7125748502994,2.8875,168.693274164352,332.604639045756,8.61818723621282,181.772154502568,25.8336368462817,5.2480189493322
9,100,6.77245508982036,2.8875,177.847589692812,327.231783157688,8.61818723621282,181.772154502568,26.2926411701678,5.10656248170833
9,101,6.83233532934132,2.8875,205.013509515709,337.512022453295,8.61818723621282,181.772154502568,27.5273310988557,5.37523785057932
9,102,6.89221556886228,2.86875,197.855519820575,337.749797175677,9.1642047811687,186.507507812105,26.6850677110794,5.15797555966156
9,103,6.95209580838323,2.86875,173.612444566999,324.51498534011,9.1642047811687,186.507507812105,25.5497213396768,4.81076874777775
9,104,7.01197604790419,2.86875,150.695908334207,325.579404097688,9.1642047811687,186.507507812105,24.3201335065531,4.83921210083261
9,105,7.07185628742515,2.85,134.726017519994,309.534107911708,9.70603415560611,191.385163390623,22.848193140554,4.1760048826472
9,106,7.13173652694611,2.85,152.101345386651,313.865675877711,9.70603415560611,191.385163390623,23.9018248056141,4.29671113818948
9,107,7.19161676646707,2.83125,158.826953720758,299.451537022985,10.2152727800528,196.100632302601,23.8334847622488,3.67695105140532
9,108,7.25149700598802,2.83125,166.739852670887,298.775954882229,10.2152727800528,196.100632302601,24.2557889053295,3.65733298139007
9,109,7.31137724550898,2.83125,154.440631274077,306.281606530953,10.2152727800528,196.100632302601,23.5902319994162,3.87283844843484
9,110,7.37125748502994,2.85,152.350505119656,315.904029436624,9.70603415560611,191.385163390623,23.9160416640283,4.35293796438521
9,111,7.4311377245509,2.83125,143.226743749882,294.919653869377,10.2152727800528,196.100632302601,22.9354830044588,3.54449443049276
9,112,7.49101796407186,2.79375,148.146382621148,257.623984754598,10.9942855240965,203.827123790576,22.5904808002936,2.03448634282132
9,113,7.55089820359281,2.83125,164.139260490516,299.37763768148,10.2152727800528,196.100632302601,24.1192500854551,3.67480726297611
9,114,7.61077844311377,2.86875,179.314801251361,331.622663337878,9.1642047811687,186.507507812105,25.8304270782346,4.99895767976442
9,115,7.67065868263473,2.8875,161.910039301136,335.00369608258,8.61818723621282,181.772154502568,25.4771570598697,5.31044487560405
9,116,7.73053892215569,2.925,127.827917006162,313.220083543833,7.67770441723438,173.653656891892,24.4278864750759,5.12331335428373
9,117,7.79041916167665,2.325,136.788574041424,238.377409714542,7.59786398142193,152.952757650054,25.1071661559291,3.85415569621875
9,118,7.8502994011976,2.325,165.062136803675,257.504045234059,7.59786398142193,152.952757650054,26.7391189698253,4.52453488932199
9,119,7.91017964071856,2.325,193.603794505293,266.738026471069,7.59786398142193,152.952757650054,28.1244470096407,4.83055244279263
9,120,7.97005988023952,2.325,272.753080002391,306.81197462976,7.59786398142193,152.952757650054,31.1015629800823,6.04629988617808
9,121,8.02994011976048,2.30625,337.530482348119,378.455518480125,7.54869819065439,160.2517857022,33.008818762446,7.46423929427764
9,122,8.08982035928144,2.30625,343.835156861429,380.56690891972,7.54869819065439,160.2517857022,33.1695643792408,7.51256290365322
9,123,8.1497005988024,2.30625,339.314246389974,384.831613164889,7.54869819065439,160.2517857022,33.0546006465913,7.60935727336056
9,124,8.20958083832335,2.30625,328.680899665135,377.708953825209,7.54869819065439,160.2517857022,32.7780481028301,7.44708805127489
9,125,8.26946107784431,2.30625,292.086225862833,357.813183399086,7.54869819065439,160.2517857022,31.752780303635,6.97706920447845
9,126,8.32934131736527,2.30625,289.94907033304,351.983600364693,7.54869819065439,160.2517857022,31.6889931738185,6.83439103351832
9,127,8.38922155688623,2.2875,272.626450295016,350.526652623089,7.50106663681724,167.955357965561,31.2088993063565,6.39054365327558
9,128,8.44910179640719,2.25,288.214562628337,445.82854821452,7.50971300244291,183.546111789948,31.6818516138225,7.70845371520048
9,129,8.50898203592814,2.23125,396.908073234387,470.016511580627,7.57440970879392,190.995749618441,34.3868227951894,7.82178824450101
9,130,8.5688622754491,2.23125,414.341567800938,466.813360756419,7.57440970879392,190.995749618441,34.760194241777,7.76239149853028
9,131,8.62874251497006,2.2125,432.579101474087,485.166128699907,7.67082845280437,198.179116341246,35.0244652747358,7.77665171776709
9,132,8.68862275449102,2.2125,464.144187093397,498.276242133121,7.67082845280437,198.179116341246,35.6362129055516,8.00824585693938
9,133,8.74850299401198,2.2125,474.713520758957,511.058896639789,7.67082845280437,198.179116341246,35.8317866193289,8.22826130773782
9,134,8.80838323353293,2.2125,494.681661414773,518.724445991401,7.67082845280437,198.179116341246,36.1896708049063,8.35757655835089
9,135,8.86826347305389,2.19375,477.021856843321,518.496817574557,7.74361309867559,205.17238673234,35.7918926562675,8.05254369149831
9,136,8.92814371257485,2.175,399.589536216575,464.274755322944,7.77597193641641,212.099732926689,34.2171884515527,6.80469896265479
9,137,8.98802395209581,2.1375,325.144686139305,476.833987393039,7.74607950716713,226.932041035901,32.4598942069727,6.44942767841043
9,138,9.04790419161677,2.1,309.112177080743,478.065037500301,7.76146015457431,247.309852574038,32.0034536322512,5.72491129773507
9,139,9.10778443113773,2.08125,270.020185988466,462.961483453529,7.87500800817712,259.67984891877,30.702904559372,5.02213222287785
9,140,9.16766467065868,2.0625,258.412998753499,452.343088423916,8.06552111342444,272.449754924781,30.1136384691102,4.40363074638423
9,141,9.22754491017964,2.00625,292.320906430189,442.497089006183,8.71258757666672,308.311275269585,30.5142544025967,3.13842020770137
9,142,9.2874251497006,1.96875,325.701737875619,414.614110736393,9.17557642742192,326.480805376426,31.0037343775163,2.07572850867765
9,143,9.34730538922156,1.9125,385.622197719661,404.065130106714,9.5800126885995,337.412854334981,32.0959188223065,1.56579499327661
9,144,9.40718562874251,1.93125,449.993525317464,464.066697693902,9.52862175265453,336.481692298708,33.4835235489563,2.79237928312745
9,145,9.46706586826347,1.93125,459.014450247669,461.531108088776,9.52862175265453,336.481692298708,33.6559254043232,2.74479078101176
9,146,9.52694610778443,1.875,480.015827323015,476.999026007431,9.43326723503664,329.466704683796,34.1318683929145,3.21411920248042
9,147,9.58682634730539,1.875,497.335638764105,495.160388682473,9.43326723503664,329.466704683796,34.4397488775874,3.53868726094022
9,148,9.64670658682635,1.85625,528.626636140239,525.514911184892,9.37101018626491,320.238376952099,35.0272526475116,4.30223334813079
9,149,9.7065868263473,1.8,506.058837063932,506.756230593812,9.61358216590502,276.233224646543,34.4263154125899,5.27046367648621
9,150,9.76646706586826,1.7625,578.389653648402,580.664300408687,10.0847399096765,253.079288025581,35.1711162715947,7.21337044312123
9,151,9.82634730538922,1.74375,603.64160248802,607.343153726733,10.3325827359463,246.544504657598,35.331405437389,7.83077626961459
9,152,9.88622754491018,1.74375,551.505856214487,555.698029493257,10.3325827359463,246.544504657598,34.5468247381565,7.05887059981061
9,153,9.94610778443114,1.74375,513.866935487405,522.823005341429,10.3325827359463,246.544504657598,33.9328356526742,6.52918724872001
9,154,10.0059880239521,1.725,473.139472961581,486.63695268227,10.5220593693511,241.480989763557,33.0577686770651,6.08644273352527
9,155,10.0658682634731,1.725,450.4509806581,460.015824927477,10.5220593693511,241.480989763557,32.6309357764397,5.5977964958556
9,156,10.125748502994,1.70625,457.161628498622,466.913238200269,10.6557287497683,236.808745371985,32.6497322887886,5.89676901182449
9,157,10.185628742515,1.6875,436.13182020976,448.603623727874,10.7584374930322,232.174629158781,32.1573714609899,5.72096033718938
9,158,10.2455089820359,1.66875,391.75809393811,418.12348599626,10.8484148663264,228.149287840477,31.1530338563332,5.26170890159893
9,159,10.3053892215569,1.66875,419.379963455762,442.218916117344,10.8484148663264,228.149287840477,31.7448278467185,5.74836396618695
9,160,10.3652694610778,1.63125,494.694621516856,506.84799447756,11.0507705595162,225.570945240434,33.0188925317369,7.03189145926083
9,161,10.4251497005988,1.59375,580.036136174767,584.258446729958,11.0749922466086,223.454780676235,34.382232400816,8.34830698454026
9,162,10.4850299401198,1.575,636.528623068055,634.828980548045,11.1466979794504,219.646056329592,35.1334340698938,9.21866668862233
9,163,10.5449101796407,1.425,672.353112327022,665.989249118433,13.2845724717083,272.644171272833,34.0849967439831,7.75742001957592
9,164,10.6047904191617,1.40625,842.735971987458,838.645358587556,12.989215512914,299.094931707746,36.2421721907886,8.9553858793541
9,165,10.6646706586826,1.3875,890.511094914912,881.234724464124,12.5207910246719,327.409512056128,37.0401513521798,8.60000618622049
9,166,10.7245508982036,1.35,913.296776967522,910.236388828279,11.5632665814824,387.9920600714,37.9506277393097,7.40662710476455
9,167,10.7844311377246,1.35,928.334515383425,918.036307056645,11.5632665814824,387.9920600714,38.092479194448,7.4807403813144
9,168,10.8443113772455,1.35,904.783620087485,900.312819787985,11.5632665814824,387.9920600714,37.8692838320902,7.31141192007386
9,169,10.9041916167665,1.2,943.546248081666,947.647882509195,20.1281576997435,553.980517903574,33.4191833131993,4.66305009138048
9,170,10.9640718562874,1.18125,1220.24743085466,1213.4939364615,20.870787145066,545.769063241418,35.3381814618594,6.94057392862168
9,171,11.0239520958084,1.1625,1489.82063290561,1485.1076079436,21.1805329158858,530.383674473441,36.9439420319252,8.94335550298153
9,172,11.0838323353293,1.14375,1580.47462817427,1575.63416854093,21.3565048511541,519.832767185285,37.3851469936653,9.63183477563658
9,173,11.1437125748503,1.14375,1732.96570758758,1721.69018509737,21.3565048511541,519.832767185285,38.1851958033382,10.4018270457995
9,174,11.2035928143713,1.125,1873.65263634396,1859.21130498455,21.8300989548827,511.128548230557,38.6726674828291,11.2159722606537
9,175,11.2634730538922,1.125,1886.58574758249,1856.53658569316,21.8300989548827,511.128548230557,38.7324168967732,11.2034674722374
9,176,11.3233532934132,1.10625,1794.62098892118,1815.22593972895,22.6364783414729,498.290696344268,37.9832776017885,11.2289582110394
9,177,11.3832335329341,1.10625,1786.386431873,1784.12510775318,22.6364783414729,498.290696344268,37.943330977053,11.0788505311309
9,178,11.4431137724551,1.06875,1687.7878465261,1763.30565253787,25.5211030211435,473.081082016109,36.4083682926555,11.4278403653057
9,179,11.502994011976,1.06875,1634.00257452494,1674.01783624401,25.5211030211435,473.081082016109,36.1270659164467,10.9764899907391
9,180,11.562874251497,1.06875,1519.48302762269,1607.34424554859,25.5211030211435,473.081082016109,35.495928255963,10.623466366004
9,181,11.622754491018,1.03125,1587.9938990204,1674.14582570217,29.2385988629432,503.464060543748,34.6978454502995,10.4364962032101
