Aligned_Frame_Index,Sequence,Port1_Row,Port2_Row,LDE_Abs_Index_Port1,LDE_Abs_Index_Port2,LDE_Local_Tap_Port1,LDE_Local_Tap_Port2,Target_Abs_Index_Port1,Target_Abs_Index_Port2,Target_Local_Tap_Port1,Target_Local_Tap_Port2,Phase_LDE_Port1,Phase_LDE_Port2,Phase_Target_Port1,Phase_Target_Port2,Relative_Phase_Port1,Relative_Phase_Port2,Double_Difference,Valid
7000,117,7000,7003,746.09375,748.1875,48.09375,50.1875,770.84375,775.96875,72.84375,77.96875,0.56637966361386,1.08751807132127,-0.406780824092793,-2.5557757577954,-0.973160487706652,2.63989147806292,2.67013334141002,1
7001,118,7001,7004,746.875,743.875,48.875,45.875,771.625,771.65625,73.625,73.65625,1.61458788258208,-2.59690043412126,0.617858389739634,0.0427997378150995,-0.996729492842442,2.63970017193636,2.64675564240079,1
7002,119,7002,7005,747.515625,747.453125,49.515625,49.453125,772.265625,775.234375,74.265625,77.234375,2.15018501723876,1.99856634625042,1.08875032304307,-1.66474593164003,-1.06143469419569,2.61987302928913,2.60187758369476,1
7003,120,7003,7006,748.5,743.046875,50.5,45.046875,773.25,770.828125,75.25,72.828125,2.56196534465529,2.38456899982263,1.52037660399483,-1.20594304477067,-1.04158874066045,2.69267326258629,2.54892330393284,1
7004,121,7004,7007,749.25,746.421875,51.25,48.421875,774,774.203125,76,76.203125,3.11974156902905,-1.27671959052837,2.08665586254336,1.27959407464975,-1.0330857064857,2.55631366517811,2.69378593551578,1
7005,122,7005,7008,750.0625,750.3125,52.0625,52.3125,774.8125,778.09375,76.8125,80.09375,-2.67477241949149,-2.05317297435284,2.50922280912894,0.559509138935627,-1.09919007855916,2.61268211328847,2.57131311533196,1
7006,123,7006,7009,751.0625,745.78125,53.0625,47.78125,775.8125,773.5625,77.8125,75.5625,-2.04875383309284,-2.00751221897672,-3.08677572103639,0.628930575119644,-1.03802188794355,2.63644279409637,2.60872062513967,1
7007,124,7007,7010,743.71875,749.234375,45.71875,51.234375,768.46875,777.015625,70.46875,79.015625,-1.63477078206528,0.826945928988359,-2.80334630012703,-2.89604227609658,-1.16857551806175,2.56019710209465,2.55441268702319,1
7008,125,7008,7011,744.609375,745.0625,46.609375,47.0625,769.359375,772.84375,71.359375,74.84375,-1.4506703584844,-2.99849014996743,-2.56345319564823,-0.292352047733119,-1.11278283716382,2.70613810223431,2.46426436778145,1
7009,126,7009,7012,745.171875,748.515625,47.171875,50.515625,769.921875,776.296875,71.921875,78.296875,-1.16762119323138,-0.757272420490184,-2.21031039652119,1.7714404390064,-1.04268920328981,2.52871285949659,2.71178324439319,1
7010,127,7010,7013,746.203125,744.125,48.203125,46.125,770.953125,771.90625,72.953125,73.90625,-1.35759351542729,1.74721683755402,-2.46763211096336,-1.85519542382705,-1.11003859553607,2.68077304579852,2.49237366584499,1
7011,128,7011,7014,747.140625,747.9375,49.140625,49.9375,771.890625,775.71875,73.890625,77.71875,-0.928841171968657,-2.28483384106399,-1.99191971255611,0.396671054324459,-1.06307854058745,2.68150489538845,2.53860187120368,1
7012,129,7012,7015,748.15625,743.171875,50.15625,45.171875,772.90625,770.953125,74.90625,72.953125,-0.629534368494464,-0.0798345399595743,-1.63990364674588,2.43934114720348,-1.01036927825142,2.51917568716306,2.75364034176511,1
7013,130,7013,7016,748.984375,747.0625,50.984375,49.0625,773.734375,774.84375,75.734375,76.84375,-0.00292234846702228,-3.12390902686049,-0.970836290749081,-0.429223211783948,-0.967913942282059,2.69468581507655,2.62058554982098,1
7014,131,7014,7017,749.859375,750.953125,51.859375,52.953125,774.609375,778.734375,76.609375,80.734375,0.481301778298721,1.53156913431902,-0.446781243919204,-2.07451022636963,-0.928083022217925,2.67710594649093,2.67799633847073,1
7015,132,7015,7018,750.40625,746.078125,52.40625,48.078125,775.15625,773.859375,77.15625,75.859375,0.931765256013121,1.46494856671225,-0.034415713977517,-2.17042344180688,-0.966180969990638,2.64781329866046,2.66919103852849,1
7016,133,7016,7019,743.390625,750,45.390625,52,768.140625,777.78125,70.140625,79.78125,1.09213270721011,0.305050860062923,0.0755269836037778,2.89844116406158,-1.01660572360634,2.59339030399866,2.67318927957459,1
7017,134,7017,7020,744.1875,745.15625,46.1875,47.15625,768.9375,772.9375,70.9375,74.9375,1.41707651205067,0.598586496873243,0.381711832589965,3.10783746939908,-1.03536467946071,2.50925097252583,2.73856965519305,1
7018,135,7018,7021,745.015625,749.046875,47.015625,51.046875,769.765625,776.828125,71.765625,78.828125,2.20336314115581,-3.10427781506214,1.15422376321311,-0.42207581569147,-1.0491393779427,2.68220199937067,2.55184392986622,1
7019,136,7019,7022,745.796875,744.375,47.796875,46.375,770.546875,772.15625,72.546875,74.15625,2.32326178677098,-0.599885314624796,1.28909865090842,1.93152905960303,-1.03416313586257,2.53141437422783,2.71760779708919,1
7020,137,7020,7023,746.625,748.078125,48.625,50.078125,771.375,775.859375,73.375,77.859375,2.78952793735759,1.56865676358776,1.70622028458583,-2.06413718720414,-1.08330765277176,2.65039135638769,2.54948629802014,1
7021,138,7021,7024,747.765625,743.875,49.765625,45.875,772.515625,771.65625,74.515625,73.65625,3.13422311735734,-1.96417255985573,2.09665696035789,0.672035424597251,-1.03756615699945,2.63620798445298,2.60941116572716,1
7022,139,7022,7025,748.296875,747.625,50.296875,49.625,773.046875,775.40625,75.046875,77.40625,-2.75585366752343,2.579931157832,2.46423830595514,-0.961568064583065,-1.06309333370102,2.74168608476452,2.47840588871405,1
7023,140,7023,7026,749.15625,743.015625,51.15625,45.015625,773.90625,770.796875,75.90625,72.796875,-2.39786419090889,2.10057214893724,2.76197950144703,-1.5306668339713,-1.12334161482367,2.65194632427105,2.50789736808487,1
7024,141,7024,7027,750.1875,746.703125,52.1875,48.703125,774.9375,774.484375,76.9375,76.484375,-2.20069310271459,-1.46121816302437,2.97792343607682,1.13464963690143,-1.10456876838818,2.5958677999258,2.58274873886561,1
7025,142,7025,7028,751.046875,750.296875,53.046875,52.296875,775.796875,778.078125,77.796875,80.078125,-2.28986344759364,-3.06750297817288,2.90772288481429,-0.414462848905547,-1.08559897477167,2.65304012926733,2.54454620314059,1
7026,143,7026,7029,743.84375,745.875,45.84375,47.875,768.59375,773.65625,70.59375,75.65625,-2.16148149900888,-0.864620116189064,3.02680819395746,1.66724651142603,-1.09489561421324,2.53186662761509,2.65642306535125,1
7027,144,7027,7030,744.53125,749.28125,46.53125,51.28125,769.28125,777.0625,71.28125,79.0625,-1.84472255756628,-1.55968807796214,-3.00773024389112,0.996605440191515,-1.16300768632484,2.55629351815366,2.56388410270109,1
7028,145,7028,7031,745.40625,745.078125,47.40625,47.078125,770.15625,772.859375,72.15625,74.859375,-1.41387164203148,0.862677246813942,-2.50752212864411,-2.84074673361584,-1.09365048661263,2.57976132674981,2.60977349381715,1
7029,146,7029,7032,746.15625,748.78125,48.15625,50.78125,770.90625,776.5625,72.90625,78.5625,-1.06803526586026,2.66526152792952,-2.1845750784407,-0.883428869754562,-1.11653981258044,2.7344949094955,2.43215058510364,1
7030,147,7030,7033,747.140625,744.234375,49.140625,46.234375,771.890625,772.015625,73.890625,74.015625,-1.02314708855493,-1.61604249132627,-2.11724752722471,0.955350996601938,-1.09410043866978,2.57139348792821,2.6176913805816,1
7031,148,7031,7034,748.046875,748.015625,50.046875,50.015625,772.796875,775.796875,74.796875,77.796875,-0.918871231969003,0.31432765019681,-1.93672389646371,2.92202022906216,-1.0178526644947,2.60769257886535,2.65764006381953,1
7032,149,7032,7035,748.890625,743.515625,50.890625,45.515625,773.640625,771.296875,75.640625,73.296875,-0.813332324308026,2.08186689206231,-1.81227730860875,-1.56603245833111,-0.998944984300719,2.63528595678617,2.6489543660927,1
7033,150,7033,7036,749.578125,747.109375,51.578125,49.109375,774.328125,774.890625,76.328125,76.890625,-1.04487606114735,-1.61030290053935,-2.12820440867133,0.967842112723784,-1.08332834752398,2.57814501326313,2.62171194639248,1
7034,151,7034,7037,742.609375,742.875,44.609375,44.875,767.359375,770.65625,69.359375,72.65625,-1.47571935824859,0.531720322203115,-2.64396825605768,3.0826349041533,-1.16824889780909,2.55091458195018,2.56402182742031,1
7035,152,7035,7038,743.359375,746.421875,45.359375,48.421875,768.109375,774.203125,70.109375,76.203125,-1.35736547903469,2.75191139869488,-2.53466671778279,-0.842518011988558,-1.1773012387481,2.68875589649615,2.41712817193534,1
7036,153,7036,7039,744.1875,750.0625,46.1875,52.0625,768.9375,777.84375,70.9375,79.84375,-1.16568901614237,-1.65705312033656,-2.27816175517851,0.925324249471899,-1.11247273903614,2.58237736980846,2.58833519833499,1
7037,154,7037,7040,745.15625,745.640625,47.15625,47.640625,769.90625,773.421875,71.90625,75.421875,-1.3813614541476,1.20915479824729,-2.50898866386937,-2.46131885588811,-1.12762720972177,2.61271165304419,2.54284644441363,1
7038,155,7038,7041,746.125,749.15625,48.125,51.15625,770.875,776.9375,72.875,78.9375,-1.39935396345364,3.12078577699245,-2.49566636678807,-0.525067552072435,-1.09631240333443,2.63733197811471,2.54954092573046,1
7039,156,7039,7042,746.96875,745.0625,48.96875,47.0625,771.71875,772.84375,73.71875,74.84375,-1.68361554722651,1.82285795565342,-2.83420301694155,-1.76048826898025,-1.15058746971505,2.69983908254592,2.43275875491862,1
7040,157,7040,7043,747.9375,748.5,49.9375,50.5,772.6875,776.28125,74.6875,78.28125,-1.3236326100583,1.30916629639973,-2.42857557568796,-2.35339687876532,-1.10494296562966,2.62062213201454,2.55762020953539,1
7041,158,7041,7044,748.625,744.109375,50.625,46.109375,773.375,771.890625,75.375,73.890625,-1.40535073818543,-2.28474393917651,-2.54089380304011,0.349603410086244,-1.13554306485468,2.63434734926275,2.51329489306215,1
7042,159,7042,7045,749.40625,747.59375,51.40625,49.59375,774.15625,775.375,76.15625,77.375,-1.33778013086697,0.385256378600701,-2.49306791738677,2.93208336849244,-1.1552877865198,2.54682698989174,2.58107053076804,1
7043,160,7043,7046,750.296875,743.171875,52.296875,45.171875,775.046875,770.953125,77.046875,72.953125,-1.71618021703824,2.37660559920862,-2.87917953780016,-1.24326548571538,-1.16299932076192,2.66331422225558,2.45687176416208,1
7044,161,7044,7047,751.140625,747.0625,53.140625,49.0625,775.890625,774.84375,77.890625,76.84375,-1.24957099294793,-2.10931466589705,-2.44411295108151,0.533352862380625,-1.19454195813358,2.64266752827767,2.44597582076833,1
7045,162,7045,7048,744.125,750.9375,46.125,52.9375,768.875,778.71875,70.875,80.71875,-0.989486122587429,2.91381265388661,-2.09092068392802,-0.685068449503044,-1.10143456134059,2.68430420378994,2.49744654204906,1
7046,163,7046,7049,744.921875,746.09375,46.921875,48.09375,769.671875,773.875,71.671875,75.875,-1.0851362896984,2.073047860588,-2.13004338851396,-1.55098888812253,-1.04490709881556,2.65914855846905,2.57912964989497,1
7047,164,7047,7050,745.828125,749.875,47.828125,51.875,770.578125,777.65625,72.578125,79.65625,-1.35358831894023,-1.80704493324235,-2.44090164665357,0.808455694745211,-1.08731332771334,2.61550062798756,2.58037135147869,1
7048,165,7048,7051,746.515625,745.125,48.515625,47.125,771.265625,772.90625,73.265625,74.90625,-1.38338123260771,-0.200167467640711,-2.52216892922349,2.32863781510241,-1.13878769661578,2.52880528274312,2.61559232782069,1
7049,166,7049,7052,747.515625,749.0625,49.515625,51.0625,772.265625,776.84375,74.265625,78.84375,-1.4610089335404,-1.74456858187038,-2.60448489061795,0.827230902788123,-1.14347595707755,2.5717994846585,2.56790986544354,1
7050,167,7050,7053,748.203125,744.9375,50.203125,46.9375,772.953125,772.71875,74.953125,74.71875,-1.61123466355714,0.494096411022835,-2.78391496207803,3.07742339354113,-1.17268029852089,2.5833269825183,2.52717802614039,1
7051,168,7051,7054,749.140625,748.078125,51.140625,50.078125,773.890625,775.859375,75.890625,77.859375,-1.83681548261684,-0.101071023892753,-3.0601178981099,2.43125913122974,-1.22330241549306,2.53233015512249,2.52755273656403,1
7052,169,7052,7055,750.03125,744.0625,52.03125,46.0625,774.78125,771.84375,76.78125,73.84375,-2.36942500836169,-1.45592666258049,2.78024171393105,1.09880318843783,-1.13351858488684,2.55472985101832,2.59493687127443,1
7053,170,7053,7056,743.015625,747.515625,45.015625,49.515625,767.765625,775.296875,69.765625,77.296875,-2.52017630699303,-1.83072457125039,2.67714368706746,0.776006662012076,-1.08586531311909,2.60673123326246,2.59058876079803,1
7054,171,7054,7057,744.015625,743.078125,46.015625,45.078125,768.765625,770.859375,70.765625,72.859375,-2.97378938403864,0.863624308363132,2.27324913712471,-2.79334337935781,-1.03614678601624,2.62621761945864,2.6208209017047,1
7055,172,7055,7058,744.875,746.875,46.875,48.875,769.625,774.65625,71.625,76.65625,2.90890364642053,-3.06713189769122,1.8674940618731,-0.365510856200649,-1.04140958454743,2.70162104149057,2.54015468114159,1
7056,173,7056,7059,745.671875,750.1875,47.671875,52.1875,770.421875,777.96875,72.421875,79.96875,2.51595414301032,-0.50264138994203,1.51281170260265,2.03665941851943,-1.00314244040767,2.53930080846146,2.74074205831046,1
7057,174,7057,7060,746.3125,746.03125,48.3125,48.03125,771.0625,773.8125,73.0625,75.8125,2.7652056825727,1.70801229567023,1.66696778139624,-1.89568212034098,-1.09823790117645,2.67949089116838,2.50545651483476,1
7058,175,7058,7061,747.21875,749.4375,49.21875,51.4375,771.96875,777.21875,73.96875,79.21875,2.54427863095726,-1.9036717505682,1.50565980533124,0.696188951679163,-1.03861882562602,2.59986070224736,2.6447057793062,1
7059,176,7059,7062,748.109375,745.0625,50.109375,47.0625,772.859375,772.84375,74.859375,74.84375,2.25280096082803,0.106596971458429,1.17984155325864,2.63815954778941,-1.07295940756938,2.53156257633098,2.67866332327922,1
7060,177,7060,7063,749.140625,748.734375,51.140625,50.734375,773.890625,776.515625,75.890625,78.515625,2.43989196961462,2.31924564337314,1.40202458786464,-1.27185625561679,-1.03786738174999,2.69208340818966,2.55323451723994,1
7061,178,7061,7064,750.03125,744.140625,52.03125,46.140625,774.78125,771.921875,76.78125,73.921875,2.36859826673473,-1.85581013837795,1.29692488907882,0.724389148652212,-1.07167337765591,2.58019928703016,2.63131264249352,1
7062,179,7062,7065,742.921875,748.03125,44.921875,50.03125,767.671875,775.8125,69.671875,77.8125,2.04337066129026,0.117033856026629,1.01388177474061,2.68463161008907,-1.02948888654965,2.56759775406244,2.68609866656749,1
7063,180,7063,7066,743.859375,743.453125,45.859375,45.453125,768.609375,771.234375,70.609375,73.234375,1.65873954467545,2.2467530089267,0.625520962916557,-1.40965607198422,-1.03321858175889,2.62677622626866,2.62319049915203,1
7064,181,7064,7067,744.234375,747.046875,46.234375,49.046875,768.984375,774.828125,70.984375,76.828125,1.49107049783357,-1.68830834283018,0.442052808325947,0.908130526890147,-1.04901768950762,2.59643886972033,2.63772874795163,1
7065,182,7065,7068,745.296875,750.84375,47.296875,52.84375,770.046875,778.625,72.046875,80.625,1.25238424727878,0.447736324415495,0.242722662332506,3.01634622032685,-1.00966158494627,2.56860989591135,2.70491382632197,1
7066,183,7066,7069,746.1875,746.546875,48.1875,48.546875,770.9375,774.328125,72.9375,76.328125,0.741207742392869,2.75837931591012,-0.285284752896241,-0.83571555958244,-1.02649249528911,2.68909043168702,2.56760238020345,1
7067,184,7067,7070,747.1875,750.046875,49.1875,52.046875,771.9375,777.828125,73.9375,79.828125,0.215336005719222,-1.1251346370685,-0.807851349244418,1.42363283405363,-1.02318735496364,2.54876747112213,2.71123048109381,1
7068,185,7068,7071,748.0625,745.703125,50.0625,47.703125,772.8125,773.484375,74.8125,75.484375,-0.350492606145229,1.04446722764993,-1.3134710563673,-2.59950035204858,-0.962978450222073,2.63921772748108,2.68098912947644,1
7069,186,7069,7072,748.9375,749.15625,50.9375,51.15625,773.6875,776.9375,75.6875,78.9375,-1.00349296015063,-2.49307398809726,-2.04084581693543,0.126512058247489,-1.0373528567848,2.61958604634475,2.62624640405004,1
7070,187,7070,7073,749.953125,744.84375,51.953125,46.84375,774.703125,772.625,76.703125,74.625,-1.53291930101756,-0.10757280133913,-2.67732624240294,2.45073565718655,-1.14440694138538,2.55830845852568,2.58046990726852,1
7071,188,7071,7074,750.78125,748.3125,52.78125,50.3125,775.53125,776.09375,77.53125,78.09375,-1.92915982697793,2.24113257133436,-2.97164409821959,-1.40609460566139,-1.04248427124166,2.63595813018383,2.60474290575409,1
7072,189,7072,7075,743.34375,744.15625,45.34375,46.15625,768.09375,771.9375,70.09375,73.9375,-2.38900330992991,-2.10935361983145,2.77541697983895,0.523481489219727,-1.11876501741073,2.63283510905117,2.53158518071769,1
7073,190,7073,7076,744.28125,747.6875,46.28125,49.6875,769.03125,775.46875,71.03125,77.46875,-2.85943293825687,0.288561118106035,2.36848885034922,2.8234088568243,-1.05526351857349,2.53484773871826,2.69307404988783,1
7074,191,7074,7077,745.3125,743.296875,47.3125,45.296875,770.0625,771.078125,72.0625,73.078125,2.82140003026741,2.52735733609085,1.7726807615249,-1.04110659290506,-1.04871926874251,2.71472137818367,2.51974466025341,1
7075,192,7075,7078,746.125,746.953125,48.125,48.953125,770.875,774.734375,72.875,76.734375,1.94023111754217,-1.56733338275664,0.887022984552441,1.01131338516684,-1.05320813298973,2.57864676792348,2.65133040626638,1
7076,193,7076,7079,747.140625,742.59375,49.140625,44.59375,771.890625,770.375,73.890625,72.375,1.47609751245264,0.162145051345685,0.394602482811554,2.70671523972012,-1.08149502964109,2.54457018837443,2.65712008916406,1
7077,194,7077,7080,748,746.09375,50,48.09375,772.75,773.875,74.75,75.875,0.761033390168995,2.35037415699449,-0.246062457679725,-1.2802472469102,-1.00709584784872,2.6525639032749,2.62352555605597,1
7078,195,7078,7081,749.046875,749.6875,51.046875,51.6875,773.796875,777.46875,75.796875,79.46875,-0.119147058678599,-1.82542294937754,-1.0557143162026,0.786396576420819,-0.936567257524002,2.61181952579836,2.73479852385722,1
7079,196,7079,7082,749.890625,745.453125,51.890625,47.453125,774.640625,773.234375,76.640625,75.234375,-1.11162369466525,2.78656578506841,-2.19321434091721,-0.851718056895172,-1.08159064625196,2.64490146521601,2.55669319571162,1
7080,197,7080,7083,750.625,749.03125,52.625,51.03125,775.375,776.8125,77.375,78.8125,-1.81265112287365,1.77854039484128,-2.98808156369698,-1.84673685391613,-1.17543044082332,2.65790805842217,2.44984680793409,1
7081,198,7081,7084,743.484375,744.90625,45.484375,46.90625,768.234375,772.6875,70.234375,74.6875,-2.84492334963332,-2.18127313442138,2.38978569006951,0.48917516363922,-1.04847626747676,2.67044829806059,2.56426074164223,1
7082,199,7082,7085,744.15625,748.171875,46.15625,50.171875,768.90625,775.953125,70.90625,77.953125,2.30912215702741,2.18108818640074,1.27689735140832,-1.4636373688608,-1.03222480561909,2.63845975191805,2.61250074964244,1
7083,200,7083,7086,745.265625,743.953125,47.265625,45.953125,770.015625,771.734375,72.015625,73.734375,1.35067426290201,1.4149243200014,0.283083377273985,-2.24841524705688,-1.06759088562803,2.6198457401213,2.59574868143026,1
7084,201,7084,7087,746.296875,747.3125,48.296875,49.3125,771.046875,775.09375,73.046875,77.09375,-0.0958523719303604,-2.80215458729175,-1.0961212885649,-0.131269758650018,-1.00026891663454,2.67088482864173,2.61203156190331,1
7085,202,7085,7088,747.125,751.234375,49.125,53.234375,771.875,779.015625,73.875,81.015625,-1.1283496615087,1.72394873992687,-2.1897450117541,-1.91772875918333,-1.06139535024539,2.64150780806938,2.58028214886481,1
7086,203,7086,7089,748.109375,747,50.109375,49,772.859375,774.78125,74.859375,76.78125,-1.66072092413281,0.980589725522757,-2.76795584275699,-2.64148420053577,-1.10723491862418,2.66111138112106,2.51483900743435,1
7087,204,7087,7090,749,750.796875,51,52.796875,773.75,778.578125,75.75,80.578125,-2.5039401652283,-0.675415936398011,2.68096835652719,1.92001000889255,-1.0982767854241,2.59542594529056,2.58948257646493,1
7088,205,7088,7091,749.953125,746.046875,51.953125,48.046875,774.703125,773.828125,76.703125,75.828125,2.95509768683058,-1.71537064727992,1.92485110982914,0.868405842064314,-1.03024657700144,2.58377648934423,2.66916224083391,1
7089,206,7089,7092,750.84375,749.84375,52.84375,51.84375,775.59375,777.625,77.59375,79.625,2.10402525977286,0.169599434016888,1.05828074988397,2.75340837393604,-1.04574450988889,2.58380893991915,2.65363185737155,1
7090,207,7090,7093,743.75,745.125,45.75,47.125,768.5,772.90625,70.5,74.90625,0.856832345823294,1.30871661336976,-0.101010910022457,-2.37418688838031,-0.957843255845752,2.60028180542952,2.72506024590432,1
7091,208,7091,7094,744.734375,749.078125,46.734375,51.078125,769.484375,776.859375,71.484375,78.859375,-0.236053013008498,2.82167404047589,-1.24449859491983,-0.767131944662717,-1.00844558191133,2.69437932204098,2.58036040322728,1
7092,209,7092,7095,745.21875,744.859375,47.21875,46.859375,769.96875,772.640625,71.96875,74.640625,-1.18027032836553,-2.12924048066663,-2.25695521872411,0.544974031458552,-1.07668489035858,2.67421451212518,2.53228590469583,1
7093,210,7093,7096,746.296875,740.09375,48.296875,42.09375,771.046875,767.875,73.046875,69.875,-2.16848650679826,-0.386015470755127,2.98666119193233,2.21174364628426,-1.12803760844899,2.59775911703939,2.55738858169121,1
7094,211,7094,7097,747.125,744.015625,49.125,46.015625,771.875,771.796875,73.875,73.796875,-2.78176930089528,1.24214373015326,2.45323642990691,-2.41450129826364,-1.0481795763774,2.62654027876269,2.6084654520395,1
7095,212,7095,7098,748.15625,747.859375,50.15625,49.859375,772.90625,775.640625,74.90625,77.640625,1.84306907109107,-0.690926399698138,0.819482283124882,1.89577422756822,-1.02358678796619,2.58670062726636,2.67289789194704,1
7096,213,7096,7099,749.09375,743.09375,51.09375,45.09375,773.84375,770.875,75.84375,72.875,0.664453216940747,-1.95328934422168,-0.308547033104288,0.680676029367091,-0.973000250045035,2.63396537358877,2.67621968354578,1
7097,214,7097,7100,750.0625,746.859375,52.0625,48.859375,774.8125,774.640625,76.8125,76.640625,-0.859025299557604,-0.314680211350124,-1.89660532734749,2.23886114257362,-1.03758002778989,2.55354135392374,2.69206392546596,1
7098,215,7098,7101,743,742.5625,45,44.5625,767.75,770.34375,69.75,72.34375,-1.43273448981186,1.11968132498567,-2.51256790473112,-2.54092623526487,-1.07983341491926,2.62257774692905,2.58077414533128,1
7099,216,7099,7102,744,746.03125,46,48.03125,768.75,773.8125,70.75,75.8125,-2.93092181448304,2.69300926512353,2.35338522781532,-0.882988121292756,-0.998878264881235,2.7071879207633,2.57711912153505,1
7100,217,7100,7103,744.734375,749.828125,46.734375,51.828125,769.484375,777.609375,71.484375,79.609375,2.21037828574659,-1.70542259019898,1.13356013184184,0.90046802130364,-1.07681815390476,2.60589061150262,2.60047654177221,1
7101,218,7101,7104,745.875,745.109375,47.875,47.109375,770.625,772.890625,72.625,74.890625,0.581362952861334,-0.265211273469068,-0.432686880116308,2.271982905625,-1.01404983297764,2.53719417909407,2.73194129510787,1
7102,219,7102,7105,746.8125,749.21875,48.8125,51.21875,771.5625,777,73.5625,79,-0.484820517508564,-2.2482741596805,-1.45273583816099,0.375871646260835,-0.967915320652422,2.62414580594134,2.69112418058583,1
7103,220,7103,7106,747.65625,744.75,49.65625,46.75,772.40625,772.53125,74.40625,74.53125,-1.72049802249806,2.79695892816003,-2.76709183707023,-0.777399887763117,-1.04659381457216,2.70882649125644,2.52776500135098,1
7104,221,7104,7107,748.375,748.34375,50.375,50.34375,773.125,776.125,75.125,78.125,-2.92220032929252,-1.96918503567585,2.33379115532792,0.651735468141244,-1.02719382255914,2.6209205038171,2.63507098080335,1
7105,222,7105,7108,749.3125,743.9375,51.3125,45.9375,774.0625,771.71875,76.0625,73.71875,1.86812391868823,-0.774087625878305,0.81065400592186,1.75540277156834,-1.05746991276637,2.52949039744665,2.69622499696657,1
7106,223,7106,7109,750.171875,747.53125,52.171875,49.53125,774.921875,775.3125,76.921875,77.3125,0.492746360185036,0.73840934346069,-0.434406216363076,-3.01951124469057,-0.927152576548111,2.52526471902832,2.83076801160315,1
7107,224,7107,7110,743.125,743.15625,45.125,45.15625,767.875,770.9375,69.875,72.9375,-0.92700645239305,2.73116843048245,-1.94375978950145,-0.885661288212054,-1.0167533371084,2.66635558848508,2.60007638158611,1
7108,225,7108,7111,744.15625,747.046875,46.15625,49.046875,768.90625,774.828125,70.90625,76.828125,-2.26521227577022,-2.2741571736237,2.94796563795645,0.401587295912035,-1.07000739345291,2.67574446953573,2.53743344419094,1
7109,226,7109,7112,745.078125,742.4375,47.078125,44.4375,769.828125,770.21875,71.828125,72.21875,2.71660212513521,-0.830606093505136,1.66674544206159,1.65782471412854,-1.04985668307362,2.48843080763368,2.74489781647229,1
7110,227,7110,7113,746.03125,746.09375,48.03125,48.09375,770.78125,773.875,72.78125,75.875,1.85705796282241,0.516364321528398,0.811344193566279,3.08409954143238,-1.04571376925614,2.56773521990399,2.66973631801947,1
7111,228,7111,7114,771.03125,749.8125,73.03125,51.8125,795.78125,777.59375,97.78125,79.59375,0.372424684735231,2.32222315624874,-0.626138618279041,-1.29558748399037,-0.998563303014272,2.66537466694048,2.61924733722484,1
7112,229,7112,7115,747.890625,745.359375,49.890625,47.359375,772.640625,773.140625,74.640625,75.140625,-1.12605116828185,-2.70860444431681,-2.18508231343119,-0.0809964308821428,-1.05903114514934,2.62760801343467,2.59654614859557,1
7113,230,7113,7116,748.53125,749.203125,50.53125,51.203125,773.28125,776.984375,75.28125,78.984375,-2.24644529081404,1.80023258691514,2.8995265620149,-1.87138504296278,-1.13721345435065,2.61156767730167,2.53440417552727,1
7114,231,7114,7117,749.6875,744.875,51.6875,46.875,774.4375,772.65625,76.4375,74.65625,2.74399628300654,0.0908953835546853,1.7473326206191,2.66219539400044,-0.996663662387433,2.57130001044575,2.7152216343464,1
7115,232,7115,7118,750.625,748.328125,52.625,50.328125,775.375,776.109375,77.375,78.109375,1.04324244825396,1.85739997899763,0.0482245300123453,-1.75693207055985,-0.995017918241618,2.6688532576221,2.61931413131586,1
7116,233,7116,7119,743.265625,744.078125,45.265625,46.078125,768.015625,771.859375,70.015625,73.859375,-0.544976564039873,3.08021120896807,-1.57208222407157,-0.493904990441517,-1.02710566003169,2.70906910777,2.54701053937789,1
7117,234,7117,7120,744.25,748.078125,46.25,50.078125,769,775.859375,71,77.859375,-2.77158646271335,0.899312212667538,2.42089172840987,-2.74812457000191,-1.09070711605636,2.63574852451013,2.55672966661309,1
7118,235,7118,7121,745.1875,751.421875,47.1875,53.421875,769.9375,779.203125,71.9375,81.203125,2.04406579168063,2.231979218054,0.971871766650809,-1.41798578742072,-1.07219402502982,2.63322030170487,2.5777709804449,1
7119,236,7119,7122,746.21875,747.109375,48.21875,49.109375,770.96875,774.890625,72.96875,76.890625,0.60360633354769,0.9543743237224,-0.414197885837922,-2.70680263267882,-1.01780421938561,2.62200835077836,2.64337273701561,1
7120,237,7120,7123,747.125,742.890625,49.125,44.890625,771.875,770.671875,73.875,72.671875,-1.1967483542083,2.04738450929688,-2.32392803285462,-1.54678066212062,-1.12717967864632,2.68902013576209,2.46698549277117,1
7121,238,7121,7124,748.125,746.21875,50.125,48.21875,772.875,774,74.875,76,-2.93365837311074,3.04407451391923,2.29890393075664,-0.59607272752937,-1.05062300331221,2.64303806573098,2.58952423813639,1
7122,239,7122,7125,749,750.046875,51,52.046875,773.75,777.828125,75.75,79.828125,1.5151967979241,-1.8381646195076,0.573492269853038,0.784375068019444,-0.941704528071058,2.62253968752704,2.71894109158149,1
7123,240,7123,7126,750.046875,745.90625,52.046875,47.90625,774.796875,773.6875,76.796875,75.6875,-0.359508323480539,-0.609997139135741,-1.30460707947829,2.00258103154887,-0.94509875599775,2.61257817068461,2.72550838049722,1
7124,241,7124,7127,743.078125,749.203125,45.078125,51.203125,767.828125,776.984375,69.828125,78.984375,-2.0962514468385,0.438706640785085,3.08508171912949,2.94194291239949,-1.1018521412116,2.5032362716144,2.67809689435358,1
7125,242,7125,7128,743.9375,745.046875,45.9375,47.046875,768.6875,772.828125,70.6875,74.828125,2.60915888145107,1.67856071986176,1.58933184144936,-1.93527175149693,-1.01982704000171,2.6693528358209,2.59400543135698,1
7126,243,7126,7129,745.046875,749,47.046875,51,769.796875,776.78125,71.796875,78.78125,0.908045824304214,-1.23857105708458,-0.0854022055070704,1.35809373571399,-0.993448029811285,2.59666479279858,2.69307248456973,1
7127,244,7127,7130,745.78125,744.28125,47.78125,46.28125,770.53125,772.0625,72.53125,74.0625,-0.821650122016838,-2.81476417932542,-1.85684207812751,-0.207871752123563,-1.03519195611067,2.60689242720186,2.64110092386706,1
7128,245,7128,7131,746.640625,748.0625,48.640625,50.0625,771.390625,775.84375,73.390625,77.84375,-2.64775758154061,-1.96421081426849,2.55122439623405,0.706769007187497,-1.08420332940492,2.67097982145599,2.52800215631867,1
7129,246,7129,7132,747.640625,743.8125,49.640625,45.8125,772.390625,771.59375,74.390625,73.59375,1.997641699099,-0.22571856001461,0.919450186300828,2.33327401313841,-1.07819151279817,2.55899257315302,2.64600122122839,1
7130,247,7130,7133,748.609375,747.234375,50.609375,49.234375,773.359375,775.015625,75.359375,77.015625,-0.2606964192296,1.20107523209758,-1.26561291877198,-2.51726042785328,-1.00491649954237,2.56484964722872,2.71341916040849,1
7131,248,7131,7134,749.53125,743.046875,51.53125,45.046875,774.28125,770.828125,76.28125,72.828125,-2.65043945810198,2.90213187376624,2.56843921922625,-0.687480606965221,-1.06430662985136,2.69357282644813,2.5253058508801,1
7132,249,7132,7135,750.265625,746.6875,52.265625,48.6875,775.015625,774.46875,77.015625,76.46875,1.83138953620962,0.637715924910046,0.8484678963103,-3.10199394398534,-0.982921639899324,2.5434754382842,2.75678822899606,1
7133,250,7133,7136,743.21875,750.15625,45.21875,52.15625,767.96875,777.9375,69.96875,79.9375,-0.762568981193745,-0.712602783922629,-1.78293302103059,1.80996012790887,-1.02036403983684,2.5225629118315,2.74025835551124,1
7134,251,7134,7137,744.140625,746.046875,46.140625,48.046875,768.890625,773.828125,70.890625,75.828125,-2.3826018357056,-2.60506026433141,2.82482774545162,0.057925239527222,-1.07575572602236,2.66298550385863,2.54444407729859,1
7135,252,7135,7138,745.25,749.453125,47.25,51.453125,770,777.234375,72,79.234375,2.46685140702812,2.36279710924277,1.40149538494185,-1.23692808211191,-1.06535602208627,2.68346011582491,2.53436916926841,1
7136,253,7136,7139,746.15625,745.109375,48.15625,47.109375,770.90625,772.890625,72.90625,74.890625,0.599838229578558,-2.32857187630862,-0.404975881861552,0.299870563135627,-1.00481411144011,2.62844243944425,2.64992875629523,1
7137,254,7137,7140,747.125,748.84375,49.125,50.84375,771.875,776.625,73.875,78.625,-1.60791043815896,-0.85867782410965,-2.78480698005738,1.65435541340271,-1.17689654189842,2.51303323751236,2.5932555277688,1
7138,255,7138,7141,748.234375,744.328125,50.234375,46.328125,772.984375,772.109375,74.984375,74.109375,3.02044056995321,0.425508607479943,1.95087078112707,2.9406123996329,-1.06956978882615,2.51510379215296,2.69851172620048,1
7139,0,7139,7142,749.171875,748.046875,51.171875,50.046875,773.921875,775.828125,75.921875,77.828125,0.980818263634948,2.15728223920137,-0.011538382834097,-1.49775377711109,-0.992356646469045,2.62814929086713,2.66267936984342,1
7140,1,7140,7143,750.09375,743.9375,52.09375,45.9375,774.84375,771.71875,76.84375,73.71875,-0.596776079056173,-2.93230351145477,-1.56927864083013,-0.228996342675808,-0.972502561773955,2.70330716877896,2.60737557662667,1
7141,2,7141,7144,743.03125,747.1875,45.03125,49.1875,767.78125,774.96875,69.78125,76.96875,-2.60273967369593,-1.57038590207311,2.63639217641753,0.994229171697189,-1.04405345706612,2.5646150737703,2.67451677634316,1
7142,3,7142,7145,743.9375,743.09375,45.9375,45.09375,768.6875,770.875,70.6875,72.875,2.32521355373306,-0.554752079986485,1.25933757880835,2.02796988441416,-1.06587597492471,2.58272196440064,2.63458736785423,1
7143,4,7143,7146,744.96875,747.046875,46.96875,49.046875,769.71875,774.828125,71.71875,76.828125,0.471201980546266,-2.76592143376739,-0.476052292270982,-0.0731346386590532,-0.947254272817248,2.69278679510833,2.643144239254,1
7144,5,7144,7147,745.90625,750.28125,47.90625,52.28125,770.65625,778.0625,72.65625,80.0625,-1.51305600665152,2.02526242276291,-2.58905294837154,-1.62627562095509,-1.07599694172002,2.63164726346159,2.57554110199798,1
7145,6,7145,7148,746.640625,746.078125,48.640625,48.078125,771.390625,773.859375,73.390625,75.859375,2.70138155317167,-2.96598425995333,1.65375806092795,-0.270911534808087,-1.04762349224372,2.69507272514524,2.54048908979063,1
7146,7,7146,7149,747.84375,749.859375,49.84375,51.859375,772.59375,777.640625,74.59375,79.640625,0.116927018300422,-1.33692728347253,-0.833642617747317,1.27298905192418,-0.950569636047739,2.60991633539671,2.72269933573514,1
7147,8,7147,7150,748.78125,745.25,50.78125,47.25,773.53125,773.03125,75.53125,75.03125,-1.81334949876033,0.0785516363113891,-2.88935379017794,2.60713311226634,-1.07600429141761,2.52858147595495,2.67859953980702,1
7148,9,7148,7151,749.5625,749.125,51.5625,51.125,774.3125,776.90625,76.3125,78.90625,2.56063263080913,0.935690651845692,1.56844568363887,-2.73733363340221,-0.99218694717026,2.61016102193168,2.68083733807765,1
7149,10,7149,7152,750.796875,744.953125,52.796875,46.953125,775.546875,772.734375,77.546875,74.734375,0.286747567658258,2.49026419962861,-0.649199766678413,-1.01737167648187,-0.935947334336671,2.77554943106911,2.57168854177381,1
7150,11,7150,7153,743.4375,748.25,45.4375,50.25,768.1875,776.03125,70.1875,78.03125,-2.12703293238155,2.97130945345272,3.0137944553256,-0.642177678167388,-1.14235791947243,2.66969817555948,2.47112921214768,1
7151,12,7151,7154,744.265625,744.046875,46.265625,46.046875,769.015625,771.828125,71.015625,73.828125,1.87478135219033,-1.9085841197137,0.77860874298833,0.713629400299126,-1.096172609202,2.62221352001283,2.56479917796475,1
7152,13,7152,7155,745.484375,747.828125,47.484375,49.828125,770.234375,775.609375,72.234375,77.609375,-0.6861701600096,-1.0810211142856,-1.71493351566969,1.44609589918385,-1.02876335566009,2.52711701346945,2.72730493805004,1
7153,14,7153,7156,746.375,743.265625,48.375,45.265625,771.125,771.046875,73.125,73.046875,2.66379846319014,-0.383876462738958,1.60958489869138,2.13397305836671,-1.05421356449876,2.51784952110567,2.71112222157516,1
7154,15,7154,7157,747.6875,747.03125,49.6875,49.03125,772.4375,774.8125,74.4375,76.8125,0.0432212830478118,0.325264859238392,-0.961807845149793,2.89926989952418,-1.0050291281976,2.57400504028578,2.7041511386962,1
7155,16,7155,7158,748.265625,750.96875,50.265625,52.96875,773.015625,778.75,75.015625,80.75,-2.70486139560258,-1.73600936304249,2.50886249725843,0.859330923729878,-1.06946141431857,2.59534028677237,2.61838360608865,1
7156,17,7156,7159,749.1875,746.375,51.1875,48.375,773.9375,774.15625,75.9375,76.15625,0.526293977436689,-3.09514929457387,-0.438707675109626,-0.417128629700481,-0.965001652546315,2.67802066487339,2.64016298975988,1
7157,18,7157,7160,750.28125,750.046875,52.28125,52.046875,775.03125,777.828125,77.03125,79.828125,-2.2919079639755,-1.98338025369682,2.83600517001177,0.650307174799238,-1.15527217319232,2.63368742849606,2.49422570549121,1
7158,19,7158,7161,743.25,745.984375,45.25,47.984375,768,773.765625,70,75.765625,1.54690722857844,2.0348475698443,0.491878911930911,-1.58045318459448,-1.05502831664753,2.66788455274081,2.56027243779125,1
7159,20,7159,7162,744.1875,749.28125,46.1875,51.28125,768.9375,777.0625,70.9375,79.0625,-0.94157891382107,0.725039293990262,-2.05853148582879,-3.04026246692997,-1.11695257200772,2.51788354625935,2.64834918891252,1
7160,21,7160,7163,745.15625,745.125,47.15625,47.125,769.90625,772.90625,71.90625,74.90625,-3.13586574078527,-1.38567582536955,2.07094880270499,1.16286277782812,-1.07637076368933,2.54853860319767,2.65827594029259,1
7161,22,7161,7164,746.234375,748.859375,48.234375,50.859375,770.984375,776.640625,72.984375,78.640625,0.642023046191616,-2.2101628479247,-0.352391237484558,0.458463806052825,-0.994414283676173,2.66862665397753,2.62014436952588,1
7162,23,7162,7165,747.140625,744.265625,49.140625,46.265625,771.890625,772.046875,73.890625,74.046875,-1.77297596220087,1.78429285708374,-2.9117243611403,-1.88590187638298,-1.13874839893943,2.61299057371286,2.53144633452729,1
7163,24,7163,7166,748.1875,747.90625,50.1875,49.90625,772.9375,775.6875,74.9375,77.6875,2.39638295696441,0.61791993494421,1.34079541067442,-3.08765707780055,-1.05558754628999,2.57760829443482,2.64998946645478,1
7164,25,7164,7167,749.171875,743.390625,51.171875,45.390625,773.921875,771.171875,75.921875,73.171875,0.211332721368374,2.25299990238359,-0.764161105381904,-1.39697153675345,-0.975493826750278,2.63321386804254,2.67447761238677,1
7165,26,7165,7168,750.015625,747.171875,52.015625,49.171875,774.765625,774.953125,76.765625,76.953125,-2.41664903546144,-2.73803155200801,2.7507358436593,-0.114366769786098,-1.11580042805884,2.62366478222191,2.54372009689883,1
7166,27,7166,7169,743.171875,742.953125,45.171875,44.953125,767.921875,770.734375,69.921875,72.734375,1.39771553707809,-1.59068252529766,0.359087005677631,0.981805048759221,-1.03862853140045,2.57248757405688,2.67206920172225,1
7167,28,7167,7170,744.078125,746.578125,46.078125,48.578125,768.828125,774.359375,70.828125,76.359375,-1.03204683772498,-0.263313746355333,-2.06198433530654,2.31326914199823,-1.02993749758155,2.57658288835356,2.67666492124447,1
7168,29,7168,7171,744.890625,750.125,46.890625,52.125,769.640625,777.90625,71.640625,79.90625,2.77080339669851,0.78729587922035,1.7464277343333,-2.93298833421259,-1.02437566236521,2.56290109374664,2.69590855106774,1
7169,30,7169,7172,746.03125,745.890625,48.03125,47.890625,770.78125,773.671875,72.78125,75.671875,0.34272789812393,2.07084350580759,-0.631220370159569,-1.52447428661419,-0.973948268283499,2.68786751475781,2.62136952413828,1
7170,31,7170,7173,747.078125,749.625,49.078125,51.625,771.828125,777.40625,73.828125,79.40625,-2.11933981098027,2.6147988177373,3.07591367432316,-0.954093730240799,-1.08793182187616,2.71429275920148,2.48096072610194,1
7171,32,7171,7174,748.078125,745.1875,50.078125,47.1875,772.828125,772.96875,74.828125,74.96875,1.74089059301237,0.114320679048274,0.7031636173338,2.61288762135352,-1.03772697567857,2.49856694230525,2.74689138919577,1
7172,33,7172,7175,748.84375,749.03125,50.84375,51.03125,773.59375,776.8125,75.59375,78.8125,-0.848994993583492,-1.91328439355411,-1.90376653124322,0.728128943469763,-1.05477153765973,2.64141333702388,2.58700043249598,1
7173,34,7173,7176,749.921875,744.4375,51.921875,46.4375,774.671875,772.21875,76.671875,74.21875,2.82271141807096,-1.21579822880141,1.8121585643942,1.33131343311833,-1.01055285367676,2.54711166191973,2.72552079158309,1
7174,35,7174,7177,742.953125,748.140625,44.953125,50.140625,767.703125,775.921875,69.703125,77.921875,-0.222488154135807,-0.483435352442297,-1.14251841701282,2.05532447695413,-0.920030262877018,2.53875982939642,2.82439521490614,1
7175,36,7175,7178,743.96875,744.0625,45.96875,46.0625,768.71875,771.84375,70.71875,73.84375,-2.93201678516973,-3.11897918058081,2.30511984942688,-0.462848894772006,-1.04604867258298,2.65613028580881,2.5810063487878,1
7176,37,7176,7179,744.96875,747.5625,46.96875,49.5625,769.71875,775.34375,71.71875,77.34375,0.483850688174785,1.16597163354956,-0.505236071143089,-2.49523277770094,-0.989086759317874,2.62198089592909,2.67211765193262,1
7177,38,7177,7180,745.671875,751.421875,47.671875,53.421875,770.421875,779.203125,72.421875,81.203125,-2.41678350690302,-1.70686546717322,2.79941821466151,0.846728431478452,-1.06698358561506,2.55359389865167,2.66260782291286,1
7178,39,7178,7181,746.828125,747.046875,48.828125,49.046875,771.578125,774.828125,73.578125,76.828125,1.30864772519906,2.97269238717649,0.306782094532561,-0.612189355965526,-1.0018656306665,2.69830356403757,2.58301611247552,1
7179,40,7179,7182,747.859375,750.890625,49.859375,52.890625,772.609375,778.671875,74.609375,80.671875,-1.48738902685929,-2.23700886352833,-2.57761682782648,0.468583518272198,-1.09022780096719,2.70559238180053,2.48736512441187,1
7180,41,7180,7183,748.65625,746.15625,50.65625,48.15625,773.40625,773.9375,75.40625,75.9375,2.32986941486248,-1.71974320798003,1.28421678251016,0.840902520320697,-1.04565263235232,2.56064572830073,2.67688694652654,1
7181,42,7181,7184,749.875,750,51.875,52,774.625,777.78125,76.625,79.78125,-0.212305962860658,-0.264015728344051,-1.20526694980727,2.27928766202774,-0.992960986946616,2.5433033903718,2.74692092986117,1
7182,43,7182,7185,750.796875,745.421875,52.796875,47.421875,775.546875,773.203125,77.546875,75.203125,-2.61282063764186,0.400158314169628,2.61728136059288,2.91651408455725,-1.05308330894485,2.51635577038762,2.71374622784711,1
7183,44,7183,7186,743.8125,749.328125,45.8125,51.328125,768.5625,777.109375,70.5625,79.109375,0.815503158410793,1.5427173816192,-0.201047471723771,-2.1541101040718,-1.01655063013456,2.58635782148859,2.68027685555643,1
7184,45,7184,7187,744.5,745.109375,46.5,47.109375,769.25,772.890625,71.25,74.890625,-1.81304744946208,2.49600708534098,-2.93586287234099,-1.06761364886828,-1.12281542287891,2.71956457297032,2.44080531133035,1
7185,46,7185,7188,745.75,748.859375,47.75,50.859375,770.5,776.640625,72.5,78.640625,2.10797927865207,3.04983138667942,1.08033105692022,-0.515741464736061,-1.02764822173186,2.71761245576411,2.53792462968363,1
7186,47,7186,7189,746.34375,744.234375,48.34375,46.234375,771.09375,772.015625,73.09375,74.015625,-0.855224529550132,-1.99723286725625,-1.92801751347983,0.604253562861913,-1.0727929839297,2.60148643011817,2.60890589313172,1
7187,48,7187,7190,747.734375,748.0625,49.734375,50.0625,772.484375,775.84375,74.484375,77.84375,2.64192670415491,-1.40540872508319,1.6083156901813,1.19992885145151,-1.03361101397361,2.6053375765347,2.64423671667128,1
7188,49,7188,7191,748.546875,743.859375,50.546875,45.859375,773.296875,771.640625,75.296875,73.640625,-0.539028995510918,2.35676144564339,-1.49736238267532,-1.29125376495996,-0.958333387164405,2.63517009657623,2.68968182343895,1
7189,50,7189,7192,749.765625,747.21875,51.765625,49.21875,774.515625,775,76.515625,77,2.9462661150466,0.334618332312595,1.93718677904485,2.84986931754505,-1.00907933600175,2.51525098523245,2.75885498594539,1
7190,51,7190,7193,750.5625,743.03125,52.5625,45.03125,775.3125,770.8125,77.3125,72.8125,0.277151910826884,1.27043808961678,-0.637348823960161,-2.35176411573839,-0.914500734787045,2.66098310182442,2.70770147056813,1
7191,52,7191,7194,743.28125,746.8125,45.28125,48.8125,768.03125,774.59375,70.03125,76.59375,-2.45015160219143,1.93322751028488,2.7307065132251,-1.68496746668938,-1.10232719176306,2.66499033020533,2.5158677852112,1
7192,53,7192,7195,744.328125,750.515625,46.328125,52.515625,769.078125,778.296875,71.078125,80.296875,0.641898974722938,2.71530823134726,-0.365553096348399,-0.842429555685297,-1.00745207107134,2.72544752014703,2.55028571596122,1
7193,54,7193,7196,745.46875,746.0625,47.46875,48.0625,770.21875,773.84375,72.21875,75.84375,-2.34895926726976,2.86582075307565,2.85884708747011,-0.701829312613855,-1.07537895243971,2.71553524149008,2.4922711132498,1
7194,55,7194,7197,746.515625,750.03125,48.515625,52.03125,771.265625,777.8125,73.265625,79.8125,0.937513561864251,-0.183583022637549,-0.0266621634877594,2.39202879378474,-0.964175725352011,2.57561181642228,2.74339776540529,1
7195,56,7195,7198,747.484375,745.4375,49.484375,47.4375,772.234375,773.21875,74.234375,75.21875,-2.29700341525055,-1.96742896564809,2.89902056999761,0.628169319634289,-1.08716132193143,2.59559828528238,2.60042569996577,1
7196,57,7196,7199,748.203125,749.109375,50.203125,51.109375,772.953125,776.890625,74.953125,78.890625,0.583563374129083,-1.61448512441619,-0.371182842961062,0.981490894020432,-0.954746217090145,2.59597601843662,2.73246307165282,1
7197,58,7197,7200,749.703125,745.015625,51.703125,47.015625,774.453125,772.796875,76.453125,74.796875,-2.30609880935114,-0.653812653054568,2.95143143393668,1.97778780408461,-1.02565506389177,2.63160045713918,2.62592978614864,1
7198,59,7198,7201,750.546875,748.453125,52.546875,50.453125,775.296875,776.234375,77.296875,78.234375,0.604936239128086,-0.188003620271819,-0.360493900103766,2.33364478436963,-0.965430139231852,2.52164840464145,2.79610676330628,1
7199,60,7199,7202,743.3125,744.078125,45.3125,46.078125,768.0625,771.859375,70.0625,73.859375,-2.44638373318991,0.646571237458066,2.74545937822321,-3.08580017391682,-1.09134219576647,2.5508138958047,2.64102921560841,1
7200,61,7200,7203,744.390625,747.921875,46.390625,49.921875,769.140625,775.703125,71.140625,77.703125,0.909328584103149,1.42490891499329,-0.0771202709232687,-2.25610376660142,-0.986448855026417,2.60217262558487,2.69456382656829,1
7201,62,7201,7204,745.4375,743.515625,47.4375,45.515625,770.1875,771.296875,72.1875,73.296875,-2.59814280097454,1.91405128894038,2.60956284316918,-1.73231338889981,-1.07547966303586,2.6368206293394,2.57088501480433,1
7202,63,7202,7205,746.5625,747.234375,48.5625,49.234375,771.3125,775.015625,73.3125,77.015625,0.998330994252631,2.53128852859762,-0.0046692325743758,-1.04097886245744,-1.00300022682701,2.71091791612452,2.56926716422806,1
7203,64,7203,7206,747.609375,743,49.609375,45,772.359375,770.78125,74.359375,72.78125,-1.52880701446004,-2.80369476270898,-2.64845931532566,-0.138769061833798,-1.11965230086563,2.66492570087518,2.49860730543878,1
7204,65,7204,7207,748.6875,746.625,50.6875,48.625,773.4375,774.40625,75.4375,76.40625,1.83066913063268,-2.06258162223723,0.815886503342027,0.573987912565867,-1.01478262729065,2.63656953480309,2.63183314508584,1
7205,66,7205,7208,749.1875,750.171875,51.1875,52.171875,773.9375,777.953125,75.9375,79.953125,-1.09135778068807,-1.10030653104794,-2.24534277054928,1.42821414833505,-1.15398498986121,2.52852067938299,2.60067963793538,1
7206,67,7206,7209,750.296875,746.046875,52.296875,48.046875,775.046875,773.828125,77.046875,75.828125,2.29474991415,2.33342921437446,1.22373808700979,-1.28358393899829,-1.07101182714021,2.66617215380684,2.54600132623253,1
7207,68,7207,7210,743.40625,749.84375,45.40625,51.84375,768.15625,777.625,70.15625,79.625,-0.368478582811389,0.433388216338102,-1.40741329870322,2.98962041002879,-1.03893471589183,2.55623219369068,2.68801839759708,1
7208,69,7208,7211,744.296875,745.171875,46.296875,47.171875,769.046875,772.953125,71.046875,74.953125,-2.78288461147311,0.857645705941442,2.41201917338121,-2.83518101815882,-1.08828152232527,2.59035858307933,2.60454520177499,1
7209,70,7209,7212,745.21875,749.03125,47.21875,51.03125,769.96875,776.8125,71.96875,78.8125,0.468210615432319,2.03849394892038,-0.554472022933017,-1.56815815643618,-1.02268263836534,2.67653320182303,2.58396946699122,1
7210,71,7210,7213,746.203125,744.953125,48.203125,46.953125,770.953125,772.734375,72.953125,74.734375,-2.75259166799979,1.85151998534699,2.43760280694736,-1.78079783829755,-1.09299083223244,2.65086748353505,2.5393269914121,1
7211,72,7211,7214,747.28125,748.546875,49.28125,50.546875,772.03125,776.328125,74.03125,78.328125,0.129125010460491,-0.729507087226492,-0.798104570488738,1.82043893377973,-0.927229580949229,2.54994602100622,2.80600970522414,1
7212,73,7212,7215,748.359375,744.109375,50.359375,46.109375,773.109375,771.890625,75.109375,73.890625,-2.76918532793984,-2.99876294470687,2.41501638921489,-0.340039469902347,-1.09898359002485,2.65872347480452,2.52547824235021,1
7213,74,7213,7216,749.3125,747.828125,51.3125,49.828125,774.0625,775.609375,76.0625,77.609375,-0.130768380818146,-2.34136062439068,-1.09887263899903,0.295379886404766,-0.968104258180881,2.63674051079544,2.67834053820326,1
7214,75,7214,7217,750.3125,743.296875,52.3125,45.296875,775.0625,771.078125,77.0625,73.078125,3.05115811264966,-1.61196612097468,2.01950003653553,0.93415258152408,-1.03165807611414,2.54611870249876,2.70540852856669,1
7215,76,7215,7218,743.359375,747.21875,45.359375,49.21875,768.109375,775,70.109375,77,-0.730572378417639,1.79100685749559,-1.76827561143744,-1.85958464729138,-1.0377032330198,2.63259380239262,2.61288827176717,1
7216,77,7216,7219,744.265625,750.921875,46.265625,52.921875,769.015625,778.703125,71.015625,80.703125,2.3435326606984,-0.231780854745663,1.29897033900236,2.30513258088113,-1.04456232169604,2.53691343562679,2.70170954985676,1
7217,78,7217,7220,745.21875,746.265625,47.21875,48.265625,769.96875,774.046875,71.96875,76.046875,-0.865939675680866,0.363099723270692,-1.92101018378177,2.85632037379454,-1.0550705081009,2.49322065052385,2.73489414855483,1
7218,79,7218,7221,746.390625,750.28125,48.390625,52.28125,771.140625,778.0625,73.140625,80.0625,2.5640297685824,-2.19538279601184,1.49229437048467,0.438350085813108,-1.07173539809773,2.63373288182495,2.57771702725691,1
7219,80,7219,7222,747.25,746.015625,49.25,48.015625,772,773.796875,74,75.796875,-1.01793848664301,2.57354892805835,-2.15247626662222,-1.00573156498919,-1.13453777997921,2.70390481413204,2.44474271306834,1
7220,81,7220,7223,748.28125,749.28125,50.28125,51.28125,773.03125,777.0625,75.03125,79.0625,1.66763234218673,-2.58123233735533,0.629085389097869,0.0468950459747485,-1.03854695308886,2.62812738333008,2.61651097076064,1
7221,82,7221,7224,749.609375,745.15625,51.609375,47.15625,774.359375,772.9375,76.359375,74.9375,-1.84964987158877,-2.11559108654059,-2.90390565055315,0.529647280668981,-1.05425577896438,2.64523836720957,2.58369116100564,1
7222,83,7222,7225,750.5,749.03125,52.5,51.03125,775.25,776.8125,77.25,78.8125,1.2443965748549,-2.09373790265076,0.243946957224697,0.601593289491885,-1.00044961763021,2.69533119214265,2.58740449740673,1
7223,84,7223,7226,743.40625,744.578125,45.40625,46.578125,768.15625,772.359375,70.15625,74.359375,-2.38222898208571,-1.44823110863499,2.78184233004287,1.12283755954147,-1.119113995051,2.57106866817646,2.59300264395213,1
7224,85,7224,7227,744.78125,748.484375,46.78125,50.484375,769.53125,776.265625,71.53125,78.265625,0.183850184134031,1.41377427814698,-0.785547011149884,-2.24745127720894,-0.969397195283916,2.62195975182366,2.69182836007201,1
7225,86,7225,7228,745.3125,743.90625,47.3125,45.90625,770.0625,771.6875,72.0625,73.6875,2.31872662979398,-0.885036226485774,1.22317089891118,1.67104794186128,-1.0955557308828,2.55608416834706,2.63154540794973,1
7226,87,7226,7229,746.625,747.640625,48.625,49.640625,771.375,775.421875,73.375,77.421875,-1.3711314148967,-0.228030491588601,-2.45812545075505,2.34981969021766,-1.08699403585835,2.57785018180626,2.61834108951498,1
7227,88,7227,7230,747.484375,743.1875,49.484375,45.1875,772.234375,770.96875,74.234375,72.96875,0.800059802902641,0.0938740025583544,-0.162877147287265,2.6117164729136,-0.962936950189907,2.51784247035525,2.80240588663444,1
7228,89,7228,7231,748.90625,747.015625,50.90625,49.015625,773.65625,774.796875,75.65625,76.796875,-2.68764484748937,0.673385904350761,2.57194548852235,-3.05351418364277,-1.02359497116787,2.55628521918605,2.70330511682567,1
7229,90,7229,7232,749.59375,742.859375,51.59375,44.859375,774.34375,770.640625,76.34375,72.640625,-0.197754795729153,1.33240088424119,-1.15939202154901,-2.3231416156167,-0.961637225819859,2.6276428073217,2.69390527403803,1
7230,91,7230,7233,750.703125,746.15625,52.703125,48.15625,775.453125,773.9375,77.453125,75.9375,2.5580987847212,1.47025197708505,1.57433288312394,-2.19276278539184,-0.983765901597264,2.6201705447027,2.67924886087962,1
7231,92,7231,7234,743.703125,750.15625,45.703125,52.15625,768.453125,777.9375,70.453125,79.9375,-1.10499244819543,-1.52433732347444,-2.21650787278451,1.02421001283908,-1.11151542458908,2.54854733631352,2.62312254627699,1
7232,93,7232,7235,744.828125,745.90625,46.828125,47.90625,769.578125,773.6875,71.578125,75.6875,1.84082413031592,1.95673111474453,0.744249012686666,-1.640361249989,-1.09657511762925,2.68609294244606,2.50051724710427,1
7233,94,7233,7236,745.75,749.546875,47.75,51.546875,770.5,777.328125,72.5,79.328125,-1.85881229879583,2.31069111901118,-2.94862700691642,-1.33797594031919,-1.08981470812058,2.63451824784921,2.55885235120979,1
7234,95,7234,7237,746.9375,745.140625,48.9375,47.140625,771.6875,772.921875,73.6875,74.921875,0.493999348829441,2.97172730546122,-0.468916394898061,-0.644002705839088,-0.962915743727502,2.66745529587928,2.65281426757281,1
7235,96,7235,7238,747.828125,748.953125,49.828125,50.953125,772.578125,776.734375,74.578125,78.734375,2.72024778850017,3.1060011492174,1.67224092345229,-0.499779367678225,-1.04800686504788,2.67740479028396,2.55777365184775,1
7236,97,7236,7239,749.03125,744.703125,51.03125,46.703125,773.78125,772.484375,75.78125,74.484375,-1.28086141681676,2.74618308182991,-2.3620987880106,-0.828993271539319,-1.08123737119383,2.70800895381035,2.4939389821754,1
7237,98,7237,7240,749.953125,748.296875,51.953125,50.296875,774.703125,776.078125,76.703125,78.078125,1.21145688586139,-2.99173217952425,0.254150960784194,-0.35315331544477,-0.957305925077195,2.63857886407948,2.68730051802291,1
7238,99,7238,7241,742.9375,744.109375,44.9375,46.109375,767.6875,771.890625,69.6875,73.890625,-2.48027743480422,-2.9055710784536,2.72902148401788,-0.245945340322833,-1.07388638835748,2.65962573813077,2.54967318069134,1
7239,100,7239,7242,744.0625,748.03125,46.0625,50.03125,768.8125,775.8125,70.8125,77.8125,-0.508121153463528,-0.492856776495446,-1.49515088701623,2.08186201415089,-0.987029733552706,2.57471879064634,2.72143678298054,1
7240,101,7240,7243,745.109375,743.4375,47.109375,45.4375,769.859375,771.21875,71.859375,73.21875,1.70745185272487,3.12405026372609,0.663389981817085,-0.516582299648437,-1.04406187090778,2.64255274380506,2.59657069246675,1
7241,102,7241,7244,746.109375,747.15625,48.109375,49.15625,770.859375,774.9375,72.859375,76.9375,-2.16417067363576,-2.6480549160335,3.04847810318936,-0.00386645920868305,-1.07053653035446,2.64418845682482,2.5684603200003,1
7242,103,7242,7245,747.1875,742.953125,49.1875,44.953125,771.9375,770.734375,73.9375,72.734375,0.260516193776874,-2.58231692210912,-0.740697645868973,0.0962352280204494,-1.00121383964585,2.67855215012957,2.60341931740417,1
7243,104,7243,7246,748.125,746.78125,50.125,48.78125,772.875,774.5625,74.875,76.5625,2.03035286853937,0.262999737881122,0.966475054895656,2.82193290339761,-1.06387781364372,2.55893316551648,2.66037432801938,1
7244,105,7244,7247,749.140625,750.265625,51.140625,52.265625,773.890625,778.046875,75.890625,80.046875,-1.67683569704907,0.405904539963457,-2.84637075068761,2.92394134166935,-1.16953505363854,2.5180368017059,2.59561345183515,1
7245,106,7245,7248,750.125,746.046875,52.125,48.046875,774.875,773.828125,76.875,75.828125,0.906134978461389,-1.89191127565888,-0.0621672427944163,0.743241070780765,-0.968302221255806,2.63515234643964,2.67973073948414,1
7246,107,7246,7249,743.21875,749.828125,45.21875,51.828125,767.96875,777.609375,69.96875,79.609375,3.08241389677195,-1.21034681008844,2.06839741257305,1.3518830373082,-1.0140164841989,2.56222984739663,2.70693897558406,1
7247,108,7247,7250,744.1875,745.28125,46.1875,47.28125,768.9375,773.0625,70.9375,75.0625,-1.13403075042995,-0.856482269570688,-2.27008233837467,1.62608570502368,-1.13605158794472,2.48256797459436,2.6645657446405,1
7248,109,7248,7251,745.34375,748.984375,47.34375,50.984375,770.09375,776.765625,72.09375,78.765625,1.24900196183521,-0.866036769620987,0.214879515874935,1.69184816005616,-1.03412244596028,2.55788492967715,2.69117793154216,1
7249,110,7249,7252,746.25,745.015625,48.25,47.015625,771,772.796875,73,74.796875,-2.74297690557469,2.35423945847006,2.43182204545434,-1.24518282396592,-1.10838635615056,2.68376302474361,2.49103592628541,1
7250,111,7250,7253,747.3125,748.796875,49.3125,50.796875,772.0625,776.578125,74.0625,78.578125,-0.612079649203188,3.09862972353875,-1.62487015092113,-0.491835375996654,-1.01279050171794,2.69272020764418,2.57767459781747,1
7251,112,7251,7254,748.21875,744.09375,50.21875,46.09375,772.96875,771.875,74.96875,73.875,1.57960331806019,0.554599341399904,0.554168406887338,3.08778519491401,-1.02543491117285,2.5331858535141,2.72456454249263,1
7252,113,7252,7255,749.5625,748.0625,51.5625,50.0625,774.3125,775.84375,76.3125,77.84375,-2.09383179398497,1.17887464798978,3.10007821982205,-2.46684523901744,-1.08927529337257,2.63746542017236,2.55644459363465,1
7253,114,7253,7256,750.828125,743.609375,52.828125,45.609375,775.578125,771.390625,77.578125,73.390625,-0.284436987541564,1.26563089264459,-1.23921993045052,-2.40870175666681,-0.954782942908954,2.60885265786819,2.71954970640245,1
7254,115,7254,7257,743.59375,747.078125,45.59375,49.078125,768.34375,774.859375,70.34375,76.859375,1.90562824174173,1.35928176353894,0.866542118537497,-2.29979577786504,-1.03908612320423,2.6241077657756,2.61999141819975,1
7255,116,7255,7258,744.78125,743.015625,46.78125,45.015625,769.53125,770.796875,71.53125,72.796875,-2.23792712752026,2.39001861126928,2.99642308961145,-1.19745589869821,-1.04883509004787,2.69571079721209,2.53863941991962,1
7256,117,7256,7259,745.796875,746.90625,47.796875,48.90625,770.546875,774.6875,72.546875,76.6875,-0.032015516335628,2.51821114741055,-1.02979074634567,-1.03682022092403,-0.997775230010041,2.728153938845,2.55725613832454,1
7257,118,7257,7260,746.78125,750.515625,48.78125,52.515625,771.53125,778.296875,73.53125,80.296875,2.357934035483,2.62734433094184,1.32637071526958,-0.956733349550354,-1.03156332021342,2.69910762668739,2.55251436027877,1
7258,119,7258,7261,747.765625,746.078125,49.765625,48.078125,772.515625,773.859375,74.515625,75.859375,-1.69096387884049,2.78164725450931,-2.79391683528481,-0.788104367319948,-1.10295295644432,2.71343368535033,2.46679866538494,1
7259,120,7259,7262,748.890625,750.015625,50.890625,52.015625,773.640625,777.796875,75.640625,79.796875,0.439963755583042,-0.0208191301921201,-0.490893133673462,2.5600533307899,-0.930856889256504,2.58087246098202,2.77145595694106,1
7260,121,7260,7263,749.96875,745.40625,51.96875,47.40625,774.71875,773.1875,76.71875,75.1875,2.50537921002701,-2.50308384494247,1.52810391223955,0.0920422816287732,-0.977275297787463,2.59512612657125,2.71078388282088,1
7261,122,7261,7264,751.0625,749.125,53.0625,51.125,775.8125,776.90625,77.8125,78.90625,-2.01288604791533,-2.0207387120526,-3.07131938226019,0.572949213790103,-1.05843333434486,2.5936879258427,2.63106404699202,1
7262,123,7262,7265,744.046875,745.015625,46.046875,47.015625,768.796875,772.796875,70.796875,74.796875,-0.221523373526001,-1.39436795989062,-1.2222485344292,1.21133162827542,-1.0007251609032,2.60569958816605,2.67676055811034,1
7263,124,7263,7266,745.0625,748.5,47.0625,50.5,769.8125,776.28125,71.8125,78.28125,1.44077345697809,-0.960050965757329,0.422574477219103,1.57699120131974,-1.01819897975899,2.53704216707707,2.72794416034353,1
7264,125,7264,7267,746.109375,744.078125,48.109375,46.078125,770.859375,771.859375,72.859375,73.859375,-2.79811894135581,-0.895452987018691,2.39860637193464,1.61212010646291,-1.08645999388914,2.50757309348161,2.68915221980884,1
7265,126,7265,7268,747.140625,748.0625,49.140625,50.0625,771.890625,775.84375,73.890625,77.84375,-1.14269817076434,-0.599698925829258,-2.20835344296525,1.98797053869767,-1.06565527220091,2.58766946452693,2.62986057045175,1
7266,127,7266,7269,748.21875,743.75,50.21875,45.75,772.96875,771.53125,74.96875,73.53125,1.08074730300708,-0.460756379846224,0.13330370144346,2.11049275044223,-0.947443601563616,2.57124913028846,2.76449257532752,1
7267,128,7267,7270,749.328125,747.359375,51.328125,49.359375,774.078125,775.140625,76.078125,77.140625,2.82445669399791,-0.249104420926157,1.75956100056031,2.23696237403126,-1.06489569343761,2.48606679495741,2.73222281878457,1
7268,129,7268,7271,750.265625,751.1875,52.265625,53.1875,775.015625,778.96875,77.015625,80.96875,-1.83838762372275,2.05459222768493,-2.9783084861339,-1.59309668020344,-1.13992086241114,2.63549639929122,2.50776804547723,1
7269,130,7269,7272,743.25,747.03125,45.25,49.03125,768,774.8125,70,76.8125,-0.068138631585914,2.14676927888238,-1.04022001940443,-1.46120546081779,-0.972081387818518,2.67521056747942,2.63589335188164,1
7270,131,7270,7273,744.265625,750.453125,46.265625,52.453125,769.015625,778.234375,71.015625,80.234375,2.0244958953289,-0.880008240817691,0.937186725732035,1.6381706011342,-1.08730916959687,2.51817884195189,2.67769729563083,1
7271,132,7271,7274,745.53125,746.109375,47.53125,48.109375,770.28125,773.890625,72.28125,75.890625,3.08382054446978,-1.03792877090381,2.01635294768324,1.51338105690976,-1.06746759678654,2.55130982781358,2.66440788257947,1
7272,133,7272,7275,746.796875,750,48.796875,52,771.546875,777.78125,73.546875,79.78125,-1.56596977821929,-1.01043226648306,-2.60444024788355,1.55226411772011,-1.03847046966426,2.56269638420317,2.68201845331216,1
7273,134,7273,7276,747.84375,745.6875,49.84375,47.6875,772.59375,773.46875,74.59375,75.46875,0.0475335404125404,-1.19897359887324,-0.921370367866943,1.35829784003795,-0.968903908279483,2.5572714389112,2.75700995998891,1
7274,135,7274,7277,748.875,749.171875,50.875,51.171875,773.625,776.953125,75.625,78.953125,1.5039157488357,-1.6895204104429,0.473622909802143,0.897491797655239,-1.03029283903355,2.58701220809814,2.66588026004789,1
7275,136,7275,7278,750.015625,745.09375,52.015625,47.09375,774.765625,772.875,76.765625,74.875,2.93538434859474,-1.3805074811744,1.92095847106723,1.20571788081856,-1.01442587752752,2.58622536199296,2.68253406765911,1
7276,137,7276,7279,743.015625,749.03125,45.015625,51.03125,767.765625,776.8125,69.765625,78.8125,-1.8878907340437,-1.89200903671635,-2.92650480408514,0.738545621695681,-1.03861407004144,2.63055465841203,2.61401657872612,1
7277,138,7277,7280,744.03125,744.625,46.03125,46.625,768.78125,772.40625,70.78125,74.40625,-0.237909044809292,-1.88276122697456,-1.18084458200366,0.725953652516712,-0.942935537194369,2.60871487949127,2.73153489049395,1
7278,139,7278,7281,745.078125,748.328125,47.078125,50.328125,769.828125,776.109375,71.828125,78.109375,1.83793696129203,-2.03364605107938,0.780223397059572,0.573146803304434,-1.05771356423245,2.60679285438382,2.61867888856331,1
7279,140,7279,7282,746.15625,744.078125,48.15625,46.078125,770.90625,771.859375,72.90625,73.859375,-2.71098199312931,-1.8940241544535,2.5147731358058,0.743084253807945,-1.05743017824447,2.63710840826145,2.58864672067367,1
7280,141,7280,7283,747.125,748.03125,49.125,50.03125,771.875,775.8125,73.875,77.8125,-0.882465583955648,0.179627583741096,-1.95773067492249,2.79252545053804,-1.07526509096684,2.61289786679694,2.59502234941581,1
7281,142,7281,7284,748.171875,743.421875,50.171875,45.421875,772.921875,771.203125,74.921875,73.203125,1.38944107699556,-2.66170874330899,0.343403673549377,-0.0346544340146668,-1.04603740344618,2.62705430929432,2.61009359443908,1
7282,143,7282,7285,749.40625,747.140625,51.40625,49.140625,774.15625,774.921875,76.15625,76.921875,-3.1345655231859,-3.03577711484004,2.08967030683681,-0.360486245535596,-1.05894947715687,2.67529086930444,2.54894496071827,1
7283,144,7283,7286,750.359375,743.078125,52.359375,45.078125,775.109375,770.859375,77.109375,72.859375,-1.93493943823049,-3.09632519701198,-3.12054345252013,-0.420089930316842,-1.18560401428965,2.67623526669514,2.4213460261948,1
7284,145,7284,7287,743.203125,746.734375,45.203125,48.734375,767.953125,774.515625,69.953125,76.515625,-0.465091342462895,2.99147130836831,-1.44826789182792,-0.628669247388189,-0.983176549365026,2.66304475142308,2.63696400639148,1
7285,146,7285,7288,744.328125,750.484375,46.328125,52.484375,769.078125,778.265625,71.078125,80.265625,1.13768994629704,2.86235057504079,0.144711747941742,-0.785036389161919,-0.9929781983553,2.63579834297687,2.65440876584741,1
7286,147,7286,7289,745.59375,746.1875,47.59375,48.1875,770.34375,773.96875,72.34375,75.96875,2.41191283347237,2.56941016194994,1.38200216430763,-1.04776945298903,-1.02991066916474,2.66600569224062,2.58726894577423,1
7287,148,7287,7290,746.78125,750.015625,48.78125,52.015625,771.53125,777.796875,73.53125,79.796875,-2.1272158763093,1.87228497289985,3.11311028377211,-1.7285250077684,-1.04285914709818,2.68237532651134,2.55795083357007,1
7288,149,7288,7291,747.78125,745.78125,49.78125,47.78125,772.53125,773.5625,74.53125,75.5625,-0.420700375165967,1.60720026077838,-1.39725512942485,-2.03079591590858,-0.976554754258886,2.64518913049262,2.66144142242808,1
7289,150,7289,7292,748.875,749.203125,50.875,51.203125,773.625,776.984375,75.625,78.984375,0.956949808044784,0.626067298232257,-0.00803691094386966,-3.10752550202755,-0.964986718988654,2.54959250691978,2.76860608127116,1
7290,151,7290,7293,749.84375,745.0625,51.84375,47.0625,774.59375,772.84375,76.59375,74.84375,2.72046390513166,0.119505628118346,1.72963322436642,2.68160515734501,-0.990830680765237,2.56209952922666,2.73025509718769,1
7291,152,7291,7294,751.109375,748.921875,53.109375,50.921875,775.859375,776.703125,77.859375,78.703125,-2.22395449430114,0.521679296625877,3.00746866156941,3.06264046858728,-1.05176215130904,2.54096117196141,2.69046198390914,1
7292,153,7292,7295,744.09375,744.796875,46.09375,46.796875,768.84375,772.578125,70.84375,74.578125,-0.767855770953403,2.5450474413824,-1.77152348006243,-1.00811111805405,-1.00366770910903,2.73002674774314,2.54949085032742,1
7293,154,7293,7296,745.109375,748.171875,47.109375,50.171875,769.859375,775.953125,71.859375,77.953125,0.392868317497713,-0.636139557421305,-0.618493063975073,1.9213478035831,-1.01136138147279,2.5574873610044,2.7143365647024,1
7294,155,7294,7297,746.1875,744.015625,48.1875,46.015625,770.9375,771.796875,72.9375,73.796875,1.72525715062276,-0.464281505072185,0.676874216470336,2.10804002126034,-1.04838293415243,2.57232152633253,2.66248084669463,1
7295,156,7295,7298,747.15625,748.015625,49.15625,50.015625,771.90625,775.796875,73.90625,77.796875,2.72903785568481,1.77129126734864,1.65057173345068,-1.83881757269954,-1.07846612223413,2.67307646713141,2.53164271781404,1
7296,157,7296,7299,748.28125,743.28125,50.28125,45.28125,773.03125,771.0625,75.03125,73.0625,-2.00462355411749,-0.788363336519091,3.11256849273177,1.70588585216378,-1.16599326033033,2.49424918868287,2.62294285816639,1
7297,158,7297,7300,749.40625,747.109375,51.40625,49.109375,774.15625,774.890625,76.15625,76.890625,-0.582450152237583,-0.505397607872116,-1.56884730852076,2.06114618575277,-0.986397156283172,2.56654379362488,2.73024435727153,1
7298,159,7298,7301,750.484375,750.90625,52.484375,52.90625,775.234375,778.6875,77.234375,80.6875,1.18430270816801,-0.432909434034542,0.157045183944334,2.16185775980549,-1.02725752422368,2.59476719384004,2.66116058911587,1
7299,160,7299,7302,743.71875,746.84375,45.71875,48.84375,768.46875,774.625,70.46875,76.625,2.97071752441897,-0.626044718543916,1.94996080070228,1.9653093534003,-1.02075672371669,2.59135407194422,2.67107451151867,1
7300,161,7300,7303,744.5625,750.140625,46.5625,52.140625,769.3125,777.921875,71.3125,79.921875,-1.51112784663551,-1.03443287716057,-2.65405854507966,1.48926328322255,-1.14293069844415,2.52369616038312,2.61655844835232,1
7301,162,7301,7304,745.84375,745.953125,47.84375,47.953125,770.59375,773.734375,72.59375,75.734375,-0.141290265975808,-0.774800313673713,-1.12788204349267,1.77161827056211,-0.986591777516865,2.54641858423583,2.7501749454269,1
7302,163,7302,7305,746.921875,749.703125,48.921875,51.703125,771.671875,777.484375,73.671875,79.484375,1.84238875837396,-1.40715832335125,0.796833233472458,1.17811241284806,-1.0455555249015,2.58527073619931,2.65235904607877,1
7303,164,7303,7306,747.9375,745.671875,49.9375,47.671875,772.6875,773.453125,74.6875,75.453125,-2.9561316512471,1.30688030623626,2.29315316991236,-2.36917901364297,-1.03390048602013,2.60712598730036,2.64215883385909,1
7304,165,7304,7307,748.921875,749.109375,50.921875,51.109375,773.671875,776.890625,75.671875,78.890625,-1.66331245106564,-1.78464570262246,-2.78120573566788,0.826418162460453,-1.11789328460224,2.61106386508291,2.55422815749443,1
7305,166,7305,7308,750.09375,745,52.09375,47,774.84375,772.78125,76.84375,74.78125,-0.653005573556233,-1.54936081082095,-1.67431229159418,1.04968159325307,-1.02130671803795,2.59904240407402,2.66283618506761,1
7306,167,7306,7309,743.09375,748.59375,45.09375,50.59375,767.84375,776.375,69.84375,78.375,0.996904222110777,-1.89334182139091,0.0364467887935516,0.710209531054412,-0.960457433317226,2.60355135244532,2.71917652141704,1
7307,168,7307,7310,744.109375,744.21875,46.109375,46.21875,768.859375,772,70.859375,74,2.09883265583142,-2.13873044925862,1.01680690756922,0.457383159059888,-1.08202574826219,2.59611360831851,2.60504595059888,1
7308,169,7308,7311,745.09375,748.171875,47.09375,50.171875,769.84375,775.953125,71.84375,77.953125,-2.68432255178107,0.264870866168778,2.53806321517637,2.80307156758599,-1.06079954022214,2.53820070141722,2.68418506554023,1
7309,170,7309,7312,746.1875,743.953125,48.1875,45.953125,770.9375,771.734375,72.9375,73.734375,-1.56108101529598,-2.704024429123,-2.70360998971369,-0.0427709698341518,-1.14252897441771,2.66125345928885,2.47940287347302,1
7310,171,7310,7313,747.328125,747.765625,49.328125,49.765625,772.078125,775.546875,74.078125,77.546875,-0.124542674336526,2.9497124269249,-1.06633906725306,-0.628956661235501,-0.941796392916537,2.70451621901918,2.63687269524387,1
7311,172,7311,7314,748.234375,743.140625,50.234375,45.140625,772.984375,770.921875,74.984375,72.921875,1.3010838707254,2.84864137041315,0.263228228267764,-0.795326437389435,-1.03785564245764,2.639217499377,2.60611216534495,1
7312,173,7312,7315,749.390625,747.046875,51.390625,49.046875,774.140625,774.828125,76.140625,76.828125,2.12219662127647,2.37833302162949,1.06261094762674,-1.21974294264059,-1.05958567364972,2.68510934290951,2.53849029062035,1
7313,174,7313,7316,750.84375,750.875,52.84375,52.875,775.59375,778.65625,77.59375,80.65625,2.79871901377751,2.03124928174164,1.77224624114784,-1.59462889808195,-1.02647277262967,2.65730712735599,2.59940540719392,1
7314,175,7314,7317,743.875,746.4375,45.875,48.4375,768.625,774.21875,70.625,76.21875,3.01423280095047,1.12465354781367,1.98820057946615,-2.56158061657671,-1.02603222148431,2.59695114278921,2.66020194290606,1
7315,176,7315,7318,745.03125,750.1875,47.03125,52.1875,769.78125,777.96875,71.78125,79.96875,-2.85115409656499,2.97876659923899,2.36180770790319,-0.636416172143548,-1.07022350271141,2.66800253579705,2.54495926867113,1
7316,177,7316,7319,746.140625,745.984375,48.140625,47.984375,770.890625,773.765625,72.890625,75.765625,-1.90816793672465,-0.327456967620071,-3.00844963214727,2.23953598941463,-1.10028169542263,2.5669929570347,2.61591065472226,1
7317,178,7317,7320,747.140625,749.921875,49.140625,51.921875,771.890625,777.703125,73.890625,79.703125,-1.24988405448794,-0.571542418176227,-2.37669865638467,2.00778679073489,-1.12681460189673,2.57932920891112,2.57704149637174,1
7318,179,7318,7321,748.15625,745.25,50.15625,47.25,772.90625,773.03125,74.90625,75.03125,-0.228765486629216,-1.09934499206507,-1.24546881814034,1.41684573856919,-1.01670333151112,2.51619073063425,2.75029124503421,1
7319,180,7319,7322,749.234375,749.140625,51.234375,51.140625,773.984375,776.921875,75.984375,78.921875,1.18881938099938,-1.64823176597745,0.192693284129867,0.923041275884312,-0.996126096869518,2.57127304186176,2.7157861684483,1
7320,181,7320,7323,750.1875,744.859375,52.1875,46.859375,774.9375,772.640625,76.9375,74.640625,2.17482958061398,-2.49506547211466,1.11899152340537,0.139869661208748,-1.05583805720861,2.6349351333234,2.59241211664757,1
7321,182,7321,7324,743.546875,748.875,45.546875,50.875,768.296875,776.65625,70.296875,78.65625,-2.94295126466954,-0.14442029715346,2.27923106279083,2.38771541944715,-1.06100297971921,2.53213571660061,2.69004661085976,1
7322,183,7322,7325,744.578125,744.265625,46.578125,46.265625,769.328125,772.046875,71.328125,74.046875,-1.82632721421157,2.79865199711068,-2.950921683496,-0.833819860708187,-1.12459446928443,2.65071344936072,2.50787738853443,1
7323,184,7323,7326,745.953125,748.109375,47.953125,50.109375,770.703125,775.890625,72.703125,77.890625,-0.723230880009596,-0.947653315304841,-1.72296782534455,1.57407067651295,-0.99973694533495,2.52172399181779,2.76172437002684,1
7324,185,7324,7327,746.890625,744.0625,48.890625,46.0625,771.640625,771.84375,73.640625,73.84375,0.473246529604724,2.53291706834984,-0.481090078016222,-1.02125558149216,-0.954336607620946,2.72901265733758,2.59983604222106,1
7325,186,7325,7328,748.015625,747.484375,50.015625,49.484375,772.765625,775.265625,74.765625,77.265625,1.6518347803763,1.80289593323806,0.646583326077935,-1.85073809714681,-1.00525145429836,2.62955127679472,2.6483825760865,1
7326,187,7326,7329,749.0625,751.59375,51.0625,53.59375,773.8125,779.375,75.8125,81.375,2.80459975506622,-2.2234376782771,1.79254099565598,0.419720937499994,-1.01205875941024,2.64315861577709,2.62796793199226,1
7327,188,7327,7330,750.125,746.96875,52.125,48.96875,774.875,774.75,76.875,76.75,-2.50831459030417,0.799099959398181,2.68924889225143,-2.9040486670558,-1.08562182462399,2.58003668072561,2.61752680182999,1
7328,189,7328,7331,751.125,742.921875,53.125,44.921875,775.875,770.703125,77.875,72.703125,-1.52582044530451,0.276167942053314,-2.69335627420779,2.84689638800877,-1.16753582890328,2.57072844595546,2.54492103232086,1
7329,190,7329,7332,744.203125,746.65625,46.203125,48.65625,768.953125,774.4375,70.953125,76.4375,-0.907232234978698,0.109408305969769,-1.97842881512432,2.69402846961769,-1.07119658014562,2.58462016364792,2.62736856338604,1
7330,191,7330,7333,745.328125,750.15625,47.328125,52.15625,770.078125,777.9375,72.078125,79.9375,-0.085629183996547,-0.697231203406834,-1.06284035411744,1.85267397740307,-0.977211170120894,2.5499051808099,2.75606895624879,1
7331,192,7331,7334,746.640625,746.0625,48.640625,48.0625,771.390625,773.84375,73.390625,75.84375,0.724181458848008,1.43127123998469,-0.263728575212752,-2.23043920952252,-0.98791003406076,2.62147485767237,2.67380041544645,1
7332,193,7332,7335,747.890625,750.0625,49.890625,52.0625,772.640625,777.84375,74.640625,79.84375,1.66616694057869,-2.19763596285876,0.679873549461373,0.508255627237013,-0.986293391117314,2.70589159009577,2.5910003259665,1
7333,194,7333,7336,748.875,745.609375,50.875,47.609375,773.625,773.390625,75.625,75.390625,2.6454265628004,2.89961639630666,1.62973389344577,-0.744867750975508,-1.01569266935463,2.63870115989741,2.62879147792754,1
7334,195,7334,7337,749.890625,749.3125,51.890625,51.3125,774.640625,777.09375,76.640625,79.09375,-2.77024989994897,1.56447589374687,2.43380283570066,-2.07085896326134,-1.07913257152995,2.64785045017138,2.55620228547825,1
7335,196,7335,7338,743.09375,745.09375,45.09375,47.09375,767.84375,772.875,69.84375,74.875,-2.16027393298692,1.06908689782958,3.09060297448275,-2.56630965933518,-1.03230839970991,2.64778875001483,2.60308815745484,1
7336,197,7336,7339,744.03125,748.96875,46.03125,50.96875,768.78125,776.75,70.78125,78.75,-2.00238803794633,-0.562842316610862,-3.11408501495622,2.03505591953363,-1.11169697700988,2.59789823614449,2.57359009402521,1
7337,198,7337,7340,745.171875,744.65625,47.171875,46.65625,769.921875,772.4375,71.921875,74.4375,-1.32106375930613,-1.6971563545021,-2.41418262605424,0.877731285490736,-1.09311886674812,2.57488763999284,2.61517880043863,1
7338,199,7338,7341,746.140625,748.453125,48.140625,50.453125,770.890625,776.234375,72.890625,78.234375,-0.826705783729057,-0.860756178427918,-1.8955663917824,1.64703014540564,-1.06886060805334,2.50778632383356,2.70653837529269,1
7339,200,7339,7342,747.296875,744.125,49.296875,46.125,772.046875,771.90625,74.046875,73.90625,-0.470832375940575,2.06514869852554,-1.47892161516547,-1.56736060717756,-1.0080892392249,2.65067600147649,2.6244200664782,1
7340,201,7340,7343,748.40625,748.046875,50.40625,50.046875,773.15625,775.828125,75.15625,77.828125,0.00345470957158591,0.84934248150927,-0.963850389530652,-2.82824895508011,-0.967305099102238,2.6055938705902,2.71028633748715,1
7341,202,7341,7344,749.8125,743.71875,51.8125,45.71875,774.5625,771.5,76.5625,73.5,0.476784379707681,-0.75147387103587,-0.516265079550696,1.80555991463886,-0.993049459258377,2.55703378567473,2.73310206224648,1
7342,203,7342,7345,750.90625,747.453125,52.90625,49.453125,775.65625,775.234375,77.65625,77.234375,1.41264380406315,-1.96753396967845,0.385627353681336,0.656838730170337,-1.02701645038181,2.62437269984879,2.63179615694898,1
7343,204,7343,7346,744.046875,743.109375,46.046875,45.109375,768.796875,770.890625,70.796875,72.890625,1.5434478222503,3.1147905991444,0.528149616281375,-0.51411715466633,-1.01529820596893,2.65427755336885,2.61360954784181,1
7344,205,7344,7347,744.921875,747.046875,46.921875,49.046875,769.671875,774.828125,71.671875,76.828125,1.7565703978152,1.81794496950597,0.740845834334992,-1.80474466716862,-1.0157245634802,2.660495670505,2.60696507319439,1
7345,206,7345,7348,746.109375,751.03125,48.109375,53.03125,770.859375,778.8125,72.859375,80.8125,2.18311100882859,-3.06269897401595,1.11140115005094,-0.365308390831667,-1.07170985877765,2.69739058318428,2.51408486521766,1
7346,207,7346,7349,747.171875,746.359375,49.171875,48.359375,771.921875,774.140625,73.921875,76.140625,2.95889765783046,-1.13998452137133,1.92942655956051,1.36901933877865,-1.02947109826996,2.50900386014998,2.74471034875965,1
7347,208,7347,7350,748.328125,750.3125,50.328125,52.3125,773.078125,778.09375,75.078125,80.09375,-3.06484852159598,-0.530035942519322,2.12988889466654,2.0255646014078,-1.08844789091707,2.55560054392713,2.63913687233539,1
7348,209,7348,7351,749.78125,746.078125,51.78125,48.078125,774.53125,773.859375,76.53125,75.859375,-2.65635560143077,1.56032195063798,2.59054462517573,-2.05862194038868,-1.03628508057309,2.66424141615293,2.58265881045356,1
7349,210,7349,7352,750.6875,750.015625,52.6875,52.015625,775.4375,777.796875,77.4375,79.796875,-2.29037436033129,0.20825540742997,2.90668490947027,2.78076632942846,-1.08612603737803,2.57251092199849,2.62454834780306,1
7350,211,7350,7353,743.890625,745.921875,45.890625,47.921875,768.640625,773.703125,70.640625,75.703125,-1.85167319608046,-1.51441459456808,-2.94526708437578,1.09481530941615,-1.09359388829532,2.60922990398423,2.58036151490004,1
7351,212,7351,7354,744.984375,749.734375,46.984375,51.734375,769.734375,777.515625,71.734375,79.515625,-1.96538559094674,-0.0259182409584237,-3.05088354933502,2.50060393018844,-1.08549795838828,2.52652217114687,2.67116517764443,1
7352,213,7352,7355,746.125,745.203125,48.125,47.203125,770.875,772.984375,72.875,74.984375,-1.79370170896948,2.0136496361909,-2.88577924892787,-1.64074920846187,-1.09207753995839,2.62878646252682,2.56232130469438,1
7353,214,7353,7356,747.25,749.125,49.25,51.125,772,776.90625,74,78.90625,-1.5130012381422,1.26398586867232,-2.56738717046432,-2.38710535580409,-1.05438593232212,2.63209408270317,2.59670529215429,1
7354,215,7354,7357,748.125,744.90625,50.125,46.90625,772.875,772.6875,74.875,74.6875,-0.905240340087809,-0.250383975454995,-1.94697304716532,2.29792234438151,-1.04173270707751,2.54830631983651,2.69314628026557,1
7355,216,7355,7358,749.25,748.59375,51.25,50.59375,774,776.375,76,78.375,-0.725779767411973,-1.72675659987642,-1.7478512368629,0.891812677721682,-1.02207146945093,2.6185692775981,2.64254456013056,1
7356,217,7356,7359,750.421875,744.28125,52.421875,46.28125,775.171875,772.0625,77.171875,74.0625,0.01222769272017,-2.81788829473554,-0.952129043675099,-0.183169347624102,-0.964356736395269,2.63471894711144,2.68410962367288,1
7357,218,7357,7360,743.734375,748.078125,45.734375,50.078125,768.484375,775.859375,70.484375,77.859375,0.585030954130632,-1.64398545353849,-0.387224965684034,0.929569354068152,-0.972255919814666,2.57355480760664,2.73737457975828,1
7358,219,7358,7361,744.953125,744.046875,46.953125,46.046875,769.703125,771.828125,71.703125,73.828125,1.43122658984651,0.943700727472274,0.435381935570297,-2.68685545395865,-0.995844654276218,2.65262912574866,2.63471152715471,1
7359,220,7359,7362,745.96875,747.625,47.96875,49.625,770.71875,775.40625,72.71875,77.40625,1.47232600392627,-0.311680193632648,0.479669612111738,2.26118204999134,-0.992656391814535,2.57286224362399,2.71766667174107,1
7360,221,7360,7363,747.0625,743.40625,49.0625,45.40625,771.8125,771.1875,73.8125,73.1875,2.15047877987142,-1.58867436629361,1.13836247271354,0.980104426832159,-1.01211630715787,2.56877879312577,2.70229020689594,1
7361,222,7361,7364,748.15625,747.09375,50.15625,49.09375,772.90625,774.875,74.90625,76.875,2.61426045480094,3.00592876073627,1.5731234279149,-0.620275012393922,-1.04113702688603,2.6569815340494,2.58506674624415,1
7362,223,7362,7365,749.234375,743.046875,51.234375,45.046875,773.984375,770.828125,75.984375,72.828125,-3.11577559314127,1.2803248476791,2.11115271855058,-2.37878205632643,-1.05625699548774,2.62407840317406,2.60284990851779,1
7363,224,7363,7366,750.171875,746.9375,52.171875,48.9375,774.921875,774.71875,76.921875,76.71875,-2.62329100397648,2.31834525567573,2.59882162645293,-1.30713021149557,-1.06107267675018,2.65770984000828,2.56440279042113,1
7364,225,7364,7367,743.25,750.53125,45.25,52.53125,768,778.3125,70,80.3125,-2.4084860528603,-1.52097694736854,2.78291858952224,1.05595076700211,-1.09178066479705,2.57692771437065,2.61447692801188,1
7365,226,7365,7368,744.53125,746.5,46.53125,48.5,769.28125,774.28125,71.28125,76.28125,-2.29161050896561,-0.241531942295271,2.93685522346303,2.27223856906075,-1.05471957475094,2.51377051135602,2.71469522107262,1
7366,227,7366,7369,745.8125,750.0625,47.8125,52.0625,770.5625,777.84375,72.5625,79.84375,-2.06079196787329,2.12620106599558,-3.10407294800391,-1.52185749097432,-1.04328098013062,2.63512675020969,2.60477757683928,1
7367,228,7367,7370,747,745.9375,49,47.9375,771.75,773.71875,73.75,75.71875,-1.54549395270813,0.338956692233826,-2.59153882970536,2.92150525613184,-1.04604487699723,2.58254856389801,2.65459186628434,1
7368,229,7368,7371,748,749.921875,50,51.921875,772.75,777.703125,74.75,79.703125,-1.30044307663321,2.13371967778854,-2.30320259777709,-1.5017539604878,-1.00275952114387,2.64771166890325,2.63271411713246,1
7369,230,7369,7372,749.1875,745.4375,51.1875,47.4375,773.9375,773.21875,75.9375,75.21875,-1.09211501914044,-1.90736988006899,-2.23317762485734,0.676942793337869,-1.1410626057169,2.58431267340686,2.55781002805583,1
7370,231,7370,7373,750.203125,749.28125,52.203125,51.28125,774.953125,777.0625,76.953125,79.0625,-1.12086189018019,2.66715143363745,-2.28358027404624,-0.942019341653284,-1.16271838386605,2.67401453188885,2.44645239142469,1
7371,232,7371,7374,743.296875,745.1875,45.296875,47.1875,768.046875,772.96875,70.046875,74.96875,-0.961496415729085,-2.22742758229767,-2.10937819528829,0.42342406192209,-1.14788177955921,2.65085164421976,2.48445188340062,1
7372,233,7372,7375,744.359375,748.96875,46.359375,50.96875,769.109375,776.75,71.109375,78.75,-1.02309520676692,-0.548613366933725,-2.1209740775011,2.06649764959428,-1.09787887073418,2.615111016528,2.5701954199174,1
7373,234,7373,7376,745.8125,744.765625,47.8125,46.765625,770.5625,772.546875,72.5625,74.546875,-0.973620905330748,0.573175364754499,-2.0402835454788,3.12741285772621,-1.06666264014805,2.55423749297171,2.66228517405982,1
7374,235,7374,7377,746.84375,748.609375,48.84375,50.609375,771.59375,776.390625,73.59375,78.390625,-0.754218044401425,2.47394733860076,-1.78883762401233,-1.0812600548058,-1.03461957961091,2.72797791377303,2.52058781379565,1
7375,236,7375,7378,748.0625,744.109375,50.0625,46.109375,772.8125,771.890625,74.8125,73.890625,-0.805380538571126,0.477721727635782,-1.8976053755359,3.01108678854979,-1.09222483696477,2.53336506091401,2.6575954093008,1
7376,237,7376,7379,749.21875,747.953125,51.21875,49.953125,773.96875,775.734375,75.96875,77.734375,-0.480709097340439,-1.20593817544079,-1.52207361947185,1.39370113626959,-1.04136452213142,2.59963931171038,2.64218147333779,1
7377,238,7377,7380,750.234375,743.875,52.234375,45.875,774.984375,771.65625,76.984375,73.65625,-0.543848617032823,-1.47211627635594,-1.54480399234336,1.13330220386312,-1.00095537531054,2.60541848021906,2.67681145164999,1
7378,239,7378,7381,743.421875,747.640625,45.421875,49.640625,768.171875,775.421875,70.171875,77.421875,-0.605379908706246,-2.1991413577867,-1.62461276973419,0.459036844409186,-1.01923286102795,2.65817820219589,2.60577424395575,1
7379,240,7379,7382,744.734375,743.1875,46.734375,45.1875,769.484375,770.96875,71.484375,72.96875,-0.467229974125269,-2.9602477985155,-1.47783147495021,-0.308678153469372,-1.01060150082494,2.65156964504613,2.62101416130852,1
7380,241,7380,7383,745.9375,747.09375,47.9375,49.09375,770.6875,774.875,72.6875,76.875,-0.681817449364718,2.44742425069233,-1.64580527216274,-1.14173467083687,-0.963987822798021,2.69402638565039,2.62517109873117,1
7381,242,7381,7384,746.9375,750.96875,48.9375,52.96875,771.6875,778.75,73.6875,80.75,-0.510496697616233,-1.49976962810522,-1.50462502734552,1.09409435895833,-0.99412832972929,2.59386398706355,2.69519299038674,1
7382,243,7382,7385,748.03125,746.609375,50.03125,48.609375,772.78125,774.390625,74.78125,76.390625,-0.572950908686739,-2.65280456364579,-1.54546143296007,-0.015308512749925,-0.972510524273332,2.63749605089587,2.67317873201039,1
7383,244,7383,7386,749.203125,750.15625,51.203125,52.15625,773.953125,777.9375,75.953125,79.9375,-0.543804518785057,0.538927558403248,-1.55778594648735,3.06190253127496,-1.0139814277023,2.52297497287171,2.74622890660558,1
7384,245,7384,7387,750.234375,745.890625,52.234375,47.890625,774.984375,773.671875,76.984375,75.671875,-0.44132747027494,-0.786733883350732,-1.43347225294901,1.75594436069246,-0.992144782674065,2.54267824404319,2.74836228046233,1
7385,246,7385,7388,743.640625,749.875,45.640625,51.875,768.390625,777.65625,70.390625,79.65625,-0.0844076274725349,-1.75974178775459,-1.11449915094635,0.832487571889546,-1.03009152347382,2.59222935964414,2.66086442406163,1
7386,247,7386,7389,744.71875,745.375,46.71875,47.375,769.46875,773.15625,71.46875,75.15625,0.488415117285485,-2.93116549505231,-0.512849952263406,-0.278652746676145,-1.00126506954889,2.65251274837617,2.62940748925453,1
7387,248,7387,7390,745.625,749.1875,47.625,51.1875,770.375,776.96875,72.375,78.96875,0.755717061596822,1.92234516882134,-0.235213574360792,-1.71964545122913,-0.990930635957614,2.64119468712911,2.65105998409286,1
7388,249,7388,7391,746.8125,745,48.8125,47,771.5625,772.78125,73.5625,74.78125,1.13330118384242,0.805404675652081,0.185590515706495,-2.87115806268809,-0.947710668135928,2.60662256883942,2.72885207020424,1
7389,250,7389,7392,748.109375,749,50.109375,51,772.859375,776.78125,74.859375,78.78125,0.883137807457678,-1.32350440148368,-0.0939010495024118,1.25548561310047,-0.97703885696009,2.57899001458415,2.72715643563534,1
7390,251,7390,7393,749.171875,744.703125,51.171875,46.703125,773.921875,772.484375,75.921875,74.484375,1.09551707708301,2.9438836141153,0.101968332399107,-0.645415129327096,-0.993548744683903,2.69388656373719,2.5957499987585,1
7391,252,7391,7394,750.1875,748.75,52.1875,50.75,774.9375,776.53125,76.9375,78.53125,0.832855615100898,-2.0259708914975,-0.11468051987186,0.608748849512206,-0.947536134972758,2.63471974100971,2.70092943119712,1
7392,253,7392,7395,743.28125,744.203125,45.28125,46.203125,768.03125,771.984375,70.03125,73.984375,0.696467925718882,2.17009056866279,-0.283886184887803,-1.49350454984708,-0.980354110606685,2.61959018866972,2.68324100790318,1
7393,254,7393,7396,744.234375,748.0625,46.234375,50.0625,768.984375,775.84375,70.984375,77.84375,0.544437587601218,-2.31984172759326,-0.435095160422156,0.312171283838067,-0.979532748023374,2.63201301143133,2.67163954772488,1
7394,255,7394,7397,745.9375,743.96875,47.9375,45.96875,770.6875,771.75,72.6875,73.75,0.0885014697548758,1.84093132559821,-0.878446258922456,-1.77241979070523,-0.966947728677332,2.66983419087615,2.64640338762611,1
7395,0,7395,7398,746.9375,747.6875,48.9375,49.6875,771.6875,775.46875,73.6875,77.46875,-0.163919178952921,-0.201738276417852,-1.18693793444765,2.34778905319837,-1.02301875549473,2.54952732961622,2.71063922206863,1
7396,1,7396,7399,748.0625,751.53125,50.0625,53.53125,772.8125,779.3125,74.8125,81.3125,-0.528063910098114,0.359975782022685,-1.53385346727258,2.91709404384145,-1.00578955717446,2.55711826181877,2.72027748818636,1
7397,2,7397,7400,749.15625,747.140625,51.15625,49.140625,773.90625,774.921875,75.90625,76.921875,-1.09227132987173,2.25408820509297,-2.21443432550994,-1.38637394116318,-1.12216299563821,2.64272316092343,2.51829915061795,1
7398,3,7398,7401,750.15625,743.03125,52.15625,45.03125,774.90625,770.8125,76.90625,72.8125,-1.63374679636761,0.435331382599498,-2.82188551522799,2.99409355679766,-1.18813871886038,2.55876217419816,2.53628441412104,1
7399,4,7399,7402,743.40625,746.921875,45.40625,48.921875,768.15625,774.703125,70.15625,76.703125,-1.72886278278375,-1.68338359493679,-2.87440413751228,0.905741302242852,-1.14554135472853,2.58912489717964,2.54851905527142,1
7400,5,7400,7403,744.578125,750.765625,46.578125,52.765625,769.328125,778.546875,71.328125,80.546875,-2.27957152358903,-0.796191030014309,2.95008274819488,1.7415913702733,-1.05353103539567,2.53778240028761,2.69187187149631,1
7401,6,7401,7404,745.65625,746.46875,47.65625,48.46875,770.40625,774.25,72.40625,76.25,-2.40096293454796,0.779358513678063,2.7803230920487,-2.93806800721707,-1.10189928058293,2.56575878628446,2.6155272403122,1
7402,7,7402,7405,746.953125,750.21875,48.953125,52.21875,771.703125,778,73.703125,80,-2.56505894944653,-1.32489992208699,2.62682770546988,1.20600489757032,-1.09129865226318,2.53090481965731,2.6609818352591,1
7403,8,7403,7406,748.140625,746.078125,50.140625,48.078125,772.890625,773.859375,74.890625,75.859375,-2.94997443472796,2.95301584433532,2.32177139680759,-0.649826472623645,-1.01143947564404,2.68034299022062,2.59140284131493,1
7404,9,7404,7407,749.28125,749.953125,51.28125,51.953125,774.03125,777.734375,76.03125,79.734375,2.36113482642168,1.41505297279165,1.29280326264267,-2.20039848127987,-1.06833156377901,2.66773385310807,2.54711989029251,1
7405,10,7405,7408,750.25,745.625,52.25,47.625,775,773.40625,77,75.40625,1.77926578031886,-0.850450501647943,0.72639012817941,1.66435282023674,-1.05287565213945,2.51480332188468,2.71550633315546,1
7406,11,7406,7409,743.828125,749.703125,45.828125,51.703125,768.578125,777.484375,70.578125,79.484375,1.1682495495438,-0.231624517315274,0.195947905117811,2.32382670249528,-0.972301644425991,2.55545121981056,2.75543244294304,1
7407,12,7407,7410,744.875,745.109375,46.875,47.109375,769.625,772.890625,71.625,74.890625,0.607562467094641,1.53301340754063,-0.385893743514495,-2.12405161829022,-0.993456210609136,2.62612028134874,2.66360881522171,1
7408,13,7408,7411,746.125,749.046875,48.125,51.046875,770.875,776.828125,72.875,78.828125,-0.504076108500003,-0.142247007533107,-1.54660265710498,2.38914991337821,-1.04252654860498,2.53139692091132,2.70926183766329,1
7409,14,7409,7412,747.09375,744.96875,49.09375,46.96875,771.84375,772.75,73.84375,74.75,-1.55155818388466,-1.53639717190822,-2.65984105806314,1.04912284396813,-1.10828287417847,2.58552001587635,2.58938241712476,1
7410,15,7410,7413,748.265625,748.9375,50.265625,50.9375,773.015625,776.71875,75.015625,78.71875,-2.19166645315717,-1.16097800151158,2.95061789865563,1.41014298679521,-1.14090095536678,2.5711209883068,2.57116336350601,1
7411,16,7411,7414,749.828125,744.28125,51.828125,46.28125,774.578125,772.0625,76.578125,74.0625,-2.93350330265076,0.458966611971405,2.29933384938683,2.97044248666,-1.05034815514199,2.51147587468859,2.721361277349,1
7412,17,7412,7415,750.84375,748.109375,52.84375,50.109375,775.59375,775.890625,77.59375,77.890625,3.11779881107325,-1.05606308800853,2.0877641601242,1.46057612546424,-1.03003465094905,2.51663921347276,2.73651144275777,1
7413,18,7413,7416,743.96875,744.109375,45.96875,46.109375,768.71875,771.890625,70.71875,73.890625,2.44081321654276,-3.01039313885451,1.41165647946259,-0.341156147159227,-1.02915673708018,2.66923699169528,2.58479157840413,1
7414,19,7414,7417,745.078125,748.03125,47.078125,50.03125,769.828125,775.8125,71.828125,77.8125,1.79959722880059,1.3073819663851,0.739935752252056,-2.32072728474641,-1.05966147654854,2.65507605604808,2.56844777458297,1
7415,20,7415,7418,746.25,743.59375,48.25,45.59375,771,771.375,73,73.375,0.896209866171205,-0.467534194011534,-0.109237775581428,2.08214783368427,-1.00544764175263,2.54968202769581,2.72805563773115,1
7416,21,7416,7419,747.25,747.578125,49.25,49.578125,772,775.359375,74,77.359375,-0.309439577232234,-2.06683297934074,-1.29197073226084,0.574027230685279,-0.982531155028602,2.64086021002602,2.65979394212496,1
7417,22,7417,7420,748.84375,751.5,50.84375,53.5,773.59375,779.28125,75.59375,81.28125,-1.4928426061932,-2.15733747038773,-2.4796191046751,0.447269713775405,-0.986776498481899,2.60460718416313,2.69180162453456,1
7418,23,7418,7421,749.921875,747.015625,51.921875,49.015625,774.671875,774.796875,76.671875,76.796875,-2.50571466175229,-0.741650573683957,2.71785322202831,1.80324580332274,-1.05961742339899,2.5448963770067,2.6786715067739,1
7419,24,7419,7422,743.03125,751.0625,45.03125,53.0625,767.78125,778.84375,69.78125,80.84375,3.11088890717217,0.865193602960146,2.07772275973426,-2.81269049285015,-1.03316614743791,2.60530121136929,2.64471794837239,1
7420,25,7420,7423,744.140625,746.8125,46.140625,48.8125,768.890625,774.59375,70.890625,76.59375,1.46168847784007,2.36065247358584,0.441808687116603,-1.24853187981397,-1.01987979072346,2.67400095377978,2.58930456267634,1
7421,26,7421,7424,745.46875,750.765625,47.46875,52.765625,770.21875,778.546875,72.21875,80.546875,0.109702238372677,-3.12292227809369,-0.870284345524414,-0.460924983617134,-0.979986583897091,2.66199729447655,2.64120142880594,1
7422,27,7422,7425,746.4375,746.171875,48.4375,48.171875,771.1875,773.953125,73.1875,75.953125,-0.81335468948282,-1.85541875190065,-1.85925014807083,0.714269221799666,-1.04589545858801,2.56968797370031,2.66760187489126,1
7423,28,7423,7426,747.96875,750.0625,49.96875,52.0625,772.71875,777.84375,74.71875,79.84375,-1.42703139573026,2.78329183586811,-2.4325491433442,-0.81002226704776,-1.00551774761394,2.68987120426371,2.58779635530194,1
7424,29,7424,7427,748.96875,746.046875,50.96875,48.046875,773.71875,773.828125,75.71875,75.828125,-1.59608702130372,0.215221860430741,-2.59903486532775,2.79800479081855,-1.00294784402403,2.58278293038781,2.69745453276775,1
7425,30,7425,7428,750.015625,749.9375,52.015625,51.9375,774.765625,777.71875,76.765625,79.71875,-2.47606520986429,-1.5213335940402,2.74843105173561,1.06713606044354,-1.05868904557969,2.58846965448373,2.63602660711617,1
7426,31,7426,7429,743.25,745.375,45.25,47.375,768,773.15625,70,75.15625,2.38186870586574,2.11080658821372,1.34581011374768,-1.56342646800086,-1.03605859211807,2.608952250965,2.63817446409652,1
7427,32,7427,7430,744.53125,749.140625,46.53125,51.140625,769.28125,776.921875,71.28125,78.921875,1.40884231959269,-0.157509219958756,0.377435806862648,2.37011744055317,-1.03140651273005,2.52762666051192,2.72415213393762,1
7428,33,7428,7431,745.84375,745.171875,47.84375,47.171875,770.59375,772.953125,72.59375,74.953125,-0.484472705534786,-2.23886141289899,-1.4571610556876,0.413246766449247,-0.972688350152811,2.65210817934824,2.65838877767854,1
7429,34,7429,7432,747.015625,749.078125,49.015625,51.078125,771.765625,776.859375,73.765625,78.859375,-1.77612948504206,1.64019837913419,-2.80508083968117,-1.99092274344743,-1.02895135463911,2.65206418459797,2.60216976794251,1
7430,35,7430,7433,748.109375,745,50.109375,47,772.859375,772.78125,74.859375,74.78125,-3.10348939978283,2.05523753256723,2.12953831545122,-1.54262829539944,-1.05015759194554,2.68531947921292,2.54770823602113,1
7431,36,7431,7434,749.25,748.875,51.25,50.875,774,776.65625,76,78.65625,2.17331462067903,0.103054699452347,1.15356355739555,2.67751534294266,-1.01975106328349,2.57446064349031,2.68897360040578,1
7432,37,7432,7435,750.375,744.296875,52.375,46.296875,775.125,772.078125,77.125,74.078125,0.948683712928442,1.65952357692019,-0.00763350716097844,-2.03915180560018,-0.95631722008942,2.58450992465922,2.74235816243095,1
7433,38,7433,7436,743.84375,748.125,45.84375,50.125,768.59375,775.90625,70.59375,77.90625,-0.494641045232538,0.0335387178342853,-1.52805499064518,2.54923051889516,-1.03341394541264,2.51569180106087,2.73407956070607,1
7434,39,7434,7437,745.03125,752.09375,47.03125,54.09375,769.78125,779.875,71.78125,81.875,-1.41189962792462,0.73404944890271,-2.42359703041253,-2.99984428889258,-1.0116974024879,2.5492915693843,2.72219633530739,1
7435,40,7435,7438,746.109375,748.03125,48.109375,50.03125,770.859375,775.8125,72.859375,77.8125,-2.74376448878515,1.83367494795559,2.46198008013884,-1.80054208294063,-1.07744073825559,2.64896827628337,2.55677629264063,1
7436,41,7436,7439,747.171875,743.65625,49.171875,45.65625,771.921875,771.4375,73.921875,73.4375,2.12061774745368,-0.209331267711523,1.04559800452911,2.30360462133499,-1.07501974292457,2.51293588904651,2.69522967520851,1
7437,42,7437,7440,748.75,747.4375,50.75,49.4375,773.5,775.21875,75.5,77.21875,0.155165518766546,-2.85452182515468,-0.820423391544286,-0.232920059166454,-0.975588910310832,2.62160176598822,2.68599463088053,1
7438,43,7438,7441,749.859375,743.390625,51.859375,45.390625,774.609375,771.171875,76.609375,73.171875,-1.99560629655267,1.04036953895341,-2.99972302059062,-2.63724468906935,-1.00411672403794,2.60557107915683,2.67349750398482,1
7439,44,7439,7442,743.09375,747.0625,45.09375,49.0625,767.84375,774.84375,69.84375,76.84375,2.85036179763494,-0.196071456096691,1.82990032871178,2.36902139962578,-1.02046146892316,2.56509285572247,2.69763098253396,1
7440,45,7440,7443,744.1875,751.109375,46.1875,53.109375,768.9375,778.890625,70.9375,80.890625,1.35964740423031,-0.520688726169331,0.299661297672913,2.02076054248713,-1.05998610655739,2.54144926865646,2.68174993196573,1
7441,46,7441,7444,745.625,746.84375,47.625,48.84375,770.375,774.625,72.375,76.625,-0.525400521916299,1.41738580501126,-1.50129300068461,-2.24926751677016,-0.975892478768311,2.61653198539817,2.69076084301311,1
7442,47,7442,7445,746.625,750.46875,48.625,52.46875,771.375,778.25,73.375,80.25,-2.06626181502606,-0.562838101177114,3.12357293580815,1.97668974947474,-1.09335055634538,2.53952785065186,2.65030690018235,1
7443,48,7443,7446,748.0625,746.3125,50.0625,48.3125,772.8125,774.09375,74.8125,76.09375,2.41282279645369,-2.88820248800391,1.34592145211259,-0.233716606278717,-1.0669013443411,2.65448588172519,2.56179808111329,1
7444,49,7444,7447,749.109375,750.09375,51.109375,52.09375,773.859375,777.875,75.859375,79.875,0.591340546625955,1.31734335305394,-0.402885920024039,-2.32109254967643,-0.994226466649993,2.64474940444921,2.64420943608038,1
7445,50,7445,7448,750.15625,746.078125,52.15625,48.078125,774.90625,773.859375,76.90625,75.859375,-1.1749454355692,-0.572469264727846,-2.31166999314158,1.98322314287021,-1.13672455757238,2.55569240759806,2.59076834200915,1
7446,51,7446,7449,743.375,749.9375,45.375,51.9375,768.125,777.71875,70.125,79.71875,-2.64392409671769,3.0866073459125,2.5567575305584,-0.515578603311873,-1.08250367990349,2.68099935795521,2.51968226932088,1
7447,52,7447,7450,744.796875,745.640625,46.796875,47.640625,769.546875,773.421875,71.546875,75.421875,2.15041032199748,1.82253325956719,1.07572479308112,-1.81040381704724,-1.07468552891636,2.65024823056516,2.55825154769807,1
7448,53,7448,7451,746.0625,749.1875,48.0625,51.1875,770.8125,776.96875,72.8125,78.96875,0.699627890849007,-0.774714226032059,-0.276098452602319,1.73827476080808,-0.975726343451326,2.51298898684014,2.79446997688812,1
7449,54,7449,7452,747.15625,745.171875,49.15625,47.171875,771.90625,772.953125,73.90625,74.953125,-1.40319673320524,-2.92062768389796,-2.51644134555096,-0.278579372930489,-1.11324461234572,2.64204831096747,2.5278923838664,1
7450,55,7450,7453,748.328125,749.046875,50.328125,51.046875,773.078125,776.828125,75.078125,78.828125,-3.0752796165912,0.556258528079231,2.15199628729108,3.11129073987261,-1.05590940329731,2.55503221179337,2.67224369208891,1
7451,56,7451,7454,749.84375,744.984375,51.84375,46.984375,774.59375,772.765625,76.59375,74.765625,1.07139755305526,-1.68585232588042,0.114780012632391,0.918612996562598,-0.95661754042287,2.60446532244302,2.7221024443137,1
7452,57,7452,7455,742.875,748.84375,44.875,50.84375,767.625,776.625,69.625,78.625,-0.640899563072978,1.92737058743094,-1.63603904084341,-1.69094244522723,-0.995139477770434,2.66487227452142,2.62317355488774,1
7453,58,7453,7456,744.046875,744.390625,46.046875,46.390625,768.796875,772.171875,70.796875,74.171875,-2.51932229622464,-0.493127509852693,2.69730637125175,2.00993192252005,-1.06655663970319,2.50305943237275,2.71356923510365,1
7454,59,7454,7457,745.234375,748.375,47.234375,50.375,769.984375,776.15625,71.984375,78.15625,1.77051113252802,2.94353093057537,0.743098432522194,-0.699414666210057,-1.02741270000583,2.64023971039416,2.6155328967796,1
7455,60,7455,7458,746.40625,744.265625,48.40625,46.265625,771.15625,772.046875,73.15625,74.046875,-0.56325606420394,2.58109928699917,-1.56816685421821,-1.0262762189166,-1.00491079001427,2.67580980126381,2.6024647159015,1
7456,61,7456,7459,747.84375,748.0625,49.84375,50.0625,772.59375,775.84375,74.59375,77.84375,-2.09537608906327,-2.28549509168462,-3.12226431127653,0.334372560680823,-1.02688822221326,2.61986765236544,2.63642943260088,1
7457,62,7457,7460,749.15625,743.875,51.15625,45.875,773.90625,771.65625,75.90625,73.65625,2.49220382679132,1.47928626555276,1.47268129361099,-2.14840451825745,-1.01952253318033,2.65549452336937,2.60816825062988,1
7458,63,7458,7461,750.109375,747.5625,52.109375,49.5625,774.859375,775.34375,76.859375,77.34375,0.504101814992239,-0.987471756197017,-0.49939846160021,1.55714075492602,-1.00350027659245,2.54461251112304,2.7350725194641,1
7459,64,7459,7462,743.28125,743.8125,45.28125,45.8125,768.03125,771.59375,70.03125,73.59375,-0.950314342657547,-0.177703672772503,-2.10911377824415,2.34353353282517,-1.1587994355866,2.52123720559767,2.60314866599532,1
7460,65,7460,7463,744.46875,747.25,46.46875,49.25,769.21875,775.03125,71.21875,77.03125,-2.54599378846939,0.964989165651031,2.66066028366757,-2.72659514933981,-1.07653123504263,2.59160099218874,2.61505307994821,1
7461,66,7461,7464,745.796875,743.1875,47.796875,45.1875,770.546875,770.96875,72.546875,72.96875,2.28529683960329,-1.33240840433366,1.24281984379748,1.19583859343005,-1.04247699580581,2.5282469977637,2.71246131361007,1
7462,67,7462,7465,747.203125,746.96875,49.203125,48.96875,771.953125,774.75,73.953125,76.75,0.93738125975149,2.06474854456086,-0.0267645059879663,-1.5498834747326,-0.964145765739456,2.66855328788613,2.650486253554,1
7463,68,7463,7466,748.171875,743.015625,50.171875,45.015625,772.921875,770.796875,74.921875,72.796875,-1.065834381184,-0.603251108365484,-2.19460339964816,1.99538329676387,-1.12876901846415,2.59863440512935,2.55578188358608,1
7464,69,7464,7467,749.84375,746.765625,51.84375,48.765625,774.59375,774.546875,76.59375,76.546875,-2.91742830986284,-2.96858774285892,2.33984869112544,-0.268780410238103,-1.02590830619131,2.69980733262082,2.55746966836746,1
7465,70,7465,7468,742.953125,750.515625,44.953125,52.515625,767.703125,778.296875,69.703125,80.296875,1.69097478547084,1.33986053402545,0.658680897875119,-2.35442568752962,-1.03229388759572,2.58889908562451,2.66199233395935,1
7466,71,7466,7469,744.0625,746.21875,46.0625,48.21875,768.8125,774,70.8125,76,-0.501101031631921,-1.86549979672857,-1.47703026367175,0.718187784339499,-0.975929232039829,2.58368758106806,2.72356849407169,1
7467,72,7467,7470,745.125,750.109375,47.125,52.109375,769.875,777.890625,71.875,79.890625,-2.33474710464054,1.66878343070997,2.87664423566815,-1.9922079992994,-1.07179396687089,2.62219387717021,2.58919746313848,1
7468,73,7468,7471,746.203125,746.171875,48.203125,48.171875,770.953125,773.953125,72.953125,75.953125,2.10033585105354,2.49996773422413,1.07094386117365,-1.07508514701914,-1.02939198987988,2.70813242593631,2.54566089136339,1
7469,74,7469,7472,747.78125,750.03125,49.78125,52.03125,772.53125,777.8125,74.53125,79.8125,-0.0422022806522844,2.66010297835198,-1.01109089177772,-0.901450391411934,-0.968888611125433,2.72163193741568,2.59266475863848,1
7470,75,7470,7473,749.015625,745.5,51.015625,47.5,773.765625,773.28125,75.765625,75.28125,-1.7475593859991,0.339684109106653,-2.73972990230995,2.86419495545617,-0.992170516310851,2.52451084634951,2.76650394451922,1
7471,76,7471,7474,750.203125,749.390625,52.203125,51.390625,774.953125,777.171875,76.953125,79.171875,2.52731039601667,-1.58549419040164,1.46900073334418,0.998777050511555,-1.05830966267248,2.58427124091319,2.64060440359391,1
7472,77,7472,7475,743.21875,745.203125,45.21875,47.203125,767.96875,772.984375,69.96875,74.984375,0.522525530544281,1.66239020499895,-0.45029265448477,-2.01378157555151,-0.972818185029052,2.60701352662912,2.70335359552141,1
7473,78,7473,7476,744.640625,749.1875,46.640625,51.1875,769.390625,776.96875,71.390625,78.96875,-1.75770165185447,1.7619463761946,-2.88577359443307,-1.8869037442972,-1.1280719425786,2.63433518668779,2.5207781779132,1
7474,79,7474,7477,746.046875,745.0625,48.046875,47.0625,770.796875,772.84375,72.796875,74.84375,2.69056235658227,-3.11928344556301,1.65304645349493,-0.445993773357408,-1.03751590308734,2.6732896722056,2.57237973188664,1
7475,80,7475,7478,747.109375,748.953125,49.109375,50.953125,771.859375,776.734375,73.859375,78.734375,0.0381323344553313,0.96874173817737,-0.969430246749188,-2.65645927050206,-1.00756258120452,2.65798429850015,2.61763842747491,1
7476,81,7476,7479,748.296875,744.375,50.296875,46.375,773.046875,772.15625,75.046875,74.15625,-1.91259574163257,-1.20423951556387,-3.06540619766992,1.33350986485646,-1.15281045603735,2.53774938042033,2.59262547072191,1
7477,82,7477,7480,749.578125,748.28125,51.578125,50.28125,774.328125,776.0625,76.328125,78.0625,2.4434668145302,3.08898749641798,1.41167923268392,-0.544211205829047,-1.03178758184628,2.64998660493256,2.60141112040074,1
7478,83,7478,7481,750.90625,744.15625,52.90625,46.15625,775.65625,771.9375,77.65625,73.9375,0.378156699860062,1.00215753148816,-0.608108052525397,-2.67601630308744,-0.986264752385459,2.60501147260399,2.69190908219014,1
7479,84,7479,7482,744.15625,748.03125,46.15625,50.03125,768.90625,775.8125,70.90625,77.8125,-2.07247923436829,-1.19300265892836,3.11623352737609,1.38761915798573,-1.09447254543521,2.58062181691409,2.60809094483029,1
7480,85,7480,7483,745.1875,743.921875,47.1875,45.921875,769.9375,771.703125,71.9375,73.703125,1.9690917182019,-0.786236168571556,0.872797571918171,1.74828385000866,-1.09629414628373,2.53452001858022,2.65237114231564,1
7481,86,7481,7484,746.734375,747.84375,48.734375,49.84375,771.484375,775.625,73.484375,77.625,-0.34871165895874,0.939427709786313,-1.37991644442614,-2.69722903865663,-1.0312047854674,2.64652855873664,2.60545196297555,1
7482,87,7482,7485,747.71875,743.234375,49.71875,45.234375,772.46875,771.015625,74.46875,73.015625,-2.33121424887695,-0.835094675588093,2.88235370169323,1.69241835021225,-1.06961735660941,2.52751302580034,2.68605492476983,1
7483,88,7483,7486,749.09375,747.140625,51.09375,49.140625,773.84375,774.921875,75.84375,76.921875,2.0466226502263,-3.06102097451388,0.980820708954434,-0.38657662975717,-1.06580194127186,2.67444434475671,2.54293902115101,1
7484,89,7484,7487,750.171875,743.09375,52.171875,45.09375,774.921875,770.875,76.921875,72.875,-0.324183545685141,1.18215581704803,-1.28998208128957,-2.49383194789593,-0.965798535604429,2.60719754223562,2.71018922933954,1
7485,90,7485,7488,743.375,746.734375,45.375,48.734375,768.125,774.515625,70.125,76.515625,-2.60442356017673,-0.801872413108205,2.58248365887668,1.73612027239664,-1.09627808812618,2.53799268550484,2.64891453354857,1
7486,91,7486,7489,744.859375,750.78125,46.859375,52.78125,769.609375,778.5625,71.609375,80.5625,1.28015385065727,2.74601843430541,0.260552131465484,-0.808192822626808,-1.01960171919179,2.72897405024736,2.53460953774043,1
7487,92,7487,7490,746.109375,746.34375,48.109375,48.34375,770.859375,774.125,72.859375,76.125,-1.05859592626188,0.59870262814252,-2.0935733307454,3.12135877936763,-1.03497740448352,2.52265615122511,2.72555175147095,1
7488,93,7488,7491,747.1875,750.171875,49.1875,52.171875,771.9375,777.953125,73.9375,79.953125,-2.90206951797182,-1.59915041565256,2.27864187944048,0.968662429736933,-1.10247390976728,2.56781284538949,2.61289855202281,1
7489,94,7489,7492,748.25,746.109375,50.25,48.109375,773,773.890625,75,75.890625,0.78272874839429,1.96649411027907,-0.230076528571312,-1.68708659671697,-1.0128052769656,2.62960460018355,2.64077543003043,1
7490,95,7490,7493,749.671875,750.0625,51.671875,52.0625,774.421875,777.84375,76.421875,79.84375,-1.35360194806798,1.91018742401853,-2.47644955443666,-1.69308060076337,-1.12284760636867,2.67991728239769,2.48042041841322,1
7491,96,7491,7494,743.078125,745.984375,45.078125,47.984375,767.828125,773.765625,69.828125,75.765625,2.84672422261775,-2.98203107482561,1.81327366762958,-0.283927001255434,-1.03345055498817,2.69810407357018,2.55163067862124,1
7492,97,7492,7495,744.171875,749.65625,46.171875,51.65625,768.921875,777.4375,70.921875,79.4375,-0.240967688155622,0.895585971492609,-1.22960053355248,-2.76147139510172,-0.988632845396857,2.62612794058526,2.66842452119747,1
7493,98,7493,7496,745.28125,745.734375,47.28125,47.734375,770.03125,773.515625,72.03125,75.515625,-2.44312084457729,1.00717504576246,2.73839849296938,-2.65143384927502,-1.10166596963292,2.62457641214211,2.55694292540456,1
7494,99,7494,7497,746.828125,749.46875,48.828125,51.46875,771.578125,777.25,73.578125,79.25,1.47154523762775,1.52153276329314,0.428601538158167,-2.13986523519752,-1.04294369946959,2.62178730868893,2.61845429902107,1
7495,100,7495,7498,747.90625,745.0625,49.90625,47.0625,772.65625,772.84375,74.65625,74.84375,-0.891781716072251,-0.482661937356711,-1.93249394751791,2.0749241089272,-1.04071223144566,2.55758604628391,2.68488702945002,1
7496,101,7496,7499,749.21875,749.125,51.21875,51.125,773.96875,776.90625,75.96875,78.90625,-2.72840389077062,2.49173116713797,2.50823002263946,-1.05950904432544,-1.04655139376951,2.73194509571617,2.50468881769391,1
7497,102,7497,7500,750.703125,744.984375,52.703125,46.984375,775.453125,772.765625,77.453125,74.765625,1.40737370347508,-0.299663760985224,0.399960773903978,2.26201475169414,-1.0074129295711,2.56167851267936,2.71409386492913,1
7498,103,7498,7501,743.71875,748.9375,45.71875,50.9375,768.46875,776.71875,70.46875,78.71875,-1.62482788368901,2.63297334593873,-2.75920238106551,-0.923101661508937,-1.1343744973765,2.72711029973192,2.42170051007116,1
7499,104,7499,7502,745.109375,744.390625,47.109375,46.390625,769.859375,772.171875,71.859375,74.171875,1.67655729605352,-0.448966065899884,0.647361299345318,2.07299797750429,-1.0291959967082,2.52196404340418,2.73202526706721,1
7500,105,7500,7503,746.21875,748.234375,48.21875,50.234375,770.96875,776.015625,72.96875,78.015625,-1.18643862210036,2.27337100733717,-2.23518001001144,-1.39994219275858,-1.04874138791108,2.60987210708384,2.62457181218467,1
7501,106,7501,7504,747.625,744.265625,49.625,46.265625,772.375,772.046875,74.375,74.046875,1.99851144521035,1.97186378605862,0.955451435695227,-1.68057490379577,-1.04306000951513,2.6307466173252,2.60937868033926,1
7502,107,7502,7505,748.890625,748.078125,50.890625,50.078125,773.640625,775.859375,75.640625,77.859375,-1.02406138587545,2.34239890238155,-2.11145899497612,-1.2860842820933,-1.08739760910067,2.65470212270474,2.54108557537418,1
7503,108,7503,7506,750.1875,743.890625,52.1875,45.890625,774.9375,771.671875,76.9375,73.671875,2.08972706881278,-0.931760395235411,1.04613397784285,1.62650578860706,-1.04359309096994,2.55826618384247,2.68132603236718,1
7504,109,7504,7507,743.265625,748.03125,45.265625,50.03125,768.015625,775.8125,70.015625,77.8125,-1.04722180057618,-1.28266864783227,-2.20157483256106,1.31865457244944,-1.15435303198489,2.60132322028172,2.52750905491298,1
7505,110,7505,7508,744.8125,743.78125,46.8125,45.78125,769.5625,771.5625,71.5625,73.5625,2.11581908994521,-0.860210336566795,1.04654436071084,1.67795070230124,-1.06927472923438,2.53816103886804,2.67574953907717,1
7506,111,7506,7509,746.09375,747.5625,48.09375,49.5625,770.84375,775.34375,72.84375,77.34375,-0.933656832324883,2.74703302825749,-1.98962425467093,-0.850507525668809,-1.05596742234605,2.68564475325329,2.54157313158025,1
7507,112,7507,7510,747.1875,743.359375,49.1875,45.359375,771.9375,771.140625,73.9375,73.140625,2.62997641649789,-0.0176811594024545,1.57488226424077,2.50840986350226,-1.05509415225712,2.52609102290471,2.70200013201776,1
7508,113,7508,7511,748.609375,747.234375,50.609375,49.234375,773.359375,775.015625,75.359375,77.015625,-0.268722960094086,3.05738248583634,-1.26592005334163,-0.557832549330126,-0.997197093247543,2.66797027201312,2.61801794191892,1
7509,114,7509,7512,749.9375,743.078125,51.9375,45.078125,774.6875,770.859375,76.6875,72.859375,2.83238286602619,0.396505417419008,1.81953315426184,2.94362017482376,-1.01284971176435,2.54711475740475,2.72322083801049,1
7510,115,7510,7513,743.140625,747.015625,45.140625,49.015625,767.890625,774.796875,69.890625,76.796875,-0.0533264504550936,-2.02130251790935,-1.01400661115891,0.616023333473187,-0.960680160703814,2.63732585138254,2.68517929509323,1
7511,116,7511,7514,744.328125,751.015625,46.328125,53.015625,769.078125,778.796875,71.078125,80.796875,-2.85227727748339,-2.30082944283987,2.33483906176218,0.352302268774779,-1.09606896793401,2.65313171161465,2.53398462763092,1
7512,117,7512,7515,745.828125,746.65625,47.828125,48.65625,770.578125,774.4375,72.578125,76.4375,0.994511487770536,-1.41833986360912,0.0191151394072075,1.14843017443631,-0.975396348363328,2.56677003804543,2.74101892077083,1
7513,118,7513,7516,747,742.28125,49,44.28125,771.75,770.0625,73.75,72.0625,-1.68413474068048,1.9616496114392,-2.78312987975238,-1.69240732120279,-1.09899513907189,2.6291283745376,2.5550617935701,1
7514,119,7514,7517,748.125,746.140625,50.125,48.140625,772.875,773.921875,74.875,75.921875,1.53098671451556,-0.899397839767414,0.521893543327488,1.5908609966434,-1.00909317118808,2.49025883641082,2.78383329958069,1
7515,120,7515,7518,749.390625,750.140625,51.390625,52.140625,774.140625,777.921875,76.140625,79.921875,-1.55422576652658,2.61255619628257,-2.68365850972649,-0.954564566825094,-1.1294327431999,2.71606454407192,2.43768801990776,1
7516,121,7516,7519,751.015625,746.046875,53.015625,48.046875,775.765625,773.828125,77.765625,75.828125,1.77149451859726,1.45293393220505,0.753472251235654,-2.1929882051878,-1.01802226736161,2.63726316978674,2.62789987003124,1
7517,122,7517,7520,744.125,749.921875,46.125,51.921875,768.875,777.703125,70.875,79.703125,-1.54636274225296,2.18882596223665,-2.69547219138989,-1.40787767892029,-1.14910944913693,2.68648166602265,2.44759419202,1
7518,123,7518,7521,745.21875,745.671875,47.21875,47.671875,769.96875,773.453125,71.96875,75.453125,1.91949386080092,-1.33044821506311,0.818128552818959,1.2343078837809,-1.10136530798196,2.56475609884402,2.61706390035361,1
7519,124,7519,7522,746.765625,749.59375,48.765625,51.59375,771.515625,777.375,73.515625,79.375,-1.62421378431688,1.82307016053729,-2.68502651852297,-1.80143995807931,-1.06081273420609,2.65867518856298,2.56369738441052,1
7520,125,7520,7523,748.046875,745.3125,50.046875,47.3125,772.796875,773.09375,74.796875,75.09375,2.06177220381317,-1.7122151706124,1.01385537233971,0.85471969978858,-1.04791683147346,2.56693487040098,2.66833360530515,1
7521,126,7521,7524,749.125,749.078125,51.125,51.078125,773.875,776.859375,75.875,78.859375,-1.48922870014522,1.3461198497528,-2.63097213027757,-2.3224635754426,-1.14174343013235,2.61460188198418,2.52683999506305,1
7522,127,7522,7525,750.21875,745.078125,52.21875,47.078125,774.96875,772.859375,76.96875,74.859375,2.00238638016242,-1.71179100768492,0.947789037477505,0.874209097800551,-1.05459734268492,2.58600010548547,2.64258785900919,1
7523,128,7523,7526,743.84375,749.0625,45.84375,51.0625,768.59375,776.84375,70.59375,78.84375,-1.57821986058428,1.74534929394966,-2.74417002242447,-1.88449300917525,-1.16595016184019,2.65334300405468,2.46389214128472,1
7524,129,7524,7527,745.0625,745.0625,47.0625,47.0625,769.8125,772.84375,71.8125,74.84375,1.87025288315479,-1.9662333751527,0.793496077430957,0.646190790124807,-1.07675680572383,2.61242416527751,2.59400433617825,1
7525,130,7525,7528,746.125,748.84375,48.125,50.84375,770.875,776.625,72.875,78.625,-1.03849349522007,0.599662229037797,-2.08559900041149,-3.12598399712808,-1.04710550519142,2.55753908101371,2.67854072097445,1
7526,131,7526,7529,747.609375,744.625,49.609375,46.625,772.359375,772.40625,74.359375,74.40625,2.24302678045172,-2.80763663161373,1.23323932869395,-0.174857568212584,-1.00978745175778,2.63277906340115,2.64061879202066,1
7527,132,7527,7530,749.03125,748.265625,51.03125,50.265625,773.78125,776.046875,75.78125,78.046875,-1.48837908388958,0.176535918619283,-2.57484809072254,2.69633058352234,-1.08646900683296,2.51979466490306,2.67692163544357,1
7528,133,7528,7531,750.234375,744.125,52.234375,46.125,774.984375,771.90625,76.984375,73.90625,1.23151284786357,2.98663901877964,0.217926378288592,-0.641963112103949,-1.01358646957498,2.654583176296,2.61501566130861,1
7529,134,7529,7532,743.3125,748.40625,45.3125,50.40625,768.0625,776.1875,70.0625,78.1875,-2.49584115846274,2.9174967306266,2.66814266187257,-0.672855336656011,-1.11920148684428,2.69283323989697,2.47115058043833,1
7530,135,7530,7533,745.015625,744.015625,47.015625,46.015625,769.765625,771.796875,71.765625,73.796875,0.304374263785992,3.11152466127706,-0.667009420034981,-0.469955193166482,-0.971383683820973,2.70170545273605,2.61009617062257,1
7531,136,7531,7534,746.109375,747.984375,48.109375,49.984375,770.859375,775.765625,72.859375,77.765625,2.73322796146094,-0.0133741186068692,1.6592094576637,2.52284417643749,-1.07401850379724,2.53621829504436,2.67294850833799,1
7532,137,7532,7535,747.3125,744.09375,49.3125,46.09375,772.0625,771.875,74.0625,73.875,-1.05540832306428,-1.42601946556476,-2.13195558620038,1.18712744435147,-1.0765472631361,2.61314690991623,2.59349113412725,1
7533,138,7533,7536,748.8125,747.84375,50.8125,49.84375,773.5625,775.625,75.5625,77.625,1.38560665868592,-1.22391075011934,0.387362667586109,1.34887901888096,-0.998243991099808,2.5727897690003,2.71215154707948,1
7534,139,7534,7537,750.0625,743.484375,52.0625,45.484375,774.8125,771.265625,76.8125,73.265625,-2.48717000687527,2.13021655061935,2.74445299045621,-1.50198199683092,-1.0515623098481,2.65098675972931,2.58063623760217,1
7535,140,7535,7538,743.28125,747.28125,45.28125,49.28125,768.03125,775.0625,70.03125,77.0625,-0.498281820988017,-1.56258450469859,-1.49868262310543,0.976323022295578,-1.00040080211741,2.53890752699417,2.74387697806801,1
7536,141,7536,7539,744.765625,743.25,46.765625,45.25,769.515625,771.03125,71.515625,73.03125,2.11970151855347,1.56569169317646,1.04719208051052,-2.0979685802611,-1.07250943804296,2.61952503374203,2.5911508353946,1
7537,142,7537,7540,746.109375,747.09375,48.109375,49.09375,770.859375,774.875,72.859375,76.875,-1.5385958096706,-1.82815820856648,-2.64565151935219,0.767202527144454,-1.10705570968159,2.59536073571093,2.58076886178706,1
7538,143,7538,7541,747.234375,743.015625,49.234375,45.015625,771.984375,770.796875,73.984375,72.796875,0.746546270652581,1.32358890489304,-0.246822819073978,-2.31925344703643,-0.993369089726559,2.64034295525012,2.64947326220291,1
7539,144,7539,7542,748.921875,747.046875,50.921875,49.046875,773.671875,774.828125,75.671875,76.828125,-2.92000092282147,1.23460649960944,2.32357008970198,-2.40254485238724,-1.03961429465614,2.6460339551829,2.59753705734055,1
7540,145,7540,7543,749.9375,742.890625,51.9375,44.890625,774.6875,770.671875,76.6875,72.671875,-0.361620093964412,1.7220155293268,-1.3217390723821,-1.8771542316808,-0.960118978417686,2.68401554617198,2.63905078258992,1
7541,146,7541,7544,743.21875,746.53125,45.21875,48.53125,767.96875,774.3125,69.96875,76.3125,2.10023339921591,-1.48654151107313,1.05578074503692,1.10104775575002,-1.04445265417899,2.58758926682314,2.65114338617745,1
7542,147,7542,7545,744.71875,750.4375,46.71875,52.4375,769.46875,778.21875,71.46875,80.21875,-1.45628856340407,1.14752882872924,-2.5185739179154,-2.52600914008335,-1.06228535451132,2.60964733836699,2.61125261430127,1
7543,148,7543,7546,746.15625,746.296875,48.15625,48.296875,770.90625,774.078125,72.90625,76.078125,0.909781182089209,0.71326674191947,-0.0613028824952902,-3.0514116821497,-0.971084064584499,2.51850688311041,2.79359435948468,1
7544,149,7544,7547,747.171875,750.109375,49.171875,52.109375,771.921875,777.890625,73.921875,79.890625,2.93409982365282,0.731889462685959,1.87400692950357,-2.98282392007558,-1.06009289414925,2.56847192441805,2.65462048861228,1
7545,150,7545,7548,748.75,746.046875,50.75,48.046875,773.5,773.828125,75.5,75.828125,-1.43118531288862,-2.58762097246962,-2.54399640937573,0.0554634167184678,-1.11281109648711,2.64308438918809,2.52728982150439,1
7546,151,7546,7549,749.953125,750.09375,51.953125,52.09375,774.703125,777.875,76.703125,79.875,0.646066722377024,2.93783222366084,-0.344037030315184,-0.651324734697304,-0.990103752692208,2.69402834882144,2.59905320566594,1
7547,152,7547,7550,743.21875,745.953125,45.21875,47.953125,767.96875,773.734375,69.96875,75.734375,2.4665956530856,-2.7994060301378,1.42790035884347,-0.130603414678734,-1.03869529424213,2.66880261545907,2.57568739747839,1
7548,153,7548,7551,744.671875,749.609375,46.671875,51.609375,769.421875,777.390625,71.421875,79.390625,-1.98264416769976,-0.0761425167850552,-3.06405771821028,2.43229980944213,-1.08141355051052,2.50844232622719,2.69332943044187,1
7549,154,7549,7552,746.109375,745.515625,48.109375,47.515625,770.859375,773.296875,72.859375,75.296875,0.0199711988346102,3.06404527267509,-0.93016551126595,-0.582015293821897,-0.95013671010056,2.6371247406826,2.69592385639643,1
7550,155,7550,7553,747.234375,749.5,49.234375,51.5,771.984375,777.28125,73.984375,79.28125,1.93550016790403,2.27944146881131,0.9024261013055,-1.38204676586559,-1.03307406659853,2.62169707250269,2.62841416807836,1
7551,156,7551,7554,748.796875,745.328125,50.796875,47.328125,773.546875,773.109375,75.546875,75.109375,-2.17235018195578,2.62023972281247,3.02954451223542,-1.008695360523,-1.08129061298838,2.65425022384411,2.5476444703471,1
7552,157,7552,7555,749.984375,749.0625,51.984375,51.0625,774.734375,776.84375,76.734375,78.84375,0.0750695068798734,-0.487784889248826,-0.838986954208447,2.05466227770299,-0.914056461088321,2.54244716695181,2.82668167913945,1
7553,158,7553,7556,743.203125,745.046875,45.203125,47.046875,767.953125,772.828125,69.953125,74.828125,2.22034415916658,2.67332147760533,1.15588224369412,-0.892766717096175,-1.06446191547246,2.71709711247808,2.50162627922905,1
7554,159,7554,7557,744.578125,748.859375,46.578125,50.859375,769.328125,776.640625,71.328125,78.640625,-1.92431530815281,-0.855107010817864,-3.02432852249879,1.67830529412625,-1.10001321434599,2.53341230494411,2.64975978788949,1
7555,160,7555,7558,746.0625,744.890625,48.0625,46.890625,770.8125,772.671875,72.8125,74.671875,-0.00400673848119905,2.69024844101342,-0.961060849908912,-0.869340302692917,-0.957054111427713,2.72359656347325,2.60253463227863,1
7556,161,7556,7559,747.21875,748.78125,49.21875,50.78125,771.96875,776.5625,73.96875,78.5625,1.90449269732118,1.91437825065246,0.858856805256858,-1.71546876513801,-1.04563589206432,2.65333829138912,2.58421112372615,1
7557,162,7557,7560,748.546875,744.28125,50.546875,46.28125,773.296875,772.0625,75.296875,74.0625,-2.41829825661782,1.9752769521105,2.74300279602339,-1.66842721457487,-1.12188425453838,2.63948114049422,2.52181991214699,1
7558,163,7558,7561,750.078125,748.140625,52.078125,50.140625,774.828125,775.921875,76.828125,77.921875,-0.0271454784220428,-1.8571977531922,-1.03534887731549,0.736278889450119,-1.00820339889345,2.59347664264232,2.68150526564382,1
7559,164,7559,7562,743.21875,744.0625,45.21875,46.0625,767.96875,771.84375,69.96875,73.84375,1.86200330901921,0.364269544388834,0.843163190795297,2.91435422693669,-1.01884011822391,2.55008468254785,2.71426050640782,1
7560,165,7560,7563,744.375,748.078125,46.375,50.078125,769.125,775.859375,71.125,77.859375,-2.38902021869181,2.8551207939211,2.78920972266812,-0.754237773261639,-1.10495536581966,2.67382673999685,2.50440320136308,1
7561,166,7561,7564,746.09375,744.078125,48.09375,46.078125,770.84375,771.859375,72.84375,73.859375,-0.380433327942535,2.10892814691778,-1.37816757570212,-1.52978496242839,-0.997734247759585,2.64447219783341,2.64097886158659,1
7562,167,7562,7565,747.25,747.953125,49.25,49.953125,772,775.734375,74,77.734375,1.85501520434729,1.78074468259257,0.803829943245768,-1.84541174943337,-1.05118526110152,2.65702887515365,2.57497117092441,1
7563,168,7563,7566,748.71875,744.015625,50.71875,46.015625,773.46875,771.796875,75.46875,73.796875,-2.24502180325838,-1.8320811152238,2.9632480680603,0.796023536661578,-1.07491543586091,2.62810465188538,2.5801652194333,1
7564,169,7564,7567,750.03125,747.65625,52.03125,49.65625,774.78125,775.4375,76.78125,77.4375,-0.249162066472871,0.912063414035859,-1.20428128642048,-2.72880460549529,-0.955119219947611,2.64231728764844,2.68574879958354,1
7565,170,7565,7568,743.328125,743.421875,45.328125,45.421875,768.078125,771.203125,70.078125,73.203125,1.91335199856748,-2.73858565659752,0.840315634217126,-0.13779602377092,-1.07303636435035,2.6007896328266,2.60935931000264,1
7566,171,7566,7569,744.4375,747.34375,46.4375,49.34375,769.1875,775.125,71.1875,77.125,-2.443890178721,-0.276553131682792,2.71979811893879,2.23674832305482,-1.1194970095198,2.51330145473761,2.65038684292218,1
7567,172,7567,7570,746.15625,743.25,48.15625,45.25,770.90625,771.03125,72.90625,73.03125,-0.64163254678199,2.86732128934317,-1.68894239804967,-0.755443383696814,-1.04730985126768,2.6604206341396,2.5754548217723,1
7568,173,7568,7571,747.296875,747.21875,49.296875,49.21875,772.046875,775,74.046875,77,1.62325586215755,1.9654873839708,0.600206522766474,-1.69173376966462,-1.02304933939108,2.62596415354416,2.63417181424435,1
7569,174,7569,7572,748.90625,751.171875,50.90625,53.171875,773.65625,778.953125,75.65625,80.953125,3.09807790973558,-1.21816168281628,2.02886220904841,1.31758420901616,-1.06921570068716,2.53574589183244,2.67822371465998,1
7570,175,7570,7573,750.109375,746.90625,52.109375,48.90625,774.859375,774.6875,76.859375,76.6875,-1.68297440481394,-0.22606658625561,-2.81948966392061,2.32933043123594,-1.13651525910667,2.55539701749155,2.59127303058137,1
7571,176,7571,7574,743.484375,750.96875,45.484375,52.96875,768.234375,778.75,70.234375,80.75,-0.224603251800283,-3.11728750624327,-1.21599857664341,-0.391569963214836,-0.991395324843126,2.72571754302844,2.56607243930802,1
7572,177,7572,7575,744.890625,746.359375,46.890625,48.359375,769.640625,774.140625,71.640625,76.140625,1.55626898011089,0.393526820861818,0.531618312823758,2.90378946932236,-1.02465066728713,2.51026264846054,2.74827199143191,1
7573,178,7573,7576,746.109375,742.265625,48.109375,44.265625,770.859375,770.046875,72.859375,72.046875,-3.08029099684389,-2.75605212176175,2.11534481394915,-0.136900815099342,-1.08754949638654,2.61915130666241,2.57648450413064,1
7574,179,7574,7577,747.21875,746.09375,49.21875,48.09375,771.96875,773.875,73.96875,75.875,-1.17904841356277,-0.308505666567712,-2.26753441316281,2.21684102937845,-1.08848599960004,2.52534669594616,2.66935261163338,1
7575,180,7575,7578,748.859375,750.078125,50.859375,52.078125,773.609375,777.859375,75.609375,79.859375,0.928170667504527,3.07208747514891,-0.0206440061791924,-0.539907331872578,-0.94881467368372,2.6711905001581,2.66318013333777,1
7576,181,7576,7579,750.109375,746,52.109375,48,774.859375,773.78125,76.859375,75.78125,2.83527434873851,-0.303660420533755,1.79967906225252,2.24909492122825,-1.03559528648598,2.552755341762,2.6948346789316,1
7577,182,7577,7580,743.609375,750.015625,45.609375,52.015625,768.359375,777.796875,70.359375,79.796875,-2.02014542500484,2.800050273868,-3.12050770797728,-0.750849926569617,-1.10036228297243,2.73228510674197,2.45053791746519,1
7578,183,7578,7581,745.03125,745.609375,47.03125,47.609375,769.78125,773.390625,71.78125,75.390625,-0.336381457671945,-0.299763084578283,-1.37144925879705,2.25585476045039,-1.03506780112511,2.55561784502867,2.6924996610258,1
7579,184,7579,7582,746.140625,749.546875,48.140625,51.546875,770.890625,777.328125,72.890625,79.328125,1.2271648105888,3.05843065784305,0.256921006125235,-0.561691658711681,-0.970243804463566,2.66306299062486,2.64987851209116,1
7580,185,7580,7583,747.546875,745.40625,49.546875,47.40625,772.296875,773.1875,74.296875,75.1875,2.97334318959188,-0.327256681604975,1.94162009829146,2.18667338279548,-1.03172309130042,2.51393006440046,2.73753215147871,1
7581,186,7581,7584,749.015625,749.109375,51.015625,51.109375,773.765625,776.890625,75.765625,78.890625,-1.52069384330391,2.95030619816873,-2.62086013354617,-0.638278598959168,-1.10016629024225,2.69460051005169,2.48841850688565,1
7582,187,7582,7585,750.234375,745.03125,52.234375,47.03125,774.984375,772.8125,76.984375,74.8125,-0.0918654324577978,-0.482370285087291,-1.12149467616625,2.06150387956959,-1.02962924370845,2.54387416465688,2.70968189881426,1
7583,188,7583,7586,743.359375,749.109375,45.359375,51.109375,768.109375,776.890625,70.109375,78.890625,1.46399239056621,2.56996493828869,0.476148685172118,-1.02933163244228,-0.987843705394091,2.68388873644862,2.61145286533687,1
7584,189,7584,7587,745,745.015625,47,47.015625,769.75,772.796875,71.75,74.796875,2.65512940509557,-1.73620900111666,1.57617055826697,0.878675118118028,-1.0789588468286,2.61488411923469,2.5893423411163,1
7585,190,7585,7588,746.203125,748.921875,48.203125,50.921875,770.953125,776.703125,72.953125,78.703125,-2.4183280697853,1.34592302435697,2.74010298412641,-2.32551061577713,-1.12475425326787,2.61175166704549,2.54667938686623,1
7586,191,7586,7589,747.765625,744.578125,49.765625,46.578125,772.515625,772.359375,74.515625,74.359375,-0.849240976138353,-2.51131095538647,-1.89093978266083,0.0705615316595249,-1.04169880652248,2.581872487046,2.65961401361111,1
7587,192,7587,7590,749.109375,748.484375,51.109375,50.484375,773.859375,776.265625,75.859375,78.265625,0.342298112981851,-0.1061349363258,-0.650925141357113,2.38398778406575,-0.993223254338964,2.49012272039155,2.79983933244908,1
7588,193,7588,7591,750.40625,744.40625,52.40625,46.40625,775.15625,772.1875,77.15625,74.1875,1.99350985367555,2.60680066895344,0.93112529408163,-0.991476617945693,-1.06238455959392,2.68490802028045,2.53589272730521,1
7589,194,7589,7592,743.828125,748.125,45.828125,50.125,768.578125,775.90625,70.578125,77.90625,-2.88131176975889,-0.790381412744768,2.36882117100232,1.73239628656727,-1.03305236641837,2.52277769931203,2.72735524144918,1
7590,195,7590,7593,745.15625,744.09375,47.15625,46.09375,769.90625,771.875,71.90625,73.875,-1.42638604030733,1.93161234176239,-2.53261153970804,-1.69375238595145,-1.10622549940071,2.65782057946574,2.51913922831313,1
7591,196,7591,7594,746.625,748.09375,48.625,50.09375,771.375,775.875,73.375,77.875,-0.239986304884258,-1.94080137745152,-1.22539279105185,0.665608239117301,-0.985406486167587,2.60640961656882,2.69136920444318,1
7592,197,7592,7595,748.015625,743.921875,50.015625,45.921875,772.765625,771.703125,74.765625,73.703125,1.28502446121094,0.552272754205703,0.296514402770257,3.10598407324351,-0.98851005844068,2.55371131903781,2.7409639297011,1
7593,198,7593,7596,749.390625,747.953125,51.390625,49.953125,774.140625,775.734375,76.140625,77.734375,2.50101998496943,-2.81584336977939,1.46673683247528,-0.126076107634379,-1.03428315249414,2.68976726214501,2.55913489254043,1
7594,199,7594,7597,750.71875,743.8125,52.71875,45.8125,775.46875,771.59375,77.46875,73.59375,-2.321356041834,-0.154341134747239,2.88398856132936,2.40819251691145,-1.07784070401622,2.56253365165869,2.64281095150467,1
7595,200,7595,7598,744.109375,747.8125,46.109375,49.8125,768.859375,775.59375,70.859375,77.59375,-1.24497494785293,-1.58437182466742,-2.35802903127601,0.998545329469485,-1.11305408342307,2.58291715413691,2.5872140696196,1
7596,201,7596,7599,745.46875,743.453125,47.46875,45.453125,770.21875,771.234375,72.21875,73.234375,-0.0367417922341485,-1.75360923185389,-1.04640536448744,0.816830156844856,-1.00966357225329,2.57043938869875,2.70308234622755,1
7597,202,7597,7600,746.796875,747.203125,48.796875,49.203125,771.546875,774.984375,73.546875,76.984375,1.57280820412403,0.400795438572354,0.58778835192605,2.90844778222909,-0.985019852197979,2.50765234365673,2.79051311132487,1
7598,203,7598,7601,748.171875,743.296875,50.171875,45.296875,772.921875,771.078125,74.921875,73.078125,3.13414286500352,2.47359140020856,2.0531362734796,-1.11857727681684,-1.08100659152391,2.69101663015419,2.51116208550149,1
7599,204,7599,7602,749.578125,747.09375,51.578125,49.09375,774.328125,774.875,76.328125,76.875,-2.08799210919756,-1.75523558127311,-3.11319570622893,0.843193912633234,-1.02520359703137,2.59842949390634,2.65955221624187,1
7600,205,7600,7603,742.8125,742.921875,44.8125,44.921875,767.5625,770.703125,69.5625,72.703125,-0.761020429366013,0.67867052629872,-1.76933485847165,-3.04923906762764,-1.00831442910564,2.55527571325322,2.71959516482073,1
7601,206,7601,7604,744.265625,747.03125,46.265625,49.03125,769.015625,774.8125,71.015625,76.8125,1.04711501266652,-2.75357889595578,0.0519504591685327,-0.0723719042284014,-0.995164553497986,2.68120699172738,2.60681376195422,1
7602,207,7602,7605,745.8125,742.9375,47.8125,44.9375,770.5625,770.71875,72.5625,72.71875,1.99349668877763,-0.722714131683681,0.974685822261388,1.8184157401521,-1.01881086651624,2.54112987183578,2.72324456882756,1
7603,208,7603,7606,747.078125,746.90625,49.078125,48.90625,771.828125,774.6875,73.828125,76.6875,2.93087599199221,-2.4066622311122,1.87226725048367,0.239326501462121,-1.05860874150853,2.64598873257432,2.57858783309673,1
7604,209,7604,7607,748.390625,750.734375,50.390625,52.734375,773.140625,778.515625,75.140625,80.515625,-1.81863666048693,-2.56431373009322,-2.86278104149575,0.0567987158635868,-1.04414438100882,2.6211124459568,2.61792848021397,1
7605,210,7605,7608,749.96875,746.828125,51.96875,48.828125,774.71875,774.609375,76.71875,76.609375,-1.42675384423655,2.64114145104175,-2.48250137066941,-0.901111901976797,-1.05574752643286,2.74093195416104,2.48650582658569,1
7606,211,7606,7609,743.109375,750.5,45.109375,52.5,767.859375,778.28125,69.859375,80.28125,-1.07458165045217,-1.38030482180515,-2.0830496229191,1.17342159524106,-1.00846797246693,2.55372641704621,2.72099091766644,1
7607,212,7607,7610,744.71875,746.171875,46.71875,48.171875,769.46875,773.953125,71.46875,75.953125,-0.482309376737386,-1.41986308776056,-1.46677182885413,1.13564443613669,-0.98446245211674,2.55550752389725,2.7432153311656,1
7608,213,7608,7611,746.046875,750.203125,48.046875,52.203125,770.796875,777.984375,72.796875,79.984375,0.484688863791865,-2.806981178959,-0.481689248734197,-0.169494117689937,-0.966378112526062,2.63748706126907,2.67932013338446,1
7609,214,7609,7612,747.28125,746,49.28125,48,772.03125,773.78125,74.03125,75.78125,1.08658793211672,3.08169609758504,0.0773719095440975,-0.526034086788979,-1.00921602257262,2.67545512280557,2.59851416180139,1
7610,215,7610,7613,748.84375,742.046875,50.84375,44.046875,773.59375,769.828125,75.59375,71.828125,2.1775740158928,-1.40946158954726,1.1351439043814,1.16563467421431,-1.0424301115114,2.57509626376157,2.66565893190661,1
7611,216,7611,7614,750.09375,746.09375,52.09375,48.09375,774.84375,773.875,76.84375,75.875,-2.84247821364571,2.83201524404498,2.3680297428004,-0.782083617984009,-1.07267735073347,2.66908644515059,2.54142151129552,1
7612,217,7612,7615,743.578125,750.046875,45.578125,52.046875,768.328125,777.828125,70.328125,79.828125,-1.96354235086705,-1.35699712478391,-3.08258152971195,1.25837401640764,-1.1190391788449,2.61537114119155,2.54877498714314,1
7613,218,7613,7616,745.015625,745.96875,47.015625,47.96875,769.765625,773.75,71.765625,75.75,-1.42454516327678,-2.17470634747869,-2.4761238264216,0.466647103139445,-1.05157866314481,2.64135345061814,2.59025319341663,1
7614,219,7614,7617,746.265625,749.828125,48.265625,51.828125,771.015625,777.609375,73.015625,79.609375,-0.234599284062356,-0.299127579483535,-1.24834076697573,2.25087241390366,-1.01374148291337,2.54999999338719,2.71944383087902,1
7615,220,7615,7618,747.65625,745.765625,49.65625,47.765625,772.40625,773.546875,74.40625,75.546875,0.751005752789727,1.4445864771292,-0.23679170286792,-2.22018893364522,-0.987797455657647,2.61840989640516,2.67697795511678,1
7616,221,7616,7619,749.125,749.421875,51.125,51.421875,773.875,777.203125,75.875,79.203125,1.6801084317681,2.97300816320641,0.658393579127475,-0.673578459260329,-1.02171485264063,2.63659868471284,2.62487176982612,1
7617,222,7617,7620,750.25,745.265625,52.25,47.265625,775,773.046875,77,75.046875,2.05381181957094,-0.798199878448414,0.977707475351309,1.73343931427359,-1.07610434421963,2.531639192722,2.67544177023796,1
7618,223,7618,7621,744,749.09375,46,51.09375,768.75,776.875,70.75,78.875,2.41246260772398,1.27650366046906,1.40748466834991,-2.40140553621221,-1.00497793937407,2.60527611049831,2.67293125730721,1
7619,224,7619,7622,745.1875,745.109375,47.1875,47.109375,769.9375,772.890625,71.9375,74.890625,2.85783251184764,2.86479565834185,1.76540955115029,-0.763421973407047,-1.09242296069735,2.65496767543069,2.53579467105154,1
7620,225,7620,7623,746.671875,749.15625,48.671875,51.15625,771.421875,776.9375,73.421875,78.9375,-2.59018981448517,-0.484652707769148,2.59342258974757,2.04581470506736,-1.09957290294685,2.53046741283651,2.65314499139623,1
7621,226,7621,7624,748.171875,745.078125,50.171875,47.078125,772.921875,772.859375,74.921875,74.859375,-2.25551329695445,1.66431086116217,2.97412546935736,-1.99076273988833,-1.05354654086778,2.62811170612909,2.60152706018272,1
7622,227,7622,7625,749.453125,749,51.453125,51,774.203125,776.78125,76.203125,78.78125,-2.08226487965046,-1.77536205673208,3.09812798646135,0.832170485937433,-1.10279244106777,2.60753254266951,2.5728603234423,1
7623,228,7623,7626,742.890625,744.859375,44.890625,46.859375,767.640625,772.640625,69.640625,74.640625,-1.44426710416285,1.0970203086943,-2.57898408021066,-2.54551084827659,-1.13471697604781,2.6406541502087,2.50781418092307,1
7624,229,7624,7627,744.296875,748.765625,46.296875,50.765625,769.046875,776.546875,71.046875,78.546875,-0.45844389797921,-2.92002581852836,-1.475701665968,-0.22303007280924,-1.01725776798879,2.69699574571912,2.56893179347168,1
7625,230,7625,7628,745.859375,744.46875,47.859375,46.46875,770.609375,772.25,72.609375,74.25,0.348862241206702,-0.821456831652175,-0.58299528394845,1.69762763985002,-0.931857525155153,2.5190844715022,2.83224331052224,1
7626,231,7626,7629,747.21875,748.453125,49.21875,50.453125,771.96875,776.234375,73.96875,78.234375,1.30527724513376,1.27904564943517,0.262910459046699,-2.41565371597682,-1.04236678608706,2.58848594176759,2.65233257932493,1
7627,232,7627,7630,748.28125,744.265625,50.28125,46.265625,773.03125,772.046875,75.03125,74.046875,1.67753347867352,-2.91916154918473,0.642668342041627,-0.259733269229908,-1.03486513663189,2.65942827995482,2.58889189059287,1
7628,233,7628,7631,749.921875,748.171875,51.921875,50.171875,774.671875,775.953125,76.671875,77.953125,2.66449084390278,-1.15152511344795,1.63378888529316,1.39951709777386,-1.03070195860962,2.55104221122181,2.70144113734816,1
7629,234,7629,7632,743.28125,744.078125,45.28125,46.078125,768.03125,771.859375,70.03125,73.859375,2.48464490942432,1.49645970376452,1.49015022843956,-2.15866570299491,-0.994494680984768,2.62805990042016,2.66063072577466,1
7630,235,7630,7633,744.828125,748.0625,46.828125,50.0625,769.578125,775.84375,71.578125,77.84375,-2.91895250871273,-2.80577131893116,2.294464472224,-0.139579618786274,-1.06976832624286,2.66619170014489,2.54722528079184,1
7631,236,7631,7634,746.109375,744.015625,48.109375,46.015625,770.859375,771.796875,72.859375,73.796875,-2.64935366721542,2.15222912417931,2.52293500393841,-1.48138051252268,-1.11089663602576,2.6495756704776,2.52271300067623,1
7632,237,7632,7635,747.515625,748.078125,49.515625,50.078125,772.265625,775.859375,74.265625,77.859375,-2.04099846206405,1.68385228397393,-3.07097828032998,-1.90219237759972,-1.02997981826594,2.69714064560593,2.55606484330771,1
7633,238,7633,7636,749.015625,744.03125,51.015625,46.03125,773.765625,771.8125,75.765625,73.8125,-1.53057987824099,0.161093247109587,-2.63124433205456,2.7283403502511,-1.10066445381357,2.56724710314151,2.6152737502245,1
7634,239,7634,7637,750.203125,747.8125,52.203125,49.8125,774.953125,775.59375,76.953125,77.59375,-1.24868259203475,-0.455862968728013,-2.38331270033478,2.1437715888366,-1.13463010830003,2.59963455756462,2.54892064131494,1
7635,240,7635,7638,743.671875,743.625,45.671875,45.625,768.421875,771.40625,70.421875,73.40625,-1.01089254525584,2.37984187857684,-2.1354749912056,-1.21237714213323,-1.12458244594976,2.69096628646952,2.46763657476031,1
7636,241,7636,7639,745.125,747.53125,47.125,49.53125,769.875,775.3125,71.875,77.3125,-0.850600055799528,-2.33023241015431,-1.9193382998278,0.30454622327422,-1.06873824402828,2.63477863342853,2.57966842972278,1
7637,242,7637,7640,746.796875,743.265625,48.796875,45.265625,771.546875,771.046875,73.546875,73.046875,-0.633914364596979,-0.917309423264307,-1.6151999638973,1.59423554902171,-0.981285599300324,2.51154497228602,2.79035473559324,1
7638,243,7638,7641,748.09375,747.234375,50.09375,49.234375,772.84375,775.015625,74.84375,77.015625,-0.235259374593981,0.825475761651128,-1.25306297293681,-2.90069589274186,-1.01780359834283,2.55701365278659,2.70836805605016,1
7639,244,7639,7642,749.3125,743.140625,51.3125,45.140625,774.0625,770.921875,76.0625,72.921875,-0.175006648867908,2.69830632412598,-1.20812040208683,-0.908440179887668,-1.03311375321892,2.67643880316594,2.57363275079473,1
7640,245,7640,7643,742.84375,747.140625,44.84375,49.140625,767.59375,774.921875,69.59375,76.921875,0.155931608887769,-1.46023060682708,-0.769417671365377,1.12388727027639,-0.925349280253146,2.58411787710347,2.77371814982297,1
7641,246,7641,7644,744.171875,743.015625,46.171875,45.015625,768.921875,770.796875,70.921875,72.796875,0.0122500961028222,0.502193897682332,-1.00276209434447,3.07358245000244,-1.01501219044729,2.57138855232011,2.69678456441218,1
7642,247,7642,7645,745.90625,747.140625,47.90625,49.140625,770.65625,774.921875,72.65625,76.921875,0.397160015067243,2.52431143547935,-0.557527739848435,-1.03654438820048,-0.954687754915678,2.72232948349976,2.60616806876414,1
7643,248,7643,7646,747.15625,743.0625,49.15625,45.0625,771.90625,770.84375,73.90625,72.84375,0.00114038543515734,-1.79554765529513,-1.00889208049444,0.813832151662365,-1.0100324659296,2.60937980695749,2.6637730342925,1
7644,249,7644,7647,748.21875,746.859375,50.21875,48.859375,772.96875,774.640625,74.96875,76.640625,0.380879387109951,-0.282935895662107,-0.567564484623017,2.30634016232478,-0.948443871732968,2.58927605798689,2.74546537745973,1
7645,250,7645,7648,750.0625,742.890625,52.0625,44.890625,774.8125,770.671875,76.8125,72.671875,0.774327382040676,1.77696299984564,-0.209996487647278,-1.83681813821898,-0.984323869687954,2.66940416911496,2.62945726837667,1
7646,251,7646,7649,743.296875,746.59375,45.296875,48.59375,768.046875,774.375,70.046875,76.375,1.20156760350047,-2.54726744421567,0.246078241774997,0.0887740884859302,-0.955489361725474,2.6360415327016,2.69165441275252,1
7647,252,7647,7650,744.9375,742.71875,46.9375,44.71875,769.6875,770.5,71.6875,72.5,1.37651465442497,-0.694888745678901,0.383681589291169,1.88929253076596,-0.992833065133799,2.58418127644487,2.70617096560092,1
7648,253,7648,7651,746.265625,746.484375,48.265625,48.484375,771.015625,774.265625,73.015625,76.265625,1.1260315495073,1.37063330061004,0.0926499638797164,-2.31438641563482,-1.03338158562758,2.59816559093473,2.65163813061728,1
7649,254,7649,7652,747.796875,742.21875,49.796875,44.21875,772.546875,770,74.546875,72,1.35735811608027,-2.6831585174197,0.35222367159331,-0.0651539424184195,-1.00513444448696,2.61800457500128,2.66004628769135,1
7650,255,7650,7653,749.203125,746.421875,51.203125,48.421875,773.953125,774.203125,75.953125,76.203125,1.04548659686449,1.36967475250225,0.0637258443001315,-2.32775961260672,-0.981760752564356,2.58575094207061,2.71567361254462,1
7651,0,7651,7654,750.515625,750.125,52.515625,52.125,775.265625,777.90625,77.265625,79.90625,1.18136686354511,0.603899560307183,0.18077633787273,3.12873923951116,-1.00059052567238,2.52483967920397,2.75775510230323,1
7652,1,7652,7655,744.078125,746.1875,46.078125,48.1875,768.828125,773.96875,70.828125,75.96875,1.23262973863833,-1.05635514693323,0.214635189279972,1.47261362420936,-1.01799454935836,2.52896877114259,2.73622198667864,1
7653,2,7653,7656,745.3125,750.203125,47.3125,52.203125,770.0625,777.984375,72.0625,79.984375,0.983586373139811,1.13288025023292,0.0104171098946241,-2.5544629731916,-0.973169263245187,2.59584208375506,2.71417396017934,1
7654,3,7654,7657,746.921875,745.9375,48.921875,47.9375,771.671875,773.71875,73.671875,75.71875,0.583256259816993,0.355527461918428,-0.369904001206269,2.92747777268952,-0.953160261023261,2.5719503107711,2.75807473538523,1
7655,4,7655,7658,748.234375,749.953125,50.234375,51.953125,772.984375,777.734375,74.984375,79.734375,0.181496630964862,2.07458577837976,-0.8419489097726,-1.53304975975053,-1.02344554073746,2.67554976904929,2.58418999739283,1
7656,5,7656,7659,749.84375,746.015625,51.84375,48.015625,774.59375,773.796875,76.59375,75.796875,0.0346290137423696,0.154064131634175,-0.901820338442903,2.71030821739262,-0.936449352185273,2.55624408575845,2.79049186923586,1
7657,6,7657,7660,743.15625,749.84375,45.15625,51.84375,767.90625,777.625,69.90625,79.625,-0.310556273996025,-0.575515495713878,-1.31139551417142,1.97899230338935,-1.0008392401754,2.55450779910322,2.72783826790096,1
7658,7,7658,7661,744.75,745.6875,46.75,47.6875,769.5,773.46875,71.5,75.46875,-0.622243771324885,0.998661901657911,-1.6440082961086,-2.6526615844002,-1.02176452478372,2.63186182112147,2.6295589612744,1
7659,8,7659,7662,746.15625,749.328125,48.15625,51.328125,770.90625,777.109375,72.90625,79.109375,-1.3388477236578,-2.9460849952688,-2.40737510474746,-0.315733511981819,-1.06852738108966,2.63035148328698,2.58430644280295,1
7660,9,7660,7663,747.453125,745.3125,49.453125,47.3125,772.203125,773.09375,74.203125,75.09375,-2.03218245917587,-1.2813045096839,3.12496643994783,1.23614655363074,-1.12603640805589,2.51745106331464,2.63969783580906,1
7661,10,7661,7664,749.046875,749.125,51.046875,51.125,773.796875,776.90625,75.796875,78.90625,-2.09874578132447,0.715815583744295,-3.13817586345573,-3.05040516364445,-1.03943008213126,2.51696455979085,2.72679066525748,1
7662,11,7662,7665,750.46875,745.28125,52.46875,47.28125,775.21875,773.0625,77.21875,75.0625,2.77247469523025,2.64289176708204,1.74308432729422,-0.974406807762484,-1.02939036793603,2.66588673233506,2.5879082069085,1
7663,12,7663,7666,743.890625,749.234375,45.890625,51.234375,768.640625,777.015625,70.640625,79.015625,2.25430317044128,-2.10177020740091,1.20905461263453,0.532275542736217,-1.04524855780675,2.63404575013712,2.60389099923571,1
7664,13,7664,7667,745.296875,745.0625,47.296875,47.0625,770.046875,772.84375,72.046875,74.84375,1.65090049244934,-0.296614257369662,0.632555122385261,2.26076544726836,-1.01834537006408,2.55737970463803,2.70746023247748,1
7665,14,7665,7668,746.75,749.1875,48.75,51.1875,771.5,776.96875,73.5,78.96875,1.25819257745693,-2.1103822863026,0.2760848230494,0.511396023246962,-0.982107754407533,2.62177830954957,2.67929924322249,1
7666,15,7666,7669,748.09375,744.953125,50.09375,46.953125,772.84375,772.734375,74.84375,74.734375,0.520737036180092,-2.74064648883851,-0.480470268072503,-0.0780820233849961,-1.00120730425259,2.66256446545351,2.61941353747348,1
7667,16,7667,7670,749.875,749.015625,51.875,51.015625,774.625,776.796875,76.625,78.796875,-0.114558685099598,-1.24449766933541,-1.09563602463211,1.35989218871427,-0.981077339532512,2.60438985804968,2.69771810959739,1
7668,17,7668,7671,743.140625,744.890625,45.140625,46.890625,767.890625,772.671875,69.890625,74.671875,-0.791016594907305,0.408391098934177,-1.83560201116177,2.96737886786335,-1.04458541625446,2.55898776892917,2.67961212199595,1
7669,18,7669,7672,744.671875,748.90625,46.671875,50.90625,769.421875,776.6875,71.421875,78.6875,-1.52346406251074,2.43215474045338,-2.61520241896448,-1.12492135791179,-1.09173835645374,2.72610920881441,2.46533774191143,1
7670,19,7670,7673,746.046875,744.90625,48.046875,46.90625,770.796875,772.6875,72.796875,74.6875,-1.86329506091217,-2.21578348246939,-2.97431661883859,0.466948655133725,-1.11102155792641,2.68273213760312,2.48943161165006,1
7671,20,7671,7674,747.375,748.515625,49.375,50.515625,772.125,776.296875,74.125,78.296875,-2.7788015842293,-0.252821185486908,2.41416763857833,2.30193244821134,-1.09021608437195,2.55475363369824,2.63821558910939,1
7672,21,7672,7675,749.09375,744.65625,51.09375,46.65625,773.84375,772.4375,75.84375,74.4375,2.42777670358371,-2.84171322792689,1.39534814624941,-0.165687287125155,-1.0324285573343,2.67602594080173,2.57473080904355,1
7673,22,7673,7676,750.6875,748.4375,52.6875,50.4375,775.4375,776.21875,77.4375,78.21875,1.44507195620962,2.96601538673488,0.425786981604975,-0.647355377305594,-1.01928497460465,2.66981454313911,2.59408578943583,1
7674,23,7674,7677,744.078125,744.265625,46.078125,46.265625,768.828125,772.046875,70.828125,74.046875,0.821283999444285,-1.47168950648123,-0.159913105334088,1.08325835928936,-0.981197104778373,2.55494786577059,2.74704033663063,1
7675,24,7675,7678,745.375,748.1875,47.375,50.1875,770.125,775.96875,72.125,77.96875,-0.601064693693982,0.391305150174091,-1.62506938020037,2.93595095235014,-1.02400468650638,2.54464580217605,2.71453481849715,1
7676,25,7676,7679,746.890625,744.171875,48.890625,46.171875,771.640625,771.953125,73.640625,73.953125,-1.14643185406638,-0.695588390424581,-2.19737564537518,1.87140611372288,-1.0509437913088,2.56699450414746,2.66524701172332,1
7677,26,7677,7680,748.1875,748.0625,50.1875,50.0625,772.9375,775.84375,74.9375,77.84375,-1.56969333230668,-1.42832863049032,-2.73103486754077,1.16907613271213,-1.16134153523409,2.59740476320245,2.52443900874305,1
7678,27,7678,7681,749.734375,743.921875,51.734375,45.921875,774.484375,771.703125,76.484375,73.703125,-2.18208969196684,0.794093875037924,3.02387696836754,-2.92110584712196,-1.0772186468452,2.5679855850197,2.63798107531468,1
7679,28,7679,7682,743.265625,747.9375,45.265625,49.9375,768.015625,775.71875,70.015625,77.71875,-2.07338372103226,2.9795101128272,3.09696350070501,-0.610677297040407,-1.11283808544232,2.69299789731198,2.47734932442529,1
7680,29,7680,7683,744.4375,743.875,46.4375,45.875,769.1875,771.65625,71.1875,73.65625,-2.52656398151038,-1.94081756637063,2.65624203100441,0.705333309978369,-1.1003792946648,2.646150876349,2.53665513616579,1
7681,30,7681,7684,746.09375,747.5625,48.09375,49.5625,770.84375,775.34375,72.84375,77.34375,-2.51397658774021,-0.208272414933982,2.69023615733379,2.30153114021202,-1.07897256210559,2.509803555146,2.694409189928,1
7682,31,7682,7685,747.8125,743.953125,49.8125,45.953125,772.5625,771.734375,74.5625,73.734375,3.09059329911185,-1.93986446468096,2.11163419003846,0.667998344580727,-0.97895910907339,2.60786280926169,2.69636338884451,1
7683,32,7683,7686,749.046875,747.359375,51.046875,49.359375,773.796875,775.140625,75.796875,77.140625,1.99641338214502,-2.93296118184854,0.958927011927538,-0.24699388971096,-1.03748637021748,2.68596729213758,2.55973164482453,1
7684,33,7684,7687,750.265625,751.640625,52.265625,53.640625,775.015625,779.421875,77.015625,81.421875,1.39045717562154,1.28157895043146,0.395360333310256,-2.40191923612254,-0.995096842311285,2.59968712062558,2.68840134424272,1
7685,34,7685,7688,744.0625,747.125,46.0625,49.125,768.8125,774.90625,70.8125,76.90625,0.785117121378303,0.633775001247851,-0.181780941470691,3.13214149490868,-0.966898062848994,2.49836649366082,2.81792075066977,1
7686,35,7686,7689,745.3125,743.25,47.3125,45.25,770.0625,771.03125,72.0625,73.03125,0.12264584948369,2.54629462081143,-0.84643928217038,-1.06661913229755,-0.969085131654069,2.6702715540706,2.64382862145492,1
7687,36,7687,7690,747.078125,747.078125,49.078125,49.078125,771.828125,774.859375,73.828125,76.859375,-0.65641109602788,-1.62482662586791,-1.62916840724848,0.985425500012755,-0.972757311220601,2.61025212588067,2.70017587007832,1
7688,37,7688,7691,748.171875,751.21875,50.171875,53.21875,772.921875,779,74.921875,81,-1.25509843991,-2.78745314131845,-2.29328937825035,-0.150491018202247,-1.03819093834035,2.6369621231162,2.60803224572303,1
7689,38,7689,7692,749.890625,747.03125,51.890625,49.03125,774.640625,774.8125,76.640625,76.8125,-1.89106227447431,2.97458022787351,-2.97653784116351,-0.614212605695576,-1.0854755666892,2.6943924736105,2.50331726687989,1
7690,39,7690,7693,743.15625,742.921875,45.15625,44.921875,767.90625,770.703125,69.90625,72.703125,-2.46291773792397,-1.61936094688909,2.720842097232,0.96915070708267,-1.09942547202362,2.58851165397176,2.59524818118421,1
7691,40,7691,7694,744.75,746.921875,46.75,48.921875,769.5,774.703125,71.5,76.703125,-2.30670406716195,0.887539383064858,2.90480256897328,-2.74479149622036,-1.07167867104435,2.65085442789437,2.56065220824087,1
7692,41,7692,7695,746.046875,751.03125,48.046875,53.03125,770.796875,778.8125,72.796875,80.8125,-2.5979188760733,2.52554824554516,2.62753590716365,-0.994534923214272,-1.05773052394263,2.76310213842016,2.4623526448168,1
7693,42,7693,7696,747.5625,746.484375,49.5625,48.484375,772.3125,774.265625,74.3125,76.265625,-2.8878191738759,-1.99133239713868,2.33660516675565,0.606334102031524,-1.05876096654804,2.5976664991702,2.62675784146134,1
7694,43,7694,7697,749.109375,750.625,51.109375,52.625,773.859375,778.40625,75.859375,80.40625,3.02373563766901,2.22111048370604,1.96881264688472,-1.4261971106119,-1.05492299078429,2.63587771286164,2.59238460353366,1
7695,44,7695,7698,750.234375,746.3125,52.234375,48.3125,774.984375,774.09375,76.984375,76.09375,1.97226191548897,1.80930870806913,0.934783517113502,-1.83612292138606,-1.03747839837547,2.6377536777244,2.60795323107972,1
7696,45,7696,7699,744.046875,750.5625,46.046875,52.5625,768.796875,778.34375,70.796875,80.34375,1.21151946871402,-2.16579648644809,0.240843556904106,0.527168327794802,-0.970675911809913,2.69296481424289,2.61954458112678,1
7697,46,7697,7700,745.5,746.046875,47.5,48.046875,770.25,773.828125,72.25,75.828125,0.162972586254378,-0.0331280833747267,-0.809895395455948,2.50758365351698,-0.972867981710326,2.54071173689171,2.76960558857755,1
7698,47,7698,7701,747.03125,750.171875,49.03125,52.171875,771.78125,777.953125,73.78125,79.953125,-0.686550153744398,-1.26635970435709,-1.67562430117893,1.28112745533494,-0.989074147434527,2.54748715969204,2.74662400005302,1
7699,48,7699,7702,748.21875,746.0625,50.21875,48.0625,772.96875,773.84375,74.96875,75.84375,-1.34267974687234,0.750836484025315,-2.48973804782284,-3.00791102513153,-1.1470583009505,2.52443779802274,2.61168920820634,1
7700,49,7700,7703,749.78125,749.96875,51.78125,51.96875,774.53125,777.75,76.53125,79.75,-1.74617154509343,0.459694606738461,-2.73532149057532,3.04367002746708,-0.989149945481893,2.58397542072862,2.71005994096907,1
7701,50,7701,7704,743.28125,745.890625,45.28125,47.890625,768.03125,773.671875,70.03125,75.671875,-2.0661212191543,2.34985475989924,-3.07644604970747,-1.26899326819244,-1.01032483055317,2.6643372790879,2.60852319753851,1
7702,51,7702,7705,744.453125,750,46.453125,52,769.203125,777.78125,71.203125,79.78125,-2.60607541703254,-2.92283123784276,2.58590423238033,-0.232559213504079,-1.09120565776671,2.69027202433868,2.50170762507419,1
7703,52,7703,7706,746.109375,746.015625,48.109375,48.015625,770.859375,773.796875,72.859375,75.796875,-3.07723292990516,1.60564534738326,2.10865801809784,-1.99806266535107,-1.09729435917659,2.67947729444526,2.50641365355774,1
7704,53,7704,7707,747.328125,749.734375,49.328125,51.734375,772.078125,777.515625,74.078125,79.515625,2.11590963078261,0.772857497017432,1.0692511748126,-2.93123246037399,-1.04665845597001,2.57909534978817,2.65743150142141,1
7705,54,7705,7708,749.109375,745.765625,51.109375,47.765625,773.859375,773.546875,75.859375,75.546875,0.677701830618871,2.64235351219852,-0.314963143737843,-0.954277574110759,-0.992664974356715,2.68655422087031,2.60396611195256,1
7706,55,7706,7709,742.6875,749.484375,44.6875,51.484375,767.4375,777.265625,69.4375,79.265625,-0.278566250585457,-2.64598873203201,-1.35399441523196,-0.0417467349355064,-1.0754281646465,2.6042419970965,2.60351514543658,1
7707,56,7707,7710,744.15625,745.203125,46.15625,47.203125,768.90625,772.984375,70.90625,74.984375,-1.46161721803453,-0.941779721988451,-2.59889414923099,1.5749227670327,-1.13727693119646,2.51670248902115,2.62920588696198,1
7708,57,7708,7711,745.5,749.125,47.5,51.125,770.25,776.90625,72.25,78.90625,-2.12920702730408,-0.0345280743783564,3.08642714173259,2.46425779033839,-1.06755113814291,2.49878586471674,2.71684830431993,1
7709,58,7709,7712,747.078125,745.25,49.078125,47.25,771.828125,773.03125,73.828125,75.03125,2.79190298873034,1.63235003571363,1.74304356097645,-2.00800990321763,-1.04885942775389,2.64282536824832,2.59150051117737,1
7710,59,7710,7713,748.296875,749.171875,50.296875,51.171875,773.046875,776.953125,75.046875,78.953125,1.8605218953524,2.06685054909344,0.83021341737487,-1.56574540759395,-1.03030847797753,2.65058935049219,2.60228747870986,1
7711,60,7711,7714,749.9375,745.078125,51.9375,47.078125,774.6875,772.859375,76.6875,74.859375,0.559389343434491,3.0809296109746,-0.44837386643778,-0.54074358100612,-1.00776320987227,2.66151211519886,2.61390998210845,1
7712,61,7712,7715,743.296875,749.328125,45.296875,51.328125,768.046875,777.109375,70.046875,79.109375,-0.619974350639036,1.11944771557955,-1.62427522958365,-2.58022508599737,-1.00430087894461,2.58351250560267,2.6953719226323,1
7713,62,7713,7716,744.9375,745.140625,46.9375,47.140625,769.6875,772.921875,71.6875,74.921875,-1.98015669822845,-0.55375109107658,-3.06774734084439,1.98689111626803,-1.08759064261594,2.54064220734461,2.65495245721904,1
7714,63,7714,7717,746.21875,749.015625,48.21875,51.015625,770.96875,776.796875,72.96875,78.796875,-2.97206229065399,0.623555081175095,2.20491739680305,-3.10004192752966,-1.10620561972255,2.55958829847483,2.61739138898221,1
7715,64,7715,7718,747.84375,745.03125,49.84375,47.03125,772.59375,772.8125,74.59375,74.8125,2.70908254681698,2.01801774904476,1.70418090443088,-1.62033286740029,-1.0049016423861,2.64483469073453,2.63344897405896,1
7716,65,7716,7719,749.21875,749.03125,51.21875,51.03125,773.96875,776.8125,75.96875,78.8125,1.91675884739842,-1.14345190918654,0.918640975092894,1.43780497457315,-0.998117872305528,2.58125688375969,2.70381055111437,1
7717,66,7717,7720,750.75,745.015625,52.75,47.015625,775.5,772.796875,77.5,74.796875,0.599293894306085,-2.63480956833051,-0.352050823296034,0.0258184234267623,-0.951344717602119,2.66062799175727,2.67121259782019,1
7718,67,7718,7721,744.28125,748.984375,46.28125,50.984375,769.03125,776.765625,71.03125,78.765625,-0.621501957010465,-1.13291510764776,-1.65782079812215,1.44609965796631,-1.03631884111168,2.57901476561407,2.66785170045384,1
7719,68,7719,7722,745.9375,744.890625,47.9375,46.890625,770.6875,772.671875,72.6875,74.671875,-1.69710780142268,0.167233595419841,-2.81066469525091,2.71971743716319,-1.11355689382823,2.55248384174335,2.61714457160801,1
7720,69,7720,7723,747.203125,748.890625,49.203125,50.890625,771.953125,776.671875,73.953125,78.671875,-2.69132632049201,1.17880761451697,2.51177119443426,-2.46026771705344,-1.08008779225331,2.64410997560918,2.5589875393171,1
7721,70,7721,7724,748.828125,744.84375,50.828125,46.84375,773.578125,772.625,75.578125,74.625,2.80203753152391,2.61869843011992,1.73175882265836,-0.957626821655573,-1.07027870886556,2.70686005540409,2.50604654290994,1
7722,71,7722,7725,750.203125,748.90625,52.203125,50.90625,774.953125,776.6875,76.953125,78.6875,1.63165628826473,-2.24666498539254,0.589504528645126,0.440006132052997,-1.0421517596196,2.68667111744553,2.55436243011445,1
7723,72,7723,7726,743.859375,744.5,45.859375,46.5,768.609375,772.28125,70.609375,74.28125,0.993515121043242,-1.29613052389183,0.0568146413719401,1.25051291426877,-0.936700479671302,2.5466434381606,2.79984138934768,1
7724,73,7724,7727,745.171875,748.34375,47.171875,50.34375,769.921875,776.125,71.921875,78.125,-0.0880066791895293,0.18741305666915,-1.05794738381171,2.69968396731737,-0.969940704622181,2.51227091064822,2.80097369190918,1
7725,74,7725,7728,746.828125,744.453125,48.828125,46.453125,771.578125,772.234375,73.578125,74.234375,-1.33279650538016,1.47384530316536,-2.35199422859475,-2.20673295418181,-1.01919772321458,2.60260704983242,2.66138053413259,1
7726,75,7726,7729,748.125,748.296875,50.125,50.296875,772.875,776.078125,74.875,78.078125,-2.17191240682384,2.65610248304029,3.00168571751106,-0.957132990463657,-1.10958718284469,2.66994983367564,2.50364829065926,1
7727,76,7727,7730,749.75,744.21875,51.75,46.21875,774.5,772,76.5,74,-2.926988635944,-2.2854538760944,2.31142749512821,0.343206444150162,-1.04476917610737,2.62866032024456,2.60975581082765,1
7728,77,7728,7731,751.09375,748.484375,53.09375,50.484375,775.84375,776.265625,77.84375,78.265625,2.35537722700442,1.28733183113691,1.29564887502819,-2.37325979799483,-1.05972835197623,2.62259367804784,2.60086327715552,1
7729,78,7729,7732,744.34375,744.15625,46.34375,46.15625,769.09375,771.9375,71.09375,73.9375,1.4447103050799,-0.433322187854701,0.428895308066522,2.1195091977521,-1.01581499701338,2.5528313856068,2.71453892455941,1
7730,79,7730,7733,746.03125,748.078125,48.03125,50.078125,770.78125,775.859375,72.78125,77.859375,0.716974190874786,0.596136306812855,-0.262676384741816,3.13061729761677,-0.979650575616602,2.53448099080391,2.76905374075907,1
7731,80,7731,7734,747.3125,744.046875,49.3125,46.046875,772.0625,771.828125,74.0625,73.828125,-1.17216143335578,3.03147742955556,-2.24117492365283,-0.551688068430857,-1.06901349029705,2.70001980919317,2.51415200768936,1
7732,81,7732,7735,749.15625,748.09375,51.15625,50.09375,773.90625,775.875,75.90625,77.875,-2.28567756828936,-1.96058985342706,2.9464402158827,0.664549927776659,-1.05106752300752,2.62513978120372,2.60697800296834,1
7733,82,7733,7736,750.578125,744.0625,52.578125,46.0625,775.328125,771.84375,77.328125,73.84375,2.68117916344961,-0.669490793068238,1.68267776981971,1.88749339544589,-0.998501393629895,2.55698418851413,2.72769972503556,1
7734,83,7734,7737,744.015625,748.046875,46.015625,50.046875,768.765625,775.828125,70.765625,77.828125,1.58720270693438,1.26089063257444,0.569436527277881,-2.38088020745641,-1.0177661796565,2.64141446714873,2.62400466037435,1
7735,84,7735,7738,745.421875,744.03125,47.421875,46.03125,770.171875,771.8125,72.171875,73.8125,0.186848059304378,2.88717458251468,-0.792647003796868,-0.713421291530112,-0.979495063101246,2.6825894331348,2.62110081094354,1
7736,85,7736,7739,746.890625,748,48.890625,50,771.640625,775.78125,73.640625,77.78125,-1.12223945006764,-2.13467263025003,-2.23469629972924,0.551637303048468,-1.1124568496616,2.6863099332985,2.48441852421948,1
7737,86,7737,7740,748.234375,743.890625,50.234375,45.890625,772.984375,771.671875,74.984375,73.671875,-2.64823445808622,-0.71255510955191,2.54681061812157,1.84441678734784,-1.08814023097179,2.55697189689975,2.63807317930805,1
7738,87,7738,7741,750.015625,747.765625,52.015625,49.765625,774.765625,775.546875,76.765625,77.546875,2.45538743765653,0.0740199950715247,1.44249425534222,2.64282252617357,-1.01289318231431,2.56880253110205,2.70148959376323,1
7739,88,7739,7742,743.28125,743.78125,45.28125,45.78125,768.03125,771.5625,70.03125,73.5625,1.17323710184028,-2.52937819424621,0.219965583000646,0.128360556757821,-0.953271518839639,2.65773875100403,2.67217503733592,1
7740,89,7740,7743,744.9375,747.703125,46.9375,49.703125,769.6875,775.484375,71.6875,77.484375,-0.356490234518101,2.3906675851848,-1.29738249084532,-1.18205385811477,-0.940892256327217,2.71046386388001,2.63182918697236,1
7741,90,7741,7744,746.25,743.453125,48.25,45.453125,771,771.234375,73,73.234375,-1.90994836727481,-2.75236583224021,-2.97577525782204,-0.124959839431309,-1.06582689054723,2.6274059928089,2.58995242382346,1
7742,91,7742,7745,747.90625,747.390625,49.90625,49.390625,772.65625,775.171875,74.65625,77.171875,3.03942513374247,-1.4670456315912,2.00447146731417,1.08134123140079,-1.0349536664283,2.54838686299199,2.69984477775929,1
7743,92,7743,7746,749.203125,751.515625,51.203125,53.515625,773.953125,779.296875,75.953125,81.296875,1.56209767033974,2.6527318187887,0.541046600793131,-0.919514459985206,-1.02105106954661,2.71093902840568,2.5511952092273,1
7744,93,7744,7747,751.046875,747.34375,53.046875,49.34375,775.796875,775.125,77.796875,77.125,0.273488910542697,1.00569945652148,-0.67785606395391,-2.6493819779187,-0.951344974496607,2.62810387273941,2.70373645994357,1
7745,94,7745,7748,744.171875,743.328125,46.171875,45.328125,768.921875,771.109375,70.921875,73.109375,-1.21359206619022,2.44177705642857,-2.32774474225006,-1.15421825495888,-1.11415267605984,2.68718999579214,2.48184263532761,1
7746,95,7746,7749,745.890625,747.140625,47.890625,49.140625,770.640625,774.921875,72.640625,76.921875,-2.61635937735093,-2.95765521130231,2.58662484899774,-0.295038288414961,-1.08020108083092,2.66261692288735,2.54036730346132,1
7747,96,7747,7750,747.234375,743.125,49.234375,45.125,771.984375,770.90625,73.984375,72.90625,1.8250570274139,-1.64801832143278,0.773755939012988,0.890657259867762,-1.05130108840091,2.53867558130054,2.69320863747813,1
7748,97,7748,7751,749.015625,747.078125,51.015625,49.078125,773.765625,774.859375,75.765625,76.859375,0.490567752255311,1.50913505566953,-0.474235668499695,-2.13647375348646,-0.964803420755007,2.6375764980236,2.68080538840098,1
7749,98,7749,7752,750.265625,751.09375,52.265625,53.09375,775.015625,778.875,77.015625,80.875,-1.45934812186344,0.163671364613066,-2.60897506150852,2.73382943402375,-1.14962693964508,2.57015806941068,2.56340029812382,1
7750,99,7750,7753,743.890625,747.109375,45.890625,49.109375,768.640625,774.890625,70.640625,76.890625,-2.83715534027128,-1.92772099089053,2.40682281484725,0.681260752817609,-1.03920715206106,2.60898174370814,2.63499641141039,1
7751,100,7751,7754,745.28125,751.03125,47.28125,53.03125,770.03125,778.8125,72.03125,80.8125,1.62426254206151,-1.1665238868659,0.589667339188411,1.42721924538495,-1.0345952028731,2.59374313225084,2.65484697205564,1
7752,101,7752,7755,746.921875,747.078125,48.921875,49.078125,771.671875,774.859375,73.671875,76.859375,-0.518533627041476,-2.26938676389561,-1.50819835476534,0.406720446080894,-0.989664727723864,2.67610720997651,2.61741336947922,1
7753,102,7753,7756,748.25,751.03125,50.25,53.03125,773,778.8125,75,80.8125,-2.40909591490029,1.18420238843027,2.760796752218,-2.47051220889985,-1.1132926400613,2.62847070984947,2.54142195726882,1
7754,103,7754,7757,749.890625,747.03125,51.890625,49.03125,774.640625,774.8125,76.640625,76.8125,2.1179974875775,-0.596149514777983,1.06729781298009,2.00868342974967,-1.05069967459741,2.60483294452765,2.62765268805453,1
7755,104,7755,7758,743.578125,751.03125,45.578125,53.03125,768.328125,778.8125,70.328125,80.8125,0.0389770978042043,2.99361584899272,-1.01764414073475,-0.586617962513201,-1.05662123853895,2.70295149567367,2.52361257296697,1
7756,105,7756,7759,744.9375,746.875,46.9375,48.875,769.6875,774.65625,71.6875,76.65625,-2.3205718687001,1.35004679867993,2.8914793191796,-2.27707886012647,-1.07113411929989,2.65605964837319,2.55599153950651,1
7757,106,7757,7760,746.265625,751.03125,48.265625,53.03125,771.015625,778.8125,73.015625,80.8125,2.33840297046709,-1.50499132129199,1.23698552862452,1.07614640966161,-1.10141744184257,2.58113773095359,2.60063013438342,1
7758,107,7758,7761,748.03125,746.703125,50.03125,48.703125,772.78125,774.484375,74.78125,76.484375,0.419113170576824,-3.12344372675307,-0.544734419227701,-0.43449479914511,-0.963847589804524,2.68894892760796,2.6303887897671,1
7759,108,7759,7762,749.421875,742.65625,51.421875,44.65625,774.171875,770.4375,76.171875,72.4375,-1.64495156291164,-1.92827230872008,-2.76763986709912,0.708746858260435,-1.12268830418748,2.63701916698051,2.52347783601159,1
7760,109,7760,7763,743.078125,746.53125,45.078125,48.53125,767.828125,774.3125,69.828125,76.3125,2.58025327712646,-1.26117825166308,1.5461335265862,1.29251382391143,-1.03411975054026,2.55369207557451,2.69537348106481,1
7761,110,7761,7764,744.53125,742.625,46.53125,44.625,769.28125,770.40625,71.28125,72.40625,0.314332569073208,-0.481177382854803,-0.629989187438709,2.06848814561677,-0.944321756511917,2.54966552847157,2.7891980221961,1
7762,111,7762,7765,746.125,746.359375,48.125,48.359375,770.875,774.140625,72.875,76.140625,-1.61164341458982,1.00866063952612,-2.71477987274534,-2.68099999965162,-1.10313645815552,2.59352466800185,2.58652418102222,1
7763,112,7763,7766,747.5,750.28125,49.5,52.28125,772.25,778.0625,74.25,80.0625,2.36273691543004,2.10881863309952,1.3471417674005,-1.56011759039518,-1.01559514802954,2.61424908368489,2.65334107546515,1
7764,113,7764,7767,749.109375,746.25,51.109375,48.25,773.859375,774.03125,75.859375,76.03125,0.272928221455776,-3.04274938837665,-0.661014681751426,-0.386866090195427,-0.933942903207202,2.65588329818122,2.69335910579116,1
7765,114,7765,7768,750.78125,750.34375,52.78125,52.34375,775.53125,778.125,77.53125,80.125,-1.76973952046276,0.690168242928297,-2.78829949669194,-3.09541942789344,-1.01855997622917,2.49759763635785,2.76702769459256,1
7766,115,7766,7769,744.171875,746.265625,46.171875,48.265625,768.921875,774.046875,70.921875,76.046875,2.47815094533341,1.62636581649315,1.4410455490941,-2.05946140683306,-1.03710539623931,2.59735808385338,2.6487218270869,1
7767,116,7767,7770,745.890625,750.1875,47.890625,52.1875,770.640625,777.96875,72.640625,79.96875,0.210922821917588,0.307564206726326,-0.729066837244435,2.85680084344588,-0.939989659162023,2.54923663671955,2.79395901129801,1
7768,117,7768,7771,747.125,746.09375,49.125,48.09375,771.875,773.875,73.875,75.875,-1.61845045555383,0.719574846452529,-2.71968722141587,-3.01527878273217,-1.10123676586204,2.54833167799489,2.63361686332266,1
7769,118,7769,7772,748.796875,742.046875,50.796875,44.046875,773.546875,769.828125,75.546875,71.828125,2.22341054171381,2.0978986531773,1.1852659133782,-1.55569045957299,-1.03814462833561,2.6295961944293,2.61544448441468,1
7770,119,7770,7773,750.25,746.171875,52.25,48.171875,775,773.953125,77,75.953125,-0.476810785662549,-0.626333422893936,-1.45722767956426,1.8910109972207,-0.980416893901709,2.51734442011463,2.78542399316324,1
7771,120,7771,7774,743.890625,750.0625,45.890625,52.0625,768.640625,777.84375,70.640625,79.84375,-2.71555641857914,-1.84242889626491,2.51521324503664,0.774079138580996,-1.05241564356381,2.61650803484591,2.61426162876987,1
7772,121,7772,7775,745.28125,746.125,47.28125,48.125,770.03125,773.90625,72.03125,75.90625,1.07992070889458,1.69856419292192,0.0989244684276915,-1.95277652641673,-0.980996240466888,2.63184458784094,2.67034447887176,1
7773,122,7773,7776,746.9375,750.046875,48.9375,52.046875,771.6875,777.828125,73.6875,79.828125,-1.57944859279393,-0.376596750615813,-2.61543058287866,2.19435789866331,-1.03598199008473,2.57095464927913,2.67624866781573,1
7774,123,7774,7777,748.4375,746.046875,50.4375,48.046875,773.1875,773.828125,75.1875,75.828125,2.48698093159745,3.10366791672542,1.41053213834324,-0.496308891429155,-1.07644879325421,2.68320849902501,2.52352801490036,1
7775,124,7775,7778,750.046875,750.0625,52.046875,52.0625,774.796875,777.84375,76.796875,79.84375,0.0694046328697344,-1.89873848454814,-0.9330012978077,0.701320221651039,-1.00240593067743,2.60005870619918,2.68072067030297,1
7776,125,7776,7779,743.484375,745.84375,45.484375,47.84375,768.234375,773.625,70.234375,75.625,-2.02553973394215,2.86340976414538,-3.04456161367226,-0.728021125813401,-1.01902187973011,2.69175441722081,2.57240901022867,1
7777,126,7777,7780,745.125,749.875,47.125,51.875,769.875,777.65625,71.875,79.65625,1.67965676860147,-1.71350875808322,0.63297685686259,0.883042934668419,-1.04667991173888,2.59655169275164,2.63995370268907,1
7778,127,7778,7781,746.53125,746.046875,48.53125,48.046875,771.28125,773.828125,73.28125,75.828125,-0.591360741986338,1.81623179855261,-1.61013159508583,-1.80936467321306,-1.0187708530995,2.65758883541392,2.60682561866617,1
7779,128,7779,7782,748.140625,749.75,50.140625,51.75,772.890625,777.53125,74.890625,79.53125,-2.65623776095268,0.918282870424975,2.52723629102316,-2.71436164011811,-1.09971125520374,2.6505407966365,2.53293325533935,1
7780,129,7780,7783,749.78125,745.625,51.78125,47.625,774.53125,773.40625,76.53125,75.40625,1.1572872420477,1.46908418888327,0.200911433249866,-2.21552122393807,-0.956375808797833,2.59857989435824,2.72822960402351,1
7781,130,7781,7784,743.15625,749.5625,45.15625,51.5625,767.90625,777.34375,69.90625,79.34375,-1.34379493687249,2.69266212845751,-2.48501640629544,-0.912157558287079,-1.14122146942295,2.678365620435,2.46359821732164,1
7782,131,7782,7785,744.5625,745.328125,46.5625,47.328125,769.3125,773.109375,71.3125,75.109375,2.70174292331541,-2.67063496180496,1.64920894766328,-0.0770691716880117,-1.05253397565214,2.59356579011695,2.6370855414105,1
7783,132,7783,7786,746.171875,749.765625,48.171875,51.765625,770.921875,777.546875,72.921875,79.546875,0.446099909873247,1.07338730498762,-0.526997543865124,-2.56680145378447,-0.973097453738371,2.6429965484075,2.66709130503372,1
7784,133,7784,7787,747.890625,745.390625,49.890625,47.390625,772.640625,773.171875,74.640625,75.171875,-1.70470913665424,1.85773507959615,-2.78894653840889,-1.8094737078752,-1.08423740175465,2.61597651970823,2.58297138571671,1
7785,134,7785,7788,749.171875,749.21875,51.171875,51.21875,773.921875,777,75.921875,79,2.08232153743785,0.0597503690888014,1.05551947081812,2.55494420021758,-1.02680206661973,2.49519383112878,2.76118940943108,1
7786,135,7786,7789,750.84375,745.0625,52.84375,47.0625,775.59375,772.84375,77.59375,74.84375,-0.138879479896276,0.767971384552661,-1.10456171785635,-2.97056800129163,-0.965682237960079,2.5446459213353,2.77285714788421,1
7787,136,7787,7790,744.25,749.1875,46.25,51.1875,769,776.96875,71,78.96875,-3.04960844563727,1.81169903001356,2.16362264427696,-1.84860754982671,-1.06995421726536,2.62287872733932,2.59035236257491,1
7788,137,7788,7791,746.09375,745.21875,48.09375,47.21875,770.84375,773,72.84375,75,0.593768778679607,3.04193502074511,-0.358758407841191,-0.601289727066541,-0.952527186520798,2.63996055936794,2.69069756129085,1
7789,138,7789,7792,779.390625,749.1875,81.390625,51.1875,804.140625,776.96875,106.140625,78.96875,NaN,-2.05657697053316,NaN,0.579724781544688,NaN,2.63630175207784,NaN,0
7790,139,7790,7793,749.125,745.046875,51.125,47.046875,773.875,772.828125,75.875,74.828125,1.74318065702082,-1.21423911081083,0.706021904858155,1.33244297519668,-1.03715875216267,2.54668208600751,2.69934446900941,1
7791,140,7791,7794,750.5625,749.0625,52.5625,51.0625,775.3125,776.84375,77.3125,78.84375,-0.684112669151128,-0.133952951782815,-1.70859635481244,2.431937909072,-1.02448368566132,2.56589086085481,2.69281076066346,1
7792,141,7792,7795,744.109375,745.046875,46.109375,47.046875,768.859375,772.828125,70.859375,74.828125,-2.94029629300267,1.14912150697594,2.27284658477259,-2.50738065374905,-1.07004242940433,2.62668314645459,2.58645973132067,1
7793,142,7793,7796,745.625,749.078125,47.625,51.078125,770.375,776.859375,72.375,78.859375,0.788710720186646,1.90683776457231,-0.185103586718322,-1.67501559321671,-0.973814306904969,2.70133194939056,2.60803905088406,1
7794,143,7794,7797,747.125,744.90625,49.125,46.90625,771.875,772.6875,73.875,74.6875,-1.21989083508552,2.30268746451089,-2.32533765524096,-1.31267659253783,-1.10544682015545,2.66782125013087,2.50991723689327,1
7795,144,7795,7798,748.8125,749.03125,50.8125,51.03125,773.5625,776.8125,75.5625,78.8125,2.97787576306516,-2.78809081344173,1.89500243112365,-0.125301025580928,-1.08287333194152,2.6627897878608,2.53752218737727,1
7796,145,7796,7799,774.15625,745.03125,76.15625,47.03125,798.90625,772.8125,100.90625,74.8125,NaN,-2.07696809441495,NaN,0.565596255743674,NaN,2.64256435015863,NaN,0
7797,146,7797,7800,743.75,748.890625,45.75,50.890625,768.5,776.671875,70.5,78.671875,-1.95672721918315,-1.18063713370919,-3.04288128630283,1.42362917780468,-1.08615406711968,2.60426631151387,2.59276492854603,1
7798,147,7798,7801,745.125,744.875,47.125,46.875,769.875,772.65625,71.875,74.65625,2.15733330482304,-0.343033895613391,1.11711478197675,2.21950348172053,-1.04021852284628,2.56253737733392,2.68042940699939,1
7799,148,7799,7802,746.90625,748.921875,48.90625,50.921875,771.65625,776.703125,73.65625,78.703125,-0.241327674482235,0.0412613915706555,-1.22350938150718,2.57072520578506,-0.982181707024941,2.5294638142144,2.77153978594024,1
7800,149,7800,7803,748.1875,744.796875,50.1875,46.796875,772.9375,772.578125,74.9375,74.578125,-2.4726618284677,0.513291522187362,2.71205397749104,3.0596585556686,-1.09846950122085,2.54636703348124,2.6383487724775,1
7801,150,7801,7804,749.953125,748.890625,51.953125,50.890625,774.703125,776.671875,76.703125,78.671875,1.67949594363804,1.40561852113714,0.68503001817701,-2.24955750553104,-0.994465925461028,2.62800928051141,2.66071010120715,1
7802,151,7802,7805,743.3125,744.875,45.3125,46.875,768.0625,772.65625,70.0625,74.65625,-1.14164714736577,1.78593673862453,-2.26928370045628,-1.8435932255083,-1.12763655309051,2.65365534304676,2.50189341104233,1
7803,152,7803,7806,745.0625,748.828125,47.0625,50.828125,769.8125,776.609375,71.8125,78.609375,2.59944003216372,-1.70347961562167,1.55271832125447,0.887850971163662,-1.04672171090926,2.59133058678534,2.64513300948499,1
7804,153,7804,7807,746.59375,744.75,48.59375,46.75,771.34375,772.53125,73.34375,74.53125,-0.00253830170736426,2.15741174325392,-1.01254138513107,-1.48296409180356,-1.01000308342371,2.64280947212211,2.63037275163377,1
7805,154,7805,7808,748.140625,748.921875,50.140625,50.921875,772.890625,776.703125,74.890625,78.703125,-2.61387619015067,-1.32055067698623,2.58385809718184,1.26520219922992,-1.08545101984708,2.58575287621616,2.61198141111636,1
7806,155,7806,7809,749.625,744.90625,51.625,46.90625,774.375,772.6875,76.375,74.6875,1.07127678006302,-1.05475884979214,0.0962468695920674,1.47268967505999,-0.975029910470953,2.52744852485213,2.7807068718565,1
7807,156,7807,7810,743.140625,748.953125,45.140625,50.953125,767.890625,776.734375,69.890625,78.734375,-1.75475792942589,-0.506425447837004,-2.89154754766847,2.06373352085417,-1.13678961824257,2.57015896869117,2.57623672024584,1
7808,157,7808,7811,744.90625,744.9375,46.90625,46.9375,769.65625,772.71875,71.65625,74.71875,1.50128652747067,-0.173426101781929,0.449161222203231,2.37641148192425,-1.05212530526744,2.54983758370618,2.68122241820597,1
7809,158,7809,7812,746.171875,748.890625,48.171875,50.890625,770.921875,776.671875,72.921875,78.671875,-1.50340396021101,-2.23423005423067,-2.63337041865692,0.497231317966572,-1.1299664584459,2.73146137219724,2.42175747653645,1
7810,159,7810,7813,747.953125,744.96875,49.953125,46.96875,772.703125,772.75,74.703125,74.75,1.99751566059841,0.254786467270679,0.983214470043397,2.81867547064501,-1.01430119055502,2.56388900337433,2.70499511325024,1
7811,160,7811,7814,749.21875,748.578125,51.21875,50.578125,773.96875,776.359375,75.96875,78.359375,-1.24541828621654,-1.39729959858716,-2.30001923125675,1.16508192195861,-1.05460094504022,2.56238152054577,2.6662028415936,1
7812,161,7812,7815,751.09375,744.6875,53.09375,46.6875,775.84375,772.46875,77.84375,74.46875,2.25446956156158,-1.18860915237838,1.20287955346666,1.35883656002957,-1.05159000809492,2.54744571240795,2.68414958667671,1
7813,162,7813,7816,744.296875,748.53125,46.296875,50.53125,769.046875,776.3125,71.046875,78.3125,-1.08021390835416,-0.873252806324786,-2.21863927711841,1.62562487194715,-1.13842536876425,2.49887767827193,2.6458822601434,1
7814,163,7814,7817,746.171875,744.34375,48.171875,46.34375,770.921875,772.125,72.921875,74.125,2.55978958595585,-0.960463931249686,1.45110583313085,1.52913830141522,-1.108683752825,2.4896022326649,2.68489932168968,1
7815,164,7815,7818,747.71875,748.453125,49.71875,50.453125,772.46875,776.234375,74.46875,78.234375,-0.949256643752029,-0.699827952045119,-2.03563040145592,1.88554479576256,-1.08637375770389,2.58537274780768,2.61143880166802,1
7816,165,7816,7819,749.1875,744.84375,51.1875,46.84375,773.9375,772.625,75.9375,74.625,2.22875666479242,2.93073469001938,1.17251157787619,-0.640821287036231,-1.05624508691623,2.71162933012398,2.51531089013938,1
7817,166,7817,7820,750.859375,748.5,52.859375,50.5,775.609375,776.28125,77.609375,78.28125,-1.25612037482934,-0.131457278397313,-2.36311247557417,2.38756423688958,-1.10699210074483,2.5190215152869,2.65717169114786,1
7818,167,7818,7821,744.28125,744.3125,46.28125,46.3125,769.03125,772.09375,71.03125,74.09375,2.01126761086608,0.733358140817414,0.946265710392353,-3.01790038469503,-1.06500190047373,2.53192678166715,2.68625662503871,1
7819,168,7819,7822,746.09375,748.484375,48.09375,50.484375,770.84375,776.265625,72.84375,78.265625,-1.88602668013981,-2.83000025006892,-2.96656126032665,-0.191551070281791,-1.08053458018684,2.63844917978713,2.56420154720561,1
7820,169,7820,7823,747.71875,744.875,49.71875,46.875,772.46875,772.65625,74.46875,74.65625,1.03944310581445,-3.05216334944473,0.099738719757301,-0.342918229417379,-0.93970438605715,2.70924512002735,2.63423580109509,1
7821,170,7821,7824,749.1875,748.859375,51.1875,50.859375,773.9375,776.640625,75.9375,78.640625,-2.27210732821494,-3.07490967807973,2.94229477048479,-0.369890809493567,-1.06878320847986,2.70501886858617,2.50938323011356,1
7822,171,7822,7825,742.8125,744.453125,44.8125,46.453125,767.5625,772.234375,69.5625,74.234375,0.818465815635887,0.867374156594198,-0.10698112180925,-2.83652486703362,-0.925446937445137,2.57928628355177,2.77845208618268,1
7823,172,7823,7826,744.421875,748.28125,46.421875,50.28125,769.171875,776.0625,71.171875,78.0625,3.0212558196792,0.601201655283513,1.94394063225223,3.10865467170738,-1.07731518742697,2.50745301642386,2.69841710332875,1
7824,173,7824,7827,746.15625,744.25,48.15625,46.25,770.90625,772.03125,72.90625,74.03125,-0.709953507420654,0.528113253432607,-1.73663261864013,3.0592133015408,-1.02667911121948,2.53110004810819,2.72540614785192,1
7825,174,7825,7828,747.75,748.453125,49.75,50.453125,772.5,776.234375,74.5,78.234375,1.91010230287976,0.767790847966106,0.895279430263511,-2.9543199390358,-1.01482287261624,2.56107452017768,2.70728791438566,1
7826,175,7826,7829,749.1875,744.484375,51.1875,46.484375,773.9375,772.265625,75.9375,74.265625,-1.82456817436882,-2.68671938103474,-2.9300945863585,-0.0512251706048103,-1.10552641198968,2.63549421042993,2.54216468475997,1
7827,176,7827,7830,750.859375,748.640625,52.859375,50.640625,775.609375,776.421875,77.609375,78.421875,1.08087923859563,-1.99911606047894,0.106730008213365,0.636597444680065,-0.974149230382263,2.63571350515901,2.67332257163832,1
7828,177,7828,7831,744.171875,744.3125,46.171875,46.3125,768.921875,772.09375,70.921875,74.09375,-2.39181871230392,2.27180187441834,2.77776231711157,-1.36925650800003,-1.11360427776409,2.64212692476122,2.52745410465427,1
7829,178,7829,7832,746.03125,748.203125,48.03125,50.203125,770.78125,775.984375,72.78125,77.984375,0.601107382031983,3.07706923562451,-0.387324445826185,-0.538712638351046,-0.988431827858168,2.66740343320403,2.62735004611739,1
7830,179,7830,7833,747.265625,744.25,49.265625,46.25,772.015625,772.03125,74.015625,74.03125,-2.44874139256767,-2.68926360448371,2.69274382961888,-0.0783582932937249,-1.14170008499303,2.61090531118998,2.53057991099657,1
7831,180,7831,7834,749.125,748.28125,51.125,50.28125,773.875,776.0625,75.875,78.0625,0.620604456088674,-2.21513243993911,-0.386675963356298,0.439390132451138,-1.00728041944497,2.65452257239025,2.62138231534437,1
7832,181,7832,7835,742.625,744.171875,44.625,46.171875,767.375,771.953125,69.375,73.953125,-2.45037234834348,-2.51329825710149,2.72298144092085,0.0577617108196342,-1.10983151791525,2.57105996792113,2.60229382134321,1
7833,182,7833,7836,744.203125,748.359375,46.203125,50.359375,768.953125,776.140625,70.953125,78.140625,0.753794518673097,-1.98780455852557,-0.25974276965948,0.626847221182376,-1.01353728833258,2.61465177970794,2.65499623913907,1
7834,183,7834,7837,745.671875,744.28125,47.671875,46.28125,770.421875,772.0625,72.421875,74.0625,-2.48958072219037,0.499020820412381,2.71916101306424,3.01624332276248,-1.07444357192498,2.5172225023501,2.69151923290451,1
7835,184,7835,7838,747.46875,748.28125,49.46875,50.28125,772.21875,776.0625,74.21875,78.0625,0.180269361023143,-2.0708112128278,-0.857158121172373,0.539923249218342,-1.03742748219552,2.61073446204614,2.63502336293793,1
7836,185,7836,7839,749.109375,744.3125,51.109375,46.3125,773.859375,772.09375,75.859375,74.09375,3.08386355710054,0.639607439042781,2.01031253014374,-3.12949808115756,-1.0735510269568,2.51407978697925,2.69555449324354,1
7837,186,7837,7840,750.546875,740.265625,52.546875,42.265625,775.296875,768.046875,77.296875,70.046875,-0.460188184084379,-1.62281182555386,-1.48215288145138,0.931144867992037,-1.021964697367,2.5539566935459,2.70726391626669,1
7838,187,7838,7841,744.15625,744.1875,46.15625,46.1875,768.90625,771.96875,70.90625,73.96875,2.24461156651422,-1.3121695712141,1.15475403060546,1.20248215699874,-1.08985753590876,2.51465172821283,2.67867604305799,1
7839,188,7839,7842,746.015625,748.15625,48.015625,50.15625,770.765625,775.9375,72.765625,77.9375,-1.49834352396803,-0.688571318271258,-2.54339569086781,1.83709228312055,-1.04505216689979,2.52566360139181,2.71246953888799,1
7840,189,7840,7843,747.21875,744.203125,49.21875,46.203125,771.96875,771.984375,73.96875,73.984375,1.62831838292361,-0.520503821286279,0.625579465656129,2.00056871824586,-1.00273891726748,2.52107253953214,2.75937385037997,1
7841,190,7841,7844,749.015625,748.125,51.015625,50.125,773.765625,775.90625,75.765625,77.90625,-2.02321418837054,-0.77479326697434,-3.08350254749482,1.78417168931704,-1.06028835912428,2.55896495629138,2.66393199176392,1
7842,191,7842,7845,750.3125,744.234375,52.3125,46.234375,775.0625,772.015625,77.0625,74.015625,0.891118512899483,1.98642581416263,-0.0774670497543102,-1.67589673990965,-0.968585562653794,2.62086275310731,2.69373699141848,1
7843,192,7843,7846,744.140625,748.109375,46.140625,50.109375,768.890625,775.890625,70.890625,77.890625,-2.07474344612392,-0.425937232645647,3.08372206365226,2.13222690108296,-1.12471979740341,2.55816413372861,2.60030137604756,1
7844,193,7844,7847,745.75,744.140625,47.75,46.140625,770.5,771.921875,72.5,73.921875,0.901059249460671,-0.734688412761504,-0.0682506886623229,1.80396872380396,-0.969309938122994,2.53865713656546,2.77521823249113,1
7845,194,7845,7848,747.203125,748.21875,49.203125,50.21875,771.953125,776,73.953125,78,-2.67777079821914,-0.673175072512846,2.472101889722,1.8285665604668,-1.13331261923844,2.50174163297964,2.6481310549615,1
7846,195,7846,7849,748.90625,744.453125,50.90625,46.453125,773.65625,772.234375,75.65625,74.234375,0.411905953276817,1.42366001971324,-0.558285678602424,-2.25703511728369,-0.970191631879241,2.60249017018266,2.71050350511768,1
7847,196,7847,7850,750.6875,748.140625,52.6875,50.140625,775.4375,775.921875,77.4375,77.921875,-2.96412469350551,-1.68698145771151,2.26048500270626,0.886943601599491,-1.05857561096782,2.573925059311,2.65068463690077,1
7848,197,7848,7851,744.078125,744.203125,46.078125,46.203125,768.828125,771.984375,70.828125,73.984375,-0.0429445660723912,-1.55021596006961,-1.06827704245993,0.989476854685974,-1.02533247638754,2.53969281475558,2.71816001603647,1
7849,198,7849,7852,745.734375,748.1875,47.734375,50.1875,770.484375,775.96875,72.484375,77.96875,2.96393662298194,-1.63464225369404,1.92340032171407,0.941105506611625,-1.04053630126787,2.57574776030567,2.66690124560605,1
7850,199,7850,7853,747.203125,744.28125,49.203125,46.28125,771.953125,772.0625,73.953125,74.0625,-0.749116049497582,-2.15820334650524,-1.76061434398469,0.482272854038241,-1.01149829448711,2.64047620054348,2.631210812149,1
7851,200,7851,7854,748.90625,748.546875,50.90625,50.546875,773.65625,776.328125,75.65625,78.328125,2.11100745657883,0.183316585612951,1.08725286514432,2.74299083078168,-1.0237545914345,2.55967424516873,2.69975647057636,1
7852,201,7852,7855,750.15625,744.375,52.15625,46.375,774.90625,772.15625,76.90625,74.15625,-1.75683524729815,-2.97337978280043,-2.89900447861463,-0.336100265888668,-1.14216923131648,2.63727951691176,2.50373655895135,1
7853,202,7853,7856,744.015625,748.296875,46.015625,50.296875,768.765625,776.078125,70.765625,78.078125,0.637299545160979,-2.84693070005997,-0.333184249849164,-0.216684023279464,-0.970483795010142,2.63024667678051,2.68245483538894,1
7854,203,7854,7857,745.515625,744.28125,47.515625,46.28125,770.265625,772.0625,72.265625,74.0625,-3.00693377268592,-2.85101803767982,2.1977125670488,-0.224030176695339,-1.07853896744487,2.62698786098449,2.57765847875023,1
7855,204,7855,7858,747.109375,748.328125,49.109375,50.328125,771.859375,776.109375,73.859375,78.109375,-0.782078639486324,-2.84624577631159,-1.86152861147129,-0.211590602085002,-1.07944997198497,2.63465517422659,2.56908016096803,1
7856,205,7856,7859,748.859375,744.296875,50.859375,46.296875,773.609375,772.078125,75.609375,74.078125,2.06496535894908,-2.89397125613913,1.02100764339735,-0.27227466462059,-1.04395771555172,2.62169659151854,2.61753100010932,1
7857,206,7857,7860,750.265625,748.21875,52.265625,50.21875,775.015625,776,77.015625,78,-1.74335328700777,-2.43491227699976,-2.87619022190648,0.160435644433607,-1.13283693489871,2.59534792143336,2.55500045084751,1
7858,207,7858,7861,744.078125,744.21875,46.078125,46.21875,768.828125,772,70.828125,74,0.835038927044082,-2.5004366383122,-0.158612609861415,0.0956755249547801,-0.993651536905498,2.59611216326698,2.69342160700711,1
7859,208,7859,7862,745.59375,748.140625,47.59375,50.140625,770.34375,775.921875,72.34375,77.921875,-3.05066583307234,-2.4863435706041,2.14833150787029,0.116870193920842,-1.08418796623695,2.60321376452494,2.59578357641769,1
7860,209,7860,7863,747.078125,744.21875,49.078125,46.21875,771.828125,772,73.828125,74,-0.799930719113413,-2.18468324226083,-1.86150176418869,0.440835051083926,-1.06157104507528,2.62551829334476,2.59609596875955,1
7861,210,7861,7864,748.9375,748.25,50.9375,50.25,773.6875,776.03125,75.6875,78.03125,1.72544986529424,-2.8204991352772,0.731140398835299,-0.178398351757232,-0.99430946645894,2.64210078351996,2.64677505720068,1
7862,211,7862,7865,750.296875,744.296875,52.296875,46.296875,775.046875,772.078125,77.046875,74.078125,-2.36280980044523,2.94125325394161,2.85147343990681,-0.705293809479928,-1.06890206682755,2.63663824375805,2.57764499659399,1
7863,212,7863,7866,744.0625,748.453125,46.0625,50.453125,768.8125,776.234375,70.8125,78.234375,0.291302322922222,-1.07731804086529,-0.679740295155253,1.44847747663262,-0.971042618077475,2.5257955174979,2.78634717160421,1
7864,213,7864,7867,745.734375,744.671875,47.734375,46.671875,770.484375,772.453125,72.484375,74.453125,2.54337536839424,-1.50749363661511,1.50889249596501,1.07993778086182,-1.03448287242923,2.58743141747693,2.66127101727343,1
7865,214,7865,7868,747.125,748.5,49.125,50.5,771.875,776.28125,73.875,78.28125,-1.55194139361322,-1.49367605200333,-2.68787432411449,1.06864398940925,-1.13593293050127,2.56232004141259,2.58493233526573,1
7866,215,7866,7869,748.828125,744.421875,50.828125,46.421875,773.578125,772.203125,75.578125,74.203125,0.737456435368868,1.75815860488106,-0.241222772479266,-1.8985242996952,-0.978679207848133,2.62650240260333,2.67800369672813,1
7867,216,7867,7870,750.375,748.21875,52.375,50.21875,775.125,776,77.125,78,2.84701268011821,1.57023638891551,1.81791392726378,-2.10271201378795,-1.02909875285443,2.61023690447613,2.64384964984903,1
7868,217,7868,7871,744.03125,744.484375,46.03125,46.484375,768.78125,772.265625,70.78125,74.265625,-1.2938735736511,-1.79962887638413,-2.29852782873119,0.785110357904363,-1.00465425508009,2.5847392342885,2.693791817811,1
7869,218,7869,7872,745.765625,748.328125,47.765625,50.328125,770.515625,776.109375,72.515625,78.109375,0.530609921165684,2.03097043692784,-0.448806489619776,-1.61352558911432,-0.97941641078546,2.63868928113743,2.6650796152567,1
7870,219,7870,7873,747.125,744.75,49.125,46.75,771.875,772.53125,73.875,74.53125,2.21841975016195,-2.08484564111151,1.21452632080811,0.581843960054707,-1.00389342935384,2.66668960116622,2.61260227665952,1
7871,220,7871,7874,749,748.765625,51,50.765625,773.75,776.546875,75.75,78.546875,-1.75551389134012,-2.65170942630015,-2.87366911936514,-0.0057779755921607,-1.11815522802502,2.64593145070799,2.51909862844658,1
7872,221,7872,7875,750.625,744.53125,52.625,46.53125,775.375,772.3125,77.375,74.3125,0.381236271354203,0.774312217902883,-0.623802092805068,-2.94516828126351,-1.00503836415927,2.5637048080132,2.71444213500712,1
7873,222,7873,7876,744.15625,748.359375,46.15625,50.359375,768.90625,776.140625,70.90625,78.140625,2.44270094038324,0.365667828401045,1.41436341766436,2.86265714619547,-1.02833752271887,2.49698931779443,2.75785846666629,1
7874,223,7874,7877,745.921875,744.484375,47.921875,46.484375,770.671875,772.265625,72.671875,74.265625,-1.57259634275068,-0.295258600509395,-2.61681247285694,2.20974642070013,-1.04421613010626,2.50500502120952,2.7339641558638,1
7875,224,7875,7878,747.234375,748.84375,49.234375,50.84375,771.984375,776.625,73.984375,78.625,0.516040396683352,-0.664574122745967,-0.461384435147773,1.93579765887057,-0.977424831831125,2.60037178161654,2.70538869373193,1
7876,225,7876,7879,749.1875,744.5,51.1875,46.5,773.9375,772.28125,75.9375,74.28125,2.51621339064144,-1.41023291731658,1.44359326079169,1.16026865233123,-1.07262012984975,2.57050156964781,2.64006360768203,1
7877,226,7877,7880,750.625,748.578125,52.625,50.578125,775.375,776.359375,77.375,78.359375,-2.2232287309197,-1.57840338818733,2.97070615083149,1.00595477767234,-1.0892504254284,2.58435816585967,2.60957671589152,1
7878,227,7878,7881,744.1875,744.953125,46.1875,46.953125,768.9375,772.734375,70.9375,74.734375,-0.15648291047008,1.1047372777295,-1.17409518969504,-2.53939437774318,-1.01761227922496,2.6390536517069,2.62651937624772,1
7879,228,7879,7882,746.015625,748.609375,48.015625,50.609375,770.765625,776.390625,72.765625,78.390625,1.87543168462076,-1.93978581401693,0.861400111882993,0.673425143275699,-1.01403157273776,2.61321095729263,2.6559427771492,1
7880,229,7880,7883,747.609375,744.640625,49.609375,46.640625,772.359375,772.421875,74.359375,74.421875,-2.46734841706511,-1.6013691689566,2.75842995364177,0.959503659818924,-1.0574069364727,2.56087282877552,2.66490554193136,1
7881,230,7881,7884,749.09375,748.75,51.09375,50.75,773.84375,776.53125,75.84375,78.53125,-0.0684314764183953,-1.58089770745666,-1.03739752116768,1.01304399368545,-0.968966044749286,2.59394170114211,2.72027756128819,1
7882,231,7882,7885,750.921875,744.859375,52.921875,46.859375,775.671875,772.640625,77.671875,74.640625,2.04179654097858,-2.12628506877718,1.01477887535711,0.543499276280259,-1.02701766562147,2.66978434505744,2.58638329650068,1
7883,232,7883,7886,744.296875,748.46875,46.296875,50.46875,769.046875,776.25,71.046875,78.25,-1.9867181970307,-2.75229515126501,-3.05153590099875,-0.120621938953679,-1.06481770396805,2.63167321231133,2.58669439090021,1
7884,233,7884,7887,746.03125,744.734375,48.03125,46.734375,770.78125,772.515625,72.78125,74.515625,0.0649261891287917,2.94659360723317,-0.893116559017074,-0.657707586287286,-0.958042748145866,2.67888411365913,2.64625844537459,1
7885,234,7885,7888,747.78125,748.84375,49.78125,50.84375,772.53125,776.625,74.53125,78.625,1.60612359511786,-1.18071862124963,0.613747092908068,1.36833952889713,-0.992376502209793,2.54905815014676,2.74175065482303,1
7886,235,7886,7889,749.171875,744.875,51.171875,46.875,773.921875,772.65625,75.921875,74.65625,-2.99593204983121,1.83816565137471,2.21845885728166,-1.76391495353042,-1.06879440006672,2.68110470227446,2.53328620483841,1
7887,236,7887,7890,742.9375,748.859375,44.9375,50.859375,767.6875,776.640625,69.6875,78.640625,-1.24428585738825,1.13559638870956,-2.25751845506183,-2.51021631529616,-1.01323259767358,2.63737260317386,2.63258010633214,1
7888,237,7888,7891,744.3125,744.8125,46.3125,46.8125,769.0625,772.59375,71.0625,74.59375,0.575487521193575,0.470913140344082,-0.363308383620326,3.05185491174643,-0.938795904813901,2.58094177140235,2.76344763096333,1
7889,238,7889,7892,746.140625,748.96875,48.140625,50.96875,770.890625,776.75,72.890625,78.75,2.11516761815917,2.32397351001383,1.05371927127126,-1.29743590451331,-1.06144834688792,2.66177589265245,2.55996106763922,1
7890,239,7890,7893,747.875,744.953125,49.875,46.953125,772.625,772.734375,74.625,74.734375,-2.62708160838834,-1.37612830554261,2.56953039957006,1.21283940132809,-1.08657329922119,2.58896770687071,2.60764430108769,1
7891,240,7891,7894,749.34375,748.875,51.34375,50.875,774.09375,776.65625,76.09375,78.65625,-0.668715204200708,-1.11820499529182,-1.70629803607414,1.45001174442423,-1.03758283187344,2.56821673971605,2.6773857355901,1
7892,241,7892,7895,743.109375,744.96875,45.109375,46.96875,767.859375,772.75,69.859375,74.75,1.3559753617627,-1.68783576148192,0.393487493771501,0.898550576062252,-0.962487867991199,2.58638633754417,2.73431110164422,1
7893,242,7893,7896,744.5,749.03125,46.5,51.03125,769.25,776.8125,71.25,78.8125,2.69210453239176,-1.95334749660369,1.61294545665683,0.676401885321264,-1.07915907573493,2.62974938192495,2.57427684951971,1
7894,243,7894,7897,746.203125,744.9375,48.203125,46.9375,770.953125,772.71875,72.953125,74.71875,-1.78979931348683,-2.60934277125067,-2.92549286149646,0.0291992590363046,-1.13569354800963,2.63854203028698,2.50894972888298,1
7895,244,7895,7898,748.0625,749.109375,50.0625,51.109375,772.8125,776.890625,74.8125,78.890625,-0.165201937766678,-0.486752226282178,-1.16155038794773,2.05078986873597,-0.996348450181052,2.53754209501815,2.74929476198039,1
7896,245,7896,7899,749.859375,745.015625,51.859375,47.015625,774.609375,772.796875,76.609375,74.796875,2.01915486158417,2.98032478298514,1.02258194935929,-0.624581403976728,-0.996572912224879,2.67827912021772,2.60833327473699,1
7897,246,7897,7900,743.125,749.109375,45.125,51.109375,767.875,776.890625,69.875,78.890625,-2.54715337824932,-3.0107878119393,2.65950726293712,-0.344835088689945,-1.07652466599315,2.66595272324935,2.54070791793708,1
7898,247,7898,7901,744.859375,745.109375,46.859375,47.109375,769.609375,772.890625,71.609375,74.890625,-0.633654112772822,2.48772369350314,-1.66130091665683,-1.11012609837301,-1.02764680388401,2.68533551530344,2.57020298799214,1
7899,248,7899,7902,746.375,748.953125,48.375,50.953125,771.125,776.734375,73.125,78.734375,1.43083883418911,1.95618703180074,0.412913839681457,-1.69321102411152,-1.01792499450765,2.63378725126732,2.63147306140461,1
7900,249,7900,7903,748.0625,745.046875,50.0625,47.046875,772.8125,772.828125,74.8125,74.828125,-2.37706279263403,1.57684266205654,2.81136286786003,-2.07230064871597,-1.09475964668553,2.63404199640708,2.55438366408698,1
7901,250,7901,7904,749.890625,749.03125,51.890625,51.03125,774.640625,776.8125,76.640625,78.8125,-0.296139756328963,1.86772409479776,-1.29288002288561,-1.76699624754873,-0.996740266556643,2.64846496483309,2.63798007578985,1
7902,251,7902,7905,743.25,745.03125,45.25,47.03125,768,772.8125,70,74.8125,1.96740071052861,1.58317135904458,0.922312694342291,-2.06950376550857,-1.04508801618632,2.63051018262644,2.60758710836683,1
7903,252,7903,7906,745.015625,749.046875,47.015625,51.046875,769.765625,776.828125,71.765625,78.828125,-2.0309124883591,1.146690900554,-3.11757354182689,-2.51348360967298,-1.08666105346779,2.62301079695261,2.57351345675919,1
7904,253,7904,7907,746.78125,745.15625,48.78125,47.15625,771.53125,772.9375,73.53125,74.9375,0.333278005453303,-2.93799187405936,-0.676487699282847,-0.275852819501121,-1.00976570473615,2.66213905455824,2.61128054788519,1
7905,254,7905,7908,748.09375,749.046875,50.09375,51.046875,772.84375,776.828125,74.84375,78.828125,2.29109105344997,-0.025347038608298,1.22100491626255,2.52531380704737,-1.07008613718742,2.55066084565567,2.66243832433649,1
7906,255,7906,7909,749.921875,745.046875,51.921875,47.046875,774.671875,772.828125,76.671875,74.828125,-2.12558788437666,-0.755324171028867,3.10639627322977,1.77622198074324,-1.05120114957315,2.5315461517721,2.70043800583433,1
7907,0,7907,7910,743.265625,749.234375,45.265625,51.234375,768.015625,777.015625,70.015625,79.015625,-1.03352036146274,1.78721684697691,-2.13827568279027,-1.87145937478,-1.10475532132753,2.62450908542267,2.55392090042938,1
7908,1,7908,7911,745.125,745.078125,47.125,47.078125,769.875,772.859375,71.875,74.859375,0.142642121526967,-1.56529624664122,-0.794679014229172,0.995260958258237,-0.937321135756138,2.56055720489946,2.78530696652399,1
7909,2,7909,7912,746.75,749.359375,48.75,51.359375,771.5,777.140625,73.5,79.140625,1.58235409566787,1.03637085300345,0.619976753509663,-2.66315270538634,-0.962377342158211,2.5836617487898,2.73714621623157,1
7910,3,7910,7913,748.265625,745.234375,50.265625,47.234375,773.015625,773.015625,75.015625,75.015625,-3.02427230477844,-2.18347173239686,2.18465862473667,0.459039346690686,-1.07425437766447,2.64251107908754,2.56641985042757,1
7911,4,7911,7914,750.15625,749.390625,52.15625,51.390625,774.90625,777.171875,76.90625,79.171875,-1.44980179242748,-0.244463655832557,-2.52809512441326,2.25408915730063,-1.07829333198577,2.49855281313319,2.70633916206063,1
7912,5,7912,7915,743.90625,745.109375,45.90625,47.109375,768.65625,772.890625,70.65625,74.890625,0.0563318624226366,2.69404090697602,-0.931244526296775,-0.933335660470511,-0.987576388719412,2.65580873973305,2.63980017872712,1
7913,6,7913,7916,745.234375,749.09375,47.234375,51.09375,769.984375,776.875,71.984375,78.875,1.52668559699408,2.20888324033822,0.487160163488506,-1.44626949179949,-1.03952543350557,2.62803257504188,2.61562729863213,1
7914,7,7914,7917,747.125,745.09375,49.125,47.09375,771.875,772.875,73.875,74.875,2.4955561413862,1.35251540342895,1.46545950367389,-2.33926145033154,-1.03009663771231,2.5914084534191,2.66168021604817,1
7915,8,7915,7918,748.859375,749.265625,50.859375,51.265625,773.609375,777.046875,75.609375,79.046875,-2.77223773843631,0.846496423901338,2.4864957817611,-2.8548825066092,-1.02445178698218,2.58180637666905,2.67692714352836,1
7916,9,7916,7919,750.34375,745.203125,52.34375,47.203125,775.09375,772.984375,77.09375,74.984375,-1.87834246387756,0.07209971433923,-2.97623432423445,2.61317760040607,-1.0978918603569,2.54107788606684,2.64421556075585,1
7917,10,7917,7920,744.09375,749.71875,46.09375,51.71875,768.84375,777.5,70.84375,79.5,-0.792200188894476,1.91702357948987,-1.87593857874224,-1.71344975491751,-1.08373838984777,2.65271197277221,2.54673494455961,1
7918,11,7918,7921,745.859375,745.34375,47.859375,47.34375,770.609375,773.125,72.609375,75.125,0.457005778724508,-1.58806157879674,-0.49288461440613,0.947683367580458,-0.949890393130638,2.5357449463772,2.79754996767175,1
7919,12,7919,7922,747.234375,749.5625,49.234375,51.5625,771.984375,777.34375,73.984375,79.34375,1.49475496950938,-2.3037037386314,0.47932884144398,0.354570627964621,-1.0154261280654,2.65827436659602,2.60948481251816,1
7920,13,7920,7923,749.046875,745.625,51.046875,47.625,773.796875,773.40625,75.796875,75.40625,2.11604475080895,-3.07923614929734,1.09838366554396,-0.39315698518568,-1.01766108526499,2.68607916411166,2.57944505780294,1
7921,14,7921,7924,750.953125,749.671875,52.953125,51.671875,775.703125,777.453125,77.703125,79.453125,-3.04084335842271,2.64153974948621,2.20400230491132,-0.946300318171682,-1.03833964384555,2.69534523952169,2.54950042381234,1
7922,15,7922,7925,744.234375,745.828125,46.234375,47.828125,768.984375,773.609375,70.984375,75.609375,-2.25970326142892,-2.29062253800346,2.97277510858796,0.355907426450568,-1.0507069371627,2.64652996445403,2.58594840556285,1
7923,16,7923,7926,746.015625,749.453125,48.015625,51.453125,770.765625,777.234375,72.765625,79.234375,-1.37257515480346,0.453680548099412,-2.38349499779602,2.94976364174509,-1.01091984299256,2.49608309364568,2.77618237054135,1
7924,17,7924,7927,747.84375,745.78125,49.84375,47.78125,772.59375,773.5625,74.59375,75.5625,-0.383556686723328,-0.304202609156133,-1.40637429563823,2.27025878530406,-1.0228176089149,2.57446139446019,2.68590630380449,1
7925,18,7925,7928,749.203125,749.5,51.203125,51.5,773.953125,777.28125,75.953125,79.28125,0.441525486893327,-0.903375076293473,-0.556160364438768,1.60784128327826,-0.997685851332095,2.51121635957173,2.77428309627576,1
7926,19,7926,7929,751.109375,745.828125,53.109375,47.828125,775.859375,773.609375,77.859375,75.609375,1.29842959526891,-1.5909487379,0.307594632210662,0.980693417210576,-0.990834963058246,2.57164215511057,2.72070818901077,1
7927,20,7927,7930,744.8125,749.84375,46.8125,51.84375,769.5625,777.625,71.5625,79.625,2.1992209775121,-2.36836430159929,1.15632632909774,0.256250370901185,-1.04289464841436,2.62461467250047,2.61567598626475,1
7928,21,7928,7931,746.296875,746.015625,48.296875,48.015625,771.046875,773.796875,73.046875,75.796875,-2.83310712547429,-3.01305723580217,2.3454191238865,-0.314182756244262,-1.10465905781879,2.69887447955791,2.47965176980288,1
7929,22,7929,7932,748.109375,750.046875,50.109375,52.046875,772.859375,777.828125,74.859375,79.828125,-2.01327570813144,2.58725684066074,-3.12155647635756,-0.952144174675716,-1.10828076822612,2.74378429184313,2.43112024711033,1
7930,23,7930,7933,749.703125,745.9375,51.703125,47.9375,774.453125,773.71875,76.453125,75.71875,-1.20860423866023,1.98096484557648,-2.26440906954148,-1.65381239995265,-1.05580483088125,2.64840806165045,2.57897241464789,1
7931,24,7931,7934,743.296875,750.03125,45.296875,52.03125,768.046875,777.8125,70.046875,79.8125,-0.488550657872007,-2.37960281899304,-1.54103447942715,0.221041789427253,-1.05248382155514,2.60064460842029,2.63005687720415,1
7932,25,7932,7935,745.1875,746.03125,47.1875,48.03125,769.9375,773.8125,71.9375,75.8125,0.252854801600934,3.07481680284693,-0.7634387717746,-0.51379060393425,-1.01629357337553,2.6945779003984,2.57231383340565,1
7933,26,7933,7936,746.875,749.90625,48.875,51.90625,771.625,777.6875,73.625,79.6875,0.971708357931917,-0.916261783675121,0.0344355873571798,1.61493350531704,-0.937272770574737,2.53119528899216,2.81471724761269,1
7934,27,7934,7937,748.609375,746.0625,50.609375,48.0625,773.359375,773.84375,75.359375,75.84375,1.6596448524229,-1.25759641822283,0.6629332498778,1.32006544920919,-0.996711602545099,2.57766186743202,2.70881183720246,1
7935,28,7935,7938,750.078125,749.96875,52.078125,51.96875,774.828125,777.75,76.828125,79.75,2.26952651524951,-2.36850941380075,1.22195485407592,0.239079981750868,-1.04757166117359,2.60758939555162,2.62802425045438,1
7936,29,7936,7939,743.890625,746.078125,45.890625,48.078125,768.640625,773.859375,70.640625,75.859375,2.73228187909861,3.1354212481905,1.71322849167018,-0.498290731981038,-1.01905338742842,2.64947332700805,2.61465859274311,1
7937,30,7937,7940,745.484375,750.140625,47.484375,52.140625,770.234375,777.921875,72.234375,79.921875,-2.81038875347577,2.66558191695301,2.33686094358248,-0.931115629374463,-1.13593561012133,2.68648776085211,2.46076193620614,1
7938,31,7938,7941,747.15625,746.0625,49.15625,48.0625,771.90625,773.84375,73.90625,75.84375,-2.00927629774485,1.19152138107723,-3.13720162622486,-2.47147689504212,-1.12792532848001,2.62018703106025,2.53507294763933,1
7939,32,7939,7942,749.015625,750.140625,51.015625,52.140625,773.765625,777.921875,75.765625,79.921875,-1.28120929284468,2.91870578736026,-2.3501403134339,-0.714544432749216,-1.06893102058921,2.64993508707011,2.56431919952026,1
7940,33,7940,7943,750.609375,746.46875,52.609375,48.46875,775.359375,774.25,77.359375,76.25,-0.177487720547884,1.34936010259916,-1.17049561111969,-2.3416175438159,-0.993007890571811,2.59220766076452,2.69796975584325,1
7941,34,7941,7944,744.171875,750.296875,46.171875,52.296875,768.921875,778.078125,70.921875,80.078125,0.528968843153151,0.269609013288159,-0.475357438172605,2.79386959707348,-1.00432628132576,2.52426058378532,2.75459844206851,1
7942,35,7942,7945,746.046875,746.5,48.046875,48.5,770.796875,774.28125,72.796875,76.28125,0.802775647239847,-1.27815020740566,-0.175985027306225,1.27758774786684,-0.978760674546071,2.55573795527251,2.74868667736101,1
7943,36,7943,7946,747.78125,750.375,49.78125,52.375,772.53125,778.15625,74.53125,80.15625,1.08143005109548,1.35206630848257,0.0933167209898908,-2.34804610615476,-0.988113330105591,2.58307289254226,2.71199908453174,1
7944,37,7944,7947,749.265625,746.9375,51.265625,48.9375,774.015625,774.71875,76.015625,76.71875,1.76315419799456,2.52436234107017,0.734154838093135,-1.02063755965129,-1.02899935990142,2.73818540645812,2.51600054082004,1
7945,38,7945,7948,751.03125,750.421875,53.03125,52.421875,775.78125,778.203125,77.78125,80.203125,2.28569945310056,-1.4763338759534,1.2243438254899,1.07912996229562,-1.06135562761066,2.55546383824901,2.66636584131991,1
7946,39,7946,7949,744.671875,746.890625,46.671875,48.890625,769.421875,774.671875,71.421875,76.671875,2.83710771659751,-0.153239361984623,1.74088202854191,2.39041837143313,-1.09622568805561,2.54365773341775,2.64330188570623,1
7947,40,7947,7950,746.421875,750.90625,48.421875,52.90625,771.171875,778.6875,73.171875,80.6875,-3.01132750439993,1.87773148657532,2.15016949101879,-1.73559279901361,-1.12168831176086,2.66986102159065,2.49163597382807,1
7948,41,7948,7951,748.125,747.015625,50.125,49.015625,772.875,774.796875,74.875,76.796875,-2.5822036424329,3.05825189352945,2.65701226247176,-0.544698752595523,-1.04396940227493,2.68023466105462,2.55898124385004,1
7949,42,7949,7952,749.890625,742.921875,51.890625,44.921875,774.640625,770.703125,76.640625,72.703125,-2.42575634579747,-0.485397874153478,2.85240805151972,2.1018835755637,-1.0050209098624,2.58728144971718,2.69088294760001,1
7950,43,7950,7953,743.5,747.015625,45.5,49.015625,768.25,774.796875,70.25,76.796875,-2.23890710309504,-1.57700491215752,2.98029361273629,1.02890977070968,-1.06398459134826,2.6059146828672,2.61328603296413,1
7951,44,7951,7954,745.171875,742.953125,47.171875,44.953125,769.921875,770.734375,71.921875,72.734375,-1.86741398897205,-2.03978635031448,-2.91484360597209,0.607825107373913,-1.04742961700003,2.64761145768839,2.58814423249116,1
7952,45,7952,7955,747.015625,747.125,49.015625,49.125,771.765625,774.90625,73.765625,76.90625,-1.48984022911757,-0.566386770213886,-2.54989981277981,1.99492266023827,-1.06005958366225,2.56130943045216,2.66181629306518,1
7953,46,7953,7956,748.359375,743.0625,50.359375,45.0625,773.109375,770.84375,75.109375,72.84375,-0.901989759153567,2.15582244218741,-2.01613500790024,-1.46419471493727,-1.11414524874667,2.6631681500549,2.50587190837801,1
7954,47,7954,7957,750.203125,747.09375,52.203125,49.09375,774.953125,774.875,76.953125,76.875,0.277107236269984,0.969633888262987,-0.699020539228395,-2.69002968048777,-0.976127775498379,2.62352173842883,2.68353579325238,1
7955,48,7955,7958,744.078125,743.046875,46.078125,45.046875,768.828125,770.828125,70.828125,72.828125,1.21718225005977,-0.287853056081851,0.238399034694649,2.26588430952172,-0.978783215365118,2.55373736560357,2.7506647262109,1
7956,49,7956,7959,745.875,747.078125,47.875,49.078125,770.625,774.859375,72.625,76.859375,1.81044147109153,-1.6661492417395,0.776432281602181,0.921259581751046,-1.03400918948935,2.58740882349055,2.66176729419969,1
7957,50,7957,7960,747.25,751.234375,49.25,53.234375,772,779.015625,74,81.015625,2.21317739782744,-0.229306550977526,1.16543632902172,2.25924863342716,-1.04774106880571,2.48855518440469,2.74688905396919,1
7958,51,7958,7961,749.078125,747.109375,51.078125,49.109375,773.828125,774.890625,75.828125,76.890625,2.99777496518121,2.88456742020053,1.90583990625821,-0.739732022532949,-1.091935058923,2.6588858644461,2.53236438381048,1
7959,52,7959,7962,750.859375,743.21875,52.859375,45.21875,775.609375,771,77.609375,73,2.99316445996946,1.86395210111568,1.96704612269969,-1.81956473456281,-1.02611833726977,2.5996684715011,2.65739849840872,1
7960,53,7960,7963,744.421875,747.21875,46.421875,49.21875,769.171875,775,71.171875,77,-2.69184237796275,0.878682394228106,2.48733905988151,-2.83640679218052,-1.10400386933533,2.56809612077096,2.6110853170733,1
7961,54,7961,7964,746.078125,751.703125,48.078125,53.703125,770.828125,779.484375,72.828125,81.484375,-2.02625202444909,2.52022798942207,-3.12217225815058,-1.07135947804475,-1.0959202337015,2.69159783971277,2.49566723376532,1
7962,55,7962,7965,747.90625,747.265625,49.90625,49.265625,772.65625,775.046875,74.65625,77.046875,-1.54264665434487,-0.773564247349101,-2.60918077655219,1.7371267117929,-1.06653412220733,2.510690959142,2.70596022583026,1
7963,56,7963,7966,749.296875,743.5625,51.296875,45.5625,774.046875,771.34375,76.046875,73.34375,-1.04488506220809,-1.38971711590193,-2.13828421393317,1.18289447586339,-1.09339915172508,2.57261159176532,2.61717456368919,1
7964,57,7964,7967,743.203125,747.328125,45.203125,49.328125,767.953125,775.109375,69.953125,77.109375,-0.513863189472672,-2.66036093112818,-1.57040006876278,-0.0299597329182362,-1.0565368792901,2.63040119820995,2.59624722967953,1
7965,58,7965,7968,744.921875,743.640625,46.921875,45.640625,769.671875,771.421875,71.671875,73.421875,-0.0689937024822234,-3.06224997683929,-1.02985316003385,-0.356451012564255,-0.960859457551628,2.70579896427503,2.61652688535292,1
7966,59,7966,7969,746.3125,747.796875,48.3125,49.796875,771.0625,775.578125,73.0625,77.578125,0.52067693410431,1.68881919482676,-0.469069327061363,-1.93045023079142,-0.989746261165673,2.66391588156141,2.62952316445251,1
7967,60,7967,7970,748.140625,743.8125,50.140625,45.8125,772.890625,771.59375,74.890625,73.59375,0.569276378399141,0.354653204708401,-0.370281953772622,2.9030318574384,-0.939558332171762,2.54837865273,2.79524832227782,1
7968,61,7968,7971,749.875,747.6875,51.875,49.6875,774.625,775.46875,76.625,77.46875,1.13347220486488,-0.383559542209123,0.164116389219331,2.14812893822337,-0.969355815645544,2.53168848043249,2.78214101110155,1
7969,62,7969,7972,743.796875,743.890625,45.796875,45.890625,768.546875,771.671875,70.546875,73.671875,0.815631420512159,-1.60547888811745,-0.167913309190444,0.989640634625194,-0.983544729702603,2.59511952274265,2.70452105473434,1
7970,63,7970,7973,745.34375,747.890625,47.34375,49.890625,770.09375,775.671875,72.09375,77.671875,0.94036883266829,-0.855584222876006,-0.0206291779427735,1.69777187016326,-0.960998010611063,2.55335609303926,2.76883120352926,1
7971,64,7971,7974,747.1875,744.0625,49.1875,46.0625,771.9375,771.84375,73.9375,73.84375,1.07354904988464,-1.75513716805059,0.0714164431266752,0.826325113378445,-1.00213260675797,2.58146228142903,2.69959041899258,1
7972,65,7972,7975,748.890625,748.0625,50.890625,50.0625,773.640625,775.84375,75.640625,77.84375,0.790728083884717,-2.88929630898565,-0.172821073288489,-0.203727710214064,-0.963549157173206,2.68556859877159,2.63406755123479,1
7973,66,7973,7976,750.75,744.046875,52.75,46.046875,775.5,771.828125,77.5,73.828125,0.45114945994608,-0.22381684931976,-0.607824125959174,2.33189283296638,-1.05897358590525,2.55570968228614,2.6685020389882,1
7974,67,7974,7977,744.234375,747.921875,46.234375,49.921875,768.984375,775.703125,70.984375,77.703125,0.102915714820927,-0.872025702943129,-0.894461029100316,1.67958600327724,-0.997376743921242,2.55161170622037,2.73419685703798,1
7975,68,7975,7978,746.125,744,48.125,46,770.875,771.78125,72.875,73.78125,-0.400895430767075,-2.32925958607495,-1.38922576518814,0.314810662868102,-0.988330334421066,2.64407024894305,2.65078472381547,1
7976,69,7976,7979,747.859375,748.046875,49.859375,50.046875,772.609375,775.828125,74.609375,77.828125,-0.67576875632617,2.79387357137088,-1.6914619082913,-0.801384623928963,-1.01569315196513,2.68792711187975,2.57956504333471,1
7977,70,7977,7980,749.25,744.203125,51.25,46.203125,774,771.984375,76,73.984375,-0.712264891465398,2.63022002680995,-1.73925258985834,-0.99910786544021,-1.02698769839294,2.65385741492943,2.60234019385722,1
7978,71,7978,7981,743.125,748.203125,45.125,50.203125,767.875,775.984375,69.875,77.984375,-0.880086474978428,-2.62914038192062,-1.98463020955065,0.00997645443630748,-1.10454373457222,2.63911683635693,2.53952473625044,1
7979,72,7979,7982,744.84375,744.171875,46.84375,46.171875,769.59375,771.953125,71.59375,73.953125,-0.459371665328567,-0.0984645791776982,-1.43877124884599,2.41807397883996,-0.97939958351742,2.51653855801765,2.78724716564451,1
7980,73,7980,7983,746.5,748.15625,48.5,50.15625,771.25,775.9375,73.25,77.9375,-0.324185658428029,-1.70674054874217,-1.33540208838257,0.853137843262175,-1.01121642995454,2.55987839200434,2.71209048522071,1
7981,74,7981,7984,748.15625,744.203125,50.15625,46.203125,772.90625,771.984375,74.90625,73.984375,-0.263239900894892,-2.66860619230128,-1.27998972722598,-0.0455320249446784,-1.01674982633109,2.6230741673566,2.6433613134919,1
7982,75,7982,7985,750.03125,748.296875,52.03125,50.296875,774.78125,776.078125,76.78125,78.078125,-0.429811229141087,1.89754291425347,-1.39714593390374,-1.74356982941943,-0.96733470476265,2.64207256350669,2.67377803891025,1
7983,76,7983,7986,743.703125,744.453125,45.703125,46.453125,768.453125,772.234375,70.453125,74.234375,-0.561526587226753,1.42667188474534,-1.56367045223194,-2.29048146501863,-1.00214386500519,2.56603195741561,2.71500948475879,1
7984,77,7984,7987,745.203125,748.421875,47.203125,50.421875,769.953125,776.203125,71.953125,78.203125,-0.796146608844847,-0.175967397310753,-1.84302107930582,2.33043384386061,-1.04687447046097,2.50640124117136,2.72990959554725,1
7985,78,7985,7988,747.109375,744.953125,49.109375,46.953125,771.859375,772.734375,73.859375,74.734375,-0.792084188924684,1.04353370604469,-1.83015490070221,-2.62282699623344,-1.03807071177753,2.61682460490146,2.6282899905006,1
7986,79,7986,7989,749.03125,748.734375,51.03125,50.734375,773.78125,776.515625,75.78125,78.515625,-0.623279516890136,-2.91341018657241,-1.59584281545157,-0.240826816979572,-0.972563298561439,2.67258336959284,2.63803863902531,1
7987,80,7987,7990,750.359375,745.015625,52.359375,47.015625,775.109375,772.796875,77.109375,74.796875,-0.670838999350305,2.49969501934426,-1.75906248019463,-1.04368261556852,-1.08822348084433,2.73980767226681,2.45515415406845,1
7988,81,7988,7991,744.171875,749.03125,46.171875,51.03125,768.921875,776.8125,70.921875,78.8125,-0.433686516870661,0.997563971032268,-1.48330533546484,-2.60255616018438,-1.04961881859418,2.68306517596293,2.55050131262247,1
7989,82,7989,7992,746.125,744.859375,48.125,46.859375,770.875,772.640625,72.875,74.640625,-0.874643391547053,-0.808830724536414,-1.93892273903419,1.67668333494722,-1.06427934748714,2.48551405948363,2.73339190020882,1
7990,83,7990,7993,747.734375,749,49.734375,51,772.484375,776.78125,74.484375,78.78125,-0.773513809417852,-1.99300934472246,-1.87228913411823,0.651390452905152,-1.09877532470038,2.64439979762761,2.5400101848516,1
7991,84,7991,7994,749.21875,745.0625,51.21875,47.0625,773.96875,772.84375,75.96875,74.84375,-0.950091443942394,-3.11960121361106,-1.97442200856207,-0.422556615827659,-1.02433056461967,2.69704459778341,2.56181014477651,1
7992,85,7992,7995,743.125,749.046875,45.125,51.046875,767.875,776.828125,69.875,78.828125,-0.88091552201993,1.81998512350478,-1.93437489499518,-1.80281813168922,-1.05345937297525,2.66038205198558,2.56934388221876,1
7993,86,7993,7996,745,745.046875,47,47.046875,769.75,772.828125,71.75,74.828125,-0.521483516175484,0.833875723108243,-1.50905162820078,-2.86014076923151,-0.987568112025293,2.58916881483983,2.70644838031446,1
7994,87,7994,7997,746.59375,749.046875,48.59375,51.046875,771.34375,776.828125,73.34375,78.828125,-0.537611538008309,-0.738510544211048,-1.55677199020877,1.79678893293368,-1.01916045220046,2.53529947714472,2.7287253778344,1
7995,88,7995,7998,748.203125,745.0625,50.203125,47.0625,772.953125,772.84375,74.953125,74.84375,-0.644155092936477,-1.73396739659432,-1.71232004429728,0.847625078891182,-1.0681649513608,2.5815924754855,2.63342788033328,1
7996,89,7996,7999,749.90625,749.171875,51.90625,51.171875,774.65625,776.953125,76.65625,78.953125,-0.202009985580019,-2.70450924935375,-1.15182050683555,-0.100851140110591,-0.949810521255532,2.60365810924316,2.7297166766809,1
7997,90,7997,8000,743.90625,745.15625,45.90625,47.15625,768.65625,772.9375,70.65625,74.9375,0.133236348511364,2.19431471928379,-0.842110243470624,-1.46194971533123,-0.975346591981989,2.62692087256456,2.68091784263304,1
7998,91,7998,8001,745.3125,749.171875,47.3125,51.171875,770.0625,776.953125,72.0625,78.953125,0.340224037898222,0.539132481717389,-0.688767103995092,3.07871818842969,-1.02899114189331,2.5395857067123,2.71460845857397,1
7999,92,7999,8002,747.15625,745.390625,49.15625,47.390625,771.90625,773.171875,73.90625,75.171875,0.126667695597265,1.87999495799565,-0.853927800515547,-1.7841418418626,-0.980595496112812,2.61904850732133,2.68354130374545,1
8000,93,8000,8003,748.96875,749.375,50.96875,51.375,773.71875,777.15625,75.71875,79.15625,0.362027931285172,-1.9186441587879,-0.586064649160617,0.649005813188271,-0.948092580445789,2.56764997197618,2.76744275475762,1
8001,94,8001,8004,750.796875,745.578125,52.796875,47.578125,775.546875,773.359375,77.546875,75.359375,0.328197991254723,2.69298037637478,-0.650773877831776,-0.918960575903884,-0.978971869086499,2.67124435490092,2.63296908319217,1
8002,95,8002,8005,744.1875,749.6875,46.1875,51.6875,768.9375,777.46875,70.9375,79.46875,0.0561826840339354,-2.5152851936134,-0.946542976035214,0.103329387105138,-1.00272566006915,2.61861458071854,2.6618450663919,1
8003,96,8003,8006,762.09375,745.625,64.09375,47.625,786.84375,773.40625,88.84375,75.40625,-0.341730269374748,-0.405013455055431,-1.34029817185452,2.13439369203587,-0.998567902479775,2.5394071470913,2.74521025760851,1
8004,97,8004,8007,747.859375,749.890625,49.859375,51.890625,772.609375,777.671875,74.609375,79.671875,-0.694147290205337,-2.28987134361605,-1.71787695657718,0.364568147928676,-1.02372966637185,2.65443949154473,2.60501614926301,1
8005,98,8005,8008,749.25,746.09375,51.25,48.09375,774,773.875,76,75.875,-0.988786724022966,2.46831621303512,-2.09985116953681,-1.07963509807396,-1.11106444551384,2.73523399607051,2.43688686559523,1
8006,99,8006,8009,743.125,750.015625,45.125,52.015625,767.875,777.796875,69.875,79.796875,-0.806402591649214,0.858501145941912,-1.92254494649137,-2.82463124980124,-1.11614235484215,2.60005291143644,2.566990040901,1
8007,100,8007,8010,744.9375,745.953125,46.9375,47.953125,769.6875,773.734375,71.6875,75.734375,-0.682126752416288,-1.0697912488879,-1.67787174263155,1.4848892729563,-0.995744990215263,2.55468052184421,2.73275979512012,1
8008,101,8008,8011,746.421875,750.09375,48.421875,52.09375,771.171875,777.875,73.171875,79.875,-0.666319535097632,0.0722396283990527,-1.70893677712301,2.60376199692652,-1.04261724202538,2.53152236852747,2.70904569662674,1
8009,102,8009,8012,748.21875,746.046875,50.21875,48.046875,772.96875,773.828125,74.96875,75.828125,-0.660989172391886,2.29890634034606,-1.77786293005383,-1.35663258861282,-1.11687375766195,2.62764637822071,2.53866517129693,1
8010,103,8010,8013,750.109375,750.078125,52.109375,52.078125,774.859375,777.859375,76.859375,79.859375,-1.12644512119125,0.836088169351872,-2.23957301391907,-2.85108817546595,-1.11312789272782,2.59600896236177,2.57404845209,1
8011,104,8011,8014,743.921875,746.296875,45.921875,48.296875,768.671875,774.078125,70.671875,76.078125,-2.11680298636017,1.8178651432952,3.09234805191159,-1.8351621549656,-1.07403426890783,2.63015800891878,2.57899302935298,1
8012,105,8012,8015,745.234375,750.25,47.234375,52.25,769.984375,778.03125,71.984375,80.03125,-2.50617476568543,-2.76104429750659,2.60728276599162,-0.139616028975968,-1.16972777550253,2.62142826853063,2.49202926314643,1
8013,106,8013,8016,747.140625,746.578125,49.140625,48.578125,771.890625,774.359375,73.890625,76.359375,-2.6395902206562,-1.28681723399813,2.55500011554659,1.27052229634482,-1.0885949709768,2.55733953034295,2.63725080585984,1
8014,107,8014,8017,749.140625,742.25,51.140625,44.25,773.890625,770.03125,75.890625,72.03125,-3.06642179318395,0.313158679112182,2.167865813508,2.82663000581702,-1.04889770048764,2.51347132670484,2.72081627998711,1
8015,108,8015,8018,750.828125,746.3125,52.828125,48.3125,775.578125,774.09375,77.578125,76.09375,2.29134249367441,-1.07787102527569,1.23652391514754,1.42005719876437,-1.05481857852687,2.49792822404006,2.73043850461266,1
8016,109,8016,8019,744.203125,750.78125,46.203125,52.78125,768.953125,778.5625,70.953125,80.5625,2.27168681581688,0.816224226620953,1.20880446857226,-2.86119111431256,-1.06288234724462,2.60576996624607,2.6145329936889,1
8017,110,8017,8020,746.15625,746.84375,48.15625,48.84375,770.90625,774.625,72.90625,76.625,1.97366090266003,2.99910827315692,0.931552638532915,-0.596157203825102,-1.04210826412711,2.68791983019756,2.55315721285491,1
8018,111,8018,8021,747.953125,743.03125,49.953125,45.03125,772.703125,770.8125,74.703125,72.8125,1.31420201299137,0.997104535563351,0.386183821506705,-2.63555063696195,-0.928018191484667,2.65053013465428,2.70463698104064,1
8019,112,8019,8022,749.8125,746.671875,51.8125,48.671875,774.5625,774.453125,76.5625,76.453125,1.09672842965014,-0.0944555634828972,0.135810735957902,2.44847419556806,-0.960917693692234,2.54292975905096,2.77933785443639,1
8020,113,8020,8023,743.203125,751.015625,45.203125,53.015625,767.953125,778.796875,69.953125,80.796875,0.789130782829433,1.26519076343558,-0.192763233853958,-2.39455530806991,-0.981894016683392,2.62343923567409,2.6778520548221,1
8021,114,8021,8024,745.09375,747,47.09375,49,769.84375,774.78125,71.84375,76.78125,-0.105330890923079,3.07017209883012,-1.10452449514072,-0.510282157192833,-0.999193604217643,2.70273105115664,2.58126065180531,1
8022,115,8022,8025,746.84375,743.03125,48.84375,45.03125,771.59375,770.8125,73.59375,72.8125,-0.312140215585174,1.61471262300086,-1.33547544943404,-1.99905156116326,-1.02333523384887,2.66942112301547,2.59042895031525,1
8023,116,8023,8026,748.703125,747.03125,50.703125,49.03125,773.453125,774.8125,75.453125,76.8125,-1.11973116715486,0.30111594830502,-2.16362373281818,2.85899551075484,-1.04389256566332,2.55787956244982,2.68141317906645,1
8024,117,8024,8027,750.28125,751.125,52.28125,53.125,775.03125,778.90625,77.03125,80.90625,-1.845388690772,1.31925843766914,-2.86980059529566,-2.36055114154461,-1.02441190452366,2.60337572796583,2.65539767469009,1
8025,118,8025,8028,744.125,747.125,46.125,49.125,768.875,774.90625,70.875,76.90625,-2.61510112807309,-3.09295869319827,2.57886922497701,-0.432639387135825,-1.08921495412948,2.66031930606244,2.53365104698766,1
8026,119,8026,8029,745.890625,743.1875,47.890625,45.1875,770.640625,770.96875,72.640625,72.96875,-2.71887049963259,1.90850985678991,2.49399887717161,-1.74288223627564,-1.07031593037539,2.63179321411404,2.58107616269016,1
8027,120,8027,8030,747.59375,747.203125,49.59375,49.203125,772.34375,774.984375,74.34375,76.984375,2.77218889663398,0.848866979275457,1.72620672244701,-2.85284079044233,-1.04598217418697,2.5814775374618,2.65572559553082,1
8028,121,8028,8031,749.1875,743.375,51.1875,45.375,773.9375,771.15625,75.9375,73.15625,2.03753046895043,-0.498758506375749,0.97993947962838,2.01222585345901,-1.05759098932205,2.51098435983476,2.71460995802278,1
8029,122,8029,8032,743.140625,747.546875,45.140625,49.546875,767.890625,775.328125,69.890625,77.328125,1.50215524872078,-1.91588158203345,0.491639599947099,0.715068215427374,-1.01051564877368,2.63094979746082,2.64171986094508,1
8030,123,8030,8033,744.921875,743.546875,46.921875,45.546875,769.671875,771.328125,71.671875,73.328125,1.08347962711112,2.24672282930677,0.136374702386831,-1.39930908441279,-0.947104924724291,2.63715339346002,2.69892698899527,1
8031,124,8031,8034,746.703125,747.765625,48.703125,49.765625,771.453125,775.546875,73.453125,77.546875,0.398677438482908,0.364967017354674,-0.610304003786398,2.92713201279674,-1.00898144226931,2.56216499544207,2.71203886946821,1
8032,125,8032,8035,748.21875,743.8125,50.21875,45.8125,772.96875,771.59375,74.96875,73.59375,-0.0776388537582311,-1.44181337147302,-1.13090652732677,1.16845604650176,-1.05326767356854,2.61026941797477,2.61964821563627,1
8033,126,8033,8036,750.046875,747.96875,52.046875,49.96875,774.796875,775.75,76.796875,77.75,-1.33871087603839,-3.09955736765264,-2.31262946782427,-0.412213251820065,-0.973918591785881,2.68734411583258,2.62192259956113,1
8034,127,8034,8037,743.90625,743.875,45.90625,45.875,768.65625,771.65625,70.65625,73.65625,-2.40998777493649,1.35572679794947,2.82468890678317,-2.29337197055614,-1.04850862545993,2.63408653867397,2.60059014304568,1
8035,128,8035,8038,745.421875,747.90625,47.421875,49.90625,770.171875,775.6875,72.171875,77.6875,3.07464844944558,-0.819565517591931,1.9708604974203,1.72556882147401,-1.10378795202528,2.54513433906594,2.63426301608837,1
8036,129,8036,8039,747.125,744.125,49.125,46.125,771.875,771.90625,73.875,73.90625,1.95829692973983,-2.08842921135721,0.956575981805109,0.551677776362169,-1.00172094793472,2.64010698771938,2.64135737152549,1
8037,130,8037,8040,749.109375,748.046875,51.109375,50.046875,773.859375,775.828125,75.859375,77.828125,0.868569501037601,2.30305117190281,-0.0922011499865626,-1.33129832328763,-0.960770651024163,2.64883581198914,2.67357884416628,1
8038,131,8038,8041,750.9375,744.171875,52.9375,46.171875,775.6875,771.953125,77.6875,73.953125,-0.248736930583225,0.849869101417522,-1.26952913438715,-2.83240908126719,-1.02079220380393,2.60090712449488,2.66148597888078,1
8039,132,8039,8042,744.5625,748.171875,46.5625,50.171875,769.3125,775.953125,71.3125,77.953125,-1.27251806833243,-0.832439869485737,-2.38935898064875,1.69634214108869,-1.11684091231632,2.52878201057442,2.63756238428884,1
8040,133,8040,8043,746.25,744.25,48.25,46.25,771,772.03125,73,74.03125,-2.35670140005889,-2.95205884286939,2.82496559258242,-0.314503752648696,-1.10151831453828,2.63755509022069,2.54411190242062,1
8041,134,8041,8044,748.203125,748.65625,50.203125,50.65625,772.953125,776.4375,74.953125,78.4375,-2.92770251108671,1.60263155801444,2.28497889875676,-1.99999264103631,-1.07050389733611,2.68056110812883,2.53212030171464,1
8042,135,8042,8045,749.921875,744.703125,51.921875,46.703125,774.671875,772.484375,76.671875,74.484375,1.95157940271681,-0.679606881908705,0.950506867721273,1.88420207660443,-1.00107253499553,2.56380895851313,2.71830381367092,1
8043,136,8043,8046,743.859375,748.625,45.859375,50.625,768.609375,776.40625,70.609375,78.40625,0.286692974342673,-2.5029393085193,-0.663822036108909,0.105314963848815,-0.950515010451582,2.60825427236812,2.72441602435989,1
8044,137,8044,8047,745.234375,744.734375,47.234375,46.734375,769.984375,772.515625,71.984375,74.515625,-1.03547193673596,1.19454247738894,-2.07463226218305,-2.44934386875301,-1.03916032544709,2.63929896103764,2.60472602069486,1
8045,138,8045,8048,747.203125,748.640625,49.203125,50.640625,771.953125,776.421875,73.953125,78.421875,-1.96522266065844,-0.81731371643551,-3.07236850904577,1.69879849444756,-1.10714584838733,2.51611221088307,2.65992724790919,1
8046,139,8046,8049,749.078125,745.0625,51.078125,47.0625,773.828125,772.84375,75.828125,74.84375,-3.1256635010662,-2.93730047770854,2.10107220645068,-0.275677962411391,-1.05644959966271,2.66162251529715,2.56511319221973,1
8047,140,8047,8050,742.8125,749.0625,44.8125,51.0625,767.5625,776.84375,69.5625,78.84375,1.66734349203513,1.18617318195623,0.681303184723869,-2.46193106138541,-0.986040307311263,2.63508106383795,2.66206393603038,1
8048,141,8048,8051,744.765625,744.921875,46.765625,46.921875,769.515625,772.703125,71.515625,74.703125,0.342950548063757,-0.785566476347243,-0.626734408884921,1.71242219712398,-0.969684956948678,2.49798867347122,2.81551167675969,1
8049,142,8049,8052,746.15625,749.140625,48.15625,51.140625,770.90625,776.921875,72.90625,78.921875,-0.950940361234444,-0.088574761822537,-2.04024655767154,2.39086852980724,-1.08930619643709,2.47944329162978,2.71443581911272,1
8050,143,8050,8053,748.046875,745.1875,50.046875,47.1875,772.796875,772.96875,74.796875,74.96875,-2.53911862715628,2.39234403695402,2.66408263988845,-1.22975311052345,-1.07998404013486,2.66108815970211,2.54211310734262,1
8051,144,8051,8054,750.015625,749.171875,52.015625,51.171875,774.765625,776.953125,76.765625,78.953125,2.61956342958786,0.658975803981459,1.58753519499576,-3.07800041146833,-1.0320282345921,2.5462090917298,2.70494798085769,1
8052,145,8052,8055,743.46875,745.203125,45.46875,47.203125,768.21875,772.984375,70.21875,74.984375,1.3857025977327,-1.01913034088196,0.415853255571649,1.46150282808575,-0.969849342161047,2.48063316896771,2.83270279605083,1
8053,146,8053,8056,745.5,749.4375,47.5,51.4375,770.25,777.21875,72.25,79.21875,-0.0550906157227392,-2.83644203114331,-1.06436330675053,-0.188695024018808,-1.00927269102779,2.6477470071245,2.62616560902729,1
8054,147,8054,8057,747.125,745.515625,49.125,47.515625,771.875,773.296875,73.875,75.296875,-1.31924498655737,1.80129151096755,-2.42705187256527,-1.85019545902674,-1.10780688600789,2.6316983371853,2.54368008398639,1
8055,148,8055,8058,749.0625,749.59375,51.0625,51.59375,773.8125,777.375,75.8125,79.375,-2.53258708860934,-0.254443936558665,2.71584828766792,2.30552730616087,-1.03474993090233,2.55997124271954,2.68846413355772,1
8056,149,8056,8059,742.8125,745.9375,44.8125,47.9375,767.5625,773.71875,69.5625,75.71875,2.26349015122649,0.317768898402015,1.23591186198357,2.86030244448557,-1.02757828924292,2.54253354608355,2.71307347185311,1
8057,150,8057,8060,744.234375,749.796875,46.234375,51.796875,768.984375,777.578125,70.984375,79.578125,0.758436837437649,2.22818272807266,-0.183453286355537,-1.4126880668048,-0.941890123793186,2.64231451230212,2.69898067108428,1
8058,151,8058,8061,746.34375,746.03125,48.34375,48.03125,771.09375,773.8125,73.09375,75.8125,-0.588889791249642,0.593101905108784,-1.59155521672656,-3.13382457268027,-1.00266542547692,2.55625882939053,2.72426105231214,1
8059,152,8059,8062,748.09375,742.0625,50.09375,44.0625,772.84375,769.84375,74.84375,71.84375,-1.89007258787582,-1.3784908781654,-2.98540913536336,1.18629653345219,-1.09533654748754,2.5647874116176,2.62306134807445,1
8060,153,8060,8063,749.890625,746.09375,51.890625,48.09375,774.640625,773.875,76.640625,75.875,-2.5215755752068,2.74065363272132,2.73296237480516,-0.864630483264161,-1.02864735716763,2.6779011911941,2.57663675881786,1
8061,154,8061,8064,743.6875,750.046875,45.6875,52.046875,768.4375,777.828125,70.4375,79.828125,2.62794033392513,0.537826084368184,1.58439462411823,3.06546286108153,-1.0435457098069,2.52763677671335,2.71200282065934,1
8062,155,8062,8065,745.21875,746.1875,47.21875,48.1875,769.96875,773.96875,71.96875,75.96875,1.37548206240279,-1.66887947528972,0.391262991170705,0.901444892876154,-0.984219071232083,2.57032436816587,2.72864186778163,1
8063,156,8063,8066,747.125,750.203125,49.125,52.203125,771.875,777.984375,73.875,79.984375,-0.514505908981529,2.31043389424438,-1.5323519144506,-1.32414702508819,-1.01784600546907,2.64860438784702,2.6167349138635,1
8064,157,8064,8067,748.90625,746.921875,50.90625,48.921875,773.65625,774.703125,75.65625,76.703125,-1.95260343221405,2.60094990328993,-3.02511061272004,-0.934837816394175,-1.07250718050599,2.74739758749549,2.46328053917811,1
8065,158,8065,8068,750.78125,750.609375,52.78125,52.609375,775.53125,778.390625,77.53125,80.390625,3.06633412281236,-2.70241648705915,2.04762902780293,-0.0583843114254231,-1.01870509500943,2.64403217563373,2.62044803653643,1
8066,159,8066,8069,744.59375,746.890625,46.59375,48.890625,769.34375,774.671875,71.34375,76.671875,1.07502802341342,1.11592422181538,0.0861366696197826,-2.53757300827041,-0.988891353793639,2.6296880770938,2.66460587629214,1
8067,160,8067,8070,746.203125,742.96875,48.203125,44.96875,770.953125,770.75,72.953125,72.75,-0.776253725052273,-1.52001999256755,-1.81060803932942,1.03215615355655,-1.03435431427715,2.55217614612411,2.69665484677833,1
8068,161,8068,8071,748.15625,747.0625,50.15625,49.0625,772.90625,774.84375,74.90625,76.84375,-2.13869506366539,-0.987833482478353,3.06663764083036,1.53952624612878,-1.07785260268384,2.52735972860713,2.67797297588861,1
8069,162,8069,8072,749.921875,743.015625,51.921875,45.015625,774.671875,770.796875,76.671875,72.796875,1.94844052036386,0.349880582497097,0.922681859915321,2.90205408346026,-1.02575866044854,2.55217350096316,2.70525314576789,1
8070,163,8070,8073,743.84375,747.203125,45.84375,49.203125,768.59375,774.984375,70.59375,76.984375,-0.138017262610854,0.430854171292157,-1.1348015020384,2.92931931808143,-0.996784239427547,2.49846514678927,2.78793592096277,1
8071,164,8071,8074,745.453125,743.171875,47.453125,45.171875,770.203125,770.953125,72.203125,72.953125,-1.91752419477614,1.59740265577185,-3.01642879258413,-2.06051575744749,-1.09890459780798,2.62526689396025,2.55901381541136,1
8072,165,8072,8075,747.234375,747.375,49.234375,49.375,771.984375,775.15625,73.984375,77.15625,2.79514503130564,-1.45590841274764,1.72586532754095,1.11844356075148,-1.06927970376468,2.57435197349912,2.63955362991579,1
8073,166,8073,8076,749.109375,743.5625,51.109375,45.5625,773.859375,771.34375,75.859375,73.34375,0.558571429306911,2.83189428191535,-0.439424426143681,-0.78052463035212,-0.997995855450591,2.67076639491212,2.61442305681688,1
8074,167,8074,8077,751.078125,747.859375,53.078125,49.859375,775.828125,775.640625,77.828125,77.640625,-1.6299610649948,0.288777776131211,-2.72904943704155,2.87720405530107,-1.09908837204675,2.58842627916986,2.59567065596297,1
8075,168,8075,8078,744.5625,744.03125,46.5625,46.03125,769.3125,771.8125,71.3125,73.8125,2.45169962897537,-2.2733188902446,1.38019198214383,0.393833470459761,-1.07150764683154,2.66715236070436,2.54452529964369,1
8076,169,8076,8079,746.40625,748.015625,48.40625,50.015625,771.15625,775.796875,73.15625,77.796875,0.822707103803657,1.36262093229487,-0.146334065062666,-2.23960933337572,-0.969041168866323,2.680955041509,2.63318909680426,1
8077,170,8077,8080,748.28125,744.078125,50.28125,46.078125,773.03125,771.859375,75.03125,73.859375,-1.28899909691284,-1.39200682750614,-2.33305410842103,1.18065201254126,-1.04405501150819,2.5726588400474,2.66647145562399,1
8078,171,8078,8081,750.140625,748.09375,52.140625,50.09375,774.890625,775.875,76.890625,77.875,2.69998399220846,2.04125794079961,1.63270595634432,-1.60053623273682,-1.06727803586414,2.64139113364317,2.57451613767228,1
8079,172,8079,8082,744.09375,744.5,46.09375,46.5,768.84375,772.28125,70.84375,74.28125,0.185099715985169,2.5675004014718,-0.809255551754903,-1.01911317063901,-0.994355267740072,2.69657173506878,2.59225830437074,1
8080,173,8080,8083,745.734375,748.265625,47.734375,50.265625,770.484375,776.046875,72.484375,78.046875,-1.80297704097884,-3.1111128604112,-2.85537539107756,-0.450966456867542,-1.05239835009872,2.66014640354366,2.57064055353721,1
8081,174,8081,8084,747.3125,744.390625,49.3125,46.390625,772.0625,772.171875,74.0625,74.171875,2.22123561031532,1.10886297496035,1.18217561502686,-2.57251362540852,-1.03905999528846,2.60180870681072,2.6423166050804,1
8082,175,8082,8085,749.203125,748.640625,51.203125,50.640625,773.953125,776.421875,75.953125,78.421875,0.507482621719291,-1.89527545183067,-0.463894539833201,0.712156375443083,-0.971377161552493,2.60743182727376,2.70437631835334,1
8083,176,8083,8086,743.125,744.8125,45.125,46.8125,767.875,772.59375,69.875,74.59375,-1.78540489280737,1.92608516875577,-2.9431759336587,-1.70879260739276,-1.15777104085133,2.64830753103106,2.4771067352972,1
8084,177,8084,8087,745,748.6875,47,50.6875,769.75,776.46875,71.75,78.46875,3.0905516706528,-0.227603135188317,2.022543498406,2.32855137011462,-1.0680081722468,2.55615450530293,2.65902262962985,1
8085,178,8085,8088,746.78125,744.96875,48.78125,46.96875,771.53125,772.75,73.53125,74.75,1.11507482405577,-2.86303654080503,0.127152168983569,-0.180894150539149,-0.9879226550722,2.68214239026588,2.61312026184151,1
8086,179,8086,8089,748.484375,749.03125,50.484375,51.03125,773.234375,776.8125,75.234375,78.8125,-1.18534608719915,0.557822558105057,-2.27753460297798,3.10456217877403,-1.09218851577883,2.54673962066898,2.64425717073178,1
8087,180,8087,8090,750.4375,745.265625,52.4375,47.265625,775.1875,773.046875,77.1875,75.046875,2.73516861613546,1.10318083373154,1.67499952965961,-2.6089149585165,-1.06016908647585,2.57108951493154,2.65192670577219,1
8088,181,8088,8091,744.15625,749.109375,46.15625,51.109375,768.90625,776.890625,70.90625,78.890625,0.572662893490274,2.1593865462345,-0.427680543627632,-1.4864908936472,-1.00034343711791,2.63730786729788,2.6455340027638,1
8089,182,8089,8092,746.0625,745.671875,48.0625,47.671875,770.8125,773.453125,72.8125,75.453125,-1.47217285365025,2.52534488203084,-2.49707632627952,-1.06195811955953,-1.02490347262927,2.69588230558922,2.5623995289611,1
8090,183,8090,8093,747.875,749.328125,49.875,51.328125,772.625,777.109375,74.625,79.109375,2.77434647864053,-2.60765656975947,1.76013237496597,0.0129509567110055,-1.01421410367457,2.62060752647048,2.64836367703454,1
8091,184,8091,8094,749.65625,745.640625,51.65625,47.640625,774.40625,773.421875,76.40625,75.421875,0.707202207888953,1.90826966603303,-0.28935069677114,-1.73673549333266,-0.996552904660093,2.6381801478139,2.6484522547056,1
8092,185,8092,8095,743.59375,749.5625,45.59375,51.5625,768.34375,777.34375,70.34375,79.34375,-1.45489665198172,-0.983955837477278,-2.47265518791639,1.55006452229857,-1.01775853593467,2.53402035977585,2.73140641146907,1
8093,186,8093,8096,745.234375,745.890625,47.234375,47.890625,769.984375,773.671875,71.984375,75.671875,2.86250479950666,3.06288903157999,1.74464413198557,-0.565995366218526,-1.11786066752109,2.65430090938107,2.51102373027743,1
8094,187,8094,8097,747.125,749.9375,49.125,51.9375,771.875,777.71875,73.875,79.71875,0.464068350310224,0.446887051404484,-0.536969326280622,2.99459868847751,-1.00103767659085,2.54771163707302,2.73443599351572,1
8095,188,8095,8098,749.078125,746.140625,51.078125,48.140625,773.828125,773.921875,75.828125,75.921875,-2.00513950942618,0.928696877248658,-3.07024130699964,-2.75562178360048,-1.06510179757346,2.59886664633045,2.61921686327568,1
8096,189,8096,8099,750.859375,750.09375,52.859375,52.09375,775.609375,777.875,77.609375,79.875,1.86311104268246,1.65026109802739,0.836675534065359,-1.96405048067579,-1.0264355086171,2.66887372847641,2.58787607008608,1
8097,190,8097,8100,744.640625,746.0625,46.640625,48.0625,769.390625,773.84375,71.390625,75.84375,-0.581194284922079,-0.786657028595894,-1.57528401199428,1.74983848030426,-0.9940897270722,2.53649550890015,2.75260007120723,1
8098,191,8098,8101,746.546875,742.453125,48.546875,44.453125,771.296875,770.234375,73.296875,72.234375,-3.07522732647902,2.59962053435638,2.13959011241491,-1.00346007450506,-1.06836786828565,2.68010469831815,2.53471274057578,1
8099,192,8099,8102,748.1875,746.5,50.1875,48.5,772.9375,774.28125,74.9375,76.28125,0.554685072979203,-0.180479207092317,-0.424713419353892,2.33571008493541,-0.979398492333095,2.51618929202772,2.78759752281877,1
8100,193,8100,8103,750.09375,750.875,52.09375,52.875,774.84375,778.65625,76.84375,80.65625,-1.9547904042306,-0.351208231611356,-3.0784605380879,2.25147765172175,-1.12367013385729,2.6026858833331,2.55682928998919,1
8101,194,8101,8104,744.015625,746.9375,46.015625,48.9375,768.765625,774.71875,70.765625,76.71875,1.48028748491548,0.859946641062094,0.516840932428249,-2.82579086854679,-0.963446552487235,2.5974477975707,2.72229095712165,1
8102,195,8102,8105,745.78125,751.078125,47.78125,53.078125,770.53125,778.859375,72.53125,80.859375,-0.935443676365967,0.936233023792084,-1.99846072177229,-2.72507445466439,-1.06301704540632,2.62187782872311,2.59829043305016,1
8103,196,8103,8106,747.421875,747.046875,49.421875,49.046875,772.171875,774.828125,74.171875,76.828125,3.10434191795282,1.78699888355298,2.03908114089558,-1.81838605905301,-1.06526077705724,2.6778003645736,2.54012416554875,1
8104,197,8104,8107,749.21875,743.015625,51.21875,45.015625,773.96875,770.796875,75.96875,72.796875,0.424554962934238,-0.80359511737093,-0.541768326621874,1.73030981043888,-0.966323289556112,2.53390492780981,2.78295708981366,1
8105,198,8105,8108,743.15625,747.265625,45.15625,49.265625,767.90625,775.046875,69.90625,77.046875,-1.87177681307829,-1.09923305796515,-2.98847952908899,1.4194012141462,-1.1167027160107,2.51863427211135,2.64784831905753,1
8106,199,8106,8109,745.03125,743.34375,47.03125,45.34375,769.78125,771.125,71.78125,73.125,2.05191141824824,-0.281541734790536,1.00168172740346,2.19491322823012,-1.05022969084478,2.47645496302066,2.75650065331415,1
8107,200,8107,8110,746.953125,747.796875,48.953125,49.796875,771.703125,775.578125,73.703125,77.578125,-0.607374902904725,0.0436003745277713,-1.58663936202531,2.59701283302263,-0.979264459120583,2.55341245849486,2.75050838956414,1
8108,201,8108,8111,748.953125,743.671875,50.953125,45.671875,773.703125,771.453125,75.703125,73.453125,-3.06835808181386,0.760928326192899,2.16440281474512,-2.95014933895204,-1.05042441062061,2.57210764203465,2.66065325452433,1
8109,202,8109,8112,750.515625,747.96875,52.515625,49.96875,775.265625,775.75,77.265625,77.75,0.315066756093841,1.38819404800145,-0.680497166932818,-2.26429734391443,-0.995563923026659,2.6306939152637,2.65692746888923,1
8110,203,8110,8113,744.203125,744.03125,46.203125,46.03125,768.953125,771.8125,70.953125,73.8125,-2.67867574030116,2.49618916022334,2.48291117831439,-1.05152950544932,-1.12159838856405,2.73546664150693,2.42612027710861,1
8111,204,8111,8114,746.1875,747.96875,48.1875,49.96875,770.9375,775.75,72.9375,77.75,1.15728021698191,0.56456853855845,0.183775491170507,-3.14154281552586,-0.973504725811407,2.57707395309528,2.7326066282729,1
8112,205,8112,8115,748.078125,744.125,50.078125,46.125,772.828125,771.90625,74.828125,73.90625,-1.60402173750967,-2.13456996220085,-2.71541437581445,0.479724613247595,-1.11139263830478,2.61429457544845,2.55749809342636,1
8113,206,8113,8116,749.953125,748.0625,51.953125,50.0625,774.703125,775.84375,76.703125,77.84375,1.86668212758187,1.51840500497158,0.887528257563247,-2.11295048899072,-0.979153870018627,2.65182981321728,2.65220162394368,1
8114,207,8114,8117,743.875,744.171875,45.875,46.171875,768.625,771.953125,70.625,73.953125,-0.591690933101457,-1.40414266082177,-1.59807503179203,1.16828776184018,-1.00638409869057,2.57243042266196,2.70437078582706,1
8115,208,8115,8118,745.484375,748.234375,47.484375,50.234375,770.234375,776.015625,72.234375,78.015625,-2.70742671232674,2.02351756894948,2.46649842568965,-1.66056928434942,-1.1092601691632,2.59909845388069,2.5748266841357,1
8116,209,8116,8119,747.15625,744.640625,49.15625,46.640625,771.90625,772.421875,73.90625,74.421875,0.564705988858712,-0.586006453327854,-0.43144978341256,1.96597045838556,-0.996155772271272,2.55197691171341,2.7350526231949,1
8117,210,8117,8120,749.109375,749.015625,51.109375,51.015625,773.859375,776.796875,75.859375,78.796875,-1.8583804653505,-0.573974589110722,-2.99456475867929,2.02681435941366,-1.13618429332879,2.60078894852438,2.54621206532641,1
8118,211,8118,8121,751.15625,745.015625,53.15625,47.015625,775.90625,772.796875,77.90625,74.796875,1.73492630755531,0.895164419198372,0.766458223903257,-2.7381258501199,-0.968468083652058,2.64989503786132,2.66482218566621,1
8119,212,8119,8122,744.765625,749.140625,46.765625,51.140625,769.515625,776.921875,71.515625,78.921875,-0.953940380673176,0.925022050731881,-2.00066548782813,-2.72860710394919,-1.04672510715495,2.62955615249851,2.60690404752612,1
8120,213,8120,8123,746.859375,745.109375,48.859375,47.109375,771.609375,772.890625,73.609375,74.890625,2.63322075114473,-1.64484681892132,1.56475968101848,0.926027727332893,-1.06846107012625,2.57087454625422,2.64384969079912,1
8121,214,8121,8124,748.484375,749.046875,50.484375,51.046875,773.234375,776.828125,75.234375,78.828125,-0.776227813140318,-0.268368315628846,-1.84489280598287,2.26080991628325,-1.06866499284255,2.5291782319121,2.68534208242494,1
8122,215,8122,8125,750.421875,745.15625,52.421875,47.15625,775.171875,772.9375,77.171875,74.9375,2.81130868672822,-2.7091379733524,1.74237139349587,-0.0764643663327958,-1.06893729323235,2.63267360701961,2.58157440692763,1
8123,216,8123,8126,744.21875,749.359375,46.21875,51.359375,768.96875,777.140625,70.96875,79.140625,-0.31376248297829,-2.12592127130138,-1.3287871487651,0.492570622642388,-1.01502466578681,2.61849189394377,2.64966874744901,1
8124,217,8124,8127,746.109375,745.640625,48.109375,47.640625,770.859375,773.421875,72.859375,75.421875,3.12661681555838,1.38562627254188,2.0125252771901,-2.26664803584543,-1.11409153836828,2.63091099879228,2.53818277001903,1
8125,218,8125,8128,748.0625,749.5,50.0625,51.5,772.8125,777.28125,74.8125,79.28125,0.0959774603878412,2.73125188852669,-0.913050342003045,-0.87896898750907,-1.00902780239089,2.67296443114383,2.60119307364487,1
8126,219,8126,8129,750,745.75,52,47.75,774.75,773.53125,76.75,75.53125,-2.96822288655349,0.292847726599357,2.28771014331375,2.88396023828988,-1.02725227731234,2.59111251169052,2.66482051817672,1
8127,220,8127,8130,743.8125,749.890625,45.8125,51.890625,768.5625,777.671875,70.5625,79.671875,-0.203529144509319,-2.3019666101985,-1.23676901742593,0.341353736135579,-1.03323987291661,2.64332034633408,2.6066250879289,1
8128,221,8128,8131,745.5625,746,47.5625,48,770.3125,773.78125,72.3125,75.78125,3.13641870603598,1.07060812838351,2.01274157164927,-2.57811261466403,-1.12367713438672,2.63446456413205,2.52504360866082,1
8129,222,8129,8132,747.1875,750.015625,49.1875,52.015625,771.9375,777.796875,73.9375,79.796875,-0.318368132705761,-1.66663441905703,-1.34116230810456,0.92214253667042,-1.0227941753988,2.58877695572745,2.67161417605333,1
8130,223,8130,8133,749.203125,746.078125,51.203125,48.078125,773.953125,773.859375,75.953125,75.859375,2.61593293857519,1.48591799769514,1.57107239921123,-2.16878617422829,-1.04486053936396,2.62848113525616,2.60984363255947,1
8131,224,8131,8134,743.078125,750.1875,45.078125,52.1875,767.828125,777.96875,69.828125,79.96875,-1.0696028176091,-1.13997966674756,-2.16742561732151,1.36998575315318,-1.09782279971241,2.50996541990074,2.67539708756644,1
8132,225,8132,8135,745,746.609375,47,48.609375,769.75,774.390625,71.75,76.390625,2.12806937087364,-1.33527155781615,1.10257809294868,1.23156004293998,-1.02549127792495,2.56683160075614,2.6908624284985,1
8133,226,8133,8136,747,750.265625,49,52.265625,771.75,778.046875,73.75,80.046875,-1.80416932985608,-0.0932545433639328,-2.89420309573361,2.40044570763613,-1.09003376587752,2.49370025100007,2.699451290302,1
8134,227,8134,8137,748.890625,746.84375,50.890625,48.84375,773.640625,774.625,75.640625,76.625,1.21105878207427,-3.06680429504788,0.217041032419794,-0.385176081919029,-0.994017749654475,2.68162821312885,2.60753934439626,1
8135,228,8135,8138,742.625,742.875,44.625,44.875,767.375,770.65625,69.375,72.65625,-2.61243244202353,0.400751741857528,2.60698783143064,2.96620966209585,-1.06376503372542,2.56545792023832,2.65396235321584,1
8136,229,8136,8139,744.46875,747.046875,46.46875,49.046875,769.21875,774.828125,71.21875,76.828125,0.865329707842359,-3.02142022005058,-0.104425133057476,-0.324239896458067,-0.969754840899835,2.69718032359251,2.61625014268724,1
8137,230,8137,8140,746.15625,751.21875,48.15625,53.21875,770.90625,779,72.90625,81,-2.54242871934247,-3.01828896150268,2.64256566469675,-0.36202159138618,-1.09819092314037,2.6562673701165,2.52872701392272,1
8138,231,8138,8141,748.203125,747.0625,50.203125,49.0625,772.953125,774.84375,74.953125,76.84375,0.319138071721407,-2.47584407873865,-0.668253915827099,0.190018221361759,-0.987391987548506,2.66586230010041,2.62993101953067,1
8139,232,8139,8142,750.203125,751.5625,52.203125,53.5625,774.953125,779.34375,76.953125,81.34375,-2.80519011015376,-2.20637488047092,2.41509687798788,0.432190395038168,-1.06289831903795,2.63856527550909,2.58172171263255,1
8140,233,8140,8143,744.078125,747.796875,46.078125,49.796875,768.828125,775.578125,70.828125,77.578125,0.209914195613792,1.21485502729012,-0.760678872847611,-2.44031348964093,-0.970593068461402,2.62801679024854,2.68457544846965,1
8141,234,8141,8144,745.96875,743.609375,47.96875,45.609375,770.71875,771.390625,72.71875,73.390625,-3.11876261236601,2.78194653797704,2.08270430743821,-0.808684474023636,-1.08171838737537,2.69255429517891,2.5089126246253,1
8142,235,8142,8145,747.875,747.625,49.875,49.625,772.625,775.40625,74.625,77.40625,0.14988093368085,0.307700439085336,-0.833493956050552,2.85283536478796,-0.983374889731402,2.54513492570263,2.75467549174556,1
8143,236,8143,8146,749.5625,743.921875,51.5625,45.921875,774.3125,771.703125,76.3125,73.703125,2.76636697206055,-2.56797445416644,1.7083135119369,0.100863146917446,-1.05805346012365,2.66883760108388,2.55629424597205,1
8144,237,8144,8147,743.21875,748.015625,45.21875,50.015625,767.96875,775.796875,69.96875,77.796875,-0.723101761426647,1.04222221568246,-1.7448832002662,-2.60036725469536,-1.02178143883955,2.64059583680176,2.62080803153827,1
8145,238,8145,8148,745.109375,744.140625,47.109375,46.140625,769.859375,771.921875,71.859375,73.921875,1.98244097754598,0.349797685877705,0.970713782876772,2.86180520856448,-1.01172719466921,2.51200752268678,2.7594505898236,1
8146,239,8146,8149,747.171875,748.171875,49.171875,50.171875,771.921875,775.953125,73.921875,77.953125,-1.80907270508395,0.960957194334423,-2.92169847680453,-2.72946278128263,-1.11262577172058,2.59276533156254,2.57779420389647,1
8147,240,8147,8150,749.09375,744.234375,51.09375,46.234375,773.84375,772.015625,75.84375,74.015625,1.27185001895723,0.694634313658974,0.271955225206762,-3.06399111649267,-0.999894793750472,2.52455987702794,2.75873063640117,1
8148,241,8148,8151,743.046875,748.296875,45.046875,50.296875,767.796875,776.078125,69.796875,78.078125,-2.45496184604174,1.66587950465581,2.79286687184045,-1.99602621067396,-1.0353565892974,2.62127959184981,2.62654912603237,1
8149,242,8149,8152,744.890625,744.59375,46.890625,46.59375,769.640625,772.375,71.640625,74.375,-0.256050131444896,-0.520745240097545,-1.22250551348936,2.00844432602719,-0.966455382044461,2.52918956612473,2.7875403590104,1
8150,243,8150,8153,746.75,748.640625,48.75,50.640625,771.5,776.421875,73.5,78.421875,2.51336210731177,2.30174549492859,1.50939748860237,-1.33526074368592,-1.0039646187094,2.64617906856508,2.63304161990511,1
8151,244,8151,8154,748.375,745,50.375,47,773.125,772.78125,75.125,74.78125,-0.937258682564174,-0.644273802359248,-2.06205545276535,1.92829753477549,-1.12479677020118,2.57257133713473,2.58581719984368,1
8152,245,8152,8155,750.21875,749.046875,52.21875,51.046875,774.96875,776.828125,76.96875,78.828125,2.19339295457582,2.73383347482447,1.12483765239803,-0.847898244197926,-1.06855530217779,2.70145358815719,2.5131764168446,1
8153,246,8153,8156,744.265625,745.15625,46.265625,47.15625,769.015625,772.9375,71.015625,74.9375,-1.63815285286934,2.55236742465154,-2.76623376961965,-1.0435768871182,-1.12808091675031,2.68724099540985,2.46786339501942,1
8154,247,8154,8157,746.3125,749.234375,48.3125,51.234375,771.0625,777.015625,73.0625,79.015625,0.216775704126433,-3.11664110963294,-0.779297972347504,-0.461267555872427,-0.996073676473937,2.65537355376051,2.63173807694514,1
8155,248,8155,8158,748.09375,745.421875,50.09375,47.421875,772.84375,773.203125,74.84375,75.203125,2.93777630117978,2.77123234137642,1.84835480813118,-0.863334068328488,-1.0894214930486,2.64861889747467,2.54514491665632,1
8156,249,8156,8159,750.09375,749.578125,52.09375,51.578125,774.84375,777.359375,76.84375,79.359375,-0.93221584105803,2.79417326484687,-1.99575032081627,-0.801667267481929,-1.06353447975824,2.68734477485078,2.53230605257057,1
8157,250,8157,8160,743.859375,745.75,45.859375,47.75,768.609375,773.53125,70.609375,75.53125,1.50162747809465,0.206342328006951,0.517606071643265,2.75088272513941,-0.984021406451382,2.54454039713246,2.75462350359575,1
8158,251,8158,8161,746.03125,750.0625,48.03125,52.0625,770.78125,777.84375,72.78125,79.84375,-2.17881332180209,-3.02512744462138,3.0313390936092,-0.328758065878699,-1.0730328917683,2.69636937874268,2.51378303666861,1
8159,252,8159,8162,747.75,745.953125,49.75,47.953125,772.5,773.734375,74.5,75.734375,-0.0468074241515678,-0.0403289259930937,-1.02760383302047,2.50123513986632,-0.9807964088689,2.54156406585942,2.76082483245127,1
8160,253,8160,8163,749.6875,750.0625,51.6875,52.0625,774.4375,777.84375,76.4375,79.84375,2.5595707364238,3.114956889245,1.52599431152693,-0.500623782520525,-1.03357642489687,2.66760463541406,2.58200424686866,1
8161,254,8161,8164,743.40625,746.140625,45.40625,48.140625,768.15625,773.921875,70.15625,75.921875,-1.51285470129229,-0.431915541822786,-2.63485623920146,2.08191536147986,-1.12200153790917,2.51383090330265,2.64735286596777,1
8162,255,8162,8165,745.21875,750.34375,47.21875,52.34375,769.96875,778.125,71.96875,80.125,0.804494449226348,2.68571946003711,-0.17040386133429,-0.947442714778451,-0.974898310560638,2.65002313236403,2.65826386425492,1
8163,0,8163,8166,747.265625,746.671875,49.265625,48.671875,772.015625,774.453125,74.015625,76.453125,-2.97044308770158,-0.597115987735218,2.23216254522246,1.96161271050997,-1.08057967425555,2.55872869824518,2.64387693467886,1
8164,1,8164,8167,749.125,742.96875,51.125,44.96875,773.875,770.75,75.875,72.75,-1.0677161878997,2.86708601053409,-2.15142229813182,-0.712965479713725,-1.08370611023212,2.70313381693177,2.49634538001569,1
8165,2,8165,8168,743.171875,747.046875,45.171875,49.046875,767.921875,774.828125,69.921875,76.828125,1.22934881980146,-0.603739788173222,0.251433756040834,1.97940445719746,-0.977915063760625,2.58314424537068,2.72212599804828,1
8166,3,8166,8169,745.046875,743.0625,47.046875,45.0625,769.796875,770.84375,71.796875,72.84375,-2.70296755035686,2.40718687182348,2.48723383512674,-1.18625161383676,-1.09298392169599,2.68974682151934,2.50045456396425,1
8167,4,8167,8170,747.015625,747.078125,49.015625,49.078125,771.765625,774.859375,73.765625,76.859375,-0.196032543883417,-0.933296913668971,-1.20473998972805,1.58151419434884,-1.00870744584463,2.51481110801781,2.75966675331714,1
8168,5,8168,8171,748.75,743.21875,50.75,45.21875,773.5,771,75.5,73,2.64065453921892,2.34601119111693,1.57275635672647,-1.25972271554817,-1.06789818249245,2.67745140051449,2.53783572417265,1
8169,6,8169,8172,750.703125,747.421875,52.703125,49.421875,775.453125,775.203125,77.453125,77.203125,-2.17228259758645,-0.817780699335929,3.04048197293411,1.69013263707203,-1.07042073665903,2.50791333640796,2.7048512341126,1
8170,7,8170,8173,744.84375,743.4375,46.84375,45.4375,769.59375,771.21875,71.59375,73.21875,0.135470667945674,2.03389698369286,-0.831580199202687,-1.63840936275065,-0.967050867148361,2.61087896073607,2.70525547929515,1
8171,8,8171,8174,746.421875,747.53125,48.421875,49.53125,771.171875,775.3125,73.171875,77.3125,2.49242204482512,-0.998161144847688,1.44304214435356,1.54121429415226,-1.04937990047157,2.53937543899995,2.69442996770807,1
8172,9,8172,8175,748.21875,744.015625,50.21875,46.015625,772.96875,771.796875,74.96875,73.796875,-1.68704717237736,1.89338721712819,-2.82350827972776,-1.72889436070036,-1.1364611073504,2.66090372935104,2.48582047047815,1
8173,10,8173,8176,750.1875,747.9375,52.1875,49.9375,774.9375,775.71875,76.9375,77.71875,0.854525902126215,-0.887850744618003,-0.127283406762687,1.64373891670001,-0.981809308888902,2.53158966131802,2.76978633697267,1
8174,11,8174,8177,744.125,744.078125,46.125,46.078125,768.875,771.859375,70.875,73.859375,-2.90513765621851,1.84403788547994,2.33853323159851,-1.79416287189474,-1.03951441936257,2.6449845498049,2.59868633801211,1
8175,12,8175,8178,746.140625,748.421875,48.140625,50.421875,770.890625,776.203125,72.890625,78.203125,-0.583368318963417,1.14280243011329,-1.60436722129187,-2.5566878354056,-1.02099890232845,2.5836950416607,2.67849136319044,1
8176,13,8176,8179,747.875,744.5,49.875,46.5,772.625,772.28125,74.625,74.28125,1.98929344781084,1.20578498558745,1.01982131572388,-2.4623949019647,-0.969472132086959,2.61500541962743,2.69870775546519,1
8177,14,8177,8180,749.703125,748.84375,51.703125,50.84375,774.453125,776.625,76.453125,78.625,-1.99343189414686,0.515387347142763,-3.09099446464364,3.07025299756125,-1.09756257049679,2.55486565041849,2.63075708626431,1
8178,15,8178,8181,743.8125,744.921875,45.8125,46.921875,768.5625,772.703125,70.5625,74.703125,0.315421224525039,1.23617050282816,-0.657834065590007,-2.42240193654479,-0.973255290115046,2.62461286780664,2.6853171492579,1
8179,16,8179,8182,745.5,749.015625,47.5,51.015625,770.25,776.796875,72.25,78.796875,2.91915500740019,-1.89877666096258,1.81502042506908,0.747800293728451,-1.10413458233112,2.64657695469103,2.53247377015744,1
8180,17,8180,8183,747.203125,745.09375,49.203125,47.09375,771.953125,772.875,73.953125,74.875,-0.988949874368361,-2.67923995354951,-2.0162440578409,-0.0656224863333368,-1.02729418347254,2.61361746721618,2.64227365649087,1
8181,18,8181,8184,749.21875,749.09375,51.21875,51.09375,773.96875,776.875,75.96875,78.875,1.40274487517007,-2.33829765067821,0.403940437236533,0.275876527465865,-0.998804437933541,2.61417417814408,2.67020669110197,1
8182,19,8182,8185,743.125,745.703125,45.125,47.703125,767.875,773.484375,69.875,75.484375,-2.47710451240754,-2.10018186210953,2.71295974309197,0.546026553839746,-1.09312105168008,2.64620841594928,2.54385583955023,1
8183,20,8183,8186,745.140625,749.5,47.140625,51.5,769.890625,777.28125,71.890625,79.28125,0.424617084311156,-2.19965610707711,-0.550390909484762,0.446734914126604,-0.975007993795917,2.64639102120372,2.66178629217995,1
8184,21,8184,8187,747.0625,745.828125,49.0625,47.828125,771.8125,773.609375,73.8125,75.609375,2.91768026806036,0.890403690215021,1.85055461184448,-2.74202349631439,-1.06712565621588,2.65075812065018,2.56530153031353,1
8185,22,8185,8188,748.890625,749.84375,50.890625,51.84375,773.640625,777.625,75.640625,79.625,-0.96663306920213,-2.28620646831109,-2.01903700948895,0.366129003875629,-1.05240394028682,2.65233547218672,2.57844589470604,1
8186,23,8186,8189,750.9375,745.921875,52.9375,47.921875,775.6875,773.703125,77.6875,75.703125,1.42607510778538,0.323951067016666,0.448812334617117,2.86005544154508,-0.977262773168258,2.53610437452841,2.76981815948292,1
8187,24,8187,8190,744.765625,750.15625,46.765625,52.15625,769.515625,777.9375,71.515625,79.9375,-2.24703251250331,0.183245231999415,2.98738238908419,2.69960574690376,-1.04877040559209,2.51636051490435,2.71805438668314,1
8188,25,8188,8191,746.375,746.3125,48.375,48.3125,771.125,774.09375,73.125,76.09375,0.519937343474311,3.04230470956369,-0.46161063222212,-0.612673054439336,-0.981547975696431,2.62820754317656,2.6734297883066,1
8189,26,8189,8192,748.234375,750.109375,50.234375,52.109375,772.984375,777.890625,74.984375,79.890625,3.03082729702786,3.11851735856882,1.94473041414778,-0.523390393340459,-1.08609688288008,2.64127755527031,2.5558108690292,1
8190,27,8190,8193,750.15625,746.640625,52.15625,48.640625,774.90625,774.421875,76.90625,76.421875,-0.896119985535537,0.15067664616623,-1.9605618866409,2.72882942808131,-1.06444190110537,2.57815278191508,2.64059062415915,1
8191,28,8191,8194,744.125,742.765625,46.125,44.765625,768.875,770.546875,70.875,72.546875,1.75299814383618,-2.28647651249303,0.721349339551308,0.350028228854841,-1.03164880428487,2.63650474134787,2.61503176154684,1
8192,29,8192,8195,746.140625,746.96875,48.140625,48.96875,770.890625,774.75,72.890625,76.75,-2.19426723357855,-2.61968040820042,3.05030557958036,0.0454556675993222,-1.03861249402068,2.66513607579974,2.57943673735917,1
8193,30,8193,8196,747.921875,751.046875,49.921875,53.046875,772.671875,778.828125,74.671875,80.828125,0.435226738005736,-2.00248607792165,-0.48061285816493,0.639161544063147,-0.915839596170666,2.6416476219848,2.72569808902412,1
8194,31,8194,8197,749.9375,747.09375,51.9375,49.09375,774.6875,774.875,76.6875,76.875,3.07753632352044,1.17921549575731,2.04711368394803,-2.47514193962818,-1.03042263957241,2.6288278717941,2.62393479581308,1
8195,32,8195,8198,743.6875,743.203125,45.6875,45.203125,768.4375,770.984375,70.4375,72.984375,-1.45221863270493,-1.97231925866679,-2.53562601259352,0.607065746227488,-1.08340737988859,2.57938500489428,2.62039292239672,1
8196,33,8196,8199,745.546875,747.28125,47.546875,49.28125,770.296875,775.0625,72.296875,77.0625,0.902448544966177,0.840119062680751,-0.0143495036807896,-2.86828874382405,-0.916798048646966,2.57477750067479,2.79160975785783,1
8197,34,8197,8200,747.34375,743.421875,49.34375,45.421875,772.09375,771.203125,74.09375,73.203125,-2.97130755922423,-1.8256018915282,2.23458018798989,0.749563502023819,-1.07729755996546,2.57516539355202,2.6307223536621,1
8198,35,8198,8201,749.34375,747.453125,51.34375,49.453125,774.09375,775.234375,76.09375,77.234375,-0.7686464964729,0.700653606044656,-1.86807962866327,-3.05471061530265,-1.09943313219037,2.52782108583228,2.65593108915694,1
8199,36,8199,8202,743.28125,743.90625,45.28125,45.90625,768.03125,771.6875,70.03125,73.6875,1.03621926822356,0.37771523227423,0.054365384938958,2.90830392165022,-0.981853883284601,2.53058868937599,2.77074273451899,1
8200,37,8200,8203,745.15625,748.015625,47.15625,50.015625,769.90625,775.796875,71.90625,77.796875,-3.0772836109646,0.228705349255468,2.10037378481757,2.8125210702131,-1.10552791139742,2.58381572095763,2.59384167482454,1
8201,38,8201,8204,747.140625,744.09375,49.140625,46.09375,771.890625,771.875,73.890625,73.875,-1.26014104588315,-2.92622139027559,-2.33374726531994,-0.257412608089271,-1.0736062194368,2.66880878218632,2.54077030555647,1
8202,39,8202,8205,749.140625,748.0625,51.140625,50.0625,773.890625,775.84375,75.890625,77.84375,0.959370981839483,-0.214354267051705,-0.0013133767685343,2.33741448569518,-0.960684358608017,2.55176875274689,2.77073219582468,1
8203,40,8203,8206,751.109375,744.21875,53.109375,46.21875,775.859375,772,77.859375,74,2.84805050731804,2.97612448142918,1.85674960324628,-0.662179961283519,-0.991300904071757,2.64488086446689,2.64700353864094,1
8204,41,8204,8207,744.953125,748.921875,46.953125,50.921875,769.703125,776.703125,71.703125,78.703125,-1.78347015222979,1.86402978551665,-2.87474223803741,-1.74461043724087,-1.09127208580762,2.67454508442207,2.5173681369499,1
8205,42,8205,8208,747,744.671875,49,46.671875,771.75,772.453125,73.75,74.453125,0.14262335992345,2.10893729703268,-0.823394369298399,-1.53949134040178,-0.966017729221849,2.63475666974512,2.68241090821261,1
8206,43,8206,8209,748.921875,748.859375,50.921875,50.859375,773.671875,776.640625,75.671875,78.640625,2.13518420899316,-1.00405396350848,1.12105055327461,1.5473529317377,-1.01413365571855,2.55140689524618,2.71764475621486,1
8207,44,8207,8210,750.71875,745.046875,52.71875,47.046875,775.46875,772.828125,77.46875,74.828125,-2.33036014071871,2.06512476259766,2.89065544388214,-1.56844809216917,-1.06216972257874,2.64961245241275,2.5714031321881,1
8208,45,8208,8211,744.84375,749.171875,46.84375,51.171875,769.59375,776.953125,71.59375,78.953125,-0.479442917931023,-1.3517774478312,-1.47026994439931,1.20815541196491,-0.990827026468286,2.55993285979611,2.73242542091519,1
8209,46,8209,8212,746.671875,745.21875,48.671875,47.21875,771.421875,773,73.421875,75,1.32389255762769,1.66028548469397,0.331185646857394,-2.01309511190604,-0.992706910770299,2.60980471057958,2.68067368582971,1
8210,47,8210,8213,748.34375,749.421875,50.34375,51.421875,773.09375,777.203125,75.09375,79.203125,-2.95776187164936,-1.64263553881928,2.23195736822918,0.944937880776605,-1.09346606730104,2.58757341959589,2.60214582028265,1
8211,48,8211,8214,750.1875,745.75,52.1875,47.75,774.9375,773.53125,76.9375,75.53125,-1.34968534018884,1.53609065802955,-2.45942963236117,-2.11970551082476,-1.10974429217233,2.62738913832527,2.54605187668199,1
8212,49,8212,8215,744.15625,749.8125,46.15625,51.8125,768.90625,777.59375,70.90625,79.59375,0.401533224605393,-2.5430233513995,-0.593788188430622,0.117158506499148,-0.995321413036015,2.66018185789865,2.62768203624492,1
8213,50,8213,8216,746.09375,745.953125,48.09375,47.953125,770.84375,773.734375,72.84375,75.734375,2.02064707342006,-0.0149725906715826,0.934369751100172,2.51333362273522,-1.08627732231989,2.5283062134068,2.6686017714529,1
8214,51,8214,8217,748.0625,750.125,50.0625,52.125,772.8125,777.90625,74.8125,79.90625,-2.59690112527061,2.50827515827321,2.60494370142217,-1.08004771699683,-1.08134048048681,2.69486243190955,2.50698239478322,1
8215,52,8215,8218,750.046875,746.1875,52.046875,48.1875,774.796875,773.96875,76.796875,75.96875,-1.14533703083178,-1.30101609874451,-2.19680740207848,1.23039898004639,-1.05147037124671,2.5314150787909,2.70029985714198,1
8216,53,8216,8219,744.109375,750.515625,46.109375,52.515625,768.859375,778.296875,70.859375,80.296875,0.877177284559957,1.55477191241998,-0.109452386613441,-2.09367263410328,-0.986629671173399,2.63474076065633,2.66181487534986,1
8217,54,8217,8220,745.90625,746.828125,47.90625,48.828125,770.65625,774.609375,72.65625,76.609375,2.78720530507017,-2.23034253870538,1.73854466482883,0.458168011800718,-1.04866064024134,2.68851055050609,2.54601411643216,1
8218,55,8218,8221,747.796875,751.046875,49.796875,53.046875,772.546875,778.828125,74.546875,80.828125,-2.054557833077,3.07877155423035,3.1251712256899,-0.563150502353302,-1.10345624841268,2.64126325059593,2.53846580817097,1
8219,56,8219,8222,749.84375,746.96875,51.84375,48.96875,774.59375,774.75,76.59375,76.75,-0.171321628471573,3.12405721969992,-1.1692162985741,-0.461825765763492,-0.997894670102531,2.69730232171618,2.58798831536088,1
8220,57,8220,8223,743.484375,743.078125,45.484375,45.078125,768.234375,770.859375,70.234375,72.859375,1.78741102423395,-0.458470142205334,0.786144083602509,2.08580904167003,-1.00126694063144,2.54427918387536,2.73763918267279,1
8221,58,8221,8224,745.375,747.125,47.375,49.125,770.125,774.90625,72.125,76.90625,-2.64056604575835,2.11542180979234,2.51771416386712,-1.56224905939903,-1.12490509755412,2.60551443798822,2.55276577163724,1
8222,59,8222,8225,747.296875,743.453125,49.296875,45.453125,772.046875,771.234375,74.046875,73.234375,-0.774737937168248,-1.82681432204291,-1.87608432072566,0.75861848961551,-1.10134638355741,2.58543281165842,2.59640611196376,1
8223,60,8223,8226,749.203125,747.578125,51.203125,49.578125,773.953125,775.359375,75.953125,77.359375,0.58537031337509,1.19080847760301,-0.405432141416869,-2.49252805130383,-0.99080245479196,2.59984877827275,2.69253407411488,1
8224,61,8224,8227,743.203125,743.796875,45.203125,45.796875,767.953125,771.578125,69.953125,73.578125,2.23738733388293,-1.76384575193549,1.20249850609382,0.849318380655882,-1.03488882778911,2.61316413259137,2.6351323467991,1
8225,62,8225,8228,745.265625,747.890625,47.265625,49.890625,770.015625,775.671875,72.015625,77.671875,-2.18950829262227,0.694447580903094,2.99814039028613,-3.01229880008935,-1.09553662427118,2.57643892618714,2.61120975672126,1
8226,63,8226,8229,747.1875,744.078125,49.1875,46.078125,771.9375,771.859375,73.9375,73.859375,-0.152606968631792,2.80325495707704,-1.16841024013704,-0.762727113672238,-1.01580327150525,2.71720323643031,2.55017879924403,1
8227,64,8227,8230,749.171875,748.234375,51.171875,50.234375,773.921875,776.015625,75.921875,78.015625,1.6104899491072,-0.572478479912086,0.606496437752922,1.96286830260708,-1.00399351135428,2.53534678251917,2.74384501330614,1
8228,65,8228,8231,751.03125,744.3125,53.03125,46.3125,775.78125,772.09375,77.78125,74.09375,2.96836076875883,1.90557614215081,1.95435339273741,-1.75212932337368,-1.01400737602142,2.6254798416551,2.64369808950307,1
8229,66,8229,8232,745.015625,748.453125,47.015625,50.453125,769.765625,776.234375,71.765625,78.234375,-2.01804967134318,-1.53212594891296,-3.10143568498839,1.01216863910424,-1.08338601364521,2.5442945880172,2.65550470551718,1
8230,67,8230,8233,746.921875,744.765625,48.921875,46.765625,771.671875,772.546875,73.671875,74.546875,-0.0109850193678882,1.57448396900532,-1.01694582250921,-2.05920369251559,-1.00596080314132,2.64949764565868,2.62772685837959,1
8231,68,8231,8234,748.921875,748.921875,50.921875,50.921875,773.671875,776.703125,75.671875,78.703125,1.3518182405918,-1.3502040406614,0.391165027287215,1.1909903374465,-0.960653213304583,2.5411943781079,2.78133771576711,1
8232,69,8232,8235,750.65625,745.03125,52.65625,47.03125,775.40625,772.8125,77.40625,74.8125,2.64565446168639,1.9665976692989,1.63032180797002,-1.6901350833324,-1.01533265371637,2.62645255454829,2.64140009891493,1
8233,70,8233,8236,744.421875,749.03125,46.421875,51.03125,769.171875,776.8125,71.171875,78.8125,-2.39486968020804,-0.769677327027812,2.75372938239519,1.75937389286555,-1.13458624457635,2.52905121989337,2.61954784270987,1
8234,71,8234,8237,746.546875,745.203125,48.546875,47.203125,771.296875,772.984375,73.296875,74.984375,-0.50402831308691,2.03365165433955,-1.53482777431263,-1.60446938623013,-1.03079946122572,2.64506426660991,2.60732157934396,1
8235,72,8235,8238,748.171875,749.21875,50.171875,51.21875,772.921875,777,74.921875,79,1.5011957841008,-0.951210884122055,0.467010619876459,1.54233644786655,-1.03418516422434,2.49354733198861,2.75545281096664,1
8236,73,8236,8239,750.671875,745.40625,52.671875,47.40625,775.421875,773.1875,77.421875,75.1875,-2.73377658656669,1.79009055197251,2.52001457698827,-1.8827135630443,-1.02939414362463,2.61038119216278,2.64340997139217,1
8237,74,8237,8240,744.171875,750.015625,46.171875,52.015625,768.921875,777.796875,70.921875,79.796875,-1.07495815786751,1.04103180867186,-2.17597729697676,-2.58692230798236,-1.10101913910925,2.65523119052536,2.52693497754497,1
8238,75,8238,8241,746.234375,745.96875,48.234375,47.96875,770.984375,773.75,72.984375,75.75,1.01346288868814,1.17187793863124,0.0430361870940705,-2.44550895600802,-0.970426701594067,2.66579841254033,2.64696019304519,1
8239,76,8239,8242,748.15625,750.109375,50.15625,52.109375,772.90625,777.890625,74.90625,79.890625,2.3336797710073,0.764926134732023,1.25372595474273,-2.95317096647604,-1.07995381626458,2.56508820597152,2.63814328494349,1
8240,77,8240,8243,750.0625,746.125,52.0625,48.125,774.8125,773.90625,76.8125,75.90625,-2.44695155472603,1.23699958802331,2.77037861771767,-2.4646833984249,-1.06585513473589,2.58150232073137,2.63582785171233,1
8241,78,8241,8244,744.046875,750.140625,46.046875,52.140625,768.796875,777.921875,70.796875,79.921875,-1.14011347227619,-1.91217971049147,-2.16961547458505,0.681485374804572,-1.02950200230886,2.59366508529604,2.66001821957469,1
8242,79,8242,8245,746.078125,746.5625,48.078125,48.5625,770.828125,774.34375,72.828125,76.34375,0.518914561156667,1.12796337496983,-0.420932577725376,-2.53215649073787,-0.939847138882043,2.62306544147188,2.72027272682566,1
8243,80,8243,8246,748.015625,750.75,50.015625,52.75,772.765625,778.53125,74.765625,80.53125,1.89889084585568,0.600824735532697,0.88109174258485,3.13771289464807,-1.01779910327083,2.53688815911538,2.72849804479338,1
8244,81,8244,8247,750.015625,746.90625,52.015625,48.90625,774.765625,774.6875,76.765625,76.6875,-3.135970724599,0.455895302548108,2.10851352184402,3.03290234242421,-1.03870106073657,2.5770070398761,2.66747720656692,1
8245,82,8245,8248,743.703125,743.015625,45.703125,45.015625,768.453125,770.796875,70.453125,72.796875,-1.73104993099686,-2.78380277700871,-2.82105691154599,-0.122138530155398,-1.09000698054913,2.66166424685331,2.53151407977714,1
8246,83,8246,8249,745.828125,747.03125,47.828125,49.03125,770.578125,774.8125,72.578125,76.8125,-0.325230434675335,-0.104124615605894,-1.30278020299458,2.42595188654658,-0.977549768319241,2.53007650215247,2.77555903670787,1
8247,84,8247,8250,747.75,743.140625,49.75,45.140625,772.5,770.921875,74.5,72.921875,1.07207976077064,2.99701273301775,0.0951559395071707,-0.64068365971663,-0.976923821263472,2.6454889144452,2.66077257147091,1
8248,85,8248,8251,749.828125,747.28125,51.828125,49.28125,774.578125,775.0625,76.578125,77.0625,2.61991987996015,-0.627991492809292,1.63559816981336,1.92626922968692,-0.984321710146793,2.55426072249621,2.74460287453658,1
8249,86,8249,8252,743.5,743.65625,45.5,45.65625,768.25,771.4375,70.25,73.4375,-2.27922702173169,2.65221791083229,2.92451227000463,-0.915483143160343,-1.07944601544327,2.71548425318696,2.48825503854936,1
8250,87,8250,8253,745.421875,748.015625,47.421875,50.015625,770.171875,775.796875,72.171875,77.796875,-0.609064059317126,1.72475953815023,-1.59879996185206,-1.84817618970185,-0.989735902534938,2.71024957932751,2.58319982531714,1
8251,88,8251,8254,747.265625,743.953125,49.265625,45.953125,772.015625,771.734375,74.015625,73.734375,1.18047128886036,1.93697412367614,0.205898506953113,-1.69473824255214,-0.974572781907245,2.65147294095131,2.65713958432103,1
8252,89,8252,8255,749.28125,748.125,51.28125,50.125,774.03125,775.90625,76.03125,77.90625,2.78721449965715,1.07406768297976,1.72423708741446,-2.60556777818273,-1.06297741224269,2.60354984601709,2.61665804891981,1
8253,90,8253,8256,743.171875,744.28125,45.171875,46.28125,767.921875,772.0625,69.921875,74.0625,-2.41088981250012,-2.38461570307955,2.78049542276867,0.217017196392774,-1.0918000719108,2.60163289947232,2.58975233579647,1
8254,91,8254,8257,745.171875,748.21875,47.171875,50.21875,769.921875,776,71.921875,78,-1.47429200677037,-2.69244914470694,-2.58020549243495,-0.0843787937164768,-1.10591348566458,2.60807035099046,2.56920147052455,1
8255,92,8255,8258,747.109375,744.28125,49.109375,46.28125,771.859375,772.0625,73.859375,74.0625,-0.122678331362156,0.6005492852532,-1.1284882517497,3.12665058065756,-1.00580992038754,2.52610129540436,2.75127409138768,1
8256,93,8256,8259,749.15625,748.90625,51.15625,50.90625,773.90625,776.6875,75.90625,78.6875,1.3686370787827,-0.465797028614161,0.350655123592994,2.12624865620715,-1.01798195518971,2.59204568482131,2.67315766716857,1
8257,94,8257,8260,743.109375,744.78125,45.109375,46.78125,767.859375,772.5625,69.859375,74.5625,2.45474026551948,-0.159120457348026,1.45443584672184,2.36401453896835,-1.00030441879763,2.52313499631638,2.75974589206557,1
8258,95,8258,8261,745,749.0625,47,51.0625,769.75,776.84375,71.75,78.84375,-2.58431918535033,2.88974901280598,2.58923876247368,-0.690093030847962,-1.10962735935558,2.70334326352564,2.47021468429837,1
8259,96,8259,8262,747.078125,745.140625,49.078125,47.140625,771.828125,772.921875,73.828125,74.921875,-2.11679395901817,-0.562171855703803,3.10681974234607,1.9632507839994,-1.05957160581535,2.5254226397032,2.69819106166104,1
8260,97,8260,8263,748.953125,749.265625,50.953125,51.265625,773.703125,777.046875,75.703125,79.046875,-1.5782180351681,1.73176267182218,-2.64363620168524,-1.90792262451746,-1.06541816651713,2.64350001083994,2.57426712982251,1
8261,98,8261,8264,742.875,745.234375,44.875,47.234375,767.625,773.015625,69.625,75.015625,-0.791438854909005,-1.64207921944284,-1.84979560062973,0.892049833022673,-1.05835674572073,2.53412905246551,2.69069950899335,1
8262,99,8262,8265,744.921875,749.75,46.921875,51.75,769.671875,777.53125,71.671875,79.53125,-0.381213070068571,1.64302100059857,-1.33176345648858,-1.99005441029993,-0.950550386420014,2.65010989628108,2.68252502447849,1
8263,100,8263,8266,746.84375,745.84375,48.84375,47.84375,771.59375,773.625,73.59375,75.625,0.277193473583329,-1.57886589099382,-0.644032781439504,1.00145465778362,-0.921226255022833,2.58032054877745,2.78163850337931,1
8264,101,8264,8267,748.984375,750.046875,50.984375,52.046875,773.734375,777.828125,75.734375,79.828125,1.65038600049645,1.35638819856096,0.662665003400608,-2.29951636004457,-0.987720997095841,2.62728074857406,2.66818356150969,1
8265,102,8265,8268,742.796875,746.046875,44.796875,48.046875,767.546875,773.828125,69.546875,75.828125,2.51796998118096,-1.67226977754554,1.51099405898455,0.896970051918118,-1.00697592219641,2.56923982946366,2.70696955551952,1
8266,103,8266,8269,744.609375,750.171875,46.609375,52.171875,769.359375,777.953125,71.359375,79.953125,-2.73306227975357,1.06697159587892,2.44243837183116,-2.61758942717233,-1.10768465559485,2.59862428412834,2.5768763674564,1
8267,104,8267,8270,746.59375,746.21875,48.59375,48.21875,771.34375,774,73.34375,76,-1.74471161560081,-2.18451614544318,-2.83880262563676,0.4409691191038,-1.09409101003595,2.62548526454698,2.56360903259666,1
8268,105,8268,8271,748.71875,750.453125,50.71875,52.453125,773.46875,778.234375,75.46875,80.234375,-0.711686442483275,0.305489098581608,-1.70716629718339,2.83057709657823,-0.995479854700112,2.52508799799662,2.76261745448285,1
8269,106,8269,8272,750.6875,746.953125,52.6875,48.953125,775.4375,774.734375,77.4375,76.734375,0.321763070373528,-0.735419544198573,-0.75344004625246,1.78746702458977,-1.07520311662599,2.52288656878835,2.68509562176525,1
8270,107,8270,8273,744.375,750.9375,46.375,52.9375,769.125,778.71875,71.125,80.71875,1.16374973664457,-0.521747216245805,0.170843016015297,2.04212607213672,-0.99290672062927,2.56387328838252,2.72640529816779,1
8271,108,8271,8274,746.234375,747.09375,48.234375,49.09375,770.984375,774.875,72.984375,76.875,1.73430523813664,-1.03163025436768,0.696006770712685,1.48541937534832,-1.03829846742396,2.51704962971599,2.72783721003964,1
8272,109,8272,8275,748.53125,743.109375,50.53125,45.109375,773.28125,770.890625,75.28125,72.890625,2.67987339158682,-1.04315286574101,1.611724687503,1.50379625175383,-1.06814870408383,2.54694911749484,2.66808748560092,1
8273,110,8273,8276,750.21875,739.296875,52.21875,41.296875,774.96875,767.078125,76.96875,69.078125,-2.89968173411438,1.75488157609332,2.28907867712285,-1.91339809185365,-1.09442489594236,2.61490563923262,2.5738547720046,1
8274,111,8274,8277,744.359375,743.5,46.359375,45.5,769.109375,771.28125,71.109375,73.28125,-1.91394741044109,-2.00209920151906,-3.04061279019041,0.611205874750233,-1.12666537974932,2.61330507626929,2.54321485116098,1
8275,112,8275,8278,746.15625,747.359375,48.15625,49.359375,770.90625,775.140625,72.90625,77.140625,-1.4835693055392,0.54669610129675,-2.58479205673208,3.05130451414128,-1.10122275119288,2.50460841284453,2.67735414314218,1
8276,113,8276,8279,748.15625,744.03125,50.15625,46.03125,772.90625,771.8125,74.90625,73.8125,-0.852829274022338,-2.91970392210856,-1.9251436605853,-0.234311824607698,-1.07231438656297,2.68539209750087,2.52547882311575,1
8277,114,8277,8280,750.21875,748.125,52.21875,50.125,774.96875,775.90625,76.96875,77.90625,0.0369434852584546,2.58885992782875,-1.00094577805741,-0.990942354009553,-1.03788926331586,2.70338302534128,2.54191301852244,1
8278,115,8278,8281,744.21875,744.046875,46.21875,46.046875,768.96875,771.828125,70.96875,73.828125,0.568212858470157,2.85594137611604,-0.421686577630768,-0.735462359021854,-0.989899436100925,2.69178157204169,2.60150429903697,1
8279,116,8279,8282,746.203125,748.109375,48.203125,50.109375,770.953125,775.890625,72.953125,77.890625,1.38912398778566,-0.371749810959565,0.403746626585515,2.15878919442698,-0.985377361200144,2.53053900538654,2.7672689405929,1
8280,117,8280,8283,748.15625,744.4375,50.15625,46.4375,772.90625,772.21875,74.90625,74.21875,2.21378364706809,2.74314497876881,1.1633347024949,-0.863960814736738,-1.05044894457318,2.67607951367404,2.55665684893237,1
8281,118,8281,8284,750.0625,748.875,52.0625,50.875,774.8125,776.65625,76.8125,78.65625,-2.72790780547012,1.1406896362726,2.52550510908153,-2.51075468692413,-1.02977239262794,2.63174098398285,2.62167193056879,1
8282,119,8282,8285,744.03125,744.875,46.03125,46.875,768.78125,772.65625,70.78125,74.65625,-1.7416872942801,1.41890983043216,-2.84189675176536,-2.25680008683526,-1.10020945748526,2.60747538991216,2.57550045978217,1
8283,120,8283,8286,746.09375,749.03125,48.09375,51.03125,770.84375,776.8125,72.84375,78.8125,-0.992996259936701,-2.54469707639649,-2.05872549318697,0.105282653550154,-1.06572923325027,2.64997972994664,2.56747634398268,1
8284,121,8284,8287,748.09375,745.0625,50.09375,47.0625,772.84375,772.84375,74.84375,74.84375,-0.813139040911901,3.0313455786103,-1.90760572598694,-0.593576144372978,-1.09446668507504,2.65826358419631,2.53045503790824,1
8285,122,8285,8288,750,749.203125,52,51.203125,774.75,776.984375,76.75,78.984375,-0.268869706464013,-3.00003448745898,-1.25685051338758,-0.343161396725703,-0.987980806923562,2.65687309073328,2.63833140952274,1
8286,123,8286,8289,744.0625,745.28125,46.0625,47.28125,768.8125,773.0625,70.8125,75.0625,0.661023146554724,0.114657932050675,-0.352801076709536,2.62322006882196,-1.01382422326426,2.50856213677129,2.76079894714404,1
8287,124,8287,8290,746.09375,749.46875,48.09375,51.46875,770.84375,777.25,72.84375,79.25,1.18871880627745,2.68117390053267,0.201019078212948,-0.908213120858294,-0.987699728064497,2.69379828578862,2.60168729332647,1
8288,125,8288,8291,747.875,745.796875,49.875,47.796875,772.625,773.578125,74.625,75.578125,1.23417841846415,-1.25390884585258,0.264716955715808,1.32493925849302,-0.969461462748343,2.5788481043456,2.73487574008564,1
8289,126,8289,8292,749.796875,750.0625,51.796875,52.0625,774.546875,777.84375,76.546875,79.84375,2.15428015903718,-1.73213747885947,1.09348351942095,0.853996685553384,-1.06079663961624,2.58613416441285,2.6362545031505,1
8290,127,8290,8293,743.90625,746.140625,45.90625,48.140625,768.65625,773.921875,70.65625,75.921875,2.31449639636717,0.395522021447446,1.29551205497886,2.88199327119434,-1.01898434138831,2.48647124974689,2.77772971604438,1
8291,128,8291,8294,745.796875,750.15625,47.796875,52.15625,770.546875,777.9375,72.546875,79.9375,2.15462953449067,1.12055353969562,1.11478084723891,-2.59355916562333,-1.03984868725176,2.56907260186063,2.6742640180672,1
8292,129,8292,8295,747.890625,746.46875,49.890625,48.46875,772.640625,774.25,74.640625,76.25,2.94981446805123,-0.173121832975498,1.91709724991425,2.32881276308718,-1.03271721813699,2.50193459606268,2.74853349297992,1
8293,130,8293,8296,749.875,742.515625,51.875,44.515625,774.625,770.296875,76.625,72.296875,2.97906461208401,-0.340241191562784,1.92201126332218,2.21148179887501,-1.05705334876183,2.5517229904378,2.67440896797996,1
8294,131,8294,8297,744.0625,746.96875,46.0625,48.96875,768.8125,774.75,70.8125,76.75,-3.08912101084316,2.42348693813465,2.12314307061181,-1.13634075417502,-1.07092122572462,2.72335761486991,2.48890646658506,1
8295,132,8295,8298,746.03125,743.078125,48.03125,45.078125,770.78125,770.859375,72.78125,72.859375,-3.00045059314732,-1.45596658790348,2.20008046960597,1.12286820828213,-1.08265424442629,2.57883479618561,2.62169626656768,1
8296,133,8296,8299,747.921875,747.03125,49.921875,49.03125,772.671875,774.8125,74.671875,76.8125,-2.74973801476665,0.515030385554907,2.47102763855162,3.08711398735407,-1.06241965386132,2.57208360179917,2.6486820515191,1
8297,134,8297,8300,749.890625,743.1875,51.890625,45.1875,774.640625,770.96875,76.640625,72.96875,-2.4487175618632,-2.89355300911791,2.78564139087216,-0.262577264201618,-1.04882635444423,2.63097574491629,2.60338320781907,1
8298,135,8298,8301,744.015625,747.25,46.015625,49.25,768.765625,775.03125,70.765625,77.03125,-2.17488968555768,-1.06171442548105,3.05181570568399,1.44507345570993,-1.05647991593791,2.50678788119097,2.7199175100507,1
8299,136,8299,8302,745.875,743.59375,47.875,45.59375,770.625,771.375,72.625,73.375,-2.46580134042391,1.4082947571299,2.72146412237403,-2.28067245884383,-1.09591984438164,2.59421809120586,2.59304737159209,1
8300,137,8300,8303,747.890625,748,49.890625,50,772.640625,775.78125,74.640625,77.78125,-2.40927136443449,-2.97043462241387,2.78689453027704,-0.250917871924431,-1.08701941246805,2.71951675048943,2.4766491442221,1
8301,138,8301,8304,749.984375,743.90625,51.984375,45.90625,774.734375,771.6875,76.734375,73.6875,-2.93816658879852,-0.820515966376813,2.30526669714831,1.70939209120546,-1.03975202123276,2.52990805758228,2.71352522836455,1
8302,139,8302,8305,743.859375,748.078125,45.859375,50.078125,768.609375,775.859375,70.609375,77.859375,2.88275967477904,0.782020804627775,1.83473730952373,-2.94522460340406,-1.04802236525532,2.55593989914775,2.67922304277652,1
8303,140,8303,8306,745.84375,744.265625,47.84375,46.265625,770.59375,772.046875,72.59375,74.046875,2.57898457020775,-2.98214448153548,1.53397767145621,-0.327206959002227,-1.04500689875154,2.65493752253325,2.5832408858948,1
8304,141,8304,8307,748.015625,748.75,50.015625,50.75,772.765625,776.53125,74.765625,78.53125,2.60097140483506,1.48016766415912,1.60027065246938,-2.17375416028008,-1.00070075236568,2.62926348274038,2.65322107207352,1
8305,142,8305,8308,749.90625,744.984375,51.90625,46.984375,774.65625,772.765625,76.65625,74.765625,1.81498762276506,1.12788106026379,0.770107762226941,-2.53765407446765,-1.04487986053812,2.61765017244814,2.62065527419333,1
8306,143,8306,8309,743.875,749,45.875,51,768.625,776.78125,70.625,78.78125,1.2887822868651,-2.73759995319788,0.310839193517735,-0.0646391250732113,-0.97794309334737,2.67296082812467,2.63228138570754,1
8307,144,8307,8310,746.078125,745.078125,48.078125,47.078125,770.828125,772.859375,72.828125,74.859375,0.723603028736636,0.0982856834260053,-0.272491188143954,2.64419635974073,-0.996094216880591,2.54591067631472,2.74118041398427,1
8308,145,8308,8311,748.03125,749.453125,50.03125,51.453125,772.78125,777.234375,74.78125,79.234375,-0.177491723693969,2.83735889087785,-1.18317565733222,-0.769109878354206,-1.00568393363825,2.67671653794753,2.60078483559381,1
8309,146,8309,8312,750.046875,745.421875,52.046875,47.421875,774.796875,773.203125,76.796875,75.203125,-0.544571026854,-1.97280716636604,-1.54888614473273,0.614844551609999,-1.00431511787873,2.58765171797603,2.69121847132482,1
8310,147,8310,8313,744.046875,750.046875,46.046875,52.046875,768.796875,777.828125,70.796875,79.828125,-0.219062155220912,-3.02693510971118,-1.20323851449278,-0.337918279943369,-0.984176359271869,2.68901682976781,2.60999211813991,1
8311,148,8311,8314,746.0625,746.015625,48.0625,48.015625,770.8125,773.796875,72.8125,75.796875,-0.85224141783666,-3.02499469580304,-1.91432975358329,-0.313545936944014,-1.06208833574663,2.71144875885903,2.50964821257393,1
8312,149,8312,8315,748.09375,750.0625,50.09375,52.0625,772.84375,777.84375,74.84375,79.84375,-1.49987768468757,-0.566132108914895,-2.58207036288714,2.02457654708812,-1.08219267819957,2.59070865600302,2.610283972977,1
8313,150,8313,8316,750.078125,746.09375,52.078125,48.09375,774.828125,773.875,76.828125,75.875,-1.74965573245229,2.05052712624692,-2.84649551489417,-1.5918915936414,-1.09683978244187,2.64076658729126,2.54557893744645,1
8314,151,8314,8317,744.140625,750.296875,46.140625,52.296875,768.890625,778.078125,70.890625,80.078125,-2.18464230489952,-1.88129673748016,3.00499945140851,0.704702588294733,-1.09354355087156,2.58599932577489,2.60364243053314,1
8315,152,8315,8318,746.125,746.6875,48.125,48.6875,770.875,774.46875,72.875,76.46875,-2.09332027494427,3.03927373933143,3.07939213288489,-0.580713352087013,-1.11047289935042,2.66319821576114,2.50951419206803,1
8316,153,8316,8319,748.109375,742.828125,50.109375,44.828125,772.859375,770.609375,74.859375,72.609375,-2.47169649945791,2.73424014144537,2.73407471537138,-0.828575925654025,-1.0774140923503,2.72036924008019,2.48540197474909,1
8317,154,8317,8320,750.046875,746.921875,52.046875,48.921875,774.796875,774.703125,76.796875,76.703125,-2.47743196490824,-1.21082513330576,2.72260997734747,1.32223416430829,-1.08314336492388,2.53305929761405,2.66698264464166,1
8318,155,8318,8321,744.125,742.96875,46.125,44.96875,768.875,770.75,70.875,72.75,-2.26467175831899,0.562874244613426,2.95305027835662,3.11728448239546,-1.06546327050398,2.55441023778203,2.66331179889357,1
8319,156,8319,8322,746.09375,747.125,48.09375,49.125,770.84375,774.90625,72.84375,76.90625,-2.45648679575758,2.7763534689987,2.72292892813621,-0.854161528017102,-1.1037695832858,2.65267031016378,2.52674541373001,1
8320,157,8320,8323,748.109375,743.203125,50.109375,45.203125,772.859375,770.984375,74.859375,72.984375,-2.8754199388404,-1.70705580426648,2.33960455729439,0.842829608194864,-1.0681608110448,2.54988541246135,2.66513908367344,1
8321,158,8321,8324,750.125,747.4375,52.125,49.4375,774.875,775.21875,76.875,77.21875,2.18298250829005,0.653439898655467,1.14684536012847,-3.08338737710793,-1.03613714816159,2.54635803141619,2.70069012760181,1
8322,159,8322,8325,744.171875,743.84375,46.171875,45.84375,768.921875,771.625,70.921875,73.625,1.34172896569537,2.18496756154857,0.310894890907301,-1.42527072856015,-1.03083407478806,2.67294701707086,2.57940421532066,1
8323,160,8323,8326,746.15625,748.109375,48.15625,50.109375,770.90625,775.890625,72.90625,77.890625,0.363094282937049,1.04673589575897,-0.622689876691553,-2.65065191242274,-0.985784159628602,2.58579749899788,2.71160364855311,1
8324,161,8324,8327,748.203125,744.0625,50.203125,46.0625,772.953125,771.84375,74.953125,73.84375,-0.538212468590585,0.388469956772448,-1.56191840628654,2.9236500381209,-1.02370593769596,2.53518008134845,2.72429928813518,1
8325,162,8325,8328,750.125,748.375,52.125,50.375,774.875,776.15625,76.875,78.15625,-1.45965037375341,2.579596441769,-2.43313745639364,-0.993156015102162,-0.973487082640227,2.71043285030843,2.59926537423093,1
8326,163,8326,8329,744.21875,744.5625,46.21875,46.5625,768.96875,772.34375,70.96875,74.34375,-1.77380576851881,-1.24316199060185,-2.87778132952799,1.33236519527001,-1.10397556100917,2.57552718587186,2.60368256029856,1
8327,164,8327,8330,746.171875,748.875,48.171875,50.875,770.921875,776.65625,72.921875,78.65625,-2.65325389731863,1.06053514817821,2.52346933122441,-2.58033158070945,-1.10646207863654,2.64231857829193,2.53440465025112,1
8328,165,8328,8331,748.65625,745.015625,50.65625,47.015625,773.40625,772.796875,75.40625,74.796875,-3.00178528941543,-2.86936400621373,2.27683802296069,-0.197762289662622,-1.00456199480346,2.67160171655111,2.60702159582502,1
8329,166,8329,8332,750.265625,748.953125,52.265625,50.953125,775.015625,776.734375,77.015625,78.734375,2.32913320454625,-0.856528264628877,1.31677967106428,1.67023662581521,-1.01235353348197,2.52676489044408,2.74406688325354,1
8330,167,8330,8333,744.25,745.34375,46.25,47.34375,769,773.125,71,75.125,2.02947026298172,-2.47316361878756,0.974308262262471,0.103541375553545,-1.05516200071925,2.57670499434111,2.65131831211923,1
8331,168,8331,8334,746.578125,749.421875,48.578125,51.421875,771.328125,777.203125,73.328125,79.203125,0.909928134964503,-2.74603494550354,-0.0842250937832197,-0.129188768786139,-0.994153228747723,2.61684617671741,2.67218590171446,1
8332,169,8332,8335,748.515625,745.84375,50.515625,47.84375,773.265625,773.625,75.265625,75.625,-0.0625953690823584,-0.43057242546921,-1.10527150909804,2.1468694703679,-1.04267614001568,2.57744189583711,2.66306727132679,1
8333,170,8333,8336,750.765625,749.96875,52.765625,51.96875,775.515625,777.75,77.515625,79.75,-1.4228366988594,1.40577230729293,-2.41203471006727,-2.23339898969943,-0.989198011207871,2.64401401018723,2.64997328578448,1
8334,171,8334,8337,744.46875,746.0625,46.46875,48.0625,769.21875,773.84375,71.21875,75.84375,-2.37997889932674,-2.75850057722171,2.80481192597269,-0.105830441213107,-1.09839448188015,2.6526701360086,2.53212068929083,1
8335,172,8335,8338,746.875,750.203125,48.875,52.203125,771.625,777.984375,73.625,79.984375,-3.04709053030813,-1.25230827826865,2.19829993096205,1.2637273286844,-1.0377948459094,2.51603560695304,2.72935485431714,1
8336,173,8336,8339,748.859375,746.65625,50.859375,48.65625,773.609375,774.4375,75.609375,76.4375,1.81499023518913,-2.72053789343917,0.851595391219075,-0.0628008256565168,-0.963394843970057,2.65773706778265,2.66205339542688,1
8337,174,8337,8340,742.84375,750.9375,44.84375,52.9375,767.59375,778.71875,69.59375,80.71875,0.538384725480323,-1.03573332443905,-0.466256715677039,1.50948175905414,-1.00464144115736,2.5452150834932,2.73332878252903,1
8338,175,8338,8341,744.90625,747.03125,46.90625,49.03125,769.65625,774.8125,71.65625,76.8125,-0.878624556287419,-1.84839611903329,-1.89277840290395,0.776776807930828,-1.01415384661653,2.62517292696412,2.64385853359894,1
8339,176,8339,8342,747.140625,743.078125,49.140625,45.078125,771.890625,770.859375,73.890625,72.859375,-2.27318520131563,0.256377431853823,2.90698679728248,2.78853841525735,-1.10301330858147,2.53216098340353,2.64801101519459,1
8340,177,8340,8343,749.09375,747.421875,51.09375,49.421875,773.84375,775.203125,75.84375,77.203125,3.04119988338682,-1.633778207286,1.95302354912868,0.949603081362486,-1.08817633425814,2.58338128864848,2.61162768427296,1
8341,178,8341,8344,743.0625,743.34375,45.0625,45.34375,767.8125,771.125,69.8125,73.125,1.95093711022063,-2.45148934065715,0.906030810776187,0.1409671532154,-1.04490629944445,2.59245649387255,2.64582251386259,1
8342,179,8342,8345,745.171875,747.90625,47.171875,49.90625,769.921875,775.6875,71.921875,77.6875,1.07705231677056,-0.60258122872011,0.123705508145387,1.98677601457807,-0.953346808625171,2.58935724329818,2.74048125525624,1
8343,180,8343,8346,747.1875,744.046875,49.1875,46.046875,771.9375,771.828125,73.9375,73.828125,-0.123587603573781,1.04744481560703,-1.15560220655081,-2.61659975195732,-1.03201460297702,2.61914073961523,2.63202996458733,1
8344,181,8344,8347,749.140625,748.140625,51.140625,50.140625,773.890625,775.921875,75.890625,77.921875,-1.23048742361312,2.67579867274745,-2.30804573690516,-0.894803228785137,-1.07755831329204,2.712583405647,2.49304358824055,1
8345,182,8345,8348,743.125,744.21875,45.125,46.21875,767.875,772,69.875,74,-2.55601875204643,-1.28533468698299,2.64933135429718,1.23444370794347,-1.07783520083597,2.51977839492646,2.68557171141715,1
8346,183,8346,8349,745.171875,748.34375,47.171875,50.34375,769.921875,776.125,71.921875,78.125,2.82437819698939,0.815747059141227,1.75212886061697,-2.90501446916503,-1.07224933637242,2.56242377887333,2.64851219193384,1
8347,184,8347,8350,747.265625,744.828125,49.265625,46.828125,772.015625,772.609375,74.015625,74.609375,1.3767513643501,2.37783988704594,0.381954392318105,-1.23235826791597,-0.99479697203199,2.67298715221768,2.61540118292992,1
8348,185,8348,8351,749.328125,749.03125,51.328125,51.03125,774.078125,776.8125,76.078125,78.8125,0.206920386049907,-1.37308733878967,-0.774689802556364,1.19849338404193,-0.981610188606272,2.57158072283159,2.72999439574172,1
8349,186,8349,8352,743.234375,745.03125,45.234375,47.03125,767.984375,772.8125,69.984375,74.8125,-1.12231346033142,0.290691202239591,-2.23093459062748,2.85639948556505,-1.10862113029606,2.56570828332546,2.60885589355806,1
8350,187,8350,8353,745.546875,749.296875,47.546875,51.296875,770.296875,777.078125,72.296875,79.078125,-2.06309484054723,-1.45226114010961,3.11186117604686,1.07134402098455,-1.1082292905855,2.52360516109416,2.65135085549993,1
8351,188,8351,8354,747.546875,745.390625,49.546875,47.390625,772.296875,773.171875,74.296875,75.171875,-3.04570383327377,-1.83459290095035,2.18316614351372,0.715840230008109,-1.05431533039209,2.55043313095846,2.67843684582904,1
8352,189,8352,8355,749.796875,749.875,51.796875,51.875,774.546875,777.65625,76.546875,79.65625,1.7972499099769,0.136148281018155,0.793720594962728,2.71471911352366,-1.00352931501417,2.57857083250551,2.70108515965991,1
8353,190,8353,8356,743.78125,745.9375,45.78125,47.9375,768.53125,773.71875,70.53125,75.71875,-0.0417727854788761,1.95846172027089,-1.07942656887446,-1.66768752384137,-1.03765378339558,2.65703606306733,2.58849546071668,1
8354,191,8354,8357,745.875,750.078125,47.875,52.078125,770.625,777.859375,72.625,79.859375,-1.39664093019406,-1.92131065972327,-2.45384556133956,0.673294855818054,-1.0572046311455,2.59460551554133,2.63137516049276,1
8355,192,8355,8358,747.84375,746.328125,49.84375,48.328125,772.59375,774.109375,74.59375,76.109375,-2.82470473149274,2.89264020248523,2.38293848258379,-0.75499442791873,-1.07554209310306,2.63555067677562,2.5720925373009,1
8356,193,8356,8359,749.890625,750.421875,51.890625,52.421875,774.640625,778.203125,76.640625,80.203125,1.62676366127716,2.54733759041869,0.61117217263539,-1.0704445238279,-1.01559148864177,2.66540319293299,2.60219062560483,1
8357,194,8357,8360,744.046875,746.53125,46.046875,48.53125,768.796875,774.3125,70.796875,76.3125,-0.0850010440962875,-1.47897562717643,-1.14191360721706,1.08900752782326,-1.05691256312077,2.56798315499969,2.65828958905912,1
8358,195,8358,8361,746.046875,742.953125,48.046875,44.953125,770.796875,770.734375,72.796875,72.734375,-1.34662468190523,0.288698717438636,-2.42607981461051,2.83939822965693,-1.07945513270528,2.5506995122183,2.65303066225601,1
8359,196,8359,8362,748.109375,747.03125,50.109375,49.03125,772.859375,774.8125,74.859375,76.8125,-2.94320976443983,2.378377752339,2.25004830003443,-1.23553441011785,-1.08992724270533,2.66927314472274,2.52398491975152,1
8360,197,8360,8363,750.15625,751.265625,52.15625,53.265625,774.90625,779.046875,76.90625,81.046875,1.89471894039938,1.18375655750705,0.860171967439052,-2.49338945177894,-1.03454697296033,2.6060392978936,2.64259903632566,1
8361,198,8361,8364,744.203125,747.171875,46.203125,49.171875,768.953125,774.953125,70.953125,76.953125,0.346740964944859,0.411256076305084,-0.651235875264956,2.96889828475008,-0.997976840209815,2.557642208445,2.72756625852477,1
8362,199,8362,8365,746.203125,743.359375,48.203125,45.359375,770.953125,771.140625,72.953125,73.140625,-1.37131020693019,2.15757238134109,-2.46406857671748,-1.51235507557369,-1.09275836978729,2.6132578502648,2.5771690871275,1
8363,200,8363,8366,748.15625,748.015625,50.15625,50.015625,772.90625,775.796875,74.90625,77.796875,-2.61199349098574,0.645528350200191,2.57908961204295,-3.05069628787799,-1.0921022041509,2.58696066910141,2.60412243392728,1
8364,201,8364,8367,750.375,744.03125,52.375,46.03125,775.125,771.8125,77.125,73.8125,2.37440416857448,-0.247285247562593,1.33092811959096,2.31894768149899,-1.04347604898353,2.56623292906159,2.67347632913447,1
8365,202,8365,8368,744.546875,748.0625,46.546875,50.0625,769.296875,775.84375,71.296875,77.84375,0.621017121266049,1.49753335003454,-0.422900669080093,-2.19902228521046,-1.04391779034614,2.58662967193459,2.65263784489886,1
8366,203,8366,8369,746.6875,744.28125,48.6875,46.28125,771.4375,772.0625,73.4375,74.0625,-0.894447569322747,0.141568342521892,-1.91994245113152,2.65286129367388,-1.02549488180877,2.51129295115199,2.74639747421882,1
8367,204,8367,8370,748.703125,748.53125,50.703125,50.53125,773.453125,776.3125,75.453125,78.3125,-2.13269355315523,-0.354184553369447,3.11164395234672,2.18787419068855,-1.03884780167764,2.542058744058,2.70227876144395,1
8368,205,8368,8371,742.890625,744.90625,44.890625,46.90625,767.640625,772.6875,69.640625,74.6875,2.63078739206405,-1.84806554233468,1.58934721124031,0.756407126279084,-1.04144018082374,2.60447266861376,2.63727245774209,1
8369,206,8369,8372,744.859375,749.015625,46.859375,51.015625,769.609375,776.796875,71.609375,78.796875,1.2379752246595,-2.70305798547409,0.256349953297828,-0.0567124065170112,-0.981625271361669,2.64634557895708,2.65521445686084,1
8370,207,8370,8373,747.0625,745.046875,49.0625,47.046875,771.8125,772.828125,73.8125,74.828125,-0.355376784696993,-0.937586511901621,-1.35988572073984,1.58951793182882,-1.00450893604285,2.52710444373045,2.75157192740629,1
8371,208,8371,8374,748.90625,749.640625,50.90625,51.640625,773.65625,777.421875,75.65625,79.421875,-1.6697224362169,-2.22846142160831,-2.78194914575928,0.430945726395141,-1.11222670954238,2.65940714800345,2.51155144963376,1
8372,209,8372,8375,750.984375,745.59375,52.984375,47.59375,775.734375,773.375,77.734375,75.375,2.95022519975914,-3.10083603985629,1.94092114511049,-0.428210857444482,-1.00930405464864,2.67262518241181,2.60125607011914,1
8373,210,8373,8376,745.1875,750.015625,47.1875,52.015625,769.9375,777.796875,71.9375,79.796875,1.12502175675754,1.71959908401434,0.136099714782267,-1.88016138191737,-0.988922041975278,2.68342484124788,2.61083842395643,1
8374,211,8374,8377,747.203125,745.890625,49.203125,47.890625,771.953125,773.671875,73.953125,75.671875,-0.64938397537146,1.28551406348111,-1.68505269558075,-2.38448523409066,-1.03566872020929,2.61318600960781,2.63433057736248,1
8375,212,8375,8378,749.296875,749.9375,51.296875,51.9375,774.046875,777.71875,76.046875,79.71875,-2.07337255332121,-2.45713064365673,3.12358673644448,0.16187559558747,-1.0862260174139,2.6190062392442,2.57795305052149,1
8376,213,8376,8379,743.265625,746.1875,45.265625,48.1875,768.015625,773.96875,70.015625,75.96875,2.88141205101015,2.17278267230416,1.82120686220351,-1.53100141087901,-1.06020518880664,2.57940122399642,2.64357889437653,1
8377,214,8377,8380,745.25,750.25,47.25,52.25,770,778.03125,72,80.03125,1.16158611006809,1.94080292861568,0.184059540670089,-1.70454100242493,-0.977526569398001,2.63784137613897,2.66781736164261,1
8378,215,8378,8381,747.453125,746.40625,49.453125,48.40625,772.203125,774.1875,74.203125,76.1875,-0.415091277081195,-2.55892174256868,-1.42774149945615,0.0437120608136219,-1.01265022237496,2.60263380338231,2.66790128142232,1
8379,216,8379,8382,749.484375,742.828125,51.484375,44.828125,774.234375,770.609375,76.234375,72.609375,-1.70976076316248,-0.323306497747806,-2.82218184354684,2.22447937865893,-1.11242108038437,2.54778587640673,2.62297835038849,1
8380,217,8380,8383,743.765625,747.109375,45.765625,49.109375,768.515625,774.890625,70.515625,76.890625,3.11310117137489,1.20890925653471,2.08909184226439,-2.45973681621899,-1.0240093291105,2.61453923442589,2.6446367436432,1
8381,218,8381,8384,745.796875,743.125,47.796875,45.125,770.546875,770.90625,72.546875,72.90625,1.15437393173264,-2.78445084644754,0.189262360673991,-0.128231868247285,-0.965111571058649,2.65621897820026,2.66185475792068,1
8382,219,8382,8385,747.6875,747.296875,49.6875,49.296875,772.4375,775.078125,74.4375,77.078125,-1.01089815064937,-1.38685009901506,-2.0097203867108,1.15773808512904,-0.998822236061426,2.5445881841441,2.73977488697406,1
8383,220,8383,8386,749.953125,743.6875,51.953125,45.6875,774.703125,771.46875,76.703125,73.46875,-2.91092471942315,0.809787039626905,2.35872098369262,-2.88315021234922,-1.01353960406382,2.59024805520346,2.6793976479123,1
8384,221,8384,8387,743.984375,747.96875,45.984375,49.96875,768.734375,775.75,70.734375,77.75,1.47225399717685,2.68825078880535,0.490798961480237,-0.909792404565637,-0.981455035696608,2.6851421138086,2.61658815767438,1
8385,222,8385,8388,746.125,744.0625,48.125,46.0625,770.875,771.84375,72.875,73.84375,-0.522730089777831,-1.81293112039456,-1.50324314619523,0.810186533997709,-0.980513056417403,2.62311765439227,2.67955459636991,1
8386,223,8386,8389,748.109375,748.140625,50.109375,50.140625,772.859375,775.921875,74.859375,77.921875,-2.66846488263225,0.206847178424856,2.52760671933105,2.74963966614067,-1.08711370521629,2.54279248771582,2.65327911424748,1
8387,224,8387,8390,750.1875,744.234375,52.1875,46.234375,774.9375,772.015625,76.9375,74.015625,1.49837111549824,1.66076025446428,0.464155349857796,-2.03151607618218,-1.03421576564044,2.59090897653312,2.65806056500602,1
8388,225,8388,8391,744.25,748.875,46.25,50.875,769,776.65625,71,78.65625,-0.65912331019219,-0.123655246838116,-1.67474054503896,2.41595796732209,-1.01561723484677,2.53961321416021,2.72795485817261,1
8389,226,8389,8392,746.265625,744.90625,48.265625,46.90625,771.015625,772.6875,73.015625,74.6875,-2.29132288789484,-1.27963536361056,2.8508134624319,1.29305095438493,-1.14104895685285,2.57268631799549,2.56945003233125,1
8390,227,8390,8393,748.65625,749.046875,50.65625,51.046875,773.40625,776.828125,75.40625,78.828125,1.96309925329342,-0.0470163671474625,0.929567016568476,2.48354373923865,-1.03353223672495,2.53056010638611,2.71909296406853,1
8391,228,8391,8394,742.234375,745.078125,44.234375,47.078125,766.984375,772.859375,68.984375,74.859375,-0.0751966461929145,1.48176842017814,-1.0726440302443,-2.21159067250244,-0.997447384051382,2.58982621449901,2.6959117086292,1
8392,229,8392,8395,744.578125,749.625,46.578125,51.625,769.328125,777.40625,71.328125,79.40625,-1.920392738174,3.00212358167545,-3.02483614686658,-0.626682657974761,-1.10444340869258,2.65437906752937,2.52436283095764,1
8393,230,8393,8396,746.671875,745.828125,48.671875,47.828125,771.421875,773.609375,73.421875,75.609375,2.56373054271605,-1.67606204033511,1.51977394651873,0.898951924852301,-1.04395659619732,2.57501396518741,2.66421474579486,1
8394,231,8394,8397,748.84375,750,50.84375,52,773.59375,777.78125,75.59375,79.78125,0.423306145090079,0.0361281899333544,-0.529715075252514,2.56709447418804,-0.953021220342593,2.53096628425469,2.79919780258231,1
8395,232,8395,8398,742.875,746.046875,44.875,48.046875,767.625,773.828125,69.625,75.828125,-1.62226740163659,1.35547616809763,-2.7017212529266,-2.3298060934315,-1.07945385129002,2.59790304565046,2.60582841023911,1
8396,233,8396,8399,745.0625,750.375,47.0625,52.375,769.8125,778.15625,71.8125,80.15625,3.14065821285199,2.87111746148597,2.05582456256237,-0.748566504505517,-1.08483365028962,2.6635013411881,2.53485031570187,1
8397,234,8397,8400,747.1875,746.59375,49.1875,48.59375,771.9375,774.375,73.9375,76.375,1.17298942352999,-1.99832490878114,0.146910296071682,0.615184157340268,-1.02607912745831,2.61350906612141,2.64359711359987,1
8398,235,8398,8401,749.171875,751.125,51.171875,53.125,773.921875,778.90625,75.921875,80.90625,-0.605708104450832,2.52353869596742,-1.63615238229649,-1.06024348316185,-1.03044427784566,2.69940312805032,2.55333790128361,1
8399,236,8399,8402,743.15625,747.046875,45.15625,49.046875,767.90625,774.828125,69.90625,76.828125,-2.07825247358504,1.79989408046403,3.1171005364201,-1.8081328848663,-1.08783229717445,2.67515834184926,2.52019466815587,1
8400,237,8400,8403,745.140625,743.234375,47.140625,45.234375,769.890625,771.015625,71.890625,73.015625,2.52987776565552,-3.05349606478934,1.42980177487357,-0.439569694297472,-1.10007599078195,2.61392637049186,2.56918294590577,1
8401,238,8401,8404,747.203125,747.59375,49.203125,49.59375,771.953125,775.375,73.953125,77.375,0.706347488590363,1.26627368023399,-0.312614713608708,-2.4178095627661,-1.01896220219907,2.5991020641795,2.66512104080102,1
8402,239,8402,8405,749.25,743.578125,51.25,45.578125,774,771.359375,76,73.359375,-1.08835243172516,-0.38012329497098,-2.1058578440039,2.17575114680843,-1.01750541227874,2.55587444177941,2.70980545312143,1
8403,240,8403,8406,743.5,748.078125,45.5,50.078125,768.25,775.859375,70.25,77.859375,-2.69583611899792,-2.65948014996572,2.51846041963468,-0.0325787474464158,-1.06888876854698,2.62690140251931,2.58739513611329,1
8404,241,8404,8407,745.71875,744.015625,47.71875,46.015625,770.46875,771.796875,72.46875,73.796875,1.75966278741285,2.31115344656498,0.747817463380758,-1.3091811536059,-1.01184532403209,2.66285070700871,2.60848927613879,1
8405,242,8405,8408,747.796875,748.28125,49.796875,50.28125,772.546875,776.0625,74.546875,78.0625,-0.42218677939408,-2.23471787084305,-1.42107112636528,0.396366837334998,-0.998884346971202,2.63108470817805,2.65321625203034,1
8406,243,8406,8409,749.859375,744.703125,51.859375,46.703125,774.609375,772.484375,76.609375,74.484375,-2.37747064091212,-1.12962423803765,2.84828813163146,1.42573122614143,-1.05742653463601,2.55535546417908,2.67040330836449,1
8407,244,8407,8410,744,748.96875,46,50.96875,768.75,776.75,70.75,78.75,1.95733828814522,1.13144420578535,0.906345960783991,-2.47926733078294,-1.05099232736123,2.6724737706113,2.55971920920706,1
8408,245,8408,8411,746.09375,745.109375,48.09375,47.109375,770.84375,772.890625,72.84375,74.890625,-0.111304406831957,-1.84592996514788,-1.09992859632188,0.749617869751802,-0.988624189489925,2.59554783489969,2.69901328278997,1
8409,246,8409,8412,748.140625,749.140625,50.140625,51.140625,772.890625,776.921875,74.890625,78.921875,-2.26709067221355,-3.06679414894248,2.92301799006735,-0.421844814869261,-1.09307664489869,2.64494933407322,2.54515932820768,1
8410,247,8410,8413,750.140625,745.28125,52.140625,47.28125,774.890625,773.0625,76.890625,75.0625,2.23954786064343,-1.27562060767596,1.17025450922129,1.24681378871818,-1.06929335142214,2.52243439639414,2.6914575593633,1
8411,248,8411,8414,744.25,749.375,46.25,51.375,769,777.15625,71,79.15625,0.248276152499285,0.669282587626429,-0.791981366717148,-3.13875848206014,-1.04025751921643,2.47514423749302,2.76778355047013,1
8412,249,8412,8415,746.15625,746.03125,48.15625,48.03125,770.90625,773.8125,72.90625,75.8125,-1.62566324325469,-1.58002419227697,-2.72846316434918,0.993520325418942,-1.10279992109449,2.57354451769591,2.60684086838918,1
8413,250,8413,8416,748.421875,750.03125,50.421875,52.03125,773.171875,777.8125,75.171875,79.8125,2.58951654303663,-2.31621518165291,1.55542788889951,0.327852364395899,-1.03408865413711,2.64406754604881,2.60502910699367,1
8414,251,8414,8417,750.34375,746.171875,52.34375,48.171875,775.09375,773.953125,77.09375,75.953125,0.621704889505466,-0.670938379020197,-0.361230943748203,1.86702617364576,-0.982935833253669,2.53796455266596,2.76228492125996,1
8415,252,8415,8418,744.578125,750.421875,46.578125,52.421875,769.328125,778.203125,71.328125,80.203125,-2.03946916455362,1.33315146016587,3.12294005181185,-2.37218135201852,-1.12077609081412,2.5778524949952,2.58455672137027,1
8416,253,8416,8419,746.6875,746.859375,48.6875,48.859375,771.4375,774.640625,73.4375,76.640625,2.49046093281362,2.67641738542958,1.51515102583051,-0.876394379342647,-0.97530990698311,2.73037354240736,2.57750185778911,1
8417,254,8417,8420,748.84375,751.03125,50.84375,53.03125,773.59375,778.8125,75.59375,80.8125,-0.246742399071255,0.482737258725501,-1.2573917096989,3.07160011339216,-1.01064931062765,2.58886285466666,2.68367314188528,1
8418,255,8418,8421,743.03125,746.953125,45.03125,48.953125,767.78125,774.734375,69.78125,76.734375,-2.15998878272494,-0.836963756591431,3.07473270176885,1.68264630052436,-1.0484638226858,2.51961005711579,2.715111427378,1
8419,0,8419,8422,745.09375,743.15625,47.09375,45.15625,769.84375,770.9375,71.84375,72.9375,1.73764176444731,1.8123005523292,0.702334293213477,-1.87918134129854,-1.03530747123383,2.59170341355185,2.65617442239391,1
8420,1,8420,8423,747.109375,747.71875,49.109375,49.71875,771.859375,775.5,73.859375,77.5,-1.09281468824746,-0.902669084398066,-2.16886523247109,1.63861597609919,-1.07605054422363,2.54128506049725,2.66584970245871,1
8421,2,8421,8424,749.328125,743.921875,51.328125,45.921875,774.078125,771.703125,76.078125,73.703125,2.75860307897303,-2.0323737533715,1.71462225720575,0.598753975505401,-1.04398082176728,2.6311277288769,2.6080767565354,1
8422,3,8422,8425,743.25,747.9375,45.25,49.9375,768,775.71875,70,77.71875,0.536747065413078,-1.09741231956782,-0.432035773015911,1.44649273909296,-0.968782838428989,2.54390505866078,2.77049741008982,1
8423,4,8423,8426,745.421875,744.078125,47.421875,46.078125,770.171875,771.859375,72.171875,73.859375,-2.28067958105384,0.247789474556081,2.89815037508732,2.78471939417349,-1.10435535103842,2.53692991961741,2.64190003652376,1
8424,5,8424,8427,747.734375,748.421875,49.734375,50.421875,772.484375,776.203125,74.484375,78.203125,1.56069155106406,1.62221538281368,0.527390794039164,-2.03451656836538,-1.0333007570249,2.62645335600052,2.62343119415417,1
8425,6,8425,8428,749.546875,744.921875,51.546875,46.921875,774.296875,772.703125,76.296875,74.703125,-1.15229584462333,-0.669635254645419,-2.23589737692994,1.9171323231131,-1.08360153230661,2.58676757775852,2.61281619711446,1
8426,7,8426,8429,743.90625,749.046875,45.90625,51.046875,768.65625,776.828125,70.65625,78.828125,2.73855344920833,-1.80869287876754,1.72145440306222,0.810870340116011,-1.01709904614611,2.61956321888355,2.64652304214993,1
8427,8,8427,8430,746.109375,745.0625,48.109375,47.0625,770.859375,772.84375,72.859375,74.84375,-0.00541074916986809,-0.0269313526690912,-1.03907944882389,2.50522930140901,-1.03366869965402,2.5321606540781,2.71735595344747,1
8428,9,8428,8431,748.140625,749.5625,50.140625,51.5625,772.890625,777.34375,74.890625,79.34375,-2.12835400317386,-2.16214791086787,3.09333703177661,0.472617532417696,-1.06149427222912,2.63476544328557,2.5869255916649,1
8429,10,8429,8432,750.21875,745.578125,52.21875,47.578125,774.96875,773.359375,76.96875,75.359375,1.63374101626673,2.80427522037306,0.578398329832958,-0.772817524619372,-1.05534268643377,2.70609256218716,2.52175005855866,1
8430,11,8430,8433,744.125,749.953125,46.125,51.953125,768.875,777.734375,70.875,79.734375,-1.26295218217764,-2.23426637895084,-2.36255874256929,0.462337639911853,-1.09960656039165,2.6966040188627,2.48697472792524,1
8431,12,8431,8434,746.359375,746.046875,48.359375,48.046875,771.109375,773.828125,73.109375,75.828125,2.65714191513182,2.03812108754006,1.58226937184815,-1.62237229493093,-1.07487254328367,2.62269192470859,2.58562083918732,1
8432,13,8432,8435,748.8125,750.046875,50.8125,52.046875,773.5625,777.828125,75.5625,79.828125,-0.124966956656524,0.671536095748213,-1.11827301960465,-3.03944280301104,-0.993306062948125,2.57220640842033,2.71767283581113,1
8433,14,8433,8436,750.953125,746.59375,52.953125,48.59375,775.703125,774.375,77.703125,76.375,-2.96915553473421,-1.60065840815905,2.27079823050451,0.989525155969344,-1.04323154194087,2.59018356412839,2.64977020111032,1
8434,15,8434,8437,744.9375,750.84375,46.9375,52.84375,769.6875,778.625,71.6875,80.625,0.333093466088714,-0.981937206537531,-0.648623624352715,1.56464134223504,-0.981717090441429,2.54657854877257,2.75488966796559,1
8435,16,8435,8438,747.078125,746.953125,49.078125,48.953125,771.828125,774.734375,73.828125,76.734375,-2.0997521623417,-2.61397924510446,3.08267464878965,0.033770582160792,-1.10075849604824,2.64774982726525,2.53467698386609,1
8436,17,8436,8439,749.15625,743.09375,51.15625,45.09375,773.90625,770.875,75.90625,72.875,1.67714888293724,-1.4537235111778,0.661595741078677,1.10942342995917,-1.01555314185856,2.56314694113697,2.70448522418406,1
8437,18,8437,8440,743.140625,747.25,45.140625,49.25,767.890625,775.03125,69.890625,77.03125,-1.29867832831643,0.476028014175723,-2.38961312843647,2.9854224025512,-1.09093480012004,2.50939438837548,2.68285611868407,1
8438,19,8438,8441,745.203125,743.703125,47.203125,45.703125,769.953125,771.484375,71.953125,73.484375,2.52067741391504,1.49674580682218,1.46288808389896,-2.16666933276919,-1.05778933001608,2.61977016758822,2.60562580957528,1
8439,20,8439,8442,747.296875,748.015625,49.296875,50.015625,772.046875,775.796875,74.046875,77.796875,-0.505246485901087,-0.807628922656466,-1.54948521057166,1.72851220993915,-1.04423872467057,2.53614113259561,2.7028054499134,1
8440,21,8440,8443,749.53125,744.078125,51.53125,46.078125,774.28125,771.859375,76.28125,73.859375,-2.73218090408362,-2.2832270286371,2.44466407749524,0.338845591793036,-1.10634032560073,2.62207262043014,2.55477236114872,1
8441,22,8441,8444,743.859375,748.1875,45.859375,50.1875,768.609375,775.96875,70.609375,77.96875,0.961038219724124,-1.55011910583144,-0.0251552909930965,1.02226878778174,-0.986193510717221,2.57238789361318,2.72460390284918,1
8442,23,8442,8445,745.921875,744.4375,47.921875,46.4375,770.671875,772.21875,72.671875,74.21875,-1.69813335329236,-0.652258158151408,-2.78566399119633,1.93116989892004,-1.08753063790396,2.58342805707145,2.61222661220417,1
8443,24,8443,8446,747.90625,749.03125,49.90625,51.03125,772.65625,776.8125,74.65625,78.8125,1.99582934212761,-2.86013401258138,1.02002499915174,-0.186252037779278,-0.975804342975862,2.6738819748021,2.63349898940163,1
8444,25,8444,8447,749.859375,745.078125,51.859375,47.078125,774.609375,772.859375,76.609375,74.859375,-0.950561202574508,1.83781347721387,-1.91309081212519,-1.80572598923932,-0.962529609550687,2.6396458407264,2.6810098569025,1
8445,26,8445,8448,744.140625,749.40625,46.140625,51.40625,768.890625,777.1875,70.890625,79.1875,2.72641049753815,-0.665954243548957,1.65440179137131,1.86529465284724,-1.07200870616684,2.5312488963962,2.67992770461655,1
8446,27,8446,8449,746.234375,745.65625,48.234375,47.65625,770.984375,773.4375,72.984375,75.4375,-0.105441737443666,-2.24336798701169,-1.12567500129347,0.434993337360511,-1.0202332638498,2.67836132437221,2.58459071895758,1
8447,28,8447,8450,748.1875,749.890625,50.1875,51.890625,772.9375,777.671875,74.9375,79.671875,-2.70527142142872,-0.490732031992145,2.47082397059958,2.10132685734841,-1.10708991515129,2.59205888934056,2.58403650268774,1
8448,29,8448,8451,750.328125,746.046875,52.328125,48.046875,775.078125,773.828125,77.078125,75.828125,0.730857234168409,-2.85447704096393,-0.30628004768197,-0.20002842799004,-1.03713728185038,2.65444861297389,2.59159941235532,1
8449,30,8449,8452,744.5,750.1875,46.5,52.1875,769.25,777.96875,71.25,79.96875,-2.47715771255179,-1.90139584904725,2.66580387562317,0.710245178293725,-1.14022371900462,2.61164102734098,2.53132056083399,1
8450,31,8450,8453,746.890625,746.359375,48.890625,48.359375,771.640625,774.140625,73.640625,76.140625,1.49200597178012,2.60974757103797,0.521648049378486,-0.96972442519834,-0.970357922401631,2.70371331094327,2.60911407383468,1
8451,32,8451,8454,748.96875,742.625,50.96875,44.625,773.71875,770.40625,75.71875,72.40625,-1.62559765606514,-2.5344007377659,-2.72206787591096,0.060899402059826,-1.09647021984582,2.59530013982573,2.59141494750804,1
8452,33,8452,8455,743.171875,747.015625,45.171875,49.015625,767.921875,774.796875,69.921875,76.796875,1.71245793936506,0.58869286688849,0.687740445846065,-3.12149621387473,-1.02471749351899,2.57299622641637,2.68547158724423,1
8453,34,8453,8456,745.171875,743.046875,47.171875,45.046875,769.921875,770.828125,71.921875,72.828125,-1.39984146824014,-1.10394514979121,-2.4835245466106,1.39896089204956,-1.08368307837047,2.50290604184077,2.69659618696835,1
8454,35,8454,8457,747.203125,747.1875,49.203125,49.1875,771.953125,774.96875,73.953125,76.96875,2.02169300879887,0.0721442076165884,0.993681617797898,2.56999438632565,-1.02801139100098,2.49785017870906,2.75732373746955,1
8455,36,8455,8458,749.359375,743.828125,51.359375,45.828125,774.109375,771.609375,76.109375,73.609375,-1.39183633591961,-2.40610016578309,-2.4803626312894,0.16105072621553,-1.08852629536979,2.56715089199862,2.62750811981118,1
8456,37,8456,8459,743.296875,747.875,45.296875,49.875,768.046875,775.65625,70.046875,77.65625,2.21155883711192,2.11953447392559,1.19681265296052,-1.47726569247486,-1.0147461841514,2.68638514077913,2.58205398224906,1
8457,38,8457,8460,745.90625,744.1875,47.90625,46.1875,770.65625,771.96875,72.65625,73.96875,-1.02651722038476,-2.19779848971334,-2.04525847693061,0.467650909105703,-1.01874125654585,2.66544939881904,2.5989946518147,1
8458,39,8458,8461,747.8125,748.203125,49.8125,50.203125,772.5625,775.984375,74.5625,77.984375,2.69168427263311,-1.94169688374795,1.70097634123432,0.65252490965309,-0.990707931398797,2.59422179340104,2.69825558237975,1
8459,40,8459,8462,750,744.8125,52,46.8125,774.75,772.59375,76.75,74.59375,-0.224272314051003,1.62600633314853,-1.21627783728124,-2.00858674399905,-0.992005523230238,2.64859223003201,2.64258755391734,1
8460,41,8460,8463,744.09375,748.921875,46.09375,50.921875,768.84375,776.703125,70.84375,78.703125,-2.94665426703779,-0.336764549074807,2.26540695649436,2.22678954836173,-1.07112408364744,2.56355409743654,2.64850712609561,1
8461,42,8461,8464,746.203125,745.03125,48.203125,47.03125,770.953125,772.8125,72.953125,74.8125,0.456827453840566,0.835225257959034,-0.542894367501019,-2.85107643814487,-0.999721821341585,2.59688361107568,2.68657987476232,1
8462,43,8462,8465,748.15625,749.4375,50.15625,51.4375,772.90625,777.21875,74.90625,79.21875,-2.41438617187772,-2.32842999046113,2.75957107948817,0.282248420635646,-1.10922805581369,2.61067841109678,2.56327884026912,1
8463,44,8463,8466,750.234375,745.75,52.234375,47.75,774.984375,773.53125,76.984375,75.53125,0.778324585795334,2.4151023970081,-0.255176806375098,-1.15672056271127,-1.03350139217043,2.71136234746022,2.53832156754893,1
8464,45,8464,8467,744.703125,750.078125,46.703125,52.078125,769.453125,777.859375,71.453125,79.859375,-2.63942881877526,-0.570674030656334,2.56639901757544,2.00871547887918,-1.07735747082888,2.57938950953552,2.62643832681519,1
8465,46,8465,8468,746.90625,746.046875,48.90625,48.046875,771.65625,773.828125,73.65625,75.828125,0.520407926897994,-2.68247698987195,-0.496329745327296,-0.0339664786060175,-1.01673767222529,2.64851051126594,2.61793712368836,1
8466,47,8466,8469,749.078125,750.546875,51.078125,52.546875,773.828125,778.328125,75.828125,80.328125,-2.6659088115561,1.208216154353,2.54627431708587,-2.46163407543336,-1.07100217853762,2.61333507739322,2.59884805124875,1
8467,48,8467,8470,743.203125,746.65625,45.203125,48.65625,767.953125,774.4375,69.953125,76.4375,0.156458805748904,-0.608418213193891,-0.861593198169472,1.98023475532842,-1.01805200391838,2.58865296852231,2.6764803347389,1
8468,49,8468,8471,745.125,751,47.125,53,769.875,778.78125,71.875,80.78125,3.05142302498399,-2.75081715084253,1.96870661498728,-0.0921120257657757,-1.08271640999671,2.65870512507675,2.54176377210612,1
8469,50,8469,8472,747.21875,747.109375,49.21875,49.109375,771.96875,774.890625,73.96875,76.890625,-0.247399532492428,1.14238726660711,-1.29902398176992,-2.5252803622489,-1.05162444927749,2.61551767832358,2.61604317957852,1
8470,51,8470,8473,749.828125,743.171875,51.828125,45.171875,774.578125,770.953125,76.578125,72.953125,-3.12089719405197,2.520854072286,2.12425845923982,-1.07416915801595,-1.0380296538878,2.68816207687764,2.55699357641415,1
8471,52,8471,8474,743.859375,747.8125,45.859375,49.8125,768.609375,775.59375,70.609375,77.59375,-0.0310452309962459,-0.496127845950189,-1.04284738654325,2.08039072132255,-1.011802155547,2.57651856727274,2.69486458435985,1
8472,53,8472,8475,745.859375,744.015625,47.859375,46.015625,770.609375,771.796875,72.609375,73.796875,-2.86308839455635,-2.12310928641861,2.31085250655049,0.545399056325836,-1.10924440607275,2.66850834274445,2.50543255836239,1
8473,54,8473,8476,748,748.0625,50,50.0625,772.75,775.84375,74.75,77.84375,0.41029369375173,1.17200800832108,-0.592192380631214,-2.52357922271402,-1.00248607438294,2.58759807614449,2.69310115665215,1
8474,55,8474,8477,750.046875,744.390625,52.046875,46.390625,774.796875,772.171875,76.796875,74.171875,-2.69836896876328,1.58403534237679,2.51752550931057,-2.09235648294431,-1.06729082910574,2.60679348185849,2.60910099621536,1
8475,56,8475,8478,744.21875,748.59375,46.21875,50.59375,768.96875,776.375,70.96875,78.375,0.00789110143051176,0.028118801674321,-1.00857665964772,2.58165716034029,-1.01646776107823,2.55353835866597,2.71317918743539,1
8476,57,8476,8479,746.34375,744.75,48.34375,46.75,771.09375,772.53125,73.09375,74.53125,2.60934990666737,0.663154445109536,1.59869257005941,-3.07527479811815,-1.01065733660797,2.5447560639519,2.72777190661972,1
8477,58,8477,8480,748.34375,749.09375,50.34375,51.09375,773.09375,776.875,75.09375,78.875,-1.02902710104989,1.77077183802091,-2.1504207376261,-1.85456468824353,-1.12139363657622,2.65784878091515,2.50394288968822,1
8478,59,8478,8481,750.828125,745.125,52.828125,47.125,775.578125,772.90625,77.578125,74.90625,2.05922309865993,2.09622717040452,1.05397615837552,-1.54397650744046,-1.00524694028441,2.6429816293346,2.63495673756058,1
8479,60,8479,8482,744.90625,749.328125,46.90625,51.328125,769.65625,777.109375,71.65625,79.109375,-1.24855871036066,-2.48424416294717,-2.29715214564137,0.0807596988599679,-1.04859343528071,2.56500386180714,2.66958801009174,1
8480,61,8480,8483,747.046875,745.953125,49.046875,47.953125,771.796875,773.734375,73.796875,75.734375,2.09218431991192,-1.40275539797341,1.07720533959089,1.1708377028001,-1.01497898032103,2.57359310077351,2.69461322608505,1
8481,62,8481,8484,749.078125,750.03125,51.078125,52.03125,773.828125,777.8125,75.828125,79.8125,-1.1790502200544,-0.289996344107317,-2.17915120635678,2.2920370386293,-1.00010098630238,2.58203338273662,2.70105093814059,1
8482,63,8482,8485,743.171875,746.03125,45.171875,48.03125,767.921875,773.8125,69.921875,75.8125,2.27251693828245,0.588666489026658,1.23821289942119,-3.1272889482206,-1.03430403886126,2.56722986993233,2.681651398386,1
8483,64,8483,8486,745.21875,742.3125,47.21875,44.3125,769.96875,770.09375,71.96875,72.09375,-1.16672681341774,1.6198124565232,-2.27267252802268,-2.04929256514432,-1.10594571460494,2.61408028551206,2.56315930706259,1
8484,65,8484,8487,747.640625,746.84375,49.640625,48.84375,772.390625,774.625,74.390625,76.625,1.92742442990202,-0.946899548348029,0.918612597689316,1.5865762143912,-1.00881183221271,2.53347576273923,2.74089771222765,1
8485,66,8485,8488,749.796875,743.046875,51.796875,45.046875,774.546875,770.828125,76.546875,72.828125,-1.23196156061326,-2.03078172321274,-2.19250633983224,0.608708040501484,-0.960544779218973,2.63948976371422,2.68315076424639,1
8486,67,8486,8489,743.984375,746.953125,45.984375,48.953125,768.734375,774.734375,70.734375,76.734375,1.88167768523295,-0.805306283269101,0.880664838513128,1.73781330285961,-1.00101284671982,2.54311958612871,2.73905287433105,1
8487,68,8487,8490,746.109375,743.515625,48.109375,45.515625,770.859375,771.296875,72.859375,73.296875,-1.42985535100706,0.989044412480977,-2.51183985386342,-2.65322692397476,-1.08198450285636,2.64091397072385,2.56028683359937,1
8488,69,8488,8491,748.15625,747.765625,50.15625,49.765625,772.90625,775.546875,74.90625,77.546875,1.66026190301757,1.73631033410571,0.659209241120215,-1.89262989128465,-1.00105266189735,2.65424508178923,2.62788756349301,1
8489,70,8489,8492,750.1875,744.015625,52.1875,46.015625,774.9375,771.796875,76.9375,73.796875,-1.30978326035188,3.14048016949991,-2.42839864257994,-0.448872303506294,-1.11861538222806,2.69383283417338,2.47073709077814,1
8490,71,8490,8493,744.328125,748.0625,46.328125,50.0625,769.078125,775.84375,71.078125,77.84375,1.20898975987883,-1.81436187531181,0.192212576711719,0.765619917128351,-1.01677718316711,2.57998179244016,2.68642633157231,1
8491,72,8491,8494,746.9375,744.21875,48.9375,46.21875,771.6875,772,73.6875,74,-2.19018059910598,-0.719666530031552,2.99962101112849,1.8090308413138,-1.09338369694512,2.52869737134536,2.66110423888911,1
8492,73,8492,8495,748.765625,748.453125,50.765625,50.453125,773.515625,776.234375,75.515625,78.234375,0.59283926875453,0.254495893882412,-0.381587682286753,2.80729128014586,-0.974426951041283,2.55279538626345,2.75596296987486,1
8493,74,8493,8496,743.0625,744.890625,45.0625,46.890625,767.8125,772.671875,69.8125,74.671875,-2.55955304001914,-1.83178062676756,2.67380773044238,0.772292467876771,-1.04982453671806,2.60407309464433,2.62928767581719,1
8494,75,8494,8497,745.09375,749.03125,47.09375,51.03125,769.84375,776.8125,71.84375,78.8125,0.803168514703157,2.99001941609863,-0.216891566274484,-0.603296236545586,-1.02006008097764,2.68986965453537,2.57325557166658,1
8495,76,8495,8498,747.265625,745.109375,49.265625,47.109375,772.015625,772.890625,74.015625,74.890625,-2.22710241416346,-2.54512241719527,2.95702668314668,0.0517113694006817,-1.09905620986945,2.59683378659596,2.58729531071418,1
8496,77,8496,8499,749.28125,749.421875,51.28125,51.421875,774.03125,777.203125,76.03125,79.203125,1.78887751855854,-0.79809738480026,0.747077100084059,1.718616059295,-1.04180041847448,2.51671344409526,2.72467144460985,1
8497,78,8497,8500,743.421875,746.015625,45.421875,48.015625,768.171875,773.796875,70.171875,75.796875,-1.47450050862987,-3.00175300766296,-2.58050354895324,-0.293921779751843,-1.10600304032336,2.70783122791111,2.46935103894511,1
8498,79,8498,8501,745.828125,749.9375,47.828125,51.9375,770.578125,777.71875,72.578125,79.71875,1.42500135843122,1.60526388718364,0.422189549732516,-2.00479490796079,-1.0028118086987,2.67312651203515,2.60724698644573,1
8499,80,8499,8502,747.78125,746.125,49.78125,48.125,772.53125,773.90625,74.53125,75.90625,-2.05559186878324,-0.960447733092166,-3.09863727864174,1.56128861463308,-1.04304540985851,2.52173634772525,2.71840354959583,1
8500,81,8500,8503,749.875,750.453125,51.875,52.453125,774.625,778.234375,76.625,80.234375,1.18080402742866,-0.326295430599375,0.216783137283801,2.1924883985979,-0.964020890144857,2.51878382919727,2.80038058783746,1
8501,82,8501,8504,744.1875,746.625,46.1875,48.625,768.9375,774.40625,70.9375,76.40625,-2.24977609350515,-1.90122869210445,2.94466736921527,0.686584790794632,-1.08874184445917,2.58781348289908,2.60662997982133,1
8502,83,8502,8505,746.28125,743.015625,48.28125,45.015625,771.03125,770.796875,73.03125,72.796875,1.28218386557413,-0.552173712019841,0.260976988704757,2.04929908810329,-1.02120687686937,2.60147280012313,2.66050563018708,1
8503,84,8503,8506,748.203125,747,50.203125,49,772.953125,774.78125,74.953125,76.78125,-2.45843116162751,0.361570733841815,2.71932937372379,2.92625437106717,-1.10542477182828,2.56468363722535,2.61307689812595,1
8504,85,8504,8507,750.59375,743.140625,52.59375,45.140625,775.34375,770.921875,77.34375,72.921875,0.856207649550496,1.56990566106993,-0.134842729123452,-2.12721254135154,-0.991050378673948,2.58606710475811,2.70606782374753,1
8505,86,8505,8508,744.71875,747.515625,46.71875,49.515625,769.46875,775.296875,71.46875,77.296875,-2.47516957249644,3.05789674680536,2.67342814368632,-0.569649327157965,-1.13458759099683,2.65563923321627,2.49295848296649,1
8506,87,8506,8509,746.671875,743.78125,48.671875,45.78125,771.421875,771.5625,73.421875,73.5625,0.566640686424539,-2.53735961878513,-0.397959588678741,0.0909542871896005,-0.964600275103281,2.62831390597473,2.69027112610157,1
8507,88,8507,8510,748.9375,748.109375,50.9375,50.109375,773.6875,775.890625,75.6875,77.890625,-2.38373646948513,-1.60266760240041,2.83796592015579,0.968619524501726,-1.06148291753866,2.57128712690214,2.65041526273879,1
8508,89,8508,8511,743.203125,744.21875,45.203125,46.21875,767.953125,772,69.953125,74,1.15223645252286,2.07925388024472,0.14779794074959,-1.57472009250153,-1.00443851177327,2.62921133443334,2.64953546097298,1
8509,90,8509,8512,745.15625,748.28125,47.15625,50.28125,769.90625,776.0625,71.90625,78.0625,-2.3549167685583,0.358027350950774,2.80587147670055,2.85527881190626,-1.12239706192074,2.49725146095548,2.66353678430336,1
8510,91,8510,8513,747.1875,744.90625,49.1875,46.90625,771.9375,772.6875,73.9375,74.6875,0.627755468869249,1.77661759399687,-0.360094607013264,-1.83952939978401,-0.987850075882512,2.66703831339871,2.62829691789837,1
8511,92,8511,8514,749.46875,749,51.46875,51,774.21875,776.78125,76.21875,78.78125,-2.12090837685452,3.07756608645629,3.09173374421133,-0.547791592120013,-1.07054318611373,2.65782762860328,2.55481449246257,1
8512,93,8512,8515,743.71875,745.109375,45.71875,47.109375,768.46875,772.890625,70.46875,74.890625,1.09257802230577,-2.31040731775065,0.0877912147512421,0.306198540892513,-1.00478680755453,2.61660585864317,2.66179264098189,1
8513,94,8513,8516,745.859375,749.25,47.859375,51.25,770.609375,777.03125,72.609375,79.03125,-2.0415416053294,-0.756353984438642,-3.08885345284945,1.75636036642376,-1.04731184752005,2.5127143508624,2.72315910879714,1
8514,95,8514,8517,748.015625,746.03125,50.015625,48.03125,772.765625,773.8125,74.765625,75.8125,1.31689841217678,2.59074589788445,0.336749103013834,-0.984428035865189,-0.980149309162947,2.70801137342995,2.59502462458669,1
8515,96,8515,8518,750.140625,750.0625,52.140625,52.0625,774.890625,777.84375,76.890625,79.84375,-2.05285029050908,1.08126226843757,-3.11952693728644,-2.58535008837356,-1.06667664677737,2.61657295036845,2.59993571003377,1
8516,97,8516,8519,744.1875,746.0625,46.1875,48.0625,768.9375,773.84375,70.9375,75.84375,0.716780354958246,2.06886017562586,-0.272139108511083,-1.57006052824718,-0.988919463469328,2.64426460330654,2.65000124040371,1
8517,98,8517,8520,746.140625,750.453125,48.140625,52.453125,770.890625,778.234375,72.890625,80.234375,-2.48513081630698,2.82506812847896,2.64580540392936,-0.779151847047726,-1.15224908694325,2.6789653316529,2.45197088858344,1
8518,99,8518,8521,748.796875,746.640625,50.796875,48.640625,773.546875,774.421875,75.546875,76.421875,0.281340361962981,-2.29553137315135,-0.718034031652843,0.368290631927962,-0.999374393615824,2.66382200507931,2.61998890848445,1
8519,100,8519,8522,790.859375,750.84375,92.859375,52.84375,815.609375,778.625,117.609375,80.625,NaN,-0.849031477488873,NaN,1.66361666765831,NaN,2.51264814514718,NaN,0
8520,101,8520,8523,745.0625,747.09375,47.0625,49.09375,769.8125,774.875,71.8125,76.875,-0.314444323324044,0.126252943878368,-1.32835656349111,2.67966731892775,-1.01391224016707,2.55341437504938,2.71585869196314,1
8521,102,8521,8524,747.09375,743.265625,49.09375,45.265625,771.84375,771.046875,73.84375,73.046875,2.06237796179288,1.21429549627152,1.02676350166622,-2.47938706842541,-1.03561446012666,2.58950274248266,2.65806810457027,1
8522,103,8522,8525,749.125,747.640625,51.125,49.640625,773.875,775.421875,75.875,77.421875,-0.959262136011466,2.23840615578522,-2.02098447283959,-1.4143320128498,-1.06172233682813,2.63044713854456,2.59101583180689,1
8523,104,8523,8526,743.234375,743.921875,45.234375,45.921875,767.984375,771.703125,69.984375,73.703125,2.00334882974288,-1.81709864363793,0.933292221322222,0.782341847237011,-1.07005660842065,2.59944049087494,2.61368820788399,1
8524,105,8524,8527,745.4375,748.09375,47.4375,50.09375,770.1875,775.875,72.1875,77.875,-1.98342773772461,-1.43464234133553,-3.08024922605937,1.15371863356067,-1.09682148833475,2.5883609748962,2.59800284394863,1
8525,106,8525,8528,747.78125,744.09375,49.78125,46.09375,772.53125,771.875,74.53125,73.875,1.15751256626469,-0.266509745151145,0.165049304132703,2.26622291800023,-0.992463262131992,2.53273266315138,2.75798938189621,1
8526,107,8526,8529,749.90625,748.421875,51.90625,50.421875,774.65625,776.203125,76.65625,78.203125,-2.53117198474369,1.18457980091614,2.71612289015292,-2.51471041139908,-1.03589043228298,2.58389509486436,2.66339978003224,1
8527,108,8527,8530,744.0625,744.796875,46.0625,46.796875,768.8125,772.578125,70.8125,74.578125,-0.166485963540136,2.40145509665983,-1.20545137651668,-1.16879160876542,-1.03896541297655,2.71293860175433,2.5312812924487,1
8528,109,8528,8531,746.140625,748.90625,48.140625,50.90625,770.890625,776.6875,72.890625,78.6875,2.36565320775196,-2.43887448033743,1.2834396332912,0.196268383468663,-1.08221357446076,2.63514286380609,2.56582886891273,1
8529,110,8529,8532,748.171875,745.09375,50.171875,47.09375,772.921875,772.875,74.921875,74.875,-1.54953714587582,-1.74587937508728,-2.6641955380757,0.838080343254808,-1.11465839219988,2.58395971834209,2.58456719663762,1
8530,111,8530,8533,750.4375,749.265625,52.4375,51.265625,775.1875,777.046875,77.1875,79.046875,0.981829971269103,-0.388363919898349,-0.0254626127375756,2.14356396179367,-1.00729258400668,2.53192788169202,2.74396484148089,1
8531,112,8531,8534,744.859375,745.40625,46.859375,47.40625,769.609375,773.1875,71.609375,75.1875,-2.66474267301321,0.634658961227012,2.53984435436685,-3.1379257411937,-1.07859827979952,2.51060060475887,2.69398642262119,1
8532,113,8532,8535,747.046875,749.984375,49.046875,51.984375,771.796875,777.765625,73.796875,79.765625,-0.463446841544876,1.71083205397378,-1.45850324213263,-1.90841670519645,-0.995056400587758,2.66393654800936,2.62419235858247,1
8533,114,8533,8536,749.0625,746.078125,51.0625,48.078125,773.8125,773.859375,75.8125,75.859375,1.98904894813857,2.86452166359129,0.992176596229323,-0.751989394129329,-0.996872351909247,2.66667424945897,2.61963870581137,1
8534,115,8534,8537,743.140625,750.5,45.140625,52.5,767.890625,778.28125,69.890625,80.28125,-1.6952902413923,-0.409886771009326,-2.80212211310537,2.13710477602049,-1.10683187171307,2.54699154702981,2.6293618884367,1
8535,116,8535,8538,745.296875,746.5,47.296875,48.5,770.046875,774.28125,72.046875,76.28125,0.801015332773031,-2.57779762590975,-0.15811357516987,0.0161455356375483,-0.959128907942902,2.59394316154729,2.73011323768939,1
8536,117,8536,8539,747.46875,742.96875,49.46875,44.96875,772.21875,770.75,74.21875,72.75,-2.96531555847363,-1.60611026317042,2.27236169028814,0.958433609152972,-1.04550805841782,2.5645438723234,2.67313337643837,1
8537,118,8537,8540,749.796875,747.0625,51.796875,49.0625,774.546875,774.84375,76.546875,76.84375,-0.662507860282622,-1.03385428832488,-1.65691114296768,1.50469526996289,-0.994403282685061,2.53854955828777,2.75023246620676,1
8538,119,8538,8541,744.03125,743.265625,46.03125,45.265625,768.78125,771.046875,70.78125,73.046875,2.04503268296088,-0.49557229300034,1.01759244624858,2.00075536065174,-1.0274402367123,2.49632765365208,2.7594174168152,1
8539,120,8539,8542,746.140625,747.53125,48.140625,49.53125,770.890625,775.3125,72.890625,77.3125,-2.12733882314438,0.758645765212082,3.10073355738292,-2.95296616237108,-1.05511292665229,2.57157337959642,2.65649900093088,1
8540,121,8540,8543,748.140625,743.9375,50.140625,45.9375,772.890625,771.71875,74.890625,73.71875,0.0122194775546998,1.56153257625177,-1.00039957117446,-2.0711223917404,-1.01261904872916,2.65053033918742,2.62003591926301,1
8541,122,8541,8544,750.234375,748.15625,52.234375,50.15625,774.984375,775.9375,76.984375,77.9375,2.24065104341517,2.64807528261467,1.15617934297472,-0.946743925983028,-1.08447170044045,2.68836609858188,2.51034750815725,1
8542,123,8542,8545,744.6875,744.4375,46.6875,46.4375,769.4375,772.21875,71.4375,74.21875,-1.63193275220388,-3.13058962683337,-2.68392021881506,-0.468533829610043,-1.05198746661118,2.66205579722333,2.56914204334508,1
8543,124,8543,8546,746.796875,748.828125,48.796875,50.828125,771.546875,776.609375,73.546875,78.609375,0.7796455308333,0.572058541892606,-0.184090247967647,3.12741512271263,-0.963735778800947,2.55535658082003,2.76409294755861,1
8544,125,8544,8547,749.109375,744.75,51.109375,46.75,773.859375,772.53125,75.859375,74.53125,2.96564182347383,-0.955055896384155,1.90872615008474,1.5397800660248,-1.05691567338909,2.49483596240895,2.73143367138154,1
8545,126,8545,8548,743.234375,748.96875,45.234375,50.96875,767.984375,776.75,69.984375,78.75,-2.06064828581366,0.526019117596361,3.1286433665538,3.06972873586019,-1.09389365481213,2.54370961826383,2.64558203410363,1
8546,127,8546,8549,745.328125,745.1875,47.328125,47.1875,770.078125,772.96875,72.078125,74.96875,-0.568551997540506,1.73909402685826,-1.59756173807352,-1.94579228500425,-1.02900974053302,2.59829899531707,2.6558765713295,1
8547,128,8547,8550,747.75,749.859375,49.75,51.859375,772.5,777.640625,74.5,79.640625,1.37271556721888,-0.387376165244207,0.363725276805864,2.14663823777661,-1.00899029041302,2.53401440302082,2.74018061374575,1
8548,129,8548,8551,750.015625,745.859375,52.015625,47.859375,774.765625,773.640625,76.765625,75.640625,-2.95751037864847,-1.76136784874825,2.25800879761333,0.847803882585105,-1.0676661309178,2.60917173133336,2.60634744492843,1
8549,130,8549,8552,744.09375,742,46.09375,44,768.84375,769.78125,70.84375,71.78125,-1.16275480590643,-0.100367444445333,-2.25193855812334,2.44541949462426,-1.08918375221691,2.54578693906959,2.64821461589309,1
8550,131,8550,8553,746.15625,746.234375,48.15625,48.234375,770.90625,774.015625,72.90625,76.015625,1.07334254260269,0.873794002473037,0.057949838357556,-2.80940874492154,-1.01539270424513,2.59998255978501,2.66781004314944,1
8551,132,8551,8554,748.5625,750.3125,50.5625,52.3125,773.3125,778.09375,75.3125,80.09375,-2.88008793223713,1.88692933612161,2.32959229993329,-1.78701966216339,-1.07350507500917,2.60923630889458,2.60044392327583,1
8552,133,8552,8555,750.484375,746.8125,52.484375,48.8125,775.234375,774.59375,77.234375,76.59375,-1.03099688854059,-2.93235069223924,-2.08185494473695,-0.259560414865982,-1.05085805619636,2.67279027737326,2.55953697360997,1
8553,134,8553,8556,744.921875,751.046875,46.921875,53.046875,769.671875,778.828125,71.671875,80.828125,1.30535414247245,0.190272102374222,0.321470796705366,2.74407951790259,-0.98388334576708,2.55380741552837,2.74549454588414,1
8554,135,8554,8557,747.0625,747.125,49.0625,49.125,771.8125,774.90625,73.8125,76.90625,3.135622993385,-1.95469504620758,2.06184228129053,0.638726582646857,-1.07378071209447,2.59342162885444,2.61598296623068,1
8555,136,8555,8558,749.09375,743.21875,51.09375,45.21875,773.84375,771,75.84375,73,-1.51740469923223,-0.908813642338287,-2.63280851254376,1.59351841387355,-1.11540381331154,2.50233205621184,2.66544943765621,1
8556,137,8556,8559,743.171875,747.84375,45.171875,49.84375,767.921875,775.625,69.921875,77.625,0.467323736365608,-0.417299072113623,-0.581738622203656,2.14169305796417,-1.04906235856926,2.5589921300778,2.67513081853252,1
8557,138,8557,8560,745.328125,743.828125,47.328125,45.828125,770.078125,771.609375,72.078125,73.609375,2.15550264144006,0.654789039769161,1.07335654445097,-3.06700077922918,-1.08214609698909,2.56139548818124,2.63964372200925,1
8558,139,8558,8561,748,748.078125,50,50.078125,772.75,775.859375,74.75,77.859375,-2.54014288955349,1.31715562025593,2.70495843195298,-2.33588775580219,-1.03808398567311,2.63014193112147,2.614959390385,1
8559,140,8559,8562,750.0625,744.359375,52.0625,46.359375,774.8125,772.140625,76.8125,74.140625,-0.779414298168763,-0.89586433153078,-1.77694897577969,1.59226641027269,-0.99753467761093,2.48813074180348,2.79751988776518,1
8560,141,8560,8563,744.28125,748.578125,46.28125,50.578125,769.03125,776.359375,71.03125,78.359375,1.26468297689601,-2.05079260677757,0.232007442817791,0.549370025104017,-1.03267553407821,2.60016263188158,2.65034714121979,1
8561,142,8561,8564,746.40625,744.890625,48.40625,46.890625,771.15625,772.671875,73.15625,74.671875,2.80491841424475,-0.367154279528468,1.71190215063597,2.1820499839197,-1.09301626360878,2.54920426344817,2.64096478012264,1
8562,143,8562,8565,748.609375,749.09375,50.609375,51.09375,773.359375,776.875,75.359375,78.875,-1.42890101743281,-2.76574744036391,-2.50420537824939,-0.114781292906409,-1.07530436081658,2.6509661474575,2.55691479890551,1
8563,144,8563,8566,742.828125,745.125,44.828125,47.125,767.578125,772.90625,69.578125,74.90625,0.0650429384664946,2.17480406945867,-0.938234394717969,-1.46723978330109,-1.00327733318446,2.64114145441983,2.6387665195753,1
8564,145,8564,8567,745.046875,749.765625,47.046875,51.765625,769.796875,777.546875,71.796875,79.546875,2.00524391735583,-0.459218573591453,1.01250018470971,2.10343945203356,-0.992743732646127,2.56265802562501,2.72778354890845,1
8565,146,8565,8568,747.1875,745.8125,49.1875,47.8125,771.9375,773.59375,73.9375,75.59375,-2.21741088740506,-2.57433484279542,2.965302014377,0.0647201326607966,-1.10047240539753,2.63905497545621,2.54365792632585,1
8566,147,8566,8569,749.40625,750.046875,51.40625,52.046875,774.15625,777.828125,76.15625,79.828125,-0.260301529107637,0.786202350820449,-1.23457830519359,-2.93662576007014,-0.974276776085948,2.560357196289,2.74855133480464,1
8567,148,8567,8570,743.84375,746.171875,45.84375,48.171875,768.59375,773.953125,70.59375,75.953125,1.71667627864178,-0.387959728984749,0.695963862612456,2.11827860821468,-1.02071241602933,2.50623833719943,2.75623455395083,1
8568,149,8568,8571,745.953125,750.34375,47.953125,52.34375,770.703125,778.125,72.703125,80.125,-3.03425020040515,0.171417943524688,2.18062121175424,2.67756118503463,-1.06831389502019,2.50614324150995,2.70872817064945,1
8569,150,8569,8572,748.078125,746.609375,50.078125,48.609375,772.828125,774.390625,74.828125,76.390625,-1.61717475719089,0.657512658608704,-2.69237993816361,-3.09300487259539,-1.07520518097272,2.53266777597549,2.67531235023138,1
8570,151,8570,8573,750.328125,743.140625,52.328125,45.140625,775.078125,770.921875,77.078125,72.921875,0.273592989694092,1.09912793137592,-0.747627062091694,-2.56066091145024,-1.02122005178579,2.62339646435342,2.63856879104038,1
8571,152,8571,8574,744.234375,747.296875,46.234375,49.296875,768.984375,775.078125,70.984375,77.078125,1.82724791014544,1.67603795354122,0.819544688399269,-1.94786261319759,-1.00770322174617,2.65928474044078,2.61619734499264,1
8572,153,8572,8575,746.90625,743.6875,48.90625,45.6875,771.65625,771.46875,73.65625,73.46875,-2.66167605996916,1.37328042141437,2.55771786713618,-2.26497636400488,-1.06379138007425,2.64492852176033,2.57446540534501,1
8573,154,8573,8576,748.953125,748.0625,50.953125,50.0625,773.703125,775.84375,75.703125,77.84375,-1.20252866730456,-1.98124773009364,-2.24822575259561,0.661486394113609,-1.04569708529105,2.64273412420725,2.59475409768128,1
8574,155,8574,8577,743.140625,744.09375,45.140625,46.09375,767.890625,771.875,69.890625,73.875,0.719026972847907,1.42365617583229,-0.292488072211609,-2.21890908004121,-1.01151504505952,2.64062005130609,2.63105021081398,1
8575,156,8575,8578,745.125,748.265625,47.125,50.265625,769.875,776.046875,71.875,78.046875,2.03938948199588,1.86546251642075,1.01932110428275,-1.81852703476951,-1.02006837771313,2.59919575598932,2.66392117347714,1
8576,157,8576,8579,747.5,744.96875,49.5,46.96875,772.25,772.75,74.25,74.75,-2.92735318034556,1.87174740309889,2.27061555048511,-1.73968841411475,-1.08521657634892,2.67174948996595,2.52621924086472,1
8577,158,8577,8580,749.96875,749.1875,51.96875,51.1875,774.71875,776.96875,76.71875,78.96875,-2.27010871477246,-2.14112847616178,2.94998648010323,0.512149666729508,-1.0630901123039,2.65327814289128,2.56681705198441,1
8578,159,8578,8581,744.09375,745.1875,46.09375,47.1875,768.84375,772.96875,70.84375,74.96875,-0.704683906975301,1.74810519162829,-1.70129351881562,-1.91373585808811,-0.996609611840323,2.62134425746319,2.66523143787608,1
8579,160,8579,8582,746.28125,749.875,48.28125,51.875,771.03125,777.65625,73.03125,79.65625,0.236803713520446,-1.5379025417106,-0.795630973037044,1.08327888067554,-1.03243468655749,2.62118142238614,2.62956919823595,1
8580,161,8580,8583,748.3125,745.890625,50.3125,47.890625,773.0625,773.671875,75.0625,75.671875,1.03685490278092,2.80932953074442,0.0508674943402064,-0.788449090555303,-0.985987408440713,2.68540668587987,2.61179121285901,1
8581,162,8581,8584,750.84375,750.046875,52.84375,52.046875,775.59375,777.828125,77.59375,79.828125,1.91909666913615,-2.77121236609957,0.895015300045346,-0.112524090712296,-1.0240813690908,2.65868827538727,2.60041566270151,1
8582,163,8582,8585,745.0625,746.671875,47.0625,48.671875,769.8125,774.453125,71.8125,76.453125,2.94659980747847,0.0629540613098692,1.83301334491222,2.63678728033186,-1.11358646256625,2.57383321902199,2.59576562559135,1
8583,164,8583,8586,747.1875,750.65625,49.1875,52.65625,771.9375,778.4375,73.9375,80.4375,-2.16474916760393,-2.62290219533096,2.99397087785296,0.00386994874599811,-1.12446526172269,2.62677214407696,2.53194790137993,1
8584,165,8584,8587,749.15625,746.890625,51.15625,48.890625,773.90625,774.671875,75.90625,76.671875,-0.827280090461919,-2.55727161756812,-1.80353499822479,0.0676112081241357,-0.976254907762866,2.62488282569225,2.68204757372447,1
8585,166,8585,8588,743.890625,743.140625,45.890625,45.140625,768.640625,770.921875,70.640625,72.921875,0.849402506476657,-2.30685194810146,-0.10046021458611,0.337874079457075,-0.949862721062767,2.64472602755853,2.68859655855829,1
8586,167,8586,8589,745.890625,747.4375,47.890625,49.4375,770.640625,775.21875,72.640625,77.21875,1.91212859410071,-2.10961685939135,0.944661847202907,0.497721395850741,-0.9674667468978,2.60733825524209,2.70838030503969,1
8587,168,8587,8590,748.09375,743.828125,50.09375,45.828125,772.84375,771.609375,74.84375,73.609375,3.03534169863682,-1.76756652113369,1.96280979904938,0.835222267179785,-1.07253189958744,2.60278878831347,2.60786461927867,1
8588,169,8588,8591,750.1875,748,52.1875,50,774.9375,775.78125,76.9375,77.78125,-1.68779076302892,-1.65180114562346,-2.81746910028051,0.969273470869446,-1.12967833725159,2.62107461649291,2.53243235343509,1
8589,170,8589,8592,744.71875,744.21875,46.71875,46.21875,769.46875,772,71.46875,74,-0.291607328391153,-1.5634956835783,-1.29834334199314,0.973987430979325,-1.00673601360198,2.53748311455762,2.73896617901998,1
8590,171,8590,8593,746.828125,748.71875,48.828125,50.71875,771.578125,776.5,73.578125,78.5,1.01762566152403,-2.083932981714,0.0923426139728839,0.562756635485229,-0.925283047551146,2.64668961719923,2.71121264242921,1
8591,172,8591,8594,749.078125,745.109375,51.078125,47.109375,773.828125,772.890625,75.828125,74.890625,2.23557400238769,0.990989445856802,1.17519808521702,-2.6766498027108,-1.06037591717067,2.61554605861199,2.60726333139693,1
8592,173,8592,8595,743.171875,749.125,45.171875,51.125,767.921875,776.90625,69.921875,78.90625,-3.06506511973956,-1.75063517882592,2.16378475970469,0.847139814888376,-1.05433542773534,2.5977749937143,2.63107488572995,1
8593,174,8593,8596,745.46875,745.203125,47.46875,47.203125,770.21875,772.984375,72.21875,74.984375,-2.10969670688229,-1.66267261312089,3.05354600869693,0.88418397107919,-1.11994259160037,2.54685658420008,2.61638613137914,1
8594,175,8594,8597,747.84375,749.640625,49.84375,51.640625,772.59375,777.421875,74.59375,79.421875,-1.22448805270288,-1.29815654099219,-2.28628201084239,1.26660006190979,-1.0617939581395,2.56475660290198,2.6566347461381,1
8595,176,8595,8598,750.03125,746.046875,52.03125,48.046875,774.78125,773.828125,76.78125,75.828125,-0.0708930135857188,-1.25743956494411,-1.068246768347,1.30597054914185,-0.997353754761281,2.56341011408596,2.72242143833234,1
8596,177,8596,8599,744.1875,750.15625,46.1875,52.15625,768.9375,777.9375,70.9375,79.9375,1.34746716221715,-0.733279610330153,0.323876419377854,1.78002456904894,-1.0235907428393,2.51330417937909,2.7462903849612,1
8597,178,8597,8600,746.375,746.90625,48.375,48.90625,771.125,774.6875,73.125,76.6875,2.49633706345691,1.73488923266445,1.42567331749354,-1.89805831179784,-1.07066374596337,2.65023776271729,2.56228379849892,1
8598,179,8598,8601,748.84375,750.90625,50.84375,52.90625,773.59375,778.6875,75.59375,80.6875,-3.13105998813475,-0.538157196451576,2.07857253217523,2.02966228496695,-1.07355278686961,2.56781948141853,2.64181303889145,1
8599,180,8599,8602,743.0625,747.34375,45.0625,49.34375,767.8125,775.125,69.8125,77.125,-2.29476584770382,2.53349406365181,2.9505429309737,-1.05361569104615,-1.03787652850207,2.69607555248163,2.54923322619589,1
8600,181,8600,8603,745.125,743.203125,47.125,45.203125,769.875,770.984375,71.875,72.984375,-1.22266092249799,0.0939602869532593,-2.31095042490562,2.5892316863776,-1.08828950240763,2.49527139942434,2.69962440534762,1
8601,182,8601,8604,747.46875,748,49.46875,50,772.21875,775.78125,74.21875,77.78125,-0.0597464455542566,-3.06278274023897,-1.03785430853186,-0.353331629071622,-0.978107862977602,2.70945111116735,2.59562633303464,1
8602,183,8602,8605,749.796875,744.140625,51.796875,46.140625,774.546875,771.921875,76.546875,73.921875,1.41979377989268,-3.09377314079486,0.428741605366585,-0.418012858709355,-0.991052174526096,2.6757602820855,2.61637285056799,1
8603,184,8603,8606,743.828125,748.125,45.828125,50.125,768.578125,775.90625,70.578125,77.90625,3.02061424556025,0.458467501718258,1.95999195067592,2.99790448954442,-1.06062229488433,2.53943698782616,2.68312602446909,1
8604,185,8604,8607,746.09375,744.25,48.09375,46.25,770.84375,772.03125,72.84375,74.03125,-1.74212551510168,0.57638580298308,-2.88685517997028,3.06950025005781,-1.14472966486859,2.49311444707473,2.64534119523626,1
8605,186,8605,8608,748.1875,748.65625,50.1875,50.65625,772.9375,776.4375,74.9375,78.4375,-1.3541727035426,0.67183100746848,-2.48550792390493,-3.08967157737287,-1.13133522036233,2.52168272233824,2.63016736447901,1
8606,187,8606,8609,750.515625,745.0625,52.515625,47.0625,775.265625,772.84375,77.265625,74.84375,-0.18435127266516,0.428499947661875,-1.1724130653132,2.9686525957084,-0.988061792648045,2.54015264804653,2.75497086648501,1
8607,188,8607,8610,744.890625,749.140625,46.890625,51.140625,769.640625,776.921875,71.640625,78.921875,0.953736227694726,0.886228812493335,-0.0113738836172841,-2.81497383034364,-0.96511011131201,2.58198266434261,2.73609253152497,1
8608,189,8608,8611,747.046875,745.71875,49.046875,47.71875,771.796875,773.5,73.796875,75.5,2.06453742334905,0.954592675706862,1.03189633915228,-2.70032972196884,-1.03264108419677,2.62826290950388,2.62228131347894,1
8609,190,8609,8612,749.25,750.078125,51.25,52.078125,774,777.859375,76,79.859375,-3.01372609959786,-2.80608029249803,2.1828795338321,-0.158960956887155,-1.08657967374963,2.64711933561088,2.54948629781908,1
8610,191,8610,8613,743.390625,746.328125,45.390625,48.328125,768.140625,774.109375,70.140625,76.109375,-1.78972036578263,-3.08377565768917,-2.88692174823648,-0.418115403927334,-1.09720138245385,2.66566025376184,2.5203236709639,1
8611,192,8611,8614,745.609375,742.4375,47.609375,44.4375,770.359375,770.21875,72.359375,72.21875,-0.820973008249583,1.16303766143711,-1.86072122386807,-2.55929728775523,-1.03974821561849,2.56085035798725,2.68258673357385,1
8612,193,8612,8615,748.03125,746.921875,50.03125,48.921875,772.78125,774.703125,74.78125,76.703125,0.0165145764004257,1.15381020053603,-0.996513646012248,-2.46434130310949,-1.01302822241267,2.66503380353407,2.60512328123284,1
8613,194,8613,8616,750.28125,751.078125,52.28125,53.078125,775.03125,778.859375,77.03125,80.859375,1.13277420599091,1.24616579206763,0.150315862459158,-2.43625277739216,-0.982458343531752,2.6007667377198,2.69996022592803,1
8614,195,8614,8617,744.203125,747.4375,46.203125,49.4375,768.953125,775.21875,70.953125,77.21875,2.25069779167235,-1.79324985868314,1.20960505530982,0.771388380532079,-1.04109273636254,2.56463823921522,2.67745433160183,1
8615,196,8615,8618,746.90625,743.4375,48.90625,45.4375,771.65625,771.21875,73.65625,73.21875,-2.76430361537551,2.08290495486067,2.43455391539124,-1.56445049438517,-1.08432777641283,2.63582985793374,2.56302767283301,1
8616,197,8616,8619,749.046875,748.046875,51.046875,50.046875,773.796875,775.828125,75.796875,77.828125,-1.82882932046611,1.7118071275603,-2.85000606634999,-1.89001221236221,-1.02117674588388,2.68136596725707,2.58064259403863,1
8617,198,8617,8620,743.15625,744.140625,45.15625,46.140625,767.90625,771.921875,69.90625,73.921875,-0.558475265882237,2.50751597370358,-1.58133197857538,-1.07811615680272,-1.02285671269314,2.69755317667329,2.56277541781315,1
8618,199,8618,8621,745.203125,748.40625,47.203125,50.40625,769.953125,776.1875,71.953125,78.1875,0.435734555770225,2.42784211795587,-0.498110733353278,-1.17831494255927,-0.933845289123503,2.67702824666444,2.67231177139164,1
8619,200,8619,8622,747.828125,744.8125,49.828125,46.8125,772.578125,772.59375,74.578125,74.59375,1.55304302802347,-1.00043573152783,0.564076282367425,1.53988851808301,-0.988966745656043,2.54032424961084,2.7538943119127,1
8620,201,8620,8623,749.828125,749.078125,51.828125,51.078125,774.578125,776.859375,76.578125,78.859375,2.26712846506405,-1.014878100314,1.24411399614129,1.53223969341835,-1.02301446892276,2.54711779373235,2.71305304452448,1
8621,202,8621,8624,744.125,745.1875,46.125,47.1875,768.875,772.96875,70.875,74.96875,-2.49151412376728,-3.08043934251736,2.68968710039497,-0.430871643416847,-1.10198408301734,2.64956769910052,2.53163352506173,1
8622,203,8622,8625,746.15625,749.640625,48.15625,51.640625,770.90625,777.421875,72.90625,79.421875,-1.50526155105614,3.07241119300565,-2.58179138854309,-0.554661551044254,-1.07652983748696,2.65611256312968,2.55054290656295,1
8623,204,8623,8626,748.640625,745.8125,50.640625,47.8125,773.390625,773.59375,75.390625,75.59375,-0.645830951125754,-2.63805697361494,-1.68436865508911,-0.0249539341786182,-1.03853770396335,2.61310303943632,2.63154456377991,1
8624,205,8624,8627,742.765625,750.09375,44.765625,52.09375,767.515625,777.875,69.515625,79.875,0.636310762210394,-0.280893086106383,-0.38428104154871,2.29211067412794,-1.0205918037591,2.57300376023432,2.68958974318616,1
8625,206,8625,8628,745.09375,746.296875,47.09375,48.296875,769.84375,774.078125,71.84375,76.078125,1.47404511834856,-2.92920694290519,0.483015826008327,-0.295071193680086,-0.991029292340232,2.6341357492251,2.65802026561425,1
8626,207,8626,8629,747.171875,750.765625,49.171875,52.765625,771.921875,778.546875,73.921875,80.546875,2.25690718135169,3.10653527660936,1.20598616317846,-0.4831397555247,-1.05092101817322,2.69351027504553,2.53875401396083,1
8627,208,8627,8630,749.8125,747.046875,51.8125,49.046875,774.5625,774.828125,76.5625,76.828125,-2.73336365588193,2.96441025249442,2.495652810324,-0.651632029182538,-1.05416884097365,2.66714302550263,2.56187344070331,1
8628,209,8628,8631,743.75,743.28125,45.75,45.28125,768.5,771.0625,70.5,73.0625,-1.97203570002788,-1.11915590501191,-2.95878500731621,1.37928011249207,-0.986749307288331,2.49843601750398,2.79799998238728,1
8629,210,8629,8632,746.078125,747.6875,48.078125,49.6875,770.828125,775.46875,72.828125,77.46875,-1.0316343584239,2.63426195864905,-2.11579836848435,-0.912655873431311,-1.08416401006044,2.73626747509922,2.46275382201992,1
8630,211,8630,8633,748.21875,744,50.21875,46,772.96875,771.78125,74.96875,73.78125,-0.552089308045979,2.95200534294986,-1.56584980358521,-0.61366854093737,-1.01376049553923,2.71751142329236,2.551913388348,1
8631,212,8631,8634,750.578125,748.03125,52.578125,50.03125,775.328125,775.8125,77.328125,77.8125,0.00208205213513599,3.07952371919722,-1.0123531530032,-0.538089175691438,-1.01443520513834,2.66557241229093,2.60317768975032,1
8632,213,8632,8635,744.90625,744.296875,46.90625,46.296875,769.65625,772.078125,71.65625,74.078125,0.578921092624644,-2.97203674343418,-0.406151004843759,-0.345716482702925,-0.985072097468403,2.62632026073125,2.67179294897993,1
8633,214,8633,8636,747.09375,748.578125,49.09375,50.578125,771.84375,776.359375,73.84375,78.359375,1.39247388183697,-2.86276723366225,0.385946123642567,-0.202293013241034,-1.0065277581944,2.66047422042122,2.61618332856397,1
8634,215,8634,8637,749.296875,745.046875,51.296875,47.046875,774.046875,772.828125,76.046875,74.828125,1.8823822484694,2.9436084084216,0.857864251557328,-0.646621664887755,-1.02451799691207,2.69295523387023,2.56571207639728,1
8635,216,8635,8638,743.625,749.125,45.625,51.125,768.375,776.90625,70.375,78.90625,2.60441460018846,-3.07249292865986,1.5766066169551,-0.39296245908023,-1.02780798323336,2.67953046957963,2.57584685436659,1
8636,217,8636,8639,745.953125,745.671875,47.953125,47.671875,770.703125,773.453125,72.703125,75.453125,-3.08041465520161,2.73264610040002,2.14862909660199,-0.830186233657921,-1.05414155537599,2.72035297312164,2.50869077868196,1
8637,218,8637,8640,748.0625,750.015625,50.0625,52.015625,772.8125,777.796875,74.8125,79.796875,-2.41857487625212,2.8525571335643,2.74922430758844,-0.708425981744631,-1.11538612333902,2.72220219187065,2.44559699196991,1
8638,219,8638,8641,750.28125,746.15625,52.28125,48.15625,775.03125,773.9375,77.03125,75.9375,-1.95994164269945,2.49829867174057,-3.03843944930023,-1.09465021320919,-1.07849780660078,2.69023642222982,2.51445107834899,1
8639,220,8639,8642,744.484375,750.3125,46.484375,52.3125,769.234375,778.09375,71.234375,80.09375,-1.72610154838341,2.80115742754592,-2.82107064037398,-0.860837616740169,-1.09496909199056,2.6211902628935,2.56702595229552,1
8640,221,8640,8643,746.90625,746.859375,48.90625,48.859375,771.65625,774.640625,73.65625,76.640625,-1.04539543645186,2.20104053898422,-2.09855012570504,-1.43929353399533,-1.05315468925318,2.64285123420004,2.58717938372637,1
8641,222,8641,8644,749.203125,743.03125,51.203125,45.03125,773.953125,770.8125,75.953125,72.8125,-0.553628116412718,2.86775974862306,-1.56342412844992,-0.717636109310329,-1.0097960120372,2.69778944924619,2.57559984589619,1
8642,223,8642,8645,743.28125,747.359375,45.28125,49.359375,768.03125,775.140625,70.03125,77.140625,0.335315254786311,2.53242369232671,-0.676538474312666,-1.07046562566239,-1.01185372909898,2.68029598919049,2.59103558889012,1
8643,224,8643,8646,745.875,743.75,47.875,45.75,770.625,771.53125,72.625,73.53125,0.901085063498027,2.48733157060478,-0.0414760206080018,-1.07016319900371,-0.942561084106029,2.7256905375711,2.61493368550245,1
8644,225,8644,8647,748.03125,748.109375,50.03125,50.109375,772.78125,775.890625,74.78125,77.890625,1.50304449595772,-1.46981440472171,0.489868374995716,1.10234324841982,-1.01317612096201,2.57215765314153,2.69785153307605,1
8645,226,8645,8648,750.171875,744.125,52.171875,46.125,774.921875,771.90625,76.921875,73.90625,1.85503487723683,2.0930599390799,0.832879942025102,-1.54178497620436,-1.02215493521173,2.64834039189532,2.61268998007253,1
8646,227,8646,8649,744.25,748.390625,46.25,50.390625,769,776.171875,71,78.171875,2.13304501750847,1.60914719201205,1.08033015486505,-2.0451091691674,-1.05271486264341,2.62892894600013,2.60154149853604,1
8647,228,8647,8650,746.71875,744.953125,48.71875,46.953125,771.46875,772.734375,73.46875,74.734375,2.30981229917224,-2.0523928758818,1.28442276328113,0.592668422298334,-1.02538953589112,2.64506129818013,2.61273447310834,1
8648,229,8648,8651,749.0625,749.0625,51.0625,51.0625,773.8125,776.84375,75.8125,78.84375,2.26754576173125,1.21096666608764,1.22823778271355,-2.44541993787879,-1.0393079790177,2.62679870321315,2.61707862494874,1
8649,230,8649,8652,743.203125,745.34375,45.203125,47.34375,767.953125,773.125,69.953125,75.125,2.36342915236382,-2.93561485279728,1.32053677190703,-0.293578404345403,-1.0428923804568,2.64203644845187,2.59825647827092,1
8650,231,8650,8653,745.53125,749.75,47.53125,51.75,770.28125,777.53125,72.28125,79.53125,2.98340686749015,0.284367182283887,1.87999110053708,2.83944264986434,-1.10341576695307,2.55507546758045,2.62469407264606,1
8651,232,8651,8654,748,745.953125,50,47.953125,772.75,773.734375,74.75,75.734375,-2.94510362193189,-0.162214621946079,2.31711165293482,2.39802171478144,-1.02097003231288,2.56023633672752,2.70197893813919,1
8652,233,8652,8655,750.03125,750.21875,52.03125,52.21875,774.78125,778,76.78125,80,-2.6372930366265,-0.459368736149825,2.56358372039766,2.06400691684016,-1.08230855015543,2.52337565298998,2.67750110403418,1
8653,234,8653,8656,744.171875,746.90625,46.171875,48.90625,768.921875,774.6875,70.921875,76.6875,-2.5201679228176,1.62637504343067,2.70081470865761,-1.97474160138942,-1.06220267570438,2.68206866235949,2.53891396911572,1
8654,235,8654,8657,746.828125,743.046875,48.828125,45.046875,771.578125,770.828125,73.578125,72.828125,-2.256421535824,-1.5420021484678,2.97577167558771,1.05238392138511,-1.05099209576788,2.5943860698529,2.6378071415588,1
8655,236,8655,8658,749.015625,747.125,51.015625,49.125,773.765625,774.90625,75.765625,76.90625,-1.9176312243759,-1.90006184067054,-2.9907265991647,0.714443432875988,-1.0730953747888,2.61450527354653,2.59558465884425,1
8656,237,8656,8659,751.125,743.25,53.125,45.25,775.875,771.03125,77.875,73.03125,-1.49532673340548,-2.61359857622131,-2.56153309181446,-0.0214915668687377,-1.06620635840898,2.59210700935257,2.62487193941803,1
8657,238,8657,8660,745.359375,748.015625,47.359375,50.015625,770.109375,775.796875,72.109375,77.796875,-1.23780136710553,2.95722213730603,-2.34222415356227,-0.652863775637427,-1.10442278645673,2.67309939423613,2.50566312648672,1
8658,239,8658,8661,747.78125,744.03125,49.78125,46.03125,772.53125,771.8125,74.53125,73.8125,-1.13823412376808,2.25989736649439,-2.20736608440255,-1.34768346325051,-1.06913196063447,2.67560447743468,2.53844886911043,1
8659,240,8659,8662,750.046875,748.359375,52.046875,50.359375,774.796875,776.140625,76.796875,78.140625,-1.05686046680293,1.37112484929773,-2.0479940240245,-2.32625408564371,-0.991133557221568,2.58580637223814,2.70624537771987,1
8660,241,8660,8663,744.234375,744.78125,46.234375,46.78125,768.984375,772.5625,70.984375,74.5625,-0.456434808415707,0.544648547927201,-1.50819653800426,3.11103474552005,-1.05176172958856,2.56638619759284,2.66503737999819,1
8661,242,8661,8664,746.484375,749.0625,48.484375,51.0625,771.234375,776.84375,73.234375,78.84375,-0.300198164491864,-0.142564893038572,-1.31097635039188,2.38288480090632,-1.01077818590002,2.52544969394489,2.74695742733468,1
8662,243,8662,8665,748.90625,745.28125,50.90625,47.28125,773.65625,773.0625,75.65625,75.0625,-0.36214317822462,-0.90028621890183,-1.3183531514006,1.60038422860346,-0.956209973175975,2.50067044750529,2.82630488649832,1
8663,244,8663,8666,743.234375,749.796875,45.234375,51.796875,767.984375,777.578125,69.984375,79.578125,0.104370087498235,0.703071151922365,-0.925116617977347,-3.03353532772503,-1.02948670547558,2.54657882753219,2.70711977417181,1
8664,245,8664,8667,745.28125,746.0625,47.28125,48.0625,770.03125,773.84375,72.03125,75.84375,0.353727322773532,-3.11143288325038,-0.59189797041457,-0.457136774990007,-0.945625293188102,2.65429610826038,2.68326390573111,1
8665,246,8665,8668,747.78125,750.28125,49.78125,52.28125,772.53125,778.0625,74.53125,80.0625,-0.0246239641297507,2.32159606019114,-1.01836516904264,-1.30376567698213,-0.99374120491289,2.65782357000632,2.63162053226038,1
8666,247,8666,8669,750.078125,746.75,52.078125,48.75,774.828125,774.53125,76.828125,76.53125,-0.258280563981996,1.1821022707908,-1.26459787819369,-2.49607663983475,-1.00631731421169,2.60500639655404,2.67186159641385,1
8667,248,8667,8670,744.28125,751.109375,46.28125,53.109375,769.03125,778.890625,71.03125,80.890625,-0.623447658737309,2.93526147310062,-1.67361866266351,-0.701677518859319,-1.0501710039262,2.64624631521965,2.58676798803374,1
8668,249,8668,8671,746.40625,747.3125,48.40625,49.3125,771.15625,775.09375,73.15625,77.09375,-0.851230167253699,-0.614777116756347,-1.932743794016,1.92113176360363,-1.0815136267623,2.53590888035998,2.66576280005731,1
8669,250,8669,8672,748.921875,744.03125,50.921875,46.03125,773.671875,771.8125,75.671875,73.8125,-1.18638675199157,0.876790031064811,-2.15823581131388,-2.76838851562389,-0.971849059322313,2.63800676049088,2.67332948736639,1
8670,251,8670,8673,743.140625,748.03125,45.140625,50.03125,767.890625,775.8125,69.890625,77.8125,-0.903205186556356,-2.39986942757439,-1.95134293759164,0.237404467195181,-1.04813775103528,2.63727389476957,2.59777366137474,1
8671,252,8671,8674,745.5,744.203125,47.5,46.203125,770.25,771.984375,72.25,73.984375,-0.609227790875333,-2.47329404040759,-1.60291178698134,0.107837551598503,-0.993683996106003,2.58113159200609,2.70836971906749,1
8672,253,8672,8675,747.796875,748.734375,49.796875,50.734375,772.546875,776.515625,74.546875,78.515625,-0.128984388920646,3.0489244976802,-1.10547570874796,-0.57999459702887,-0.976491319827313,2.65426621247052,2.65242777488175,1
8673,254,8673,8676,750.03125,745,52.03125,47,774.78125,772.78125,76.78125,74.78125,0.0114827627988525,2.14801063656241,-0.98441597779473,-1.50480266399734,-0.995898740593583,2.63037200661984,2.65691455996617,1
8674,255,8674,8677,744.25,749.1875,46.25,51.1875,769,776.96875,71,78.96875,0.381928298527496,1.85097865716394,-0.622514220067737,-1.79689018785684,-1.00444251859523,2.6353164621588,2.64342632642555,1
8675,0,8675,8678,746.828125,746,48.828125,48,771.578125,773.78125,73.578125,75.78125,0.184345905522259,-2.82631959175845,-0.807564341737167,-0.164435392382828,-0.991910247259425,2.66188419937562,2.62939086054454,1
8676,1,8676,8679,748.875,750.109375,50.875,52.109375,773.625,777.890625,75.625,79.890625,0.281187531053425,-0.521052857630279,-0.669397643995781,2.03683107210338,-0.950585175049206,2.55788392973366,2.77471620239672,1
8677,2,8677,8680,743.234375,746.453125,45.234375,48.453125,767.984375,774.234375,69.984375,76.234375,0.265793989312047,1.30635632551951,-0.771487747650502,-2.36685922578681,-1.03728173696255,2.60996975587327,2.63593381434376,1
8678,3,8678,8681,745.359375,742.5625,47.359375,44.5625,770.109375,770.34375,72.109375,72.34375,0.263284701681049,-1.82482256430195,-0.706696740211454,0.730695998936683,-0.969981441892502,2.55551856323863,2.75768530204845,1
8679,4,8679,8682,747.828125,747.03125,49.828125,49.03125,772.578125,774.8125,74.578125,76.8125,0.181713046809535,-2.8199230497576,-0.825160842973837,-0.145172926274881,-1.00687388978337,2.67475012348272,2.6015612939135,1
8680,5,8680,8683,750.015625,743.125,52.015625,45.125,774.765625,770.90625,76.765625,72.90625,0.198541034721163,2.82605090873433,-0.750518577942729,-0.791571521971613,-0.949059612663892,2.66556287647365,2.66856281804205,1
8681,6,8681,8684,744.328125,747.59375,46.328125,49.59375,769.078125,775.375,71.078125,77.375,0.284828912803558,1.96577620653684,-0.725334459817625,-1.65624364139213,-1.01016337262118,2.66116545925062,2.61185647530779,1
8682,7,8682,8685,746.5625,743.96875,48.5625,45.96875,771.3125,771.75,73.3125,73.75,0.0959271941408724,1.49744256270007,-0.89091597601422,-2.16939641457466,-0.986843170155093,2.61634632990486,2.67999580711963,1
8683,8,8683,8686,749.046875,748.078125,51.046875,50.078125,773.796875,775.859375,75.796875,77.859375,0.386017797567927,0.809808533065185,-0.595677251416259,-2.90500752861025,-0.981695048984186,2.56836924550415,2.73312101269125,1
8684,9,8684,8687,743.15625,744.4375,45.15625,46.4375,767.90625,772.21875,69.90625,74.21875,-0.046245100436341,-0.165245340500497,-1.07066600529443,2.32879731687038,-1.02442090485809,2.49404265737088,2.76472174495062,1
8685,10,8685,8688,745.375,749,47.375,51,770.125,776.78125,72.125,78.78125,-0.261261357303655,-0.56024945593761,-1.28143868168979,2.00963952677591,-1.02017732438613,2.56988898271352,2.69311900007994,1
8686,11,8686,8689,747.890625,745.046875,49.890625,47.046875,772.640625,772.828125,74.640625,74.828125,-0.661576963109627,-1.10514759846671,-1.65820349096842,1.41386394633942,-0.996626527858792,2.51901154480613,2.76754723451466,1
8687,12,8687,8690,750.078125,749.515625,52.078125,51.515625,774.828125,777.296875,76.828125,79.296875,-1.03662976956836,-1.8205494369865,-2.10218330799896,0.776895201889009,-1.0655535384306,2.59744463887551,2.62018712987347,1
8688,13,8688,8691,744.109375,745.890625,46.109375,47.890625,768.859375,773.671875,70.859375,75.671875,-1.02261434895109,0.541698225276223,-2.03804890555388,3.09073751126965,-1.01543455660279,2.54903928599343,2.71871146458337,1
8689,14,8689,8692,746.703125,750.078125,48.703125,52.078125,771.453125,777.859375,73.453125,79.859375,-0.873288324668915,-2.29419315167695,-1.87956272820781,0.35841427807949,-1.0062744035389,2.65260742975644,2.62430347388425,1
8690,15,8690,8693,748.8125,746.234375,50.8125,48.234375,773.5625,774.015625,75.5625,76.015625,-0.961703455419165,-2.85837277975786,-1.99114612264724,-0.233990844354329,-1.02944266722808,2.62438193540353,2.62936070454798,1
8691,16,8691,8694,743.109375,750.90625,45.109375,52.90625,767.859375,778.6875,69.859375,80.6875,-1.02358920137251,-0.387613944998672,-2.09643084989746,2.14344562571756,-1.07284164852494,2.53105957071623,2.67928408793841,1
8692,17,8692,8695,745.25,747.078125,47.25,49.078125,770,774.859375,72,76.859375,-1.02246569479867,2.59328534781399,-2.09408843317834,-0.987060600019592,-1.07162273837966,2.70283935934601,2.50872320945391,1
8693,18,8693,8696,747.859375,743.234375,49.859375,45.234375,772.609375,771.015625,74.609375,73.015625,-1.58772860226982,1.82491392425793,-2.67233033551417,-1.81829772240447,-1.08460173324435,2.63997366051719,2.55860991341805,1
8694,19,8694,8697,750.09375,739.703125,52.09375,41.703125,774.84375,767.484375,76.84375,69.484375,-2.12997475107097,2.58261097733227,3.08883025462783,-0.996013981289391,-1.06438030148079,2.70456034855793,2.51424465714087,1
8695,20,8695,8698,744.15625,743.78125,46.15625,45.78125,768.90625,771.5625,70.90625,73.5625,-2.56151754755304,2.27415149219816,2.59048562557984,-1.37216509770511,-1.13118213404672,2.63686871727632,2.51513445585656,1
8696,21,8696,8699,746.890625,748,48.890625,50,771.640625,775.78125,73.640625,77.78125,-2.87035147653666,2.23565229945094,2.3280910113557,-1.39831059368513,-1.08474281928723,2.64922241404352,2.54922007384884,1
8697,22,8697,8700,749.0625,744.375,51.0625,46.375,773.8125,772.15625,75.8125,74.15625,-2.62034519103701,2.5182567980164,2.58749437636458,-1.1337002693169,-1.07534573977799,2.63122823984628,2.57661132755531,1
8698,23,8698,8701,743.234375,748.640625,45.234375,50.640625,767.984375,776.421875,69.984375,78.421875,-2.80889140491726,2.09026088140944,2.38980835971201,-1.53835751086453,-1.08448554255032,2.65456691490562,2.54413284972365,1
8699,24,8699,8702,745.46875,744.953125,47.46875,46.953125,770.21875,772.734375,72.21875,74.734375,2.708935055344,1.31961270822765,1.64412725869426,-2.33619614594607,-1.06480779664974,2.62737645300587,2.59100105752398,1
8700,25,8700,8703,748,749.28125,50,51.28125,772.75,777.0625,74.75,79.0625,2.55544991005157,0.902645824912476,1.53281916362835,-2.792821273461,-1.02263074642322,2.58771820880611,2.67283635195025,1
8701,26,8701,8704,750.09375,745.40625,52.09375,47.40625,774.84375,773.1875,76.84375,75.1875,2.17115883118961,0.634489196461593,1.09133487765206,3.11851814315541,-1.07982395353754,2.48402894669382,2.71933240694822,1
8702,27,8702,8705,744.3125,750.046875,46.3125,52.046875,769.0625,777.828125,71.0625,79.828125,1.63223648303367,0.228333689933793,0.586148129276185,2.78376492062845,-1.04608835375748,2.55543123069465,2.68166572272745,1
8703,28,8703,8706,746.8125,746.296875,48.8125,48.296875,771.5625,774.078125,73.5625,76.078125,0.827849117710611,-0.421610368716547,-0.132154422334566,2.10599445081813,-0.960003540045177,2.52760481953468,2.79557694759973,1
8704,29,8704,8707,749.15625,742.484375,51.15625,44.484375,773.90625,770.265625,75.90625,72.265625,0.522743697921029,-1.15346996256301,-0.468427748732288,1.36996859330042,-0.991171446653317,2.52343855586343,2.76857530466284,1
8705,30,8705,8708,743.5,747.015625,45.5,49.015625,768.25,774.796875,70.25,76.796875,-0.125086532994135,-1.84403873182239,-1.18067928504269,0.765355622512589,-1.05559275204855,2.60939435433498,2.61819820079606,1
8706,31,8706,8709,745.734375,743.125,47.734375,45.125,770.484375,770.90625,72.484375,72.90625,-0.954081133041146,-2.54839575642593,-1.96456214637763,0.0375979754027147,-1.01048101333648,2.58599373182865,2.68671056201445,1
8707,32,8707,8710,748,747.609375,50,49.609375,772.75,775.390625,74.75,77.390625,-1.27999637399077,-3.12237887440445,-2.26975109224061,-0.454373330878164,-0.989754718249837,2.66800554352628,2.62542504540346,1
8708,33,8708,8711,750.40625,744.046875,52.40625,46.046875,775.15625,771.828125,77.15625,73.828125,-2.10347538426092,-1.5065328276451,-3.09463251615262,1.04984610802641,-0.991157131891698,2.55637893567152,2.73564923961637,1
8709,34,8709,8712,744.875,748.078125,46.875,50.078125,769.625,775.859375,71.625,77.859375,-2.67407001949559,1.42129603124448,2.53078609884669,-2.22213787741355,-1.07832918883731,2.63975139852155,2.56510471982072,1
8710,35,8710,8713,747.09375,744.625,49.09375,46.625,771.84375,772.40625,73.84375,74.40625,2.54100208760902,0.903478683481136,1.53376559010245,-2.76498782422998,-1.00723649750657,2.61471879946847,2.66123001020454,1
8711,36,8711,8714,749.234375,748.90625,51.234375,50.90625,773.984375,776.6875,75.984375,78.6875,1.72689245122496,0.352088443382985,0.694312893581518,2.90664301728365,-1.03257955764345,2.55455457390066,2.69605117563547,1
8712,37,8712,8715,743.796875,745.09375,45.796875,47.09375,768.546875,772.875,70.546875,74.875,1.10436289303586,-0.458113318651911,0.0785388086682007,2.08786743232449,-1.02582408436766,2.5459807509764,2.71138047183553,1
8713,38,8713,8716,746.0625,749.4375,48.0625,51.4375,770.8125,777.21875,72.8125,79.21875,-0.124636221150778,-1.433640778855,-1.12057327351451,1.1292807404754,-0.995937052363732,2.56292151933039,2.72432673548546,1
8714,39,8714,8717,748.203125,745.96875,50.203125,47.96875,772.953125,773.75,74.953125,75.75,-1.10610241021173,-2.08896978193335,-2.17719075827665,0.58364624423122,-1.07108834806492,2.67261602616457,2.5394809329501,1
8715,40,8715,8718,750.53125,750.078125,52.53125,52.078125,775.28125,777.859375,77.28125,79.859375,-1.81404857535132,-2.01524603089382,-2.9112747072763,0.610221492963105,-1.09722613192498,2.62546752385693,2.56049165139768,1
8716,41,8716,8719,745.015625,746.359375,47.015625,48.359375,769.765625,774.140625,71.765625,76.140625,-2.44550749587936,-2.94745450580386,2.7367488708368,-0.297764987446847,-1.10092894046342,2.64968951835701,2.53256684835916,1
8717,42,8717,8720,747.1875,742.890625,49.1875,44.890625,771.9375,770.671875,73.9375,72.671875,-3.06168075438565,1.80471908670423,2.14674854748799,-1.83035136021287,-1.07475600530595,2.64811486026249,2.56031444161115,1
8718,43,8718,8721,749.625,747.125,51.625,49.125,774.375,774.90625,76.375,76.90625,2.56489448691453,0.844022959135015,1.52418749996762,-2.83973744028997,-1.04070698694691,2.5994249077546,2.64305341247808,1
8719,44,8719,8722,744.046875,743.203125,46.046875,45.203125,768.796875,770.984375,70.796875,72.984375,1.59724633829177,0.129724304598026,0.595790466353542,2.6531682645169,-1.00145587193823,2.52344395991887,2.75828547532249,1
8720,45,8720,8723,746.15625,747.734375,48.15625,49.734375,770.90625,775.515625,72.90625,77.515625,0.367565157499207,-1.03371955591163,-0.602692109544381,1.51969345595565,-0.970257267043588,2.55341301186728,2.75951502826872,1
8721,46,8721,8724,748.484375,744.0625,50.484375,46.0625,773.234375,771.84375,75.234375,73.84375,-0.740472166382551,-1.46312040381203,-1.80515816076737,1.12656916935353,-1.06468599438482,2.58968957316556,2.62880973962921,1
8722,47,8722,8725,751.015625,748.25,53.015625,50.25,775.765625,776.03125,77.765625,78.03125,-1.51706161776526,-2.93239891120768,-2.57548966935371,-0.2818637482803,-1.05842805158845,2.65053516292738,2.57422209266376,1
8723,48,8723,8726,745.09375,744.625,47.09375,46.625,769.84375,772.40625,71.84375,74.40625,-2.75652058077438,2.15059158406857,2.41410916378351,-1.49524352460891,-1.11255556262169,2.6373501985021,2.53327954605579,1
8724,49,8724,8727,747.59375,749.046875,49.59375,51.046875,772.34375,776.828125,74.34375,78.828125,3.02191684984582,0.858067171684964,2.01716508810972,-2.83233466717514,-1.00475176173609,2.59278346831948,2.68565007712401,1
8725,50,8725,8728,749.890625,745.34375,51.890625,47.34375,774.640625,773.125,76.640625,75.125,1.95312743728903,-0.514468295796711,0.907871782843243,2.01609523458961,-1.04525565444578,2.53056353038632,2.70736612234748,1
8726,51,8726,8729,744.234375,750.015625,46.234375,52.015625,768.984375,777.796875,70.984375,79.796875,1.21582306916959,0.882646749145439,0.20408960256983,-2.78109716020826,-1.01173346659976,2.61944139782589,2.65201044275394,1
8727,52,8727,8730,746.859375,746.078125,48.859375,48.078125,771.609375,773.859375,73.609375,75.859375,0.11491543409004,-2.09520674274676,-0.87114893488787,0.545291351528975,-0.98606436897791,2.64049809427573,2.65662284392594,1
8728,53,8728,8731,748.75,750.25,50.75,52.25,773.5,778.03125,75.5,80.03125,-0.95201897214886,3.10619851950377,-2.01890999247904,-0.525006357161389,-1.06689102033018,2.65198043051443,2.56431385633498,1
8729,54,8729,8732,743.125,746.921875,45.125,48.921875,767.875,774.703125,69.875,76.703125,-1.76377412215263,-1.67239519278531,-2.85613340603328,0.864915400480729,-1.09235928388064,2.53731059326604,2.6535154300329,1
8730,55,8730,8733,745.25,743.0625,47.25,45.0625,770,770.84375,72,72.84375,-2.42954920212793,0.6331324574366,2.71844325815764,-3.13348579703945,-1.13519284689402,2.51656705270354,2.63142540758203,1
8731,56,8731,8734,747.953125,747.234375,49.953125,49.234375,772.703125,775.015625,74.703125,77.015625,2.89283382072528,-0.840972012923731,1.88273130903728,1.6720959835345,-1.010102511688,2.51306799645823,2.76001479903336,1
8732,57,8732,8735,750.21875,744.0625,52.21875,46.0625,774.96875,771.84375,76.96875,73.84375,1.20297579490923,0.886215918284009,0.169192051471873,-2.80146639891456,-1.03378374343736,2.59550298998102,2.65389857376121,1
8733,58,8733,8736,744.65625,748.0625,46.65625,50.0625,769.40625,775.84375,71.40625,77.84375,-0.467593439973037,-2.80482786391836,-1.41466832931498,-0.171510195618288,-0.947074889341945,2.63331766830007,2.70279274953757,1
8734,59,8734,8737,747.046875,744.21875,49.046875,46.21875,771.796875,772,73.796875,74,-1.50311546661089,2.16398570333163,-2.50828874965643,-1.52506596189719,-1.00517328304554,2.59413364195077,2.68387838218328,1
8735,60,8735,8738,749.203125,748.875,51.203125,50.875,773.953125,776.65625,75.953125,78.65625,-2.42809791364567,1.423368524883,2.73324313217174,-2.21050093962783,-1.12184426136219,2.64931584266876,2.51202520314864,1
8736,61,8736,8739,743.515625,745.09375,45.515625,47.09375,768.265625,772.875,70.265625,74.875,2.76148676324,-0.468569894969466,1.72665132911906,2.06734805577171,-1.03483543412093,2.53591795074117,2.71243192231748,1
8737,62,8737,8740,745.9375,749.59375,47.9375,51.59375,770.6875,777.375,72.6875,79.375,1.97183503939612,1.29308152606992,0.977896305178872,-2.37461633194061,-0.993938734217247,2.61548744916906,2.67375912379328,1
8738,63,8738,8741,748.125,745.953125,50.125,47.953125,772.875,773.734375,74.875,75.734375,0.560796078319259,-0.281309587453824,-0.451854994213696,2.26058456957816,-1.01265107253295,2.54189415703198,2.72864007761465,1
8739,64,8739,8742,750.28125,750.171875,52.28125,52.171875,775.03125,777.953125,77.03125,79.953125,-0.856014115717667,-1.31659145972016,-1.91842223386604,1.21589820905467,-1.06240811814838,2.53248966877483,2.68828752025638,1
8740,65,8740,8743,744.90625,746.453125,46.90625,48.453125,769.65625,774.234375,71.65625,76.234375,-2.34403017708008,1.11501641942567,2.82762382640573,-2.55241723938227,-1.11153130369378,2.61575164837164,2.55590235511416,1
8741,66,8741,8744,747.140625,750.84375,49.140625,52.84375,771.890625,778.625,73.890625,80.625,2.00915568966136,-0.015878751051766,1.01045620249132,2.49540786983781,-0.998699487170038,2.51128662088957,2.77319919911998,1
8742,67,8742,8745,749.734375,747.09375,51.734375,49.09375,774.484375,774.875,76.484375,76.875,1.24078798021065,-1.70967423637576,0.256014001167999,0.886898528654053,-0.984773979042647,2.59657276502981,2.70183856310713,1
8743,68,8743,8746,744.0625,743.796875,46.0625,45.796875,768.8125,771.578125,70.8125,73.578125,-0.0087115011626342,-0.377773518441473,-1.01121443917789,2.18701305012252,-1.00250293801526,2.56478656856399,2.71589580060034,1
8744,69,8744,8747,746.21875,748.015625,48.21875,50.015625,770.96875,775.796875,72.96875,77.796875,-1.32525564033497,1.79895948522577,-2.41426055162502,-1.82698756207986,-1.08900491129005,2.65723825987397,2.53694213601557,1
8745,70,8745,8748,748.9375,744.265625,50.9375,46.265625,773.6875,772.046875,75.6875,74.046875,-2.92165498331314,-2.9515662631133,2.30047912824603,-0.339280788840134,-1.06105119562042,2.61228547427316,2.60984863728601,1
8746,71,8746,8749,743.078125,748.640625,45.078125,50.640625,767.828125,776.421875,69.828125,78.421875,1.83231556017056,2.18860497340694,0.8131711514031,-1.44183732882484,-1.01914440876746,2.6527430049478,2.61129789346433,1
8747,72,8747,8750,745.296875,745.03125,47.296875,47.03125,770.046875,772.8125,72.046875,74.8125,-0.0703782596619311,-1.41750578219531,-1.03520516762332,1.15231058223654,-0.964826907961385,2.56981636443186,2.74854203478634,1
8748,73,8748,8751,747.640625,749.078125,49.640625,51.078125,772.390625,776.859375,74.390625,78.859375,-1.31855537847911,-2.74198931109452,-2.40959031050624,-0.0872758121378954,-1.09103493202713,2.65471349895662,2.53743687619583,1
8749,74,8749,8752,750.09375,745.90625,52.09375,47.90625,774.84375,773.6875,76.84375,75.6875,-2.49241121604613,-1.67592081928822,2.74040815054839,0.921539187975482,-1.05036594058507,2.5974600072637,2.63535935933082,1
8750,75,8750,8753,744.328125,749.90625,46.328125,51.90625,769.078125,777.6875,71.078125,79.6875,2.77283458589864,0.497505177525384,1.7021116390532,3.04876142851822,-1.07072294684544,2.55125625099283,2.66120610934131,1
8751,76,8751,8754,746.890625,746.265625,48.890625,48.265625,771.640625,774.046875,73.640625,76.046875,1.63462022749664,-0.281573365299866,0.651476610164815,2.21859246612887,-0.983143617331829,2.50016583142874,2.79987585841902,1
8752,77,8752,8755,749.15625,750.46875,51.15625,52.46875,773.90625,778.25,75.90625,80.25,-0.469293297753215,-1.73629574647544,-1.48398148178578,0.830597606375437,-1.01468818403257,2.56689335285088,2.70160377029614,1
8753,78,8753,8756,743.453125,746.921875,45.453125,48.921875,768.203125,774.703125,70.203125,76.703125,-1.91892545735016,-2.36666086275679,-2.93403462349396,0.250847561849447,-1.0151091661438,2.61750842460624,2.65056771642955,1
8754,79,8754,8757,746.015625,751.359375,48.015625,53.359375,770.765625,779.140625,72.765625,81.140625,-2.94705177079697,-1.45899832730885,2.25032268291658,1.11630939407921,-1.08581085346603,2.57530772138806,2.62206673232549,1
8755,80,8755,8758,748.171875,747.765625,50.171875,49.765625,772.921875,775.546875,74.921875,77.546875,1.82540915108784,1.00359890957733,0.784783780639823,-2.65482584913777,-1.04062537044801,2.62476054846448,2.61779938826709,1
8756,81,8756,8759,750.640625,744.078125,52.640625,46.078125,775.390625,771.859375,77.390625,73.859375,0.584057821385667,-1.37281898248895,-0.436421471457772,1.1652515393935,-1.02047929284344,2.53807052188245,2.7246354924537,1
8757,82,8757,8760,744.796875,748.34375,46.796875,50.34375,769.546875,776.125,71.546875,78.125,-0.982741260350782,-3.06386879343207,-2.04560087026236,-0.409203914636975,-1.06285960991158,2.6546648787951,2.56566081847291,1
8758,83,8758,8761,747.234375,745.109375,49.234375,47.109375,771.984375,772.890625,73.984375,74.890625,-2.25655653131338,-2.21548660028208,2.93152399635208,0.427326455353904,-1.09510477951413,2.64281305563598,2.54526747202948,1
8759,84,8759,8762,749.328125,749.15625,51.328125,51.15625,774.078125,776.9375,76.078125,78.9375,2.18802128253827,2.64227506744188,1.12545488561107,-0.949433938093582,-1.0625663969272,2.69147630164412,2.52914260860826,1
8760,85,8760,8763,744.03125,745.265625,46.03125,47.265625,768.78125,773.046875,70.78125,75.046875,0.693405884795421,-1.26296409821378,-0.327860241554779,1.25536910504642,-1.0212661263502,2.5183332032602,2.74358597756919,1
8761,86,8761,8764,746.15625,749.953125,48.15625,51.953125,770.90625,777.734375,72.90625,79.734375,-1.15842789662138,-2.6767269160064,-2.27080084525585,-0.0228489789022753,-1.11237294863447,2.65387793710412,2.51693442144099,1
8762,87,8762,8765,748.90625,746.078125,50.90625,48.078125,773.65625,773.859375,75.65625,75.859375,-2.90493015798606,2.21302077729829,2.30902390545294,-1.42452387965825,-1.06923124374059,2.64564065022304,2.56831341321595,1
8763,88,8763,8766,743.125,750.265625,45.125,52.265625,767.875,778.046875,69.875,80.046875,1.80241260288286,0.293479155392162,0.796680022227193,2.79513330417705,-1.00573258065567,2.50165414878489,2.77579857773903,1
8764,89,8764,8767,745.484375,746.90625,47.484375,48.90625,770.234375,774.6875,72.234375,76.6875,-0.0332774089111416,-0.72956487459272,-1.04188989418151,1.82005214927892,-1.00861248527037,2.54961702387164,2.72495579803757,1
8765,90,8765,8768,747.78125,743.078125,49.78125,45.078125,772.53125,770.859375,74.53125,72.859375,-1.98652441053427,-1.82016140383931,-3.02750972763532,0.775478587991795,-1.04098531710104,2.59563999183111,2.64655999824744,1
8766,91,8766,8769,750.140625,747.546875,52.140625,49.546875,774.890625,775.328125,76.890625,77.328125,2.59536181898061,2.91044932877304,1.53843031515708,-0.697131054675527,-1.05693150382353,2.67560492373102,2.55064887962504,1
8767,92,8767,8770,744.265625,744.03125,46.265625,46.03125,769.015625,771.8125,71.015625,73.8125,0.670204890634923,1.31129394393815,-0.278350870148611,-2.327853418342,-0.948555760783534,2.64403794489944,2.69059160149662,1
8768,93,8768,8771,746.90625,748.09375,48.90625,50.09375,771.65625,775.875,73.65625,77.875,-1.0693564972296,0.113771704627579,-2.12963081637746,2.65060068151846,-1.06027431914787,2.53682897689088,2.68608201114084,1
8769,94,8769,8772,749.265625,744.6875,51.265625,46.6875,774.015625,772.46875,76.015625,74.46875,3.0477126141081,1.16482292516075,1.95031142746747,-2.47658612313091,-1.09740118664062,2.64177625888793,2.54400786165104,1
8770,95,8770,8773,743.84375,749,45.84375,51,768.59375,776.78125,70.59375,78.78125,1.23311108594259,-2.63142843063088,0.240072003929196,0.0244628819419493,-0.993039082013394,2.65589131257283,2.63425491259336,1
8771,96,8771,8774,746.125,745.265625,48.125,47.265625,770.875,773.046875,72.875,75.046875,-0.306976641759869,-1.64342469639393,-1.28247883160245,0.89102379522571,-0.975502189842585,2.53444849161964,2.77323462571736,1
8772,97,8772,8775,748.203125,749.765625,50.203125,51.765625,772.953125,777.546875,74.953125,79.546875,-1.8434049109912,0.245673061993408,-2.97052417423172,2.7669049328391,-1.12711926324053,2.52123187084569,2.63483417309336,1
8773,98,8773,8776,742.875,746.125,44.875,48.125,767.625,773.90625,69.625,75.90625,2.17189705514929,1.23832840679639,1.16238944321705,-2.43342838651102,-1.00950761193224,2.61142851387218,2.66224918137516,1
8774,99,8774,8777,745.1875,750.234375,47.1875,52.234375,769.9375,778.015625,71.9375,80.015625,0.305681313950885,-2.89030356279816,-0.658149637903642,-0.264115697208762,-0.963830951854527,2.6261878655894,2.69316648973566,1
8775,100,8775,8778,747.46875,746.828125,49.46875,48.828125,772.21875,774.609375,74.21875,76.609375,-2.01909637164192,1.58346136228051,-3.07963046401435,-2.07557883049634,-1.06053409237243,2.62414511440274,2.59850610040442,1
8776,101,8776,8779,749.734375,751.203125,51.734375,53.203125,774.484375,778.984375,76.484375,80.984375,2.3164021395222,1.88159730021241,1.28228544783566,-1.80488940068235,-1.03411669168654,2.59669860628483,2.65237000920822,1
8777,102,8777,8780,744.15625,747.515625,46.15625,49.515625,768.90625,775.296875,70.90625,77.296875,0.597166018571075,-2.91676122753871,-0.412890069831533,-0.256596056275696,-1.01005608840261,2.66016517126301,2.61296404751397,1
8778,103,8778,8781,746.5,744.046875,48.5,46.046875,771.25,771.828125,73.25,73.828125,-1.61090956502111,1.60793848439458,-2.71157732900412,-2.03895107867848,-1.10066776398301,2.63629574410652,2.54622179909006,1
8779,104,8779,8782,749.15625,748.15625,51.15625,50.15625,773.90625,775.9375,75.90625,77.9375,2.426644606447,-0.815415927478365,1.36558359549771,1.70709154482305,-1.06106101094929,2.52250747230141,2.69961682392889,1
8780,105,8780,8783,743.390625,744.515625,45.390625,46.515625,768.140625,772.296875,70.140625,74.296875,-0.123781426301496,-2.41989422391321,-1.17936510190171,0.18797652189224,-1.05558367560021,2.60787074580545,2.61973088577392,1
8781,106,8781,8784,745.796875,749,47.796875,51,770.546875,776.78125,72.546875,78.78125,-2.2461410798481,1.77211369362758,2.92822139402184,-1.8311004478033,-1.10882283330964,2.67997116574871,2.49439130812124,1
8782,107,8782,8785,748.125,745.328125,50.125,47.328125,772.875,773.109375,74.875,75.109375,1.61085084557782,-0.539124332443643,0.652255749398186,1.98078734232021,-0.958595096179638,2.51991167476385,2.80467853623609,1
8783,108,8783,8786,750.34375,750,52.34375,52,775.09375,777.78125,77.09375,79.78125,-0.703929850317481,-0.475563045351888,-1.71883857333675,2.07103623173926,-1.01490872301927,2.54659927709115,2.72167730706917,1
8784,109,8784,8787,744.953125,746.078125,46.953125,48.078125,769.703125,773.859375,71.703125,75.859375,-2.79836315424717,1.16913225017703,2.38292293632392,-2.55156620243887,-1.1018992166085,2.56248685456369,2.6187992360074,1
8785,110,8785,8788,747.21875,750.375,49.21875,52.375,771.96875,778.15625,73.96875,80.15625,1.47021031557079,-1.00511775681429,0.475214502124379,1.48673657533699,-0.994995813446415,2.49185433215128,2.79633516158189,1
8786,111,8786,8789,749.53125,747.078125,51.53125,49.078125,774.28125,774.859375,76.28125,76.859375,-0.857215154777479,-3.10409754038796,-1.90310727586669,-0.412040287510789,-1.04589212108921,2.69205725287717,2.5452359332132,1
8787,112,8787,8790,744.09375,743.171875,46.09375,45.171875,768.84375,770.953125,70.84375,72.953125,3.08261114284802,1.0914502653174,2.01437069848402,-2.59510497276479,-1.068240444364,2.59663006909739,2.61831479371819,1
8788,113,8788,8791,746.34375,747.796875,48.34375,49.796875,771.09375,775.578125,73.09375,77.578125,0.746833299374764,-1.22170331594844,-0.235786643274484,1.32977801131317,-0.982619942649249,2.55148132726161,2.74908403726873,1
8789,114,8789,8792,749.015625,744.171875,51.015625,46.171875,773.765625,771.953125,75.765625,73.953125,-1.41325640778231,-0.608421806921455,-2.40732941076476,1.93457311161996,-0.994073002982451,2.54299491854142,2.74611738565572,1
8790,115,8790,8793,743.203125,748.59375,45.203125,50.59375,767.953125,776.375,69.953125,78.375,2.3909863147133,1.00491657126116,1.36581698229316,-2.64840474979171,-1.02516933242014,2.62986398612672,2.62815198863273,1
8791,116,8791,8794,745.953125,744.9375,47.953125,46.9375,770.703125,772.71875,72.703125,74.71875,-0.473900955917955,-1.36079542105822,-1.4869273813492,1.21676658683844,-1.01302642543124,2.57756200789666,2.69259687385169,1
8792,117,8792,8795,748.109375,749.15625,50.109375,51.15625,772.859375,776.9375,74.859375,78.9375,-2.47699126796365,2.68937330808096,2.7835344188372,-0.925954080435368,-1.02265962037873,2.66785791866326,2.59266776813759,1
8793,118,8793,8796,750.328125,745.765625,52.328125,47.765625,775.078125,773.546875,77.078125,75.546875,1.43590362865969,0.43340587650232,0.417693054154687,2.93995090384225,-1.018210574505,2.50654502733993,2.75842970533466,1
8794,119,8794,8797,744.828125,750.0625,46.828125,52.0625,769.578125,777.84375,71.578125,79.84375,-1.01708372070492,-2.0431011080803,-2.09873919004242,0.566418889437311,-1.0816554693375,2.60951999751761,2.59200984032448,1
8795,120,8795,8798,747.4375,746.484375,49.4375,48.484375,772.1875,774.265625,74.1875,76.265625,2.88010965157645,2.70562603926013,1.87779095083774,-0.880669193490598,-1.00231870073871,2.69689007442886,2.58397653201202,1
8796,121,8796,8799,749.75,750.65625,51.75,52.65625,774.5,778.4375,76.5,80.4375,0.790041610589545,0.704920069896603,-0.163154260259759,-3.05307667764641,-0.953195870849305,2.52518855963657,2.80480087669371,1
8797,122,8797,8800,744.078125,747.140625,46.078125,49.140625,768.828125,774.921875,70.828125,76.921875,-1.63387758902399,-1.32056915964258,-2.73470134296717,1.23096457566273,-1.10082375394317,2.55153373530531,2.63082781793111,1
8798,123,8798,8801,746.1875,743.734375,48.1875,45.734375,770.9375,771.515625,72.9375,73.515625,3.07143305087872,2.48684719258465,1.98247377002594,-1.0523333183008,-1.08895928085278,2.74400479629414,2.45022123003266,1
8799,124,8799,8802,748.84375,748.015625,50.84375,50.015625,773.59375,775.796875,75.59375,77.796875,0.63631408829139,-0.342537580641216,-0.311643366033598,2.21396611946099,-0.947957454324988,2.5565037001022,2.7787241527524,1
8800,125,8800,8803,743.125,744.234375,45.125,46.234375,767.875,772.015625,69.875,74.015625,-1.42761416735025,-2.70962339909855,-2.49338398168525,-0.136840699407487,-1.06576981433501,2.57278269969106,2.64463279315352,1
8801,126,8801,8804,745.625,748.90625,47.625,50.90625,770.375,776.6875,72.375,78.6875,2.85922163479115,1.01832852827451,1.80170938879294,-2.64349181587733,-1.0575122459982,2.62136496302774,2.60430809815364,1
8802,127,8802,8805,748.015625,745.0625,50.015625,47.0625,772.765625,772.84375,74.765625,74.84375,0.469220799705787,-1.08271260548994,-0.467917208674071,1.44067817016761,-0.937138008379858,2.52339077565755,2.82265652314218,1
8803,128,8803,8806,750.15625,749.390625,52.15625,51.390625,774.90625,777.171875,76.90625,79.171875,-1.65537294839914,2.9895007068294,-2.72456421192557,-0.637116925105179,-1.06919126352643,2.65656767524501,2.55742636840814,1
8804,129,8804,8807,744.6875,746.078125,46.6875,48.078125,769.4375,773.859375,71.4375,75.859375,2.21410628467293,0.916399584878365,1.18118026286384,-2.69633185463887,-1.03292602180909,2.67045386766236,2.57980541770814,1
8805,130,8805,8808,747.125,742.203125,49.125,44.203125,771.875,769.984375,73.875,71.984375,0.150839449377969,-1.10521859356873,-0.826953069108825,1.41864738239429,-0.977792518486795,2.52386597596301,2.78152681272978,1
8806,131,8806,8809,749.390625,746.984375,51.390625,48.984375,774.140625,774.765625,76.140625,76.765625,-2.21151394504552,-3.04885489512759,2.97830620736521,-0.34646522803063,-1.09336515476886,2.70238966709696,2.48743048531377,1
8807,132,8807,8810,744.078125,750.90625,46.078125,52.90625,768.828125,778.6875,70.828125,80.6875,1.72806088928599,0.760360451617589,0.730782445169967,-3.00518452416244,-0.997278444116022,2.51764033139956,2.768266531664,1
8808,133,8808,8811,746.328125,747.265625,48.328125,49.265625,771.078125,775.046875,73.078125,77.046875,-0.640647526484914,-1.26547092971634,-1.69872184316411,1.26964288649129,-1.05807431667919,2.53511381620763,2.68999717429276,1
8809,134,8809,8812,748.890625,743.96875,50.890625,45.96875,773.640625,771.75,75.640625,73.75,-3.08054887443107,-0.356773207698379,2.16681215732749,2.17760315580965,-1.03582427542102,2.53437636350802,2.71298466825054,1
8810,135,8810,8813,751.140625,748.125,53.140625,50.125,775.890625,775.90625,77.890625,77.90625,0.426379298202601,0.857407707026459,-0.606774218527931,-2.82083281222805,-1.03315351673053,2.60494478792508,2.64508700252398,1
8811,136,8811,8814,745.5,744.796875,47.5,46.796875,770.25,772.578125,72.25,74.578125,-2.23174978204302,1.72206853038251,2.96318601446775,-1.89789936593323,-1.08824951066881,2.66321741086384,2.53171838564693,1
8812,137,8812,8815,748.03125,749.046875,50.03125,51.046875,772.78125,776.828125,74.78125,78.828125,1.00047576800358,3.06950793698454,0.049515468455224,-0.519157059118739,-0.95096029954836,2.69452031107631,2.63770469655492,1
8813,138,8813,8816,750.3125,745.28125,52.3125,47.28125,775.0625,773.0625,77.0625,75.0625,-2.17669905499573,-2.52232388155124,3.00239703355039,0.058358202457385,-1.10408921863347,2.58068208400863,2.59841400453749,1
8814,139,8814,8817,744.875,749.90625,46.875,51.90625,769.625,777.6875,71.625,79.6875,1.80611277947743,1.44689822232965,0.799164729339828,-2.19452429402856,-1.0069480501376,2.64176279082137,2.63447446622062,1
8815,140,8815,8818,747.125,746.046875,49.125,48.046875,771.875,773.828125,73.875,75.828125,-1.15163595049542,-3.12551295408107,-2.19333046413835,-0.466767330102273,-1.04169451364293,2.6587456239788,2.58274516955786,1
8816,141,8816,8819,749.578125,750.40625,51.578125,52.40625,774.328125,778.1875,76.328125,80.1875,2.79729119997943,2.34096815271994,1.76373794212145,-1.27362794140417,-1.03355325785799,2.66858921305547,2.58104283626613,1
8817,142,8817,8820,744.09375,747.015625,46.09375,49.015625,768.84375,774.796875,70.84375,76.796875,-0.581969134847511,3.09693844936642,-1.62559096675202,-0.506219625192968,-1.04362183190451,2.6800272326202,2.55953624265488,1
8818,143,8818,8821,746.265625,743.078125,48.265625,45.078125,771.015625,770.859375,73.015625,72.859375,2.84382247905331,-1.54100015869045,1.80260452555864,1.03156988348764,-1.04121795349467,2.57257004217809,2.66939731150683,1
8819,144,8819,8822,748.984375,747.390625,50.984375,49.390625,773.734375,775.171875,75.734375,77.171875,0.098849999956489,2.1911056843685,-0.832978774617702,-1.46232654823733,-0.931828774574191,2.62975307457375,2.72160345803164,1
8820,145,8820,8823,743.140625,743.96875,45.140625,45.96875,767.890625,771.75,69.890625,73.75,-2.63201243169677,-0.110257818345682,2.56818052468549,2.4222147486855,-1.08299235079733,2.53247256703118,2.66772038935107,1
8821,146,8821,8824,745.765625,748.21875,47.765625,50.21875,770.515625,776,72.515625,78,0.637400942644758,-2.7488251354196,-0.298567062468945,-0.119214395741742,-0.935968005113704,2.62961073967786,2.71760656238802,1
8822,147,8822,8825,748.171875,744.84375,50.171875,46.84375,772.921875,772.625,74.921875,74.625,-2.29492811080691,0.775097470443778,2.92195835395269,-2.943327236066,-1.06629884241998,2.56476060066981,2.6521258640898,1
8823,148,8823,8826,750.65625,749.03125,52.65625,51.03125,775.40625,776.8125,77.40625,78.8125,0.345965328880691,-1.19439128517459,-0.656790258768785,1.35468870784517,-1.00275558764948,2.54907999301977,2.73134972651034,1
8824,149,8824,8827,745.09375,745.5625,47.09375,47.5625,769.84375,773.34375,71.84375,75.34375,-3.05560868891695,2.4425596797157,2.12462116680684,-1.14563383677762,-1.10295545145579,2.69499179068627,2.48523806503752,1
8825,150,8825,8828,747.3125,750.03125,49.3125,52.03125,772.0625,777.8125,74.0625,79.8125,-0.639650598875334,0.220058352437384,-1.67970141207557,2.81675149733645,-1.04005081320024,2.59669314489907,2.64644134908028,1
8826,151,8826,8829,749.84375,746.40625,51.84375,48.40625,774.59375,774.1875,76.59375,76.1875,2.76179518265115,0.296567241203052,1.71883388707079,2.81938207404468,-1.04296129558036,2.52281483284163,2.7174091787576,1
8827,152,8827,8830,744.203125,750.875,46.203125,52.875,768.953125,778.65625,70.953125,80.65625,-0.753806298957672,1.99253661951224,-1.83679592702191,-1.63458386712902,-1.08298962806424,2.65606482053833,2.54413085857702,1
8828,153,8828,8831,746.828125,747.109375,48.828125,49.109375,771.578125,774.890625,73.578125,76.890625,2.86727868868016,-0.551039863484893,1.83819054107369,1.99290435503098,-1.02908814760647,2.54394421851587,2.71015294105725,1
8829,154,8829,8832,749.140625,743.390625,51.140625,45.390625,773.890625,771.171875,75.890625,73.171875,-0.141923506493772,-2.71871431353689,-1.12484711414847,-0.0996405533777279,-0.982923607654693,2.61907376015916,2.68118793936573,1
8830,155,8830,8833,743.59375,748.03125,45.59375,50.03125,768.34375,775.8125,70.34375,77.8125,2.98878023350345,0.64652405540822,1.91395585316617,-3.06531616519486,-1.07482438033727,2.57134508657651,2.63701584026581,1
8831,156,8831,8834,746.109375,744.234375,48.109375,46.234375,770.859375,772.015625,72.859375,74.015625,-0.20622126108722,-1.30482886897249,-1.26414620479382,1.26282509758547,-1.0579249437066,2.56765396655796,2.65760639691502,1
8832,157,8832,8835,748.34375,748.921875,50.34375,50.921875,773.09375,776.703125,75.09375,78.703125,3.12674980565482,-1.24540906136917,2.03669588046229,1.31686669071121,-1.09005392519253,2.56227575208038,2.63085562990667,1
8833,158,8833,8836,750.90625,745.0625,52.90625,47.0625,775.65625,772.84375,77.65625,74.84375,-0.538576747350875,-0.0486482176449109,-1.5734861465477,2.49204132351606,-1.03490939919682,2.54068954116097,2.70758636682179,1
8834,159,8834,8837,745.171875,749.46875,47.171875,51.46875,769.921875,777.25,71.921875,79.25,3.04488294440165,-1.83499936389769,1.94462832489173,0.743833011636296,-1.10025461950992,2.57883237553398,2.60409831213568,1
8835,160,8835,8838,747.78125,745.96875,49.78125,47.96875,772.53125,773.75,74.53125,75.75,-0.166988747713688,-1.23361716711113,-1.23497078934865,1.32811057845081,-1.06798204163496,2.56172774556194,2.65347551998268,1
8836,161,8836,8839,750.09375,742.1875,52.09375,44.1875,774.84375,769.96875,76.84375,71.96875,3.06628963382366,0.23892501760969,1.98758861058506,2.76633679188711,-1.0787010232386,2.52741177427742,2.67707250966357,1
8837,162,8837,8840,744.703125,746.71875,46.703125,48.71875,769.453125,774.5,71.453125,76.5,0.212180184466442,-1.601848847008,-0.78705940654372,0.952568313806323,-0.999239591010162,2.55441716081433,2.7295285553551,1
8838,163,8838,8841,747.078125,750.90625,49.078125,52.90625,771.828125,778.6875,73.828125,80.6875,-3.04026401649092,-0.942759549604261,2.2000819033256,1.6037298497487,-1.04283938736307,2.54648939935296,2.69385652046356,1
8839,164,8839,8842,749.296875,747.1875,51.296875,49.1875,774.046875,774.96875,76.046875,76.96875,0.118281652942841,1.15105383964555,-0.841167225325196,-2.55467253801655,-0.959448878268037,2.57745892951748,2.74627749939407,1
8840,165,8840,8843,743.921875,744.046875,45.921875,46.046875,768.671875,771.828125,70.671875,73.828125,-2.69246923940112,1.76636063129733,2.52104864087047,-1.84097640566906,-1.069667426908,2.6758482702132,2.53766961005838,1
8841,166,8841,8844,746.21875,747.953125,48.21875,49.953125,770.96875,775.734375,72.96875,77.734375,0.412169099193876,3.11544056254905,-0.556340078548896,-0.48659363275472,-0.968509177742772,2.68115111187582,2.633525017561,1
8842,167,8842,8845,748.890625,744.453125,50.890625,46.453125,773.640625,772.234375,75.640625,74.234375,-2.66211641607905,0.961158640606629,2.53788388778309,-2.68670701341381,-1.08318500331745,2.63531965315915,2.56468065070298,1
8843,168,8843,8846,743.140625,749.0625,45.140625,51.0625,767.890625,776.84375,69.890625,78.84375,0.251654264342545,1.18950939761713,-0.72839738443843,-2.46820480344297,-0.980051648780975,2.62547110611949,2.67766255227912,1
8844,169,8844,8847,745.765625,745.203125,47.765625,47.203125,770.515625,772.984375,72.515625,74.984375,-2.69935836329265,2.38945684919097,2.51081060540522,-1.25601888022942,-1.07301633848172,2.6377095777592,2.57245939093867,1
8845,170,8845,8848,748.078125,749.59375,50.078125,51.59375,772.828125,777.375,74.828125,79.375,0.0285537814554375,0.297222353636022,-1.00457968959143,2.84322517864315,-1.03313347104686,2.54600282500713,2.70404901112559,1
8846,171,8846,8849,750.34375,746.078125,52.34375,48.078125,775.09375,773.859375,77.09375,75.859375,-2.96951649870753,-2.00340657101216,2.2245276078314,0.627626661028811,-1.08914120064065,2.63103323204097,2.56301087449796,1
8847,172,8847,8850,744.9375,750.625,46.9375,52.625,769.6875,778.40625,71.6875,80.40625,0.233540054359775,-1.47902715715559,-0.731087215188514,1.10595202899662,-0.964627269548289,2.58497918615221,2.73357885147909,1
8848,173,8848,8851,747.25,746.90625,49.25,48.90625,772,774.6875,74,76.6875,-3.08341465282521,-0.0948277291279337,2.12114305092371,2.46698774571219,-1.07862760343067,2.56181547484012,2.6427422289088,1
8849,174,8849,8852,749.859375,751.1875,51.859375,53.1875,774.609375,778.96875,76.609375,80.96875,-0.214987355435898,-0.0552089149780298,-1.1678261688972,2.45538035476901,-0.952838813461298,2.51058926974704,2.81975722397125,1
8850,175,8850,8853,744.1875,747.5625,46.1875,49.5625,768.9375,775.34375,70.9375,77.34375,2.67177609456759,0.709935992470871,1.62018270474348,-3.03906444263922,-1.05159338982411,2.5341848720695,2.69740704528599,1
8851,176,8851,8854,746.453125,744.109375,48.453125,46.109375,771.203125,771.890625,73.203125,73.890625,-0.850057473038696,1.24385903917281,-1.91904749151471,-2.43034275001062,-1.06899001847601,2.60898351799615,2.60521177070742,1
8852,177,8852,8855,749.0625,748.328125,51.0625,50.328125,773.8125,776.109375,75.8125,78.109375,1.91894179363353,2.79484248027582,0.924272694864256,-0.828182679799036,-0.994669098769273,2.66016014710473,2.62835606130558,1
8853,178,8853,8856,743.5625,744.875,45.5625,46.875,768.3125,772.65625,70.3125,74.65625,-1.58408659519551,0.319462633428745,-2.73171025115608,2.86670070417769,-1.14762365596058,2.54723807074894,2.58832358047006,1
8854,179,8854,8857,746.015625,749.078125,48.015625,51.078125,770.765625,776.859375,72.765625,78.859375,1.44788842198268,-2.39217103158525,0.476485041526265,0.220986106122624,-0.971403380456416,2.61315713770787,2.6986247890153,1
8855,180,8855,8858,748.28125,745.84375,50.28125,47.84375,773.03125,773.625,75.03125,75.625,-2.12324325401866,-2.72052478952498,3.06288534139974,-0.0820484034824816,-1.09705671176119,2.6384763860425,2.54765220937589,1
8856,181,8856,8859,750.671875,750.046875,52.671875,52.046875,775.421875,777.828125,77.421875,79.828125,0.722280776101096,-1.76127697143265,-0.318227197230344,0.851816564060911,-1.04050797333144,2.61309353549356,2.62958379835459,1
8857,182,8857,8860,745.1875,746.71875,47.1875,48.71875,769.9375,774.5,71.9375,76.5,2.93244467188307,-1.6119277824199,1.82542123009751,0.966425332312073,-1.10702344178556,2.57835311473197,2.59780875066206,1
8858,183,8858,8861,747.8125,750.828125,49.8125,52.828125,772.5625,778.609375,74.5625,80.609375,-1.08468820375017,-0.792247051991607,-2.16507598773281,1.74963535649615,-1.08038778398264,2.54188240848776,2.66091511470919,1
8859,184,8859,8862,750.109375,747.109375,52.109375,49.109375,774.859375,774.890625,76.859375,76.890625,1.78767965915962,3.00236762670205,0.747983119151398,-0.619791448350348,-1.03969654000823,2.66102623212718,2.58246253504418,1
8860,185,8860,8863,744.359375,744.0625,46.359375,46.0625,769.109375,771.84375,71.109375,73.84375,-2.38841997325129,2.57809876773048,2.73122950166342,-1.00959821105842,-1.16353583226488,2.69548832839069,2.42416114652402,1
8861,186,8861,8864,747.109375,748.0625,49.109375,50.0625,771.859375,775.84375,73.859375,77.84375,0.496922533190972,2.94368726151985,-0.525496681799801,-0.677577558561917,-1.02241921499077,2.66192048709782,2.598845605091,1
8862,187,8862,8865,749.8125,744.46875,51.8125,46.46875,774.5625,772.25,76.5625,74.25,-3.01684427084663,-0.364597178313925,2.21487128273583,2.11869700642494,-1.05146975359713,2.48329418473887,2.74842136884359,1
8863,188,8863,8866,744.0625,749.046875,46.0625,51.046875,768.8125,776.828125,70.8125,78.828125,-0.890419589966195,2.9396846300989,-1.97663833038447,-0.661695628702016,-1.08621874041827,2.68180504837867,2.51516151838265,1
8864,189,8864,8867,746.265625,745.171875,48.265625,47.171875,771.015625,772.953125,73.015625,74.953125,1.35084621906879,-0.0733195140438856,0.362288081170811,2.44390216416227,-0.988558137897977,2.51722167820615,2.77740549107546,1
8865,190,8865,8868,749.0625,741.90625,51.0625,43.90625,773.8125,769.6875,75.8125,71.6875,-2.74477132117463,-2.94813617553303,2.46963392224775,-0.277981059962269,-1.06878006375721,2.67015511557076,2.54425012785161,1
8866,191,8866,8869,743.28125,746.15625,45.28125,48.15625,768.03125,773.9375,70.03125,75.9375,-1.08729470931333,0.54438547292067,-2.18770754202368,3.07942488106724,-1.10041283271034,2.53503940814656,2.64773306632268,1
8867,192,8867,8870,746.09375,750.421875,48.09375,52.421875,770.84375,778.203125,72.84375,80.203125,1.14828804944511,-2.477900197433,0.149563967842033,0.120921606071445,-0.998724081603082,2.59882180350444,2.68563942207206,1
8868,193,8868,8871,748.1875,747.21875,50.1875,49.21875,772.9375,775,74.9375,77,-2.48997301405744,-2.1454684897652,2.66842175540182,0.49444749942184,-1.12479053772033,2.63991598918704,2.51847878027222,1
8869,194,8869,8872,750.90625,743.25,52.90625,45.25,775.65625,771.03125,77.65625,73.03125,0.0396261863541771,-1.03422551059547,-0.91098419993051,1.45342268319851,-0.950610386284687,2.48764819379398,2.84492672710092,1
8870,195,8870,8873,745.171875,748.03125,47.171875,50.03125,769.921875,775.8125,71.921875,77.8125,2.50520455081603,2.46590332510823,1.46059884272627,-1.08054671047065,-1.04460570808976,2.73673527160071,2.50184432748912,1
8871,196,8871,8874,747.625,744.25,49.625,46.25,772.375,772.03125,74.375,74.03125,-0.91510470007198,-0.525887181779417,-1.98927471557156,2.00122777543193,-1.07417001549958,2.52711495721135,2.68190033446866,1
8872,197,8872,8875,750.234375,748.828125,52.234375,50.828125,774.984375,776.609375,76.984375,78.609375,1.85245377784173,2.96582361002151,0.786053520530502,-0.637213573929409,-1.06640025731123,2.68014812322867,2.53663692663969,1
8873,198,8873,8876,744.59375,745.046875,46.59375,47.046875,769.34375,772.828125,71.34375,74.828125,-2.08407214345482,0.0678571651419242,3.10605478157199,2.61959297972369,-1.09305838215278,2.55173581458177,2.63839111044504,1
8874,199,8874,8877,747.109375,749.734375,49.109375,51.734375,771.859375,777.515625,73.859375,79.515625,0.492979595712442,-2.17076862401733,-0.482433535261683,0.525370890116394,-0.975413130974125,2.69613951413373,2.61163266207173,1
8875,200,8875,8878,749.5625,746.046875,51.5625,48.046875,774.3125,773.828125,76.3125,75.828125,-2.86824283412365,-2.56200200334685,2.33533182747314,0.0807853818947852,-1.07961064558279,2.64278738524164,2.56078727635516,1
8876,201,8876,8879,744.046875,750.234375,46.046875,52.234375,768.796875,778.015625,70.796875,80.015625,-0.167839317885532,0.563839399763613,-1.180626198603,3.05259113966146,-1.01278688071747,2.48875173989785,2.78164668656427,1
8877,202,8877,8880,746.3125,746.875,48.3125,48.875,771.0625,774.65625,73.0625,76.65625,3.03464664080761,1.26121870721975,1.94271710687343,-2.38310850244174,-1.09192953393418,2.6388580975181,2.55239767572731,1
8878,203,8878,8881,748.953125,751.0625,50.953125,53.0625,773.703125,778.84375,75.703125,80.84375,-0.399404980680477,-1.74089763133529,-1.37210996837219,0.86486593636184,-0.972704987691709,2.60576356769713,2.70471675179074,1
8879,204,8879,8882,743.203125,747.640625,45.203125,49.640625,767.953125,775.421875,69.953125,77.421875,2.13920345567924,1.44682033363505,1.08913344329849,-2.2380337819242,-1.05007001238076,2.59833119162034,2.63478410317849,1
8880,205,8880,8883,745.9375,744.078125,47.9375,46.078125,770.6875,771.859375,72.6875,73.859375,-1.4870531504188,-1.47491115043923,-2.59079323907742,1.0897068761783,-1.10374008865862,2.56461802661752,2.61482719190345,1
8881,206,8881,8884,748.125,748.5625,50.125,50.5625,772.875,776.34375,74.875,78.34375,0.814174315665059,-1.98515408947548,-0.135878690338861,0.601250534804752,-0.95005300600392,2.58640462428023,2.74672767689543,1
8882,207,8882,8885,750.875,744.96875,52.875,46.96875,775.625,772.75,77.625,74.75,3.02495281984479,-1.44873905475376,1.97333892173544,1.13679917405361,-1.05161389810934,2.58553822880737,2.64603318026287,1
8883,208,8883,8886,745.09375,749.296875,47.09375,51.296875,769.84375,777.078125,71.84375,79.078125,-1.03769148543231,-1.08362900833854,-2.02498304596782,1.41873675229052,-0.98729156053551,2.50236576062906,2.79352798601502,1
8884,209,8884,8887,747.3125,745.71875,49.3125,47.71875,772.0625,773.5,74.0625,75.5,1.82470879954239,-0.3748952602697,0.840809771955563,2.17771278259111,-0.983899027586829,2.55260804286081,2.74667823673195,1
8885,210,8885,8888,750.0625,750.046875,52.0625,52.046875,774.8125,777.828125,76.8125,79.828125,-2.15899188453456,-2.63886875298332,3.02074263418744,0.0122391130174829,-1.10345078845759,2.65110786600081,2.52862665272119,1
8886,211,8886,8889,744.328125,746.265625,46.328125,48.265625,769.078125,774.046875,71.078125,76.046875,0.824537133668803,1.2161285206463,-0.114400714189168,-2.48030258627658,-0.93893784785797,2.58675420025671,2.75749325906491,1
8887,212,8887,8890,747.046875,743.015625,49.046875,45.015625,771.796875,770.796875,73.796875,72.796875,-2.70361813068633,-1.33211948066241,2.51317099006968,1.25577515770234,-1.06639618642357,2.58789463836475,2.62889448239127,1
8888,213,8888,8891,749.484375,747.25,51.484375,49.25,774.234375,775.03125,76.234375,77.03125,-0.0886093791026345,-1.06611157425485,-1.07351108144496,1.42622014322799,-0.984901702342326,2.49233171748284,2.80595188735442,1
8889,214,8889,8892,744.03125,743.46875,46.03125,45.46875,768.78125,771.25,70.78125,73.25,2.58359047344039,0.410491491895941,1.55841873855701,2.91456053865888,-1.02517173488338,2.50406904676294,2.75394452553327,1
8890,215,8890,8893,746.234375,748.125,48.234375,50.125,770.984375,775.90625,72.984375,77.90625,-1.35901439315279,0.401636234193442,-2.47668205383398,2.94236289397576,-1.11766766068119,2.54072665978231,2.62479098671608,1
8891,216,8891,8894,748.84375,744.421875,50.84375,46.421875,773.59375,772.203125,75.59375,74.203125,1.06252665811015,1.72300690752187,0.12577792845595,-1.93751369852093,-0.936748729654198,2.62266470113678,2.72377187638861,1
8892,217,8892,8895,743.1875,748.984375,45.1875,50.984375,767.9375,776.765625,69.9375,78.765625,-2.91602856266669,-1.38123375025192,2.3138922064751,1.23302805607691,-1.0532645380378,2.61426180632883,2.61565896281296,1
8893,218,8893,8896,746,745.25,48,47.25,770.75,773.03125,72.75,75.03125,-0.675062620875908,-1.17234474623383,-1.63925769675277,1.32597628351939,-0.964195075876861,2.49832102975322,2.8206692015495,1
8894,219,8894,8897,748.09375,749.875,50.09375,51.875,772.84375,777.65625,74.84375,79.65625,2.17514669456436,-0.648027594220032,1.16634451953902,1.93489599166015,-1.00880217502534,2.58292358588018,2.69145954627406,1
8895,220,8895,8898,750.6875,746.15625,52.6875,48.15625,775.4375,773.9375,77.4375,75.9375,-1.97795427612064,2.4604514528219,-3.07439012230583,-1.10245343600289,-1.0964358461852,2.7202804183548,2.46646904263959,1
8896,221,8896,8899,745.15625,750.734375,47.15625,52.734375,769.90625,778.515625,71.90625,80.515625,0.457454479329254,2.66748831065534,-0.521010562034777,-0.920857558355646,-0.978465041364031,2.6948394381686,2.60988082764695,1
8897,222,8897,8900,747.609375,747.0625,49.609375,49.0625,772.359375,774.84375,74.359375,76.84375,2.86142769137831,0.215587155221077,1.84237830142942,2.77731250461711,-1.01904938994889,2.56172534939603,2.70241056783467,1
8898,223,8898,8901,750.015625,743.1875,52.015625,45.1875,774.765625,770.96875,76.765625,72.96875,-1.14743035579847,0.455777812069794,-2.17680664658901,2.99310002729471,-1.02937629079054,2.53732221522492,2.71648680116413,1
8899,224,8899,8902,744.703125,747.84375,46.703125,49.84375,769.453125,775.625,71.453125,77.625,1.36836132726871,-1.82147947687136,0.370068775726452,0.803800587098909,-0.998292551542259,2.62528006397027,2.65961269166706,1
8900,225,8900,8903,747.015625,744.265625,49.015625,46.265625,771.765625,772.046875,73.765625,74.046875,-2.5497150038826,-1.94884350701654,2.63121081253794,0.617504546643069,-1.10225949075905,2.56634805365961,2.61457776276094,1
8901,226,8901,8904,749.359375,748.390625,51.359375,50.390625,774.109375,776.171875,76.109375,78.171875,-0.465304236876932,-1.01782498318334,-1.44179554771247,1.49121087378347,-0.976491310835539,2.50903585696682,2.79765813937723,1
8902,227,8902,8905,743.96875,745.109375,45.96875,47.109375,768.71875,772.890625,70.71875,74.890625,1.85876268740036,2.41921877298837,0.853974890138865,-1.1771641137789,-1.00478779726149,2.68680242041232,2.59159508950577,1
8903,228,8903,8906,746.390625,749.5625,48.390625,51.5625,771.140625,777.34375,73.140625,79.34375,-2.055579553052,2.09667679516446,3.10700726218253,-1.53034313157494,-1.12059849194506,2.65616538044019,2.50642143479434,1
8904,229,8904,8907,748.890625,745.984375,50.890625,47.984375,773.640625,773.765625,75.640625,75.765625,-0.270028874308927,2.81817178618581,-1.2442880128597,-0.775338139009522,-0.974259138550775,2.68967538198426,2.61925078664455,1
8905,230,8905,8908,743.203125,750.4375,45.203125,52.4375,767.953125,778.21875,69.953125,80.21875,2.21266021291343,2.8179207670195,1.15055707472296,-0.822983156259301,-1.06210313819047,2.64228138390079,2.57880078508833,1
8906,231,8906,8909,745.875,746.546875,47.875,48.546875,770.625,774.328125,72.625,76.328125,-1.92052704263237,-2.41708903136022,-2.99497309255301,0.185628589585411,-1.07444604992064,2.60271762094563,2.60602163631332,1
8907,232,8907,8910,748.203125,751.09375,50.203125,53.09375,772.953125,778.875,74.953125,80.875,-0.354086746406226,-2.6318856211985,-1.43693016840259,-0.0127312089601346,-1.08284342199636,2.61915441223836,2.58118747294486,1
8908,233,8908,8911,742.90625,747.71875,44.90625,49.71875,767.65625,775.5,69.65625,77.5,2.00053719943638,-2.17994413724191,0.975523194553986,0.506100206290466,-1.02501400488239,2.68604434353238,2.57212695876482,1
8909,234,8909,8912,745.125,744.171875,47.125,46.171875,769.875,771.953125,71.875,73.953125,-2.22122323326527,-2.22997741025899,2.95365061099967,0.409661606493654,-1.10831146291465,2.63963901675265,2.53523482751229,1
8910,235,8910,8913,747.8125,748.390625,49.8125,50.390625,772.5625,776.171875,74.5625,78.171875,0.00429539135035697,-1.92096078519158,-1.01830908306808,0.680348124863179,-1.02260447441844,2.60130891005476,2.65927192270639,1
8911,236,8911,8914,750.1875,744.84375,52.1875,46.84375,774.9375,772.625,76.9375,74.625,1.58435175077383,-2.46223033864495,0.565006902382928,0.141757745364457,-1.0193448483909,2.60398808400941,2.65985237477928,1
8912,237,8912,8915,744.5625,749.140625,46.5625,51.140625,769.3125,776.921875,71.3125,78.921875,-2.83965891649411,-1.4680843443736,2.33913564419323,1.13452382057584,-1.10439074649225,2.60260816494944,2.57618639573789,1
8913,238,8913,8916,747.125,745.828125,49.125,47.828125,771.875,773.609375,73.875,75.609375,-1.30595745457568,2.53371730679765,-2.44970603676256,-1.01448558143247,-1.14374858218689,2.73498241894946,2.40445430604324,1
8914,239,8914,8917,749.828125,750.109375,51.828125,52.109375,774.578125,777.890625,76.578125,79.890625,0.288349681536313,-0.629973357954414,-0.670253891360182,1.98304919729678,-0.958603572896495,2.61302255525119,2.7115591790319,1
8915,240,8915,8918,744.078125,746.84375,46.078125,48.84375,768.828125,774.625,70.828125,76.625,1.93830822789633,-0.656564539379101,0.910865768545459,1.92029454872073,-1.02744245935087,2.57685908809984,2.67888375972888,1
8916,241,8916,8919,746.953125,751.0625,48.953125,53.0625,771.703125,778.84375,73.703125,80.84375,-2.30339322708699,2.66556197525508,2.92525814583983,-0.903088198996178,-1.05453393425277,2.71453513292832,2.5141162399985,1
8917,242,8917,8920,749.09375,747.125,51.09375,49.125,773.84375,774.90625,75.84375,76.90625,-0.774139206074907,-3.10905708906573,-1.77862647904356,-0.463888705666087,-1.00448727296865,2.64516838339965,2.63352965081129,1
8918,243,8918,8921,743.5,743.859375,45.5,45.859375,768.25,771.640625,70.25,73.640625,1.67359491785605,2.23178644449246,0.666289351539187,-1.4135397612642,-1.00730556631686,2.63785910142292,2.6380206394398,1
8919,244,8919,8922,746.09375,748.140625,48.09375,50.140625,770.84375,775.921875,72.84375,77.921875,3.03613764464422,-2.84858232623201,1.95057833312788,-0.188803559561741,-1.08555931151634,2.65977876667027,2.53784722899299,1
8920,245,8920,8923,748.59375,744.671875,50.59375,46.671875,773.34375,772.453125,75.34375,74.453125,-1.93416921798119,-2.76753748281317,-3.06002600892028,-0.116610445656253,-1.12585679093909,2.65092703715691,2.50640147908359,1
8921,246,8921,8924,743.109375,749.0625,45.109375,51.0625,767.859375,776.84375,69.859375,78.84375,-1.2004004130378,-2.25507083829354,-2.21343570092605,0.37994960013912,-1.01303528788825,2.63502043843266,2.63512958085867,1
8922,247,8922,8925,745.875,745.3125,47.875,47.3125,770.625,773.09375,72.625,75.09375,0.517337084504056,0.862102035000004,-0.4820064441875,-2.8355526683983,-0.999343528691557,2.58553060378129,2.69831117470674,1
8923,248,8923,8926,748.125,749.890625,50.125,51.890625,772.875,777.671875,74.875,79.671875,2.23117316605715,-2.15241470719579,1.16146149789891,0.519583576320611,-1.06971166815825,2.6719982835164,2.54147535550494,1
8924,249,8924,8927,750.671875,746.015625,52.671875,48.015625,775.421875,773.796875,77.421875,75.796875,-2.34767207929313,0.762458922039216,2.89349373313074,-2.97552451306332,-1.04201949475572,2.54520187207706,2.69596394034681,1
8925,250,8925,8928,745.15625,750.875,47.15625,52.875,769.90625,778.65625,71.90625,80.65625,-1.09039808501578,0.39198900338742,-2.17779268643675,2.96892376249133,-1.08739460142098,2.57693475910391,2.6188559466547,1
8926,251,8926,8929,747.734375,747.1875,49.734375,49.1875,772.484375,774.96875,74.484375,76.96875,0.5358855884016,-2.96321003458211,-0.430750900999807,-0.313452763276209,-0.966636489401408,2.6497572713059,2.66679154647228,1
8927,252,8927,8930,750.109375,743.359375,52.109375,45.359375,774.859375,771.140625,76.859375,73.140625,1.89397674492581,-2.42768874473921,0.861647612546511,0.175822050804185,-1.0323291323793,2.60351079554339,2.64734537925689,1
8928,253,8928,8931,744.921875,747.921875,46.921875,49.921875,769.671875,775.703125,71.671875,77.703125,-2.68957891430228,0.812001453804496,2.50891438853065,-2.90185198364149,-1.08469200434666,2.5693318697336,2.62916143309933,1
8929,254,8929,8932,747.140625,744.234375,49.140625,46.234375,771.890625,772.015625,73.890625,74.015625,-1.62820055327179,-2.4550655404186,-2.7321212150755,0.122603518528344,-1.10392066180371,2.57766905894694,2.60159558642894,1
8930,255,8930,8933,749.890625,748.890625,51.890625,50.890625,774.640625,776.671875,76.640625,78.671875,-0.228776519496818,0.499514480456555,-1.21472479948484,3.0513352382551,-0.985948279988025,2.55182075779855,2.74541626939302,1
8931,0,8931,8934,744.234375,745.171875,46.234375,47.171875,768.984375,772.953125,70.984375,74.953125,1.29809743409732,-1.9966466713941,0.294654639774334,0.608154380174714,-1.00344279432298,2.60480105156881,2.67494146128779,1
8932,1,8932,8935,746.828125,749.578125,48.828125,51.578125,771.578125,777.359375,73.578125,79.359375,2.37173497933611,1.23677809828771,1.32509559302353,-2.42892379034877,-1.04663938631258,2.6174834185431,2.6190625023239,1
8933,2,8933,8936,749.203125,746.15625,51.203125,48.15625,773.953125,773.9375,75.953125,75.9375,-2.61003206936326,-2.18410610970944,2.61015117604722,0.442855986215389,-1.06300206176911,2.62696209592483,2.59322114948565,1
8934,3,8934,8937,743.8125,750.4375,45.8125,52.4375,768.5625,778.21875,70.5625,80.21875,-1.29336625955175,1.2623396049119,-2.33689842869559,-2.44127589008289,-1.04353216914383,2.5795698121848,2.66008332585095,1
8935,4,8935,8938,746.28125,747.078125,48.28125,49.078125,771.03125,774.859375,73.03125,76.859375,0.28494768727096,0.227280037021771,-0.723256491271385,2.77915278593084,-1.00820417854234,2.55187274890907,2.72310837972817,1
8936,5,8936,8939,748.953125,743.265625,50.953125,45.265625,773.703125,771.046875,75.703125,73.046875,1.59873723312643,0.980724514260853,0.613397948435687,-2.71517208099437,-0.98533928469074,2.58728871192436,2.71055731056449,1
8937,6,8937,8940,743.140625,748,45.140625,50,767.890625,775.78125,69.890625,77.78125,3.05914112013465,-2.08435927604858,2.01792112839417,0.555776876600433,-1.04121999174048,2.64013615264902,2.60182916279009,1
8938,7,8938,8941,746.03125,744.03125,48.03125,46.03125,770.78125,771.8125,72.78125,73.8125,-2.31002728864724,0.78097549675311,2.91545595505163,-2.92801706100332,-1.05770206348072,2.57419274942316,2.6512904942757,1
8939,8,8939,8942,748.15625,748.59375,50.15625,50.59375,772.90625,776.375,74.90625,78.375,-1.18016758494274,-2.80178448557693,-2.23724637841701,-0.149245000571679,-1.05707879347427,2.65253948500525,2.57356702870007,1
8940,9,8940,8943,750.828125,745.09375,52.828125,47.09375,775.578125,772.875,77.578125,74.875,0.5522896910324,2.37984696957206,-0.43158703160168,-1.23415874350003,-0.98387672263408,2.66917959410749,2.63012899043802,1
8941,10,8941,8944,745.171875,749.53125,47.171875,51.53125,769.921875,777.3125,71.921875,79.3125,1.97333746471154,3.07711768790504,0.941986496816122,-0.555018543026544,-1.03135096789542,2.651049076248,2.60078526303617,1
8942,11,8942,8945,747.96875,746,49.96875,48,772.71875,773.78125,74.71875,75.78125,-3.00244757147338,-0.440834901976683,2.23001933764641,2.11444317964023,-1.0507183980598,2.55527808161691,2.67718882750287,1
8943,12,8943,8946,750.25,742.21875,52.25,44.21875,775,770,77,72,-2.09166291498049,3.13610040246666,3.1216392009214,-0.522522595620412,-1.0698831912777,2.62456230909251,2.58873980680938,1
8944,13,8944,8947,744.9375,746.96875,46.9375,48.96875,769.6875,774.75,71.6875,76.75,-0.439055317708512,2.27616421851608,-1.43587788539507,-1.31887439417079,-0.996822567686561,2.68814669449272,2.5982160450003,1
8945,14,8945,8948,747.3125,743.125,49.3125,45.125,772.0625,770.90625,74.0625,72.90625,1.09081703907609,2.81042947826467,0.0814517672285899,-0.84228592747999,-1.0093652718475,2.63046990143493,2.64335013389716,1
8946,15,8946,8949,750.015625,747.5625,52.015625,49.5625,774.765625,775.34375,76.765625,77.34375,2.47785982721955,-0.240311309168661,1.46294550543914,2.28017521476561,-1.01491432178042,2.52048652393427,2.7477844614649,1
8947,16,8947,8950,744.34375,744.09375,46.34375,46.09375,769.09375,771.875,71.09375,73.875,-2.03020648547383,2.85912899768814,3.1266596970484,-0.756699143262458,-1.12631912465735,2.66735716622899,2.48950901629324,1
8948,17,8948,8951,746.8125,748.703125,48.8125,50.703125,771.5625,776.484375,73.5625,78.484375,-0.910319038221781,-0.719336812978541,-1.99949105090378,1.84988913776598,-1.089172012682,2.56922595074452,2.62478734375307,1
8949,18,8949,8952,749.25,745.046875,51.25,47.046875,774,772.828125,76,74.828125,0.821474832327435,-1.24844824279195,-0.171502306184832,1.32176072517931,-0.992977138512267,2.57020896797126,2.71999920069605,1
8950,19,8950,8953,743.96875,749.640625,45.96875,51.640625,768.71875,777.421875,70.71875,79.421875,2.11752630914978,1.39980087463633,1.09157673546133,-2.25672695347461,-1.02594957368845,2.62665747906864,2.6305782544225,1
8951,20,8951,8954,746.25,745.953125,48.25,47.953125,771,773.734375,73,75.734375,-2.85719527401035,1.81116750740021,2.33660817718898,-1.82189167945341,-1.08938185598026,2.65012612032596,2.54367733087336,1
8952,21,8952,8955,748.921875,750.453125,50.921875,52.453125,773.671875,778.234375,75.671875,80.234375,-2.09300559114867,1.05127331488361,3.10657457173364,-2.62661301226745,-1.08360514429728,2.60529898002852,2.59428118285378,1
8953,22,8953,8956,743.3125,746.890625,45.3125,48.890625,768.0625,774.671875,70.0625,76.671875,-1.3031800225013,1.52079419822874,-2.38340390875739,-2.10892076219927,-1.08022388625609,2.65347034675158,2.54949107417192,1
8954,23,8954,8957,746.09375,743.1875,48.09375,45.1875,770.84375,770.96875,72.84375,72.96875,0.0192578384800395,-2.01343960174215,-0.941959883016204,0.572293109558254,-0.961217721496244,2.5857327113004,2.73623487438294,1
8955,24,8955,8958,748.328125,747.796875,50.328125,49.796875,773.078125,775.578125,75.078125,77.578125,1.07011475413597,-2.6446564965149,0.0583543672561534,-0.0339948485895212,-1.01176038687981,2.61066164792538,2.6607632723744,1
8956,25,8956,8959,743.09375,744.03125,45.09375,46.03125,767.84375,771.8125,69.84375,73.8125,2.5539449410064,0.688467917116161,1.53641365969976,-3.03205882968062,-1.01753128130664,2.5626585603828,2.70299546549014,1
8957,26,8957,8960,745.390625,748.515625,47.390625,50.515625,770.140625,776.296875,72.140625,78.296875,-2.80923655385936,1.33032247414649,2.34863121029683,-2.35382657122991,-1.12531754302339,2.59903626180319,2.558831502353,1
8958,27,8958,8961,748.09375,745.0625,50.09375,47.0625,772.84375,772.84375,74.84375,74.84375,-1.53976738523477,0.666311169920195,-2.66974600061599,-3.05720775213068,-1.12997861538122,2.55966638512871,2.59354030666966,1
8959,28,8959,8962,750.796875,749.046875,52.796875,51.046875,775.546875,776.828125,77.546875,78.828125,-0.33616966454658,1.52208583952942,-1.33122076540676,-2.13654395262695,-0.995051100860181,2.62455551502322,2.66357869129619,1
8960,29,8960,8963,745.078125,745.890625,47.078125,47.890625,769.828125,773.671875,71.828125,75.671875,1.02606124859678,-1.82437712181973,0.0998624562284,0.774864462367733,-0.926198792368382,2.59924158418747,2.75774493062374,1
8961,30,8961,8964,747.59375,750.03125,49.59375,52.03125,772.34375,777.8125,74.34375,79.8125,2.6253766020746,1.538865989689,1.59450421946766,-2.07859437704702,-1.03087238260694,2.66572494044356,2.58658798412908,1
8962,31,8962,8965,750.109375,746.875,52.109375,48.875,774.859375,774.65625,76.859375,76.65625,-2.47069097197435,0.413362776936004,2.7899411421109,2.97759612219765,-1.02255319309434,2.56423334526164,2.6963987688236,1
8963,32,8963,8966,744.671875,743.125,46.671875,45.125,769.421875,770.90625,71.421875,72.90625,-1.19657292881012,1.03473744489586,-2.31947096796896,-2.62204529913273,-1.12289803915884,2.626402563151,2.53388470486975,1
8964,33,8964,8967,747.15625,747.421875,49.15625,49.421875,771.90625,775.203125,73.90625,77.203125,-0.203760828640066,-2.68770592925059,-1.20905988202831,-0.0651731325614315,-1.00529905338824,2.62253279668916,2.65535345710219,1
8965,34,8965,8968,749.765625,744.015625,51.765625,46.015625,774.515625,771.796875,76.515625,73.796875,0.918808749623453,0.0742597139824923,-0.0267272896141453,2.65712429485219,-0.945536039237599,2.5828645808697,2.75478468707229,1
8966,35,8966,8969,744.078125,748.390625,46.078125,50.390625,768.828125,776.171875,70.828125,78.171875,2.25579290050346,2.81742273831068,1.24554991442375,-0.807362067277293,-1.01024298607971,2.65840050159162,2.61454181950826,1
8967,36,8967,8970,746.828125,744.75,48.828125,46.75,771.578125,772.53125,73.578125,74.53125,-2.89510398068199,-0.852769899402616,2.31325634964467,1.63937946930346,-1.07482497685292,2.49214936870608,2.71621096162058,1
8968,37,8968,8971,749.203125,749.171875,51.203125,51.171875,773.953125,776.953125,75.953125,78.953125,-2.01966427170905,1.7833650151927,-3.08847764261097,-1.87671026606956,-1.06881337090192,2.62311002591733,2.59126191036034,1
8969,38,8969,8972,743.890625,745.8125,45.890625,47.8125,768.640625,773.59375,70.640625,75.59375,-1.15928211057102,-1.49781404863663,-2.2332005971859,1.07492721708474,-1.07391848661488,2.57274126572137,2.63652555484334,1
8970,39,8970,8973,746.28125,750.296875,48.28125,52.296875,771.03125,778.078125,73.03125,80.078125,-0.0591741032613848,-2.673302772149,-1.08108930635438,-0.0781054496814811,-1.02191520309299,2.59519732246752,2.66607278161908,1
8971,40,8971,8974,748.953125,746.609375,50.953125,48.609375,773.703125,774.390625,75.703125,76.390625,1.02704722474644,-2.37486466003364,0.0415017499887177,0.202688869447894,-0.985545474757719,2.57755352948154,2.72008630294033,1
8972,41,8972,8975,743.109375,743.03125,45.109375,45.03125,767.859375,770.8125,69.859375,72.8125,2.08920051072936,0.252017135410956,1.05119427945128,2.80348245250678,-1.03800623127808,2.55146531709582,2.69371375880568,1
8973,42,8973,8976,745.9375,747.375,47.9375,49.375,770.6875,775.15625,72.6875,77.15625,-3.01001456756349,-2.74697934618463,2.23471455544767,-0.110977213490187,-1.03845618416844,2.63600213269445,2.6087269903167,1
8974,43,8974,8977,748.40625,744.015625,50.40625,46.015625,773.15625,771.796875,75.15625,73.796875,-2.19104256919875,-0.238761225786072,3.02033583914986,2.30193945669422,-1.07180689883098,2.54070068248029,2.67067772586831,1
8975,44,8975,8978,750.9375,748.484375,52.9375,50.484375,775.6875,776.265625,77.6875,78.265625,-1.05657849984107,2.68993341116632,-2.1212027031257,-0.940226468097573,-1.06462420328464,2.65302542791569,2.56553567597926,1
8976,45,8976,8979,745.546875,745.0625,47.546875,47.0625,770.296875,772.84375,72.296875,74.84375,0.138672727567332,1.74878209049728,-0.8565246315305,-1.87605279884185,-0.995197359097832,2.65835041784045,2.62963753024131,1
8977,46,8977,8980,748.03125,749.171875,50.03125,51.171875,772.78125,776.953125,74.78125,78.953125,0.985227160138571,2.03624652625522,-0.00690563022218824,-1.61663886131907,-0.992132790360759,2.6302999196053,2.66075259721353,1
8978,47,8978,8981,750.546875,745.984375,52.546875,47.984375,775.296875,773.765625,77.296875,75.765625,1.40902208859654,1.52694579454582,0.382221339727619,-2.1152147028037,-1.02680074886892,2.64102480983006,2.61535974848061,1
8979,48,8979,8982,745.046875,750.078125,47.046875,52.078125,769.796875,777.859375,71.796875,79.859375,2.13344914098837,1.88031526844621,1.09647581496398,-1.7731572144384,-1.03697332602439,2.62971282429497,2.61649915686023,1
8980,49,8980,8983,747.609375,746.5625,49.609375,48.5625,772.359375,774.34375,74.359375,76.34375,2.68331434016596,-1.89904230849965,1.66899373479706,0.685319061589427,-1.0143206053689,2.58436137008907,2.68450333172161,1
8981,50,8981,8984,750.15625,751.09375,52.15625,53.09375,774.90625,778.875,76.90625,80.875,-2.81047741777649,3.05656376849947,2.36473996733703,-0.601038558724814,-1.10796792206607,2.6255829799553,2.54963440515821,1
8982,51,8982,8985,744.609375,747.6875,46.609375,49.6875,769.359375,775.46875,71.359375,77.46875,-2.13080748072371,2.61173878951668,3.06426168401633,-0.93786901754506,-1.08811614243955,2.73357750011784,2.4614916646222,1
8983,52,8983,8986,747.109375,744.015625,49.109375,46.015625,771.859375,771.796875,73.859375,73.796875,-1.59610976719877,-1.23755202568322,-2.7415643819937,1.33590226112273,-1.14545461479493,2.57345428680595,2.56427640557871,1
8984,53,8984,8987,749.6875,748.4375,51.6875,50.4375,774.4375,776.21875,76.4375,78.21875,-1.25500699307832,1.25779364320703,-2.31849735700033,-2.42847251251953,-1.06349036392201,2.59691915145302,2.62277579180455,1
8985,54,8985,8988,744.140625,745.078125,46.140625,47.078125,768.890625,772.859375,70.890625,74.859375,-1.23543825312648,0.103589542101424,-2.35656803143774,2.6687864091158,-1.12112977831127,2.56519686701438,2.59685866185394,1
8986,55,8986,8989,746.859375,749.421875,48.859375,51.421875,771.609375,777.203125,73.609375,79.203125,-0.889846710294947,-0.292416263445651,-1.97227202702736,2.24083168552339,-1.08242531673241,2.53324794896905,2.66751204147813,1
8987,56,8987,8990,749.421875,746.015625,51.421875,48.015625,774.171875,773.796875,76.171875,75.796875,-0.427051213641006,-1.59923155696193,-1.37910831550193,0.949623216038955,-0.952057101860928,2.54885477300088,2.78227343231778,1
8988,57,8988,8991,744.109375,750.265625,46.109375,52.265625,768.859375,778.046875,70.859375,80.046875,-0.236622248265775,-1.85135863783872,-1.23673411815312,0.714026646823257,-1.00011186988735,2.56538528466197,2.71768815263027,1
8989,58,8989,8992,746.796875,747.046875,48.796875,49.046875,771.546875,774.828125,73.546875,76.828125,0.234361076296785,-3.07991448219907,-0.762167635941309,-0.404671074096004,-0.996528712238094,2.67524340810307,2.61141318683843,1
8990,59,8990,8993,749.109375,743.203125,51.109375,45.203125,773.859375,770.984375,75.859375,72.984375,0.487943461829454,-2.97947045634856,-0.49511525631432,-0.313218959148901,-0.983058718143775,2.66625149719966,2.63387509183615,1
8991,60,8991,8994,743.78125,748.03125,45.78125,50.03125,768.53125,775.8125,70.53125,77.8125,0.318060634334309,2.44072225724261,-0.666355529096415,-1.13471946879327,-0.984416163430724,2.70774358114371,2.59102556260515,1
8992,61,8992,8995,746.125,744.0625,48.125,46.0625,770.875,771.84375,72.875,73.84375,0.685070901018554,2.23012509873718,-0.302616100413181,-1.39713444356751,-0.987687001431735,2.65592576487489,2.63957254087296,1
8993,62,8993,8996,748.828125,748.5625,50.828125,50.5625,773.578125,776.34375,75.578125,78.34375,1.09688475085273,-1.34573675579212,0.142653064070839,1.21050478324776,-0.954231686781894,2.55624153903988,2.77271208135781,1
8994,63,8994,8997,743.265625,745.0625,45.265625,47.0625,768.015625,772.84375,70.015625,74.84375,1.41832921502417,1.21873977094214,0.383736966118942,-2.40173622688243,-1.03459224890523,2.66270930935502,2.58588374891934,1
8995,64,8995,8998,746.03125,749.671875,48.03125,51.671875,770.78125,777.453125,72.78125,79.453125,1.58799077651023,-2.22082843429528,0.587088879935242,0.438387005483292,-1.00090189657499,2.65921543977857,2.62306797082602,1
8996,65,8996,8999,748.28125,745.953125,50.28125,47.953125,773.03125,773.734375,75.03125,75.734375,1.39333550986511,0.311271622104061,0.384163749611754,2.85949477919073,-1.00917176025336,2.54822315708667,2.72579038983956,1
8997,66,8997,9000,751.0625,750.625,53.0625,52.625,775.8125,778.40625,77.8125,80.40625,1.51564475287007,-0.708938107917931,0.500655196176708,1.81754322054395,-1.01498955669336,2.52648132846188,2.74171442202435,1
8998,67,8998,9001,745.796875,746.96875,47.796875,48.96875,770.546875,774.75,72.546875,76.75,1.85253598758325,-0.369469356856463,0.886231235539082,2.18656853094168,-0.966304752044164,2.55603788779814,2.76084266733728,1
8999,68,8999,9002,748.140625,743.109375,50.140625,45.109375,772.890625,770.890625,74.890625,72.890625,1.54930267423148,2.99059257899187,0.496325473923163,-0.641167119650551,-1.05297720030831,2.65142560853716,2.57878249833411,1
9000,69,9000,9003,742.796875,748.015625,44.796875,50.015625,767.546875,775.796875,69.546875,77.796875,1.84847355813969,1.89354337148169,0.80894634503561,-1.71683145813245,-1.03952721310408,2.67281047756544,2.57084761651007,1
