complex_small_real,complex_small_imag,complex_large_real,complex_large_imag
-1363.89335537182,-3040.58418457723,3169.2464296049,-7302.56910248611
-553.607226518842,-3337.91949289965,4147.0883817102,-6842.62756308192
2288.9178217599,3222.00583301578,-2679.92207951991,7828.97261235138
1622.24393561343,3324.48905049421,1803.01341023182,-7959.33056281463
-2823.87701108083,-2498.12693336828,641.938796100429,-8236.28095513882
-2347.32374414608,-2037.57476054792,-6842.91403309808,5007.60981021392
-1278.86245359639,-1570.67637072572,2684.64149509054,6809.01779703126
69.8330078125,-2097.1387742265,7218.35862140445,3081.13021445931
-177.441705216604,-2458.94163706645,6871.96051500969,3161.56338561042
3063.59677149101,-2813.89186070097,-7310.42832968665,-2807.0284132069
-3066.39185280111,802.254551686525,6436.00736007937,4989.14384920029
2243.98774441117,-3212.34301525441,7887.65345069731,1685.22378052227
-2166.85877936097,2515.21641026343,-7735.86943911868,-2638.14069318963
-3244.40276939972,706.15087890625,-7219.04284146856,-3744.98566977274
3510.96586076663,-2084.492359754,7377.5105262615,3564.03962482909
-350.353907472135,2258.88492338805,-21.4597164539808,-7621.89302317975
1658.62791779124,2072.24992028104,-4825.95649656283,6901.82858659813
2683.50242130184,2733.71518532141,-1632.1519685475,7791.70051046308
-3246.18808982485,3072.92055791204,7155.88104372436,2542.92240915481
-721.504535222458,-3154.33174633207,2917.09709068235,-7252.90729143952
2891.30229702593,2605.59033481395,-6151.15370186507,5875.46715002899
3955.5973456869,379.387601672009,-5804.5147150747,-6058.70629157352
-1322.88370400794,-3463.22626803593,-4256.33138236313,6377.59357413824
-2426.3578674749,-1294.10410651978,6847.53700943305,4647.37440722344
1862.48538106343,1471.9409370523,7311.37712389064,2537.53157304228
2348.67706052682,1429.34618323057,-7555.56250161645,1137.01357836794
-3017.42574315293,1772.97254422471,6917.75207799465,3321.64551303515
-1198.06705107252,2902.66442027533,-6418.28370657302,6192.78330167944
3054.43693427147,592.43625960342,-6845.06351263977,4283.3692434233
-2909.23148052846,-2895.08721753552,-5860.42203615339,6371.88574659505
3301.50871295725,108.810084495803,4749.25656559777,-6713.77068816262
-327.621559633027,2877.25454184512,-6591.61572981076,-4986.44656934855
-380.617153138061,-2168.38438429598,7550.77782763035,1750.4092367915
-2550.19130737748,1866.84586208614,6399.67026870186,5627.04106300549
3210.73210876697,-591.606202675471,-4818.83745376616,-6415.46236179605
1218.65515387893,3348.7314516596,-6243.93717488608,5823.38711547852
3997.68027004231,476.645673843219,2221.02728949653,7157.5545761208
3173.29566379672,-636.923015453417,7066.73524430234,4024.55739744681
-1241.11481975478,-2438.90983211899,-7356.11337635146,-3411.80462189884
2458.26989743628,1923.28307654245,-6743.93115517364,-4226.86271561325
3065.61606874951,815.07698702196,6752.72279523262,3771.44499954395
-1203.04018706376,-3510.31058382134,-5577.44884129829,6014.43301620949
-115.818969726562,2471.49472759688,-6343.75702045828,-4489.69382531459
-2375.13774457131,-1329.75508363062,-4833.9648281434,6412.54217804544
-2114.90477075073,704.506905884028,7689.0743372683,2056.65005983871
2340.5608297657,-652.297489431033,7560.66172432787,-624.487201823544
1865.38142611142,-2779.5788405682,-6435.92475173633,5373.90318316769
-2378.97564535491,-3438.11286348006,2697.49014221911,-7419.43121124901
807.559893215933,3642.54158311192,6912.88074599025,-4347.55634381801
2271.50947476888,-3178.71873108678,7234.01708409009,-2502.29524961737
3675.3867199499,-115.735790989521,-6922.0376654883,-3756.8082885763
2606.98975898854,1311.24924850418,7133.71050724056,3568.97598165632
-1770.35562624062,3596.86474307533,-3851.60639718772,-7219.69872267183
-1559.7516046621,-2532.00837260721,-7235.20102424444,366.013569190854
-2746.17251677007,-1182.72480234329,4996.75505555453,-6177.07030095687
-1478.99006658883,-977.03074653008,-8065.7265630758,-1717.53775804635
980.429641678886,2024.13856594437,-7247.70886014894,-2718.5611611911
1222.1151858944,3231.99011368302,6166.5602639597,-6309.51767178183
-232.387826385708,2712.63794309181,-1779.78039040242,7325.99940082246
-2791.41945503673,77.0274986249222,-6347.58490924576,6192.21959931692
1915.67793460742,3156.64500640939,666.619593771127,-8135.5626084242
5386.19679600687,3736.72537998062,3145.99820562421,946.828671328671
-2216.79603267236,2148.81515322682,6178.49740420537,5955.8898665749
3340.90360681121,-986.246959747242,-5692.19046966841,-6174.20478103691
-2329.20977723532,816.911071777344,-7024.85653067916,4706.18444874523
580.315182014125,-1828.77397377047,922.134460250407,-8185.35971669394
3262.19194775076,-1164.31541870154,-2767.84844210011,-6731.09574985995
-1134.05645886086,-3224.39808920538,-7001.44974618279,3576.53270325004
-561.265746705987,2451.02204659477,-6343.12903386533,-5125.06198947987
-2903.14300516314,-692.263586363817,5625.19577025987,-6375.27433911797
-850.566574802739,-3241.38854289505,5901.66874542162,-5960.55077120319
-1884.45891769295,-575.969106716977,-7710.44068306482,-22.2515246569428
3296.0698335328,2195.25794640118,-1321.88670031759,7808.96003678565
-1156.84623338594,2435.71938119385,6390.51028023353,-6626.66266091562
-824.210063949035,-2895.81179722814,4886.65933203964,-6209.75538213435
-256.545631408691,-1802.23474849441,-6211.8922900432,-5601.04158790981
271.096744136951,2426.2786621628,-7598.62388179884,-862.485786603445
-2498.53771049771,-2996.30337728561,3966.07587934854,-6536.49915748563
-2832.65573257177,-1589.77174139682,-1986.71064301552,-6730.70661458779
2337.60064543196,1727.18462131103,3403.78064267014,6623.31041602293
1155,3561,5921.53857328166,-6821.56049484657
-849.992594843325,3098.16117466048,-8152.02706362018,-104.692212872316
-2910.28404593324,954.635657753319,1128.58685949127,7442.69899782104
2490.76542239367,-2625.9016109092,-7160.38864390716,-3477.16615073068
-1266.99908347567,2462.97716856802,7746.73966721513,94.2146861908125
2122.06742889463,777.486037051338,-5382.77131949211,-6379.1617673143
-1228.90312541615,1833.86144513013,-5317.55214189572,6193.81232900137
2347.42435115971,-2369.25839339489,6423.35738736596,4571.06965444798
3729.32610802382,-389.701864919355,-7643.32415045035,-1955.45876187219
2461.06677440135,955.076164826846,-3421.8669535824,6924.38754054093
3171.6178337546,-262.291278612133,-7369.76466748185,-2988.99896951572
475.725963904507,2611.10280867316,5737.10157638695,6305.56038607664
-2798,1646,7066.82804998295,-2630.79247185016
2879.1227170945,686.989235059413,-5496.64033754063,6114.48330819398
2823.78664285668,-311.349006652832,7449.8745043258,2527.32684972043
-2421.8132789548,-2782.92172676984,6842.69199952572,-5363.54418688211
2694.7566528503,-1508.33803938055,-6415.52370734153,-3848.1377240973
930.854515258205,-2332.79271373706,-6470.25491606323,-5358.32534287316
-1433.86996480639,-2626.40710373837,-6625.05779155068,5948.65077720207
3362.43269972496,-1119.36679272278,-4759.8332238805,-6613.51097494332
-1314.62275941764,-2812.31508799364,7349.24498498553,2626.52296785679
-2724.42280216672,503.972137451172,-7763.49145858966,-1544.80386964192
-2764.1455443452,333.568519592285,-7282.09855048146,1594.78172310423
3049.0515093867,1090.63122002525,-3346.65798512197,7312.34513691242
-762.594748462157,2322.61206277941,6898.96656258983,3404.01849007148
3405.01589695124,-103.765625,-7892.15054095844,-1742.00811858044
2755.80616170963,-766.525859290368,-7821.58966001056,-465.638257156553
1586.07919311523,1870.36153978126,-6881.92811673625,-3497.37567874027
1717.37063208529,-414.092330932617,-6856.49454637629,1891.72020738173
-2510.09418552137,-1267.29199298855,6429.00255230107,3811.8141722464
-948.402518567266,-2345.59167769738,6196.49203185523,4483.08433644221
-167.29222040591,-2808.50363456627,-557.26140141681,-7351.14924030669
2810.59096300657,-883.371487614104,96.3362273799919,-7634.43149145495
299.77172007079,-3116.369955196,3021.9650331656,7166.38441731382
472.920979649149,-2955.20425604843,6323.53102438193,4465.43497306839
1059.1242949323,-3285.41223228986,7263.272623017,-3316.55209032012
1896.72446459598,2856.08706342286,-6604.42584128392,4612.15066781129
-2757.8916881589,-1303.79897008619,6215.21830674114,-5788.33476064924
1957.58353290442,285.804973733836,-6765.01590312208,4572.22511817227
1035.82916896083,-2887.78099709222,-1433.48104744901,7545.09562128947
3955.02543590026,-2364.31644315312,-7117.76522700952,-3146.74590956438
3275.30499728523,-1079.05288227863,-6442.26753677259,-3949.23430315962
-3056.14855444327,2127.99368039889,4098.90541642361,7033.52583681213
-2873.01573568183,-671.06787109375,1086.91988479065,7121.301753976
3239.10256239459,670.952265377103,-6911.70658270602,-4534.17770209729
-2494.23327733933,-1302.54424773452,6059.30367110416,5687.81550212847
-727.227633773569,-3068.01034631791,-6826.83158096461,4954.52050804803
-769.136902491748,-2910.33526346265,-6995.83545251743,4015.56972530499
3335.13047786041,-1686.78753128426,-6321.87824716265,-4777.11085272712
-2040.49275740133,-2297.85907390572,-4016.43333803612,-6682.2375315362
-3144.27427335995,1348.0935062178,-3878.67344917885,-6736.2044658501
1717.85587818088,1530.72752804511,-7504.93507858905,-2111.52686896277
-2093.99825227261,-2422.56017813082,-4776.58553677632,6659.47988326345
3426.47234686946,-15.882050568635,767.585261164485,7469.26377616619
-1543.54789189878,-3125.796875,4149.43606387188,-6611.02341013763
-2131.31518810159,938.00235911767,1765.36153805449,-7613.78890019781
1968.72819002529,862.822841451626,-6941.17147341869,-3928.50347614795
-3134.16913880079,1337.50724690118,6455.91656844587,4389.44821999346
2728.51741748942,-342.12870072037,3219.6672473588,-6957.8978511117
3037.5263015169,2193.8025058759,1861.048433625,-7557.21494702914
1640.00793847589,3501.8210549754,-3467.5998628534,7697.54274437487
-2640.83551551483,-1896.59930130527,NaN,NaN
2807.9695741861,-2616.71606196474,2252.39842604332,7253.76881467635
-973.909072377805,2137.87688746249,-4425.02795889163,6329.98840311885
1327.82783062086,2638.78827826243,-3671.13232551087,6466.07690040512
-663.658970161131,-2382.56270198709,5233.72771689891,-6527.36896354322
-1672.83007508944,-3359.17390096238,3887.38855616035,-6795.68713728226
-3219.55772400982,-3038.42121161277,4102.31580133237,-6716.63810729691
-2361.95573005729,1943.55407739892,3762.88382259654,-6790.53053681248
2818.46747718653,-1512.80053639728,-7136.79799638135,1347.49907459815
-4884.78485388519,3245.59947490584,3814.56192567438,2176.47386234045
-2487.52563135246,-1333.02715839947,-4207.45110038865,6876.13450813711
-560.173892739643,2444.16352530061,-7258.00821576894,-3277.22561568835
2572.23884139906,524.104132380059,-2438.43346935809,7423.84767449907
-579.890093184375,2562.96259357265,-7928.3768891318,-1254.87822452142
3322.40114003682,-818.422728644859,2838.57875192369,6923.55157133398
-72.7955460178203,3071.81905653353,1594.50904409688,-7627.8934236616
2925.33356361371,-83.7175326944583,6251.18225053262,-5413.05259645344
82.6749114990234,-6225.76457290855,-1497.91447090452,3532.62904696636
4044.40833201706,484.317560002465,-6211.48692583713,-6306.52827951555
367.314331054688,-2667.35834240746,-2079.50970386367,7558.04282487945
-1272.95632646347,-3577.46514177641,4737.46537143773,-6234.55581608199
3133.60767095213,-1508.06928336098,-5961.14069046795,-5481.98801586794
-1359.9854746751,-1342.01391601562,-7428.60293941948,-2758.68112466559
2093.88840157793,-2096.20975048041,-6414.20033508957,-5531.92335095411
-3706.20006412204,-97.6411501862282,1133.43275348825,7172.21566209561
-1574.387589728,3233.05888373033,7515.50617171039,1186.28703544937
2730,-895,-6902.50927225001,2356.67217211354
3780.64399242891,1497.00153708276,-5059.43092767495,-7185.56197668907
-552.074707276679,-4197.41524180851,7100.47267597016,-3541.3038700917
535.195630861902,-2613.49674245818,-6557.69603404647,-5135.35608646582
1328.88046315224,-2350.73905757649,-2878.81593388099,-7346.28728541135
-1749.57688020302,-270.606056681486,-6932.46145255535,-3214.56234228376
-775.82666015625,-2232.19634411256,-2147.06543316729,7408.07188958743
-377.610984802246,2663.82914577262,3303.8686314242,6706.33777444672
928.182434082031,3599.84307332326,-3680.69498004575,6653.9529091582
1740.1771067648,-2295.71877356868,6140.06336081788,-6218.23390111383
-2583.72354179945,2601.31968987489,-6982.5711408204,3557.30625
-2462.7052213869,2689.49918087409,-6506.08736145648,-6088.98170891251
128.871884521728,2776.71999531342,1899,-7857
-1012.33151013751,2115.08013016377,-929.149682017319,7938.7866956366
1974.35884939938,8.18120574951172,-3536.70035418991,6532.112811814
-456.026683755823,-2423.38375320523,-6473.6845552736,-3485.53024841929
-499.821529430657,3355.94299218882,-5589.79112215838,-6366.16398848192
2562.17105139958,-434.26479822866,6940.08799774955,-3766.39250986442
589.259059318111,-2245.97364678162,-1.32700347900391,-318.109117238309
-1603.11741749929,-3354.70866378602,-4718.83687693757,6735.24344892241
-2478.20988412921,-1876.72941956853,4887.93882635938,-6639.86497914344
-1086.7138157035,-987.347045898438,-7326.17427118839,-2924.81336709212
-1049.35040283203,-1362.50556604429,6565.28899540574,5645.16773047266
-1874.48667091542,3286.74586052085,7821.81212512785,621.114822929715
-3386.4070543473,1924.88198185392,6671.49916112627,4513.13655727953
-1023.53022130509,3078.2002799204,-6832.32021306674,5281.01382839352
2913.54656762782,-1456.25757229542,-6187.75410107305,-5529.08644462091
-2479.38209855916,3289.3200473938,5888.29335539866,6001.36093014075
-3519.26556832637,2068.09179639153,-7155.60075795582,-3605.58981367709
-2356.36706968053,-2852.61193840705,6979.4523587403,-4607.60482527236
2087.25207476752,-972.6484375,-6507.02405269459,5232.77791839076
24,-2231,-3559.78409801582,7235.3416593075
1559.33742305194,3141.28111811615,-3913.62576363045,6473.70213520225
1248.87890533624,3294.46786304942,-6076.98345636302,6580.95228407743
-2217.5997374732,2313.03377084272,6816.73745271504,3399.08616119828
3566.83500443552,5241.64802813337,-2226.14676107917,-2111.86850571847
-706.530077056259,6280.69949441012,3901.75349188375,-2912.35785275234
-3397.61979333585,1710.9666422142,7153.18114421507,2928.66011446202
-21.4093214971635,-3598.12508505484,4760.86163077801,-6198.92754989044
2355.48935227605,-28.6289672851562,-6471.27949943315,-4006.84029833714
-2307.08366630031,-613.202052808634,2787.95112262758,-7227.2795063347
980.693733549409,2469.48544476807,-2474.72211958835,7280.39004116691
3021.43717177331,-1880.47392173789,-7322.37575024403,-2467.30989066839
-1915.96327793024,-3193.52826644517,171.910237612006,7847.72453550639
788.891352796209,-2296.91728864702,-1576.23086322581,7837.24189668147
2016.34948481903,-2940.64481553162,6719.13516122462,-3806.8528240484
4515.25780882526,-5028.87388608223,-2446.27688263083,2644.34904838249
360.42204284668,3601.16826455491,-6281.96122234428,-6570.5432495854
3178.04395451458,-2418.96867944828,5612.0794738846,6676.5423345712
2487.11516864483,-2099.81976405361,6344.65347311513,4210.78999467062
-2380.97146454148,619.974041873574,7204.48067328627,3209.29410897683
200.421599101258,2523.48432308662,520.017459580825,-7788.24513081363
-2671.63986956854,-2924.06803591165,5635.54341783264,-6222.37925725934
-53.1147251104476,-3259.37923091727,4710.94322731781,-6239.04121700864
-432.98291531015,396.843505859375,5106.08440695075,-6514.77956216304
-838.206990095593,-2531.35374387455,-3845.74500996992,-6871.85520627359
-2931.30193637362,-2330.72250542457,3548.3277777868,-6705.94449738439
1018.98676314125,3314.02470068512,4044.8215048536,-6940.01346248563
863.80433492873,3274.2622915838,4641.1432678382,-6732.65008306226
1201.01842816095,3081.2904249972,-5349.20962871211,-6652.43465302673
-1112.29232452093,-2931.80287271882,-1234.03249643867,-7400.18939325461
2749.26917143247,-2659.19733520405,-7157.87842319659,2217.9758007697
1204.53452301025,2993.22342212292,-3604.04475127227,7451.34941002796
1561.81995110036,1564.98676750918,-7579.81502038479,-1539.49885237193
593.342335078069,-2651.08781149266,-3733.18142727257,6771.56986021157
-1575.57177858095,308.952035299162,-7358.97310067205,-2523.06599650705
339.546101485148,-2667.82815652774,-1827.26798760191,7653.9328384993
644.245750427246,2846.33775943428,-516.055732177305,7353.95560032379
-1207.17783257675,3659.81328064785,-6756.45113435531,4059.17924790284
2988.67910293006,-1927.03443280819,-6809.17563776658,-3883.5546095407
-1141.58096828221,-2468.12660749058,7826.00132990442,895.871257887145
-2690.4442651474,-985.845844933904,-6791.79132545894,4698.08333554402
-3055.30087332236,-2008.17467820224,6012.54046097948,-5711.30656728241
-2903.58089330087,-2414.45671956053,5597.60585465769,-6567.44195132805
2998.61545032836,-2275.01935345752,7340.16425296524,2944.55254549707
-242.212460103849,3518.20177891566,-7431.38670532012,1262.20529100144
452.175464118647,-2279.5207291631,-632.235619422547,-7699.52979757859
1377.88105162131,-2700.74830925976,-6451.53198068069,-4934.6757293254
100.606604868971,3762.43729632766,6797.73726260979,-3169.44675925926
-123.10699821921,2854.97365300508,2169.42959173821,-7387.55468914426
-2807.65091552734,-1036.33822452958,3406.52114289727,-7078.26388000514
-3557.69027111725,2364.13748243006,-7325.14822193709,-3576.15239858478
-155.16162109375,-3674.70185862735,4201.21509597611,-7445.00807923497
724.575483052064,2444.73067267124,6029.74286759547,5888.94911568427
3223.17557128993,-1703.92691413414,-6347.91615965444,-4919.78270492502
1130.97616485246,-2803.62826401244,6733.69875964611,-4064.95333678887
-2251.32010325659,-389.561459748641,-2781.7963250101,7238.46793924065
250,2940,2373.58133525562,-7743.96048063979
3535.25000459614,-1396.43786236571,7153.92389992028,3855.9246505503
3480.30950915351,1621.73521874386,-1810.06433465276,-7108.69621227135
3093.88824910555,-1539.66867376287,6973.44111969112,3040.20576850457
740.444274902344,-2450.14697458812,984.788494436851,-7535.05320910215
-3143.04889663794,-759.08373190344,7003.74596891607,3935.13186306291
-2125.2990071014,-3159.9351918323,5562.29805473939,-6626.62384825768
-725.533017807497,3574.46586728007,6530.31153348264,-4699.96444488933
2594.00352342042,-1758.44602397377,-7139.02652902971,-2630.10730884145
1238.88286135955,-415.1627307182,-4295.1018478572,6259.25695570403
1577.16332853375,-2399.2006101801,-5167.52956871556,6788.06063594986
-1196.41200785493,3207.45556534703,-6790.89873042613,-3698.75512242051
954.327272881749,-2952.82149581222,-387.953548597789,113.821424617324
1334.1625904777,3418.40356301531,3418.89128724235,-6794.3189772926
-206.339998915389,3275.51378676438,-5930.93694852699,-6136.62052491833
5420.70085700476,-3136.94935239272,1360.90209602236,-2247.54399956474
-598.831266575704,-3526.60003261285,-6674.62674314321,5533.01939474485
-2275.38779122489,-565.380875465869,-6466.09516859486,-5011.7009720905
1333.75447359208,-1497.0557281801,-2081.73461566895,7459.93834110158
-1929.49320032553,2535.80316386934,-6386.65412157137,-3813.83059361916
-416.312107332759,1888.92168506246,3410.91457797156,-7214.46196065478
-1716.65706484447,2967.79043128615,-7084.4522345916,-3664.66515087155
3164.27334498739,1074.41927574421,-5847.77358668389,-6216.14944995255
3369.49218655184,-1389.73041699555,-6552.53467049216,-3880.94183847566
3552.60325808917,-800.530561204445,-7515.61492771855,-3270.7423379455
3628.15284904642,-1159.57724461977,-6618.15781490755,-4638.39914820952
252.127087601371,-3117.30420076056,-7213.01064998249,1221.66404486456
-1537.63200948187,2829.58059217921,4537.79731865309,6859.60105702235
2045.36729656987,-985.049079775996,4624.55076307106,-6435.06950276187
3259.18744407269,-560.892998281648,6447.51754837781,4070.45120584251
-2001.50024820099,-14.4783986349384,-6266.37662785735,-4524.84353387052
2,2758,-7798.99116245076,-1437.33261126645
2057.3909236899,2517.57350832571,2800.59581064112,-7135.46455844705
-2342.91479162076,978.313242613199,-7458.05637678321,-2902.2289814705
-453.403526587888,2585.59957596229,6552.25923326768,5019.72552596685
-2006.2738043145,2509.06450223522,-60.3407856803943,7706.63787078659
-3673.83341148762,2021.94698173889,7337.17607207988,2384.61761069151
1960.87919904022,-1362.2361840191,-3.96862594283448,-7828.05092631184
-2793.38531146438,-2529.88268607003,3977.72695966004,-6991.38933492247
2892.0551059617,1586.11837117653,-7356.22268209393,1806.87098103328
2777.6530218428,-1127.99732288022,-6597.47340043813,-4338.53832622995
-3568.41582610549,2044.82228364149,-7400,-3893
3072.18191735933,31.0483169376711,7271.16906821853,-1405.45147508191
-2488.75737436129,-2939.15658658264,1360.62725323125,-7825.56601597292
-796.850040178206,-3728.81687431714,-4310.55152760278,7091.83824089559
2481.38641344909,-3048.04141855751,6516.43484252128,-4241.53484952612
3579.9972526257,2097.68477467125,NaN,NaN
-3039.914088435,871.166412066453,-6832.26938285349,-3543.29124828588
-354.021312524879,-2919.46707798665,-4900.95662352239,6093.74464858434
-262.536211914667,-3202.53276589497,7069.71630820454,-4421.9314917477
-1887.08438173374,-1537.66607313994,7513.68456924499,690.138478123451
-2877.41960868391,1051.686639105,6350.61560496484,4327.38102409812
1748.18689581262,-2146.35018573126,-6282.54962390943,-4209.13276474875
1108.13607476397,-2572.53658023311,-7180.60551151409,3856.64995837445
-3008.66421656706,1316.51128369662,-6611.18209047232,-5782.00779399589
2660.8789048622,2079.23378906653,-3236.51216209386,7078.56931287253
2764.31881724884,-2232.85845029054,-6416.75704704599,-6332.61754732341
141.840545654297,3863.89796237209,3105.85105283419,-7413.68409246622
-2281.03872889772,70.0277856535299,6236.41473303799,-5828.82962608377
269.665680164599,2918.42800036447,1305.9744492334,-7732.56760772694
2618.99008973421,304.889139921769,-7091.17804473798,3345.56180419922
-3225.27374702554,-431.114376130199,1544.1237228805,6941.7757937068
900.551767878635,3451.96086294187,-5228.08886557973,6740.99596923793
736.311001051427,3506.55751147073,-7333.3699273982,-184.901634055901
1639.7338074017,3126.98787541585,4867.91214167722,-6679.87052521524
1880.09649760113,1787.54885424954,-3385.3048955566,-7016.99856403033
202.210604660803,-2903.28153707148,-3883.67104585785,6779.93546361426
-1223.02913061073,-2187.78171429555,-7568.19071390838,373.411643446537
-1760.01191016938,-2958.88800440344,3285.05075685126,-6877.86857512691
-198.5528723255,2938.38297895549,-3804.83132967273,6864.95360900077
2824.7730760258,1758.9617448618,6136.13800501481,5613.81251670918
-2597.56198799713,6595.66745528671,3019.11053074965,-2873.05868404888
-1755.79470117085,1594.32900038601,-328.530890557566,7803.87589968458
-2380.41605334253,2346.24745804085,-7202.91489167251,2730.27281848899
1307.90891557329,-2261.18127957074,-6628.61811104843,-4306.80231585145
-1627.75790187143,-3535.83023721632,3360.60156357508,-6949.24033314471
2380.13072957816,1798.4618142855,3455.25222980339,-7477.71867392998
2844.06111722595,1481.74450178954,-5626.75647424221,6488.01792418179
3567.98078865841,-507.594634217906,-6944.05873298232,-4195.02714159175
-2135.59647442723,24.6616463039232,7220.6939160496,3145.53635962971
2378.77884097875,-958.141883278354,-2937.38147667264,7328.97874392412
-2433.69971119872,-1515.91978619465,-810.437109375,-7002.61705663129
1927.93590127268,2548.35388565063,5935.59341670918,-5666.8770479912
-1872.28160227168,36.9155630894391,-6913.63068008636,-3425.00823686326
1690.98690042472,-2154.06501449119,-6633.28415846266,-4105.00546780857
-1436.64159154349,-2514.59149646557,7135.49369553585,-2806.23176821849
325.915146108774,-2547.64148602428,6145.35240874729,5444.60635321874
-3248.48920439571,2161.81255041289,-6377.41752532762,-4642.7067450052
-3057.59527386915,-2143.40389936258,1020.8519187604,-7585.30811776307
-1802,-2682,-7672.80185072358,-1613.00901479175
-1974.36023527542,-2716.77562564841,-5347.27918295595,6656.51911324516
2464.53658808756,3219.05112608698,-5022.20242608619,6386.91169096848
-1559.56178971948,-3598.22346873884,3170.20292585107,-6932.29467673208
-546.685058420478,3006.25776034475,-2557.31366303703,7842.2313272983
1058.87292133397,3510.05848866257,4723.69632447691,-6220.14749784907
-2700.81528368858,-2903.84533313964,1727.82895098842,7366.80241172629
-3201.01690641857,-649.400193546388,6274.03677292526,-6248.224200639
516.864942044526,1953.02246424321,4546.25775773421,6628.16944226644
2105.65617066866,-868.306005258572,-7219.3775044309,-109.328761091553
474.972286223022,-2167.21918985304,6113.57986531924,-6387.8115748435
1594.09001428232,2223.39937910409,6868.89614529421,-950.072289156627
-3339.36954588742,-235.369735231504,1497.38384909751,-7773.94498807923
-2966.10750065556,-1533.25765068752,6887.75853742869,-2756.11347379627
-2197.65682513274,2237.27135757759,-7741.58612065695,-613.232164034049
1668.95998084435,3350.79246669428,-3513.63993226166,7158.78981107967
319.006659937519,3358.77533140012,4341.23273178573,-6785.40710622646
3045.09300860418,-1205.11832386364,-7514.2076405706,-2390.22520615808
2886.79664888293,-1068.61672607748,-6508.86613000819,5796.48335324312
2324.54544793,2875.74497155122,5425.91659291559,-6753.75600313002
1094.38323080546,-6483.08903358648,-2302.14913346299,-2477.10973523811
3406.20935512719,1816.91419876453,3149.05242295818,7361.14903404885
-3772.10504751832,97.1849365256641,-3477.96128619506,-7160.8184646072
-2461.00750884658,1468.51096773504,7240.54325938013,2449.2937244633
1883.58480561929,-2565.03042682032,-6643.91839330651,-6336.32250207429
-3164.97074537552,1099.85578782494,-3937.78897267468,-6791.35081757409
-2179.21912575433,795.353269150597,3017.98886800611,-7199.95699504374
-3026.68689378754,-966.067133057056,-5579.39481487534,-6465.44046675105
-3285.16087614437,-1589.18959427636,4323.78446995499,-6405.73753607235
-3058.12726116821,-1881.15568211337,6182.49249153207,-5959.97776678169
4169.24352108415,-5484.30459574711,3067.23401630763,-2951.34715494366
3055.88664586969,1981.43915972483,-5291.01953446586,6242.94184524725
4900.2496162536,4233.67970359483,1182.73159303581,3614.14658718159
-2766.80718037229,-1868.55926042679,6361.5419477265,-6442.847115084
-806.2783203125,-2834.6747249993,3848.40971885946,-7215.54010473799
3270.98876270439,-498.839888250963,6049.47961824437,5020.68964194606
516.378444299905,2119.00311258811,-988.213329002591,7505.66439909221
1714.40282675428,-1209.3474769762,-759.746201312769,7906.29906293307
1440.55789511009,-2008.0718291035,5099.45943872615,-6149.95298934023
-2272.49696153163,537.440827829267,-2736.40266510669,7413.66796432186
2080.43758076936,3432.61050679097,2749.44787160952,-7325.22105625863
-942.157129122516,3031.62530133734,4222.82044962891,6485.78114894571
-2455.33540765829,591.399770901437,-7607.35286207796,-1692.41088191644
-340.901428222656,-2943.50788486499,278.016472018495,7719.61021595325
1071.2990112874,-2804.3595213644,-2704.75238290675,7482.67719036995
-2895.83499892506,2166.16624264528,5801.59877447858,-6186.16574492684
2204.46779112058,-1482.58270501377,-4338.66677442806,6978.75571743694
-3094.96839736724,-189.576699160751,-7680.56668376493,616.025836447676
2523.57586243427,-2143.45610034114,7133.55182279375,2688.47816363253
-1329.61179714085,-2350.92117192123,-7896.14425606403,-1993.96048547296
826.376723423791,2371.57443795946,-3837.59893473766,7066.9448572397
2958.1272374312,-1668.78233637958,-6652.9409274108,-4873.1495625581
-2222.39428510418,-2724.28109774873,-3262.20245917958,7217.89114434273
-1599.45965729698,2839.78281410804,6422.62597235752,3612.26111550372
-1347.74451171165,-2311.26512955513,-4038.39283457408,-6960.44752953254
-2784.77582312481,-1087.90958055332,5416.14262392658,-6269.17128229814
2598.79296200345,-2353.20140379879,-5820.86661481108,6008.04548062733
-2094.07061045574,-1156.58183134467,-8003.16884881151,-290.815622189582
1675.0602461392,3313.88577036787,-2899.36272552567,7337.00161851894
2199.97021509646,-670.026221045132,-7612.66652098334,-1624.63839359607
-1611.42151599196,2208.71127953027,2829.84124242385,7147.79675848969
983.529636363391,-2080.95243645295,-505.8601219397,8046.97014170736
1128.79962862716,-1199.35157589431,4367.58623938018,-6569.74088141809
-2757.15772914259,-217.849437018421,-2842.62968014379,7166.5191816019
2377.54415019096,-2713.26793971163,6217.02316243828,5401.6536456739
3106.1011363642,-2099.6897156133,6230.48274467368,5791.78868462295
-3342.4742880845,1857.84911082541,7667.81159720582,1205.63452791287
-3827.16317960794,-638.055390681777,6722.5002999388,4794.59972795695
-3598.51149764328,1022.0116788923,6195.27371468272,4669.2181043024
2247.90367775832,831.016258445946,6102.4915747669,-5501.26690415129
2557.74805493913,-228.855041503906,-7277.80295885137,-3286.43162435686
589.03396594146,-2680.43628666324,-5169.53432564386,-6410.21239620107
2443.21979668164,763.077652603627,-7524.63474206021,1514.71181262705
854.349497388757,2018.28151031451,-2693.00086290351,7002.7935200519
-2271.06357776734,208.526686405984,-7047.77691568048,-3510.3697866149
-2574.54408931759,-880.003103408363,5620.90371784083,6419.20133120609
-3047.05039604254,1860.7774556589,6616,3702
3211.2580945302,-5210.13777755257,3728.70000928758,1336.53186655398
2459.29753176731,-1844.59854146485,-4373.20404845436,6526.90480431775
1001.38025086389,3215.03390435139,4733.78304219757,-6281.14299950233
2801.79455728328,-1392.35063301571,-6217.65388092233,-5700.06326757272
-3964.87953761183,1084.77089771052,-5368.41431632693,-6573.60581142829
-1440.93417915531,2938.47623279297,-7775.65326306552,-1346.703993303
-1535.31922398012,-2795.38393609161,1720.3476730041,-7855.15526445611
-3303.54095057011,839.751995376842,5042.38529951323,6598.14507457471
2720.44901827921,1629.18462978283,6574.7947901663,4453.8679545519
-0.4609375,2744.10333083359,2295.92471987502,7393.48058216348
2758.77276263751,-5911.60608471815,1775.35972420394,-3134.02011704943
-807.645960598656,-2622.99445157142,933.146151153218,-7851.48942403773
3119.17344940843,298.386472094456,-428.361124155182,7495.94226275381
-3392.76418511833,445.774238942722,-6375.70433997359,-4465.36884500239
2880.09134030662,212.926520817847,6975.79443740976,4437.82699466274
-2169.4976528865,-2557.8804849479,-5393.68214739157,-6853.50990476515
3347.03486403897,-1859.22937037255,7062.61780066966,4462.91003050826
-1884.35479069142,2073.1770229663,5200.4054374344,6110.35831493201
-3203.12422568261,424.070686086379,6274.7475523135,5149.72529713561
-527.646944971243,2620.25579723079,-4573.88562170221,6422.44962572487
1354.44334087658,2133.14147909968,-3136.82318250729,-7087.55242481643
935.999805367941,1683.31070163682,-1356.8300043028,7292.38487513272
2284.66604918919,-509.589836120605,6667.1979677881,-4941.54092041853
2089.6338829278,-1974.30214814657,-6286.00454856841,-4833.33442535105
1632.81709949267,-483.826019987744,5046.5893354241,-6417.7408146502
2355.22104834628,1579.19758486831,2181.95427903923,-7443.87856514794
749.080583282807,-2101.0252211125,2083.46048681166,-7755.97587800323
815.667864650894,-2500.0175248894,-1053.08598487233,7856.43828768277
-1741.30700236553,-2711.14257988657,72.8865378015416,-7904.59655968862
3110.26517724938,-1384.29471848061,6585.97665860663,4679.77434659494
2670.28381559782,2531.11248335519,-5389.19635706697,6295.89718694695
-2995.32546174859,2307.8376120923,-2117.10469885953,-6872.20321556521
-1617.11906509749,-2499.06789822678,7106.7132815382,3265.06825355493
-2483.07249308792,2605.1461738596,-6264.68668892772,-4842.97197161885
2938.38246804449,-1144.10332071771,-6964.0604250876,-3865.82003601248
998.686400038637,2875.57652588027,2105.05332669833,-7763.30649826356
1960.1037478623,-3138.92969705421,-7064.39800905732,2110.05437968917
-2379.24336313233,2274.21407949628,-6484.28468076502,-4611.0204886054
2424.26959746224,-2414.29316216623,5102.16509996374,6707.79591409353
2435.98673259819,-3078.57575159542,6161.63956338332,5457.67611211423
-6465.25589124214,-973.630620827367,-1840.5221695318,2479.8238161946
3939.57627627131,819.617709281749,1996.60608741393,7536.70998289705
2750.29807184951,-2706.340970375,-7463.067573311,3050.98879880357
-3802.94224155184,1081.46276855469,7448.58430589739,218.995900457505
-1467.45458373175,-2744.78597471694,7509.17377716043,2535.95389832326
647.927854962523,2874.09989128375,-2590.16366211301,7329.87377152406
613.281657226563,-2150.98260283336,-6334.7101615417,-4483.63960828892
-256.037787294235,3064.72008260784,1889.92923515806,-7436.07090189622
-931.098418660094,-2067.57491205659,3758.9231941324,6877.28637270883
-864.212223980644,-2685.11462693188,4224.61745802687,-6520.35462272164
2888.04948286089,1705.23987778202,-4513,6183
-422.13216129426,-2056.06356863639,1563.52848233073,-7581.18615640392
1933.61364809527,-821.726318359375,2841.51429472332,-7187.02301800081
-1053.5718926337,-2780.63322310023,-5669.75308102709,6228.68901977638
897.636258797719,2070.45044589082,1568.70285989795,-7949.79327224852
1406.54210001684,2853.11978594445,-5354.00401654227,6762.27100398846
2824.56242488895,-31.751329787234,5732.51883802817,5908.03611195811
-2660.29553922992,1844.56429836809,6908.63353958169,4008.67769500003
-1333.60962888168,-2715.4446157712,-5771.79636204837,5970.39231385108
-2825.71447467837,-1660.50048558559,6597.85618256817,-5504.90082434129
1.80770874023438,3455.49042564154,-161.325355627133,-7885.8195224408
3291.59421638108,-1543.64457351763,-7479.88759173345,-2385.97729491742
-2979.08712306167,1245.91778564453,-7578.9775467728,-2356.41613733935
-761.807827220053,2762.96435433629,-361.912717680279,-7369.17916793018
3249.36792734532,-1622.09352856481,7382.57500437443,3194.0759652128
-2839.99155186232,370.631576538086,7838.0840383413,604.616753854367
-3122.98960805698,1274.5288685328,6760.22811822447,4488.84162069605
3474.41824418581,1280.5565458159,-6140.29950543788,-6908.02280651919
-85.0052383063437,-2688.80055868488,-6186.13125461396,-5597.87942141142
-654.865984045132,3297.41987228671,4551.93316981664,-6742.67926058936
-1645.25937138211,-3140.55358811012,1593.41444007817,-8058.13736396035
1371.6965131916,-6487.32007685888,-1578.15824196555,-2470.87882229904
-3637.45447111738,-29.7472757699994,6109.76317759648,6193.90208820654
3438.36289728483,-1875.77282600477,6801.35012140553,4615.7992724276
2926.29446985953,-921.119943339535,-5029.98797406852,6481.94646715491
906.99365234375,3474.05507692915,4638.94394077218,-6743.0564274925
-878.565879897316,2433.53148672369,-4991.15700400801,6101.76462583417
2392.25728527607,1833.42411738706,-6369.30043838616,5349.10472011129
3266.21347195857,-561.54292668523,-6349.80081039501,-4199.08427226549
2175.29106860538,1766.99535539391,-7222.31902158579,3390.45282435155
-1829.82800865244,-414.507631541137,-7322.0687635089,-3068.01278629724
3059.81430905204,-1273.35610480058,6612.62493971681,4832.01601947168
-1248.50354518258,-1793.46905594707,-7258.37323787096,-2306.66421472719
3341.35641659007,-1851.65623980028,6452.18521523744,4513.2750069136
1532.3257999989,2604.57522141921,-2494.06348621931,7535.66084252877
3744.56743015018,145.595040996785,4375.96900142038,6650.17457657549
-2049.48098743891,-1672.92319400096,6805.22875810204,3742.71145183136
2660.04198972285,278.446128845215,-5280.48417837486,6633.1406443531
-1237.35246138767,2699.9996843246,-4756.47766058021,-6720.47155440927
-2585.65111767751,76.2414227749439,7423.55456228416,1570.00526321539
-3037.70871950492,859.144408984915,7234.66515437191,3035.23548020117
-3035.63909398202,-376.577987516249,2237.43317734905,-7390.16044725656
-2200.17597666275,-341.896858785677,4536.09998045199,-6645.32372508068
2129.42709667642,-1509.78121462871,1016.76240917825,-7765.68250084442
-893.438982797147,-3254.13430281617,-3048.74524965602,7042.75071034407
3215.70330806843,2254.83564337472,-5654.93817065764,6132.28601317468
2718.95945894365,-2862.43094817372,-7145.202704463,2414.75123856707
-1054.61103595552,3654.34380526468,-5178.36207880138,-6488.57714242053
166.951237385181,4093.05311949736,-8110.39170883713,-230.759179691684
8.0478515625,-3071.96927179337,1345.16546833978,7351.16940568566
1914.11223113515,3381.33757672991,-6570.61916443636,6474.30102872134
-38.0816631753937,-3248.73235821845,4169.60368775573,-7189.34906961316
276.16437545933,3634.48077785432,6906.29623311291,-4750.47503538027
-361.311160714286,-2844.53050387766,7426.06231196739,2753.42909978649
-321.417675445986,-2317.36878901128,-4308.00958113188,-6690.63712034549
2826.28128609876,-292.945922851562,-7348.71911966558,1167.79358897602
-2485.35823847903,-1319.05770802325,-5819.33239254148,6121.5634567867
2612.57394376718,-1579.81595354161,4945.0820766007,6579.62269272463
-2978.30793445248,-1865.17375674283,942.488161573223,7039.85097970218
-555.45243563847,2118.85319075549,-5854.46528739574,-5328.0744956363
-2770.20824440309,62.8500442504883,834,-7859
2119.00590154474,-430.733413696289,-7382.81918253055,-2622.69447536527
3114.68458133581,-1423.1348730743,-6757.69198206322,-3935.18238768357
-1240.16146312531,-2663.73187407168,-6624.64641499901,5358.36880761955
1013.68850933624,-2733.6132743746,7367.15954472218,-2791.88449239972
1952.97343940539,-2092.69585327269,7134.26933776752,-1306.26437108735
-1739.95612043113,-1301.44666582786,7679.85206387998,1518.45366853472
2072.93495833285,-2286.65879607092,-3047.88988409408,-7036.01674496744
-2251.44685242456,-1559.6273836519,4834.71798862835,-6250.05308899173
-2137.72846375742,322.601131895235,6239.64464621711,-5200.90627664856
3056.62417621828,-1253.20357962399,5995.9241232215,5067.94066179109
2476.59869517483,1823.18202470337,-4468.85760390403,6060.92804799115
195.437948339591,2486.96852635626,-162.996345561114,7533.5499499316
-1268.65722788396,2614.40684251636,-7377.09082583514,-3353.56452558509
-1639.66593055382,1009.1644895722,-4156.27432917949,6401.30552900243
1915.92593194153,449.729573260024,6521.36272157558,4705.70629894066
912.241939734359,-2271.82927086829,6539.51262100459,5270.72666604319
2211.61637379036,-109.672424316406,6685.88191695385,4075.10619002306
-411.203812240006,-2241.46741712412,-3463.77313459856,7088.26927788492
1949.21914920698,-614.454285043392,7223.7092504807,-1707.3062798799
2462.0679524148,-1391.26311849174,6147.54979448089,5763.78343543898
204.463989257812,-2809.47596754478,-6619.63976658631,4775.83359603366
2414.18253039815,-621.350460731977,-967.428711223356,7459.99841174137
2344.21039944219,-813.323084165637,2340.02631617695,-7326.15183341415
-2199.87345578989,1232.99198344718,179.175863163499,-7920.54971541751
1845.15123875936,-2664.55126569576,-7233.99193988936,-2858.63012865702
-4982.13564562935,3629.17019282454,3791.09182786997,-1559.54714454988
2915.67673546746,1634.21264028352,7501.93152584603,-2620.23683363645
-1054.18629827186,-3889.30838669955,-3696.11104433634,6857.84285344304
-3080.80608005695,381.061532107266,2014.03620370171,-7714.34803338987
-351.043294487473,-2705.49861482316,-7392.14615014421,-2408.17723363181
736.206678009367,-3153.8334283617,-6240.89439393119,-5614.85397545414
1966.2989920196,3058.35935554844,-5272.83404765434,6286.3554185924
1044.96158445259,3324.37565637516,-4357.35587641882,6366.37676222284
-1953.02299862677,2061.24311284964,-5912.03329646455,6424.97618647517
3366.11544233175,-142.454010596642,-4712.57029180947,-6427.92253773137
-2259.00145235856,-3648.50248833003,3017.22554793287,-7172.30147450603
3641.86665144132,-1354.08477760764,7248.54377529043,2569.95100582667
-3155.08161850957,-1031.76578216315,-7532.24928578954,-1672.83910208177
1559.24591601604,-3622.68066418587,6647.74735481903,-5451.28153907348
2417,-3359,6261.00210259453,5463.76749708232
255.588290860747,3199.15328690928,6783.25845247113,-1935.16159943611
115.381267640649,3856.34363087059,-6865.53345124984,1305.96314840802
-2387.73971358373,-363.025991689225,-6617.39197304365,5176.18137798501
2145.75255674096,3555.85985006307,-3722.51119521686,6997.15220392668
-251.034484863281,-2968.59045792388,1028.26099426049,7302.85858424702
2641.98894367285,415.13169134499,-7167.91359588479,-2843.50228853773
2636.52526929019,2617.0679843346,6374.35698431064,-5587.15610097068
1654.59468460622,-1632.64648230556,-1405.05242521309,7637.14705513544
158.024303943424,-2992.47031297498,7351.56095152771,3004.00277599907
2202.20832760593,1804.44013347693,6733.09026872105,4175.20125880053
-1670.93503864235,-2442.45644720874,953.62055194245,6885.03389371985
-1056.69422339302,-2850.44539861619,-5580.20442730639,-6339.93207214037
-1516.94889568107,-2394.61798344068,-5162.56603363285,6416.15887883389
484.23461643225,-2387.20338269945,1070.11894211418,-7932.9045726397
-2138.72842307871,2085.86895846372,4362.61401376986,-6971.58191161061
-1462.59415127956,2622.22223235954,3860.03991453263,-6976.21221496727
1204.77868990355,-2685.05631803241,6390.57307507218,3883.29911653536
-81.3458643194003,3047.54314825815,-5191.4094793926,6716.40339772694
-2886.56585933479,242.742669321244,6021.35935414744,-5943.29889182653
145.023148342495,-3458.26111862254,6294.88533158547,-6020.8587361842
-2997.25652146848,1266.70928936016,7655.11656972433,2030.57285410456
-2601.94374006886,-795.562119514711,-6180.33855622193,6187.17370759964
1316.07845149792,3255.77859813035,-2645.3973211249,7280.53726747401
2118.15841563472,-2993.04856850801,-7548.77634936415,-189.768018729656
-1771.08788495061,2773.39472889442,-6525.57565522356,4900.88659639701
-1585.78893396792,-2245.4330661293,6891.07496910496,3935.92563686528
-3093.45045194319,941.095863139081,-7733.7576175337,-2498.85289955016
-2803.24843598785,-2935.09440913612,719.533994469548,-8184.19014791069
3281.36977664825,-1964.65544416095,8159.27715395226,2016.39122291004
1461.45812930344,3566.6421527793,-2189.45100262376,-6908.0409287805
2752.94904005042,1769.06963423182,-7122.99641898028,2077.19622381708
-472.407701982227,3239.72495148874,2947.97997397701,-7627.24784487678
3516.53119917725,575.023219056963,-6665.72735772539,-5166.57827346249
-89.128492748644,-3380.27901878104,7021.2235652482,-3462.78699652532
5580.27412015686,-2894.07956274034,-2550.85860395482,2146.45937254935
2244.27455623745,-5856.14677842809,3312.21927064124,-2540.80608772037
-1830.68579179023,2075.74090527623,-6832.54519803248,5900.83372282521
3984.290208842,-572.339445848197,6825.22349996096,4030.06699593786
4447.18781882386,5502.72384894061,2734.08778794152,942.331017099435
-2189.26609948547,-5380.50540272797,-3571.17836457489,-231.07465300469
-3019.95664038324,157.13920150825,-1632.84933588855,7728.35992054947
-581.226187346754,-3499.58605426562,-4972.62747968453,6593.03327180878
3422.973212453,-305.022766113281,7230.18259885981,2729.49557785266
-3154.3973699121,-685.393663086765,-6933.60299357976,-5183.33907339132
-1098.12952551974,-2164.47967261773,-7588.79629963582,-2590.45511956241
2973.1556912965,363.372023046488,-8048.18014255667,-1173.50475983511
3607.40588877294,780.50210924906,3227.29102303948,7119.34246373769
-2999.48981100415,1694.92531407562,-4539.90111067169,-6567.95247415942
-3295.53738832584,-1831.7919773775,-3857.50755479762,-6926.06521805492
-2578.33367829305,1211.76201154468,-6664.21583719414,5544.57460234887
2064.11390222954,3251.54648425422,4838.84038065524,-6606.7507100534
-2395.59249640483,2460.07925928669,7235.21659077455,-4745.8238139912
2573.16904127529,289.500183105469,4019.22131256178,-6948.08074013938
-2862.1287483167,-499.467171029086,-7608.31587997928,598.454221211676
-3350.49757556312,-207.347663201338,7017.38436118096,-2964.44376004285
6782.30418279551,1979.07873134669,-3705.3948921349,-1276.4691588785
-3484.27787571442,-281.923451767754,1990.64012225255,7242.7904613611
3583.56121469145,-733.043724669143,6756.65086489796,3374.31000857419
-1106.83377114778,-3101.75679898477,852.200549450549,7289.52842346324
-2467.59272965672,-2521.40533956329,-3714.18504289116,6534.25384636956
444.464478964008,-2944.23452359621,2739.93117750754,-7774.04687471821
-3169.96591694303,490.433518220759,-7148.83850030561,-3882.64088779546
-2871.22018049697,1822.49590892089,6007.50199108991,5621.71684575581
-1352.73857106273,-3263.31137067746,3104.84680571791,-7418.01635229841
3352.05092998636,2569.67254503275,NaN,NaN
-2719.7920526672,2147.85234669489,6789.22147077474,-4472.12001608209
-5962.93488861413,2206.94469850125,1895.80763518296,3608.06089951994
-1512.63267437617,2465.03245734562,5762.03025055292,6493.29162693299
-1668.97292390954,2628.9266238039,-5830.13517187852,6182.44225620886
2880.7793846957,-643.814178294115,7482.75416911104,2673.49082963273
-874.702569545483,-2723.23649330911,7678.61834862383,1090.93056788563
-1553.85175714558,-3012.14754904402,561.876983642578,7732.3906779751
-1033.20310720964,-2749.65066619031,1458.3043963626,-8034.97277392631
1944.32296254338,-3640.84992561739,NaN,NaN
1247.83322411828,2952.80745839697,7091.11523928914,-4072.48753985701
-2960.4968819287,-2179.15165553659,5686.02037053702,-6354.651126361
921.038936491935,2515.81632771138,-6794.42581991156,-4589.93278338034
-715.280501457754,-3296.82501430206,3641.47739837217,-7050.98188007218
1944,-87,5213.89291894354,-5927.60770700674
-213.893529744547,-3849.99586548217,-4546.78557561585,6865.50210466102
-159.140138319672,-3751.91885781035,4401.55771764894,7043.74456143001
-6851.71410092306,68.7550048828125,-1917.14929565851,-4087.78780365569
2608.26825079938,1938.26460640311,-3996.32592930908,-7249.26898974085
3109.44689580272,-2038.35469909601,4287.26525251918,6828.30587084796
-2043.1433715002,2077.16588204978,4519.37953988187,-6935.05343632979
-5464.56156943566,-4517.05196190794,-2866.65569733764,-1330.49865371138
3522.42981216856,-1481.69749334193,-7944.53411300395,-2914.76410555583
-1991.27388795124,-584.798991635465,-3923.18122142336,6591.12089156204
-3121,1863,6602.24716951088,5614.13270311227
-3060.05481723814,499.154925847458,-7647.11369681022,-2379.54432070423
-224.777786254883,-2750.14401114396,-6848.442522576,-3226.78952207559
-3380.06387650185,-547.148924268612,6818.42824850345,4214.9887493676
-1806.92705648939,-3164.54343289702,-888.761960920159,7923.06502971394
3694.79676391929,4771.67781307104,2644.28674742794,-3205.11647465342
-1198.86347054307,-3506.45672086096,-4373.02740390453,6701.17889569022
-3214.29120500966,374.287768260542,7378.22244154233,3089.34687651581
-1439.73143555985,-3385.92430538286,-4172.79697597776,6597.85762873683
-4874.15748505444,-4743.11492049896,-3346.63444794239,357.082595647354
1456.06452458528,2079.34931143415,7156.31516278566,3704.48304983259
-1972.89399472305,2506.96883721285,4661.19152811685,-6457.80043710429
-1520.07742751641,-2382.44310676419,-4061.25908969335,6279.68042268665
12.3483047485352,-3216.03046675457,-2602.62646929464,7309.44387977061
-66.3564579012102,-3551.29105543664,-4202.86906523518,6962.907374418
1053.51809151644,3624.53198349104,-4373.59177864991,6921.96172747591
-2792.45578048238,-4.3583984375,-7754.59121474014,-2049.7124949556
-2719.29349119475,-1680.97210154554,-5276.15283388888,6336.76735404761
2573.46682430052,-783.129119873047,7613.47385690702,1760.63764383739
2582.69721197219,-958.397449305232,6725.16669697914,-4990.05307416828
-2949.61706228435,520.245745526951,7666.13513578691,203.93337155439
2943.41133499627,868.963155589384,6593.51355000645,-5482.32894390277
-2804.04308743884,2538.59614365536,6036.01176206863,6156.24610988358
1117.0772349473,-2295.48842951267,-6491.9885829488,-5176.62258493247
3191.36016515587,1751.99679867554,6658.17944127899,-5412.81343931641
128.236088397097,3238.20303597016,7166.30223693454,-2753.87179033765
-2541.94000454728,-749.103697646088,7669.57805302357,1992.62399866465
-1776.17508407131,-2479.03066415165,1282.56467156661,7332.42729420523
-2440.00666196229,540.82355158329,6970.51712332657,-1790.47808578975
927.175064086914,2472.59080214835,-236.384873466258,-7916.76401788534
-3294.10298471099,-540.674422760923,-3925.11430967604,-6848.04148031484
2478.2726247613,570.388056799959,7261.73793939244,-215.403845478305
-370.412515037555,3472.31350288052,5500.61146631038,-6175.17924097006
44.2295964487842,3782.51542218617,4299.29774097556,-6981.7825898027
2761.47003473883,391.586791992188,-7396.90521826251,1338.21971321106
312.146116059402,-2629.71235305821,7477.67763073239,3356.87365837939
3293.95069402803,-1335.18606732116,6778.26195080332,3981.54344203469
-3329.22346047081,-1196.24853634428,175.400292890158,-7814.86838329073
-2846.72647745421,-1229.62863315212,-4864.45595858016,-6366.49027961491
-473.59934572994,-2934.57753070903,3945.59552165731,6815.46632103046
3263.27927831727,-817.645700872518,5821.14874195371,5761.1338245273
997.84809541979,-2276.60273097583,3150.83679163884,-6997.06529135643
-1550.4558172261,3041.36011034712,7686.21316939722,451.907034649306
-456.365187335984,-2840.71324498441,-3070.39827466094,7478.12563515212
1267.52595559221,3400.4017371675,-4023.703799759,6897.40301386762
2736.98034659451,397.809868360643,7457.77852522249,3458.98528197548
-2239.25651862351,2892.59259919029,7980.80423189065,15.8193834649791
-2705.42924879191,2826.63799846643,7670.08854493297,1072.36001734913
1897.68567002923,-1274.02488598019,-2280.57790256937,7673.24020641997
746.56627701701,-3205.36960105194,7015.78198523108,-4682.35836294604
-2411.70145957228,-787.461343374909,4781.89483626894,-6480.93034196086
2235.25897356361,2452.95941558442,-5932.3547168063,5998.21729790575
-1788.67549003856,1992.4554736949,2731.66724576739,-7426.19445205609
-2514.82755072038,-2228.03301509774,-1805.38613439573,-6735.34032543478
1713.97532787342,2830.23798088794,4246.59458544758,-6368.04885112852
4101.65607062074,-6217.35960227713,-3144.86062054571,2997.17089017552
4045.27369888138,496.597085653525,4820.91194740326,6798.21371653082
1790.88586922692,-2551.81802054432,7155.02487223939,-269.412292595847
-2125.63176718903,-1732.66120979776,7330.05150682681,2773.79453435459
1265.59162081196,2878.79061807251,-6986.09612949172,812.283523898153
-3133,-1309,2215.77529821773,6700.89781798722
1179.06933788478,-2696.75824064435,-6495.54736898737,-4327.43296705706
-2190.60708700451,-2930.31282103195,4423.12019162014,-6415.91734926784
-3210.20251209201,777.187223534545,1312.70538022707,7181.04018254183
-2372.45151192829,1765.52041117609,-6557.65715559908,-4525.11877595757
-2417.74834178705,2160.69886956632,6333.01831506401,5178.18132028919
2477.97398949298,2205.64395752771,-5391.13456347286,6436.20223824443
2435.11677797379,-1592.67272004993,5396.21812295037,6716.49443272745
-2415.38396754466,-2014.15936216628,57.0413865035645,-7555.331953001
-1435.52358199139,867.102466092155,-5795.13742528616,6159.91733962693
1749.1497212253,-2150.0951937126,-3771.85343362153,-6785.42490797332
-1848.26985455814,-2017.73280449926,770.952474577731,-7994.58086639198
-1776.70271840272,703.065974001025,-7474.75114622493,-1509.43037761264
1440.13494225443,2147.30676125707,2569.42085293642,-7304.1824474249
-1456.33913949489,2306.55039572384,-7055.89572062121,-3505.8771466492
-2206.65850903353,-1086.78217405914,5620.0820637886,-6325.28130702738
292.651366871051,-1993.55077785361,6736.85496081852,3969.36868094106
1932.43013248556,-1053.62078180867,7053.15605046675,-426.3041554456
1379.58183306357,-1239.69140385014,-6945.9756314344,3821.06136517316
-742.678744882675,-2161.75166275646,-3685.86156947071,-7367.10929849634
-1571.51840974753,-3032.00112003686,4636.0996279889,-6447.97945370892
2374.37724869443,226.872729166286,5841.82061425828,-6317.62569352568
786.971598268562,2832.17456359102,-4275.82143944905,6313.16546832914
1999.5587204665,-1200.47632598877,-6613.88025833849,4813.78031458734
-3287.6256486966,250.684127559133,4867.50910219749,6491.57414235353
377.353929188626,2003.85845584281,5638.83583337066,6082.24889622444
-2042.1625749822,-672.369887928296,4569.94673082979,-6154.93203263448
873.59783095964,3526.92311571047,7261.71892172878,-3448.62203872688
3908.55739904665,113.98192675312,5391.06281559384,6318.67881886028
-3331.06542376646,1.66724395751953,6866.87604911315,3902.25039946946
3176.76057711752,140.669593811035,-7263.97313431488,-3927.87478847103
4837.34872843054,-3935.27760646989,-3629.79459133807,-2028.17999077931
2624.77422956624,885.832858085632,4287.35902937519,-6625.78353204602
1921.1200824553,-2423.5660514392,-3673.41239356298,7173.22894351713
-2277.96452484594,495.637545149252,-1944.37255298141,7291.51869020096
-2863.84626114887,2132.49687922338,7856.63000780485,1429.33175396493
2704.63290147186,1165.91347884788,4177.23941876631,-6808.74944836024
6623.38681797243,2251.23226744235,-3402.549054155,-1195.207831861
1755.60444868436,3518.57300161952,3580.94754554644,-7491.99084661425
-1386.73275051369,-3113.69770928879,-6048.32108858713,6858.82713970362
-1740.5211432556,-3141.96280537625,-3036.776677378,7499.32342138168
-1580.95051826138,-3196.58558856864,-4006.31307581934,6598.38758380377
2082.57341163079,-2137.73104903762,-6376.404730298,-4167.93651121041
2565.32360866422,2203.18024989364,-4855.75247846499,6256.39910597496
1591.2225125,-2842.01879238274,-6112.05424269652,-6541.46592522442
2295.66035255145,-2356.29211590867,-2375.74632128446,7197.60289978348
-2524.66326429765,1406.69012272487,5872.51235832299,-6048.82018772931
66.2884197586153,-3506.90404928542,5289.32931675544,6415.59375524309
-2553.58244600627,-1041.52688297755,6842.44766054695,3118.07254682624
-2994.96175556189,1764.01437660963,6696.64835987021,3781.57214698139
-2756.43024821378,2222.41862399194,-6209.46624217633,-5366.45634950626
2138.65236577383,-1900.4853762348,-6786.46940256764,-3624.71462367087
1196.08678589369,2953.88163707758,-4121.61626681907,6768.93163906578
2684.38865613643,-1500.05774684989,7163.39783261674,3092.80311932652
1948.38710059923,-2460.40818902664,7485.94222456083,3042.94213176537
-2393.91558461379,1395.030490187,5008.23810803114,6192.24949992785
-1523.36590658067,822.515380859375,3104.3568014528,-7441.11025741465
1580.62406560071,213.00930092846,-7082.10878779205,-2611.69536428132
-3039.5338238149,-2281.44438287115,7304.0694796324,-3868.31462271102
2764.8782038569,-1359.96290878141,-4292.08313793608,-6707.53018937268
-1793.70591517857,-406.653216195199,-7228.66133089532,-2956.96946259337
278.787930326437,-1892.40479034876,-2681.4786807005,7379.63071259605
238.224588640897,2086.08504449096,-5963.76060146599,-5607.27041642013
-1443.48859747889,2997.13439527821,-5368.52284068339,-6655.86780505883
490.001734654322,-3435.68377339336,-4965.05468411901,6492.75861209451
-2191.93241384654,1837.845192952,-7641.26497320118,2142.29905048913
-2164.70533637593,-2413.14763897789,-2719.25172239516,-7356.17467085565
-1294.4859247872,-3367.2749686385,5721.36377350604,-6517.67185768406
1382.68374865088,3866.65974889383,NaN,NaN
-2968.08809814957,872.274676441298,3808.09774758103,7099.28011320486
-1899.77936238859,-3029.32940234792,3469.43212903028,-6809.31552254771
2226.24594235664,3158.42449318892,-1130.88014201638,7782.17053822554
3813.11791592367,-4826.76297832599,-3429.47122693074,-2410.16338155356
2268.30517211213,1424.18092400991,-6958.38615869023,-3027.05374945465
-2090.74581849205,-2640.63100180899,6413.51072444952,-5714.21785895801
-1883.60491355545,-2344.21392830462,-5719.81151623406,6095.8276140391
1599.02134037359,2797.96482125076,-6588.01735279479,-6455.99141274465
2646.34612282726,-1671.62648145276,6543.04067391715,3975.32445531916
2022.27871539083,3096.9445703971,5335.70635845024,-6300.24497785736
-1424.07491902106,2620.08085690343,-4237.13473099967,-7348.99585649172
-1180.53289189101,-2522.52758301329,3941.74188008575,-7113.88345012366
1410.50613751334,-1065.00203658238,6909.28027005261,-4401.58681250121
-629.564337327075,-2796.97816371786,-6896.96083635172,3581.46532802349
1159.13497992697,-2491.54371131446,-6470.3511000535,-5942.22505557671
2462.99036604635,-2808.06354087753,-5436.08024957721,-6263.77277823694
-2999.07339503645,-1399.29063553544,-680.45498687766,-7093.63084203719
2994.30332173956,-245.008500474547,2789.09035013219,7092.20999599232
2039.27311544482,172.017925089815,6078.19918429187,-5502.78701540293
-3430.79784359626,1886.51800192434,-6838.41836843571,-4757.26935123064
-590.719028741328,3472.72959532921,-7498.57785849359,51.0524858645428
-3106.10883611955,14.2097006142139,4492.52834083531,-6700.41208572895
1389,3282,-7380.84802694602,-0.522682287837824
2889.0211035964,5725.52265610631,-2033.71113329158,4470.30762417045
-2291.33979514818,-2680.16973308562,4785.89418165772,-6653.37813083931
-1501.42705305233,3776.01446769559,6505.54118630778,-5858.8071456063
769.921606954755,-2132.68825224198,-7133.49837640156,-3544.95426161025
2051.45057925605,-868.673342904015,4758.3260808097,-6776.47251943537
-1467.30779337766,2252.56578016129,951.181930907146,7054.46276374657
5862.69115122082,-1669.56774369205,780.874965126047,-2711.92524987941
2758.84887618359,2352.65205077857,4542.43106549215,-6561.98346145661
-2709.31779851585,-2790.06854242493,4889.31602787226,-6419.4072716558
-1693.60958422228,2563.60831160786,4120.55885565191,6865.68876146768
2668.37086464228,-1948.87271169028,5722.4890951606,-6852.14866060062
2023.25762445295,-2457.99216863735,-5436.4165222219,6281.30932804683
2499.74811803202,-471.516265869141,6891.86260738525,-3692.41431005541
3583.96971228363,19.0732772310522,-4782.0925383958,-6535.85035626516
-1884.9534129517,-1750.15977812467,-8115.37940755283,15.3275066625292
NaN,NaN,NaN,NaN
NaN,NaN,NaN,NaN
-335.724914550781,-2223.00141863384,-1483.42612667041,-7492.84133676675
2639.97386716833,-1091.09539031982,7075.41097876192,3574.17873292475
-1201,-3832,6501.21805280719,-5214.53000869643
-1608.99293409839,-1478.89818874579,-7318.52138139004,-3300.36446441279
-6854.48063551322,-2053.91462797715,-2555.67922941273,857.735026616152
2983.82059097011,-1714.0196642677,-6782.55395271036,-4877.3677667656
-296.488414417614,-2590.91169771242,-5267.70670754683,-6708.32101053089
3555.90004618688,-513.751678868096,4973.05455966,6744.40860685448
2299.49038928874,-1051.84489006116,-3724.2278300226,7131.84539156626
2309.87225590771,-3130.32893554617,6477.39322340175,5976.44751335201
1570.04520493172,3449.10696388558,-3629.53941840519,6950.44171913106
-3276.81125433956,304.922172546387,-7401.58864655765,-112.466172598242
1283.79610566036,2648.31311543975,4903.70464930819,-6568.15790532228
4980.91791479323,-238.863280170073,-2057.63065784853,2420.01877550182
2768.82162085184,-1034.19602073815,-6716.49193155619,-3568.33105188744
271.783652235321,2877.34028146781,3253.25330879023,-7118.50412454549
-2358.01181200751,1821.55570350521,-4596.6414519376,6767.77612241723
-3221.4294260813,-180.880721969221,-2133.31058568862,-7486.31349765118
-2460.05786819486,-1278.8488372093,5271.08141310696,-6229.26259556334
-138.085491204087,-3334.33622732668,-4128.72941520796,7037.91330915179
-3125.16561212258,1853.80376789048,-6656.98248963699,-3245.45848431381
-1235.7082473467,2132.15741514325,1555.50587189207,-7780.36587757235
-69.2662774700922,2763.97401399169,117.136645652152,7612.90938551039
2311.21994777241,644.937149314214,-4281.41770751916,6445.3110603349
963.622324714795,3908.91457904413,4972.29492006782,-6923.53334615497
909.685573144163,3274.75055695337,6925.63630847853,-1860.02208767048
3297.61451222022,-560.116591928251,-4397.0226636715,-6550.66967343955
-2466.40319400365,-716.263819333041,3320.95607891317,-6943.96702585056
-1553.1622237642,31,7024.89380354437,-1976.00172321679
622.06364400897,-2323.26385696115,-6888.15768862673,-3370.09640661388
-4551.57285197665,-2934.59038710184,1494.73970156235,3244.06281526054
-1777.90027084533,-2677.85719400357,4541.45149399053,-6166.11676784032
554.681728197181,-3364.35727362185,-7934.46627411705,-980.879699969078
1429.02375868089,2985.58124834456,-6059.1756683649,6127.71780347804
-1262.04510034142,-2557.55991739144,-5126.21536892488,6006.50802701614
-2582.42467280077,-6278.64883155175,1142.33832858719,3068.68041384795
-749.302107061503,-2859.64844605071,-7113.42399125826,1208.93729597835
-2947.40835571198,2344.41092493541,5978.59047643673,6357.96820028811
-2469.2607670793,1596.21398925781,-6901.42293818561,3499.2862195831
-2466.70227073852,-947.897150196003,7839.00493411607,135.835873910437
-1881.78431152492,3182.72828902277,5341.40661596397,6348.23429163118
3193.77548992483,-2016.26354358383,6339.2050304878,5042.30643928954
-2022.31656862147,-3096.49932330849,3283.22450479671,-7238.03139692707
3167.60760563088,-389.610360689252,-7443.27315453533,-1363.45807520874
1857.37099789332,2163.05708530461,1823.81958103618,-7665.22729058309
2174.16786451283,764.4111328125,2755.66789846146,-7157.16710108236
384.859546616299,-2125.2805478462,3285.90908437536,-6979.0432504106
2375.51490003016,-1085.39388265954,7410,2186
808.417610168457,3280.58320390525,-5613.58713716782,6535.88587278609
3356.07902481951,1637.86467240911,4570.8191902887,6603.08610314001
-453.234018222298,-2612.96598857723,-6222.97513373244,-5837.63752279999
2750.65472182353,-1499.8736832284,-6386.9140147846,-5079.12064972844
1508.50781574058,-2808.45460884641,6027.95409319273,5614.36173836346
-396.156555175781,-2794.78487348706,6433.84249880413,4104.84619132653
3042.08294113288,-1148.75651466237,6490.24993005074,4802.62904191484
1763.65422014075,2864.04268973214,-5770.49419341199,6166.15983566935
3598.88736178625,459.068692473747,-6329.59942582831,-4883.70595466621
4012.43081393554,-822.603487254311,-6562.65416737145,-4321.16040237024
-2908.53144793443,-175.855453596444,-7827.74473685887,-1208.35868368271
5059.22459166168,-1626.52077383457,-2357.49756651779,1544.2806641599
1913.19979735104,1752.59048167307,-6725.46965155214,4199.86794952142
-885.696108559631,-3303.24651879537,6904.84783477446,-3875.20281531962
76.3101043701172,3204.10338880308,-5685.94614530685,6592.87384363388
-3175,313,-6780.14252773375,-4015.45200085344
198.934936523438,-2467.16071957448,-2389.06268807025,7711.29092778803
616.367126115149,-3564.2834819181,6221.49213194701,-5722.58611474052
-2667.08869395544,-1242.42369111475,3745.30942769932,-7159.12407326173
2624.75558799809,-5905.48023445192,1141.44145440991,-2926.34651738361
3287.98646201,-2382.24714326728,7447.29342446958,2089.85473058026
-1633.74179220613,-2936.80144917687,3665.6851827001,-7272.95017981799
-1434.7094622542,-1834.66706829252,6997.69397718765,3670.5217682598
2953.01253501035,2038.47673396235,4979.88413359443,-6184.54779779448
-1422.99465498276,-2932.5478382547,2931.81961146458,-7540.55759257924
-3263.75557869124,-249.871119895991,6321.70634805254,4796.11039312386
-1512.72280301662,2517.83067441825,6436.01997641908,5658.51946249577
418.196057026613,-2064.19975368194,3779.43344225117,-6715.08059570917
462.877597010173,2796.58533139928,-2336.45744050629,7259.10244028749
2600.81781003923,1453.40392160456,-2887.40140017175,-7049.46589195137
-3134.18408457907,1329.3220347545,6135.95211239501,6322.37786676802
1400.94536224973,3681.56950979195,-5856.3191654883,6156.6992434252
1981.9776964335,-2575.36905317164,7065.34776385903,-4553.1364870501
-3516.28657742248,-1730.69435305646,5330.46028333748,6400.08975144104
-1374.26464461641,-3323.98961642784,6756.35108859251,-5287.38454678279
1602.60090890945,-2772.50309577608,6433,5810
-3223.87089876561,440.619906867163,-6681.36837903459,-3949.21928934355
2907.5110559814,-1766.24004503271,6453.5529976167,4509.58358840523
-2574.73508821686,1733.95636261911,6278.29554244465,6151.77174047597
-1049.30530474139,-2882.85858510671,-3789.34638737905,6916.73138088024
-1387.6080118636,-2224.19942949628,3497.94509519703,-7513.2621940202
601.610269868071,-1656.18846773886,-1947.62638023258,7744.11232634012
1575.17086409032,326.492477197967,-7262.39230390339,-1948.6864321608
2213.71328652071,241.730601083509,368.458313916504,-7542.84737427694
-259.521308898926,-2990.81516206126,6624.18085423093,5023.24258899226
-3106.56335344567,1680.29781349889,-8022.26711883138,-1248.0770502325
-7081.52023973711,-1269.72267914605,2807.82495342346,-1665.18292886246
1404.0742786159,3534.24341397048,-4043.70897982822,7080.20698013675
3229.26281535442,-838.308369290865,-7652.77078314789,-2344.10816864257
-1143.06713543846,2617.71041483069,-505.480357454393,-7442.10760157594
-1288.43407205124,2073.85327692023,1822.98508228975,6798.70913582028
-1709.83944110656,2784.78794903567,6353.57056853131,5339.80788502532
1189.2352225521,2610.08951660467,5750.20537894659,-5847.58436582209
-2438.72575782536,-1535.64173006783,-2200.423819482,7830.9117743565
-1561.30455260768,-542.002534693907,6928.54460077905,3282.50429396814
2110.80456912879,-743.240051269531,-7578.05942555809,-2008.06883109765
-2443.47303079115,2189.88191075479,6871.36082956573,-544.779952550415
-3270.61931723052,1057.60152606197,2446.46659476229,-7722.79745870788
-952.754382064452,3001.20948558668,2776.21647926359,-7725.73223662248
3453.17722128581,-3070.02038083106,6085.28425948559,5502.88838508071
-2574.04246741582,-2428.53464652397,-1546.07633489606,-7442.93349375469
2522.4822521901,-1858.44726585895,-6618.7578068022,-3980.17964605599
-2687.15801486587,2540.86757977669,6455.44171491818,5931.49455366012
-2597.2360232118,-2563.96596960924,4122.7305792643,-6806.8592827973
-3249.47286165885,1861.91599424378,6927.74197088579,2935.01782692021
3139.32642465219,-1928.41863905389,6446.53560353053,4805.70009723625
1769.5271415684,-415.585994214746,-7289.03020117755,-2473.37677638124
-3241.13008661698,434.345703125,-3989.66416709521,-6687.12426728988
-1371.92574446079,-2309.15372388165,-5922.86389895145,5958.07160008478
-3402.71829857342,178.080808336028,-1993.15322135349,-7489.69129500001
-189.175315856934,-3115.59079879693,-3521.34307322622,7157.32503286152
2579.62379170728,-191.16709160559,6308.87903525287,-5498.12806880067
-6079.66370859307,-2291.92272878913,1324.76779793784,-3809.2196322537
2578.68832281693,203.039657707501,7571.85451664592,-188.170698613706
-1364.46323095371,-3000.28897015545,-2208.54236603531,7304.24021516997
-3753.39216457958,734.672065661747,3950.15816903471,6908.44988754714
1653.53532409668,2658.50286709792,928.074643080402,-7823.28090368731
2501.15648410682,2949.21719786448,6068.61015787838,-5841.53527642264
-216.224757171259,-2319.42354057658,7429.62067836413,2222.86555186502
-1565.28816295407,1308.92435291326,-926.684199892241,-7220.25872673266
-2057.53608247423,1708.28770550393,7262.92506047399,-3881.08112713555
-2574.94662273467,-1089.6813493084,-6509.99605753227,5948.88966286715
-2919.60887221728,268.890182186235,7319.9421298082,179.830689772124
-1463.5575624743,2814.5930221519,-4945.52922213717,6630.45510852643
2356.25950386959,-1586.24513662256,-4027.76034187733,6521.68755566377
-1409.1797162391,-2325.43044610773,-4831.09151736654,6395.78314350786
-3786.8295484715,870.827703975679,5998.18359574673,5711.056978114
-1890.00258367758,-3255.97103629445,-4954.32313370265,6418.39012724005
2105.19551000158,-2301.71449383121,7014.33785724794,2690.63763472751
-1781,-515,-7593.97063741864,-2730.27840440652
-2555.09521635283,1502.76625738808,4352.80153746752,6697.38601820275
2677.84237148222,-1452.90619156528,6308.53402546815,4530.22165672874
356.742943203326,2319.16008683563,3570.21996889601,7086.76733124939
-2330.73656109325,-1654.90543191777,4032.18290931541,-6739.66862608179
1567.0305327666,2163.98748630681,7149.72472475263,3837.34831492746
3477.99345509293,-943.50676124607,-7046.74079032286,-4283.51997472063
2363.65509628402,952.28262909951,-7736.36886364826,411.647384643555
-2665.34552743122,3051.47848136368,-7832.14061003062,-125.552867699407
2232.83737002585,-2448.61461081242,-6533.76029616058,5377.06034475593
-3255.01393258427,-395.953077411167,-4376.87370124944,-7027.61571962531
3034.47248207552,-400.305324409581,-4157.1509114462,6753.84110401442
-2608.32604732939,798.688415527344,-7633.77724179766,-2133.63918619004
2295.26604491774,1705.02733459603,5695.91273946637,-6527.81512397011
-1656.33721760714,2082.90281037361,7396.93345783012,-357.995212749246
-2721.48103402345,2728.87318817388,-6090.12399763715,-4892.4711538933
1113.07871587189,-1385.66663631063,4285.90958774436,-6774.15577858355
-3302.080015,1790.89432140816,5444.9204766739,5985.26651677519
-1627.88864323017,-2479.82246153846,-4289.23584497024,6604.39094997828
-727.837006950163,-3313.07709499434,6055.95813125051,-6736.7880856698
-467.652145056234,-2946.05917691978,-1549.73185731778,7836.38748120831
-90.2897051160581,3201.19771635962,-3836.85257643719,6510.80843308699
1629.19698124366,-2146.91597002662,-4365.48032469135,6393.21079325451
-3222.50349269167,-2520.16368719865,-6138.06484561114,5935.33241232275
33.4079503123119,-2611.28333333333,5803.0512876506,6461.34349939464
-416.577629089355,-2003.3805781218,-1922.74312201152,7452.11697789591
-2005.87259178927,415.171279136581,7219.83505100385,2637.46454829073
-905.334661682278,2179.33394666171,3156.83927095303,-7060.0985450384
1855.95691264282,1607.36933839607,6354.90103165113,-4826.95201417967
2229.28534282214,-1227.50106855919,-6223.61996854376,6509.53786475523
-1029.13949637324,-3798.79651035007,-4898.01273140105,6785.84762184038
2085.32308961799,3365.20637954405,-4587.84343895144,6657.74592335448
-2293.62067416394,-1473.72326531779,-5673.26265581466,6704.45952469206
2849.3128303017,537.980514526367,-7104.57565678779,3219.47616136513
3037.70085811615,-720.61328125,-7563.73991766774,425.706187220982
761.634916728713,-3372.25329025219,7758.13042381572,1893.12265717917
-2583.27075686058,-2429.05423273045,-4285.91854658772,6693.06193182819
1354.49741701733,2121.63437076151,-6615.62605944858,4707.31704549699
2591.46821824789,-103.054042039719,6149.63294758318,5059.13865573565
1559.49934017919,-2085.65871157373,-371.711187058845,-7721.04213083905
3034.33991320753,-4887.21765807544,-3811.315222947,-2193.23711495961
414.522827148438,2938.59630915056,-6885.2808979587,-4578.48925944426
2999.91502172624,393.998710632324,-7074.78653895097,-3476.44487632878
581.065250445473,3555.56786677002,-5172.38531278675,6456.3996030746
-1383.19411062142,-3389.73599724005,3511.53300766148,-7546.43714915358
2345.15892287915,-2526.28545080028,-6776.41240533487,1600.99267929166
-2096.9895334277,-974.751759017306,-7731.17327941136,-870.858337869647
493.8337803385,3412.41593157412,-7334.97490431205,3646.30279329234
177.378031934634,-2915.66024544461,-3177.80850587853,6850.54860988145
-2084.7420187151,-1534.48364939454,-4815.82307101591,6677.9741026828
1390.30721684278,2815.44696997644,-6116.86372657041,6202.63397653199
-1987.73358463035,1725.2914855032,-5807.61511893478,-5506.77697930199
2962.98667390669,-1954.69833372003,6644.42273154518,4900.52805830261
-2830.86474147881,-201.211505889893,2813.6206007749,-7302.40062287216
-3610.62036738777,-5130.67116381542,-2394.12812065553,-1839.17157617433
2829.15198389678,-955.73095703125,7324.33459825827,2929.92386260978
-3417.26791876885,534.548263158859,6635.10023578443,3124.21886329016
-2044.95968850855,-1915.02167644672,6510.65136317859,4616.13848734278
3127.93536426352,287.760006105215,2347.76472936212,-7613.06785760764
-2671.28701169448,1313.6361541748,-7874.66289425269,-1584.31555895439
2935.72034598625,322.002068251922,-921.130150940398,7686.97961839594
-1412.47863766438,-778.692591634842,-7181.77579266298,-3491.45959898913
2495.81172647725,-2068.76526617849,-6345.12460279692,-4525.99967622228
3109.00363944464,-400.999182823037,-6462.59477991877,-4224.58980592371
-691.080678426157,2238.55359492344,-6060.56759781516,6172.95533984692
-2772.47770656756,-645.517618283775,-5985.99714327726,-6479.45525204532
-386.074041772381,2979.91309493959,-1807.57139309625,7724.11181270112
-2698.99257604269,-912.866077412869,5895.91640586357,-5935.61376869348
2403.42755673917,1681.12007161843,4627.2813844002,-6128.97021550476
-1103.81866469324,-2765.10670587274,2873.63856173298,-7410.56651165252
-2639.1148987768,-1555.95026638194,6786.73103473288,3624.90485871611
-1267.25624719293,2846.42913902702,5672.47139144118,6102.3325187381
-2750.70718381897,2790.164296875,6291.49979533715,5297.74601031835
-2503.21962283255,795.011516638973,-6448.44370248099,-5046.86627645462
2751.57946336352,1925.05830393804,2185.42008529573,-7635.21088879202
-331.53125,1655.55673668033,-2540.3837838261,7577.9881748715
1974.99369978796,2705.16879550232,-5611.47978856821,6338.68495092586
-1665.15572818641,3577.31026959996,-5928.38900295336,-6409.45262188222
-2094.3865557376,-3232.46489789885,-2398.63986443213,7544.453219818
3202.90366249721,-1220.07689606321,-6845.15953955256,-3511.61643863906
-2508.53414317418,-626.606794855311,-3428.45560176081,6693.28093985918
2991.1205066299,1652.6708827749,-2720.40709348325,7348.72112388327
-3117,1760,6624.79879694578,4214.05183601824
-2277.4493198605,-1561.1553099496,6415.64068504295,-6046.95374978645
375.786031589339,440.562120445344,-7370.7860988242,-4178.47275416102
-2042.93871134002,-2109.14383125322,-3589.79960810937,6888.79619597323
-1512.28961047588,2012.92821271943,5939.15634425619,-6689.47473297491
3311.72022229609,837.265699889762,-6752.52591812495,-5426.8409969172
-2652.5053528951,552.046899617817,-3128.80921304223,7170.0829312986
-284.509452639033,2346.27517837545,5075,6537
894.477315721885,2358.72326419837,-3305.88083277097,7121.09317294492
2173.35848512148,-280.5,-6236,5873
2839.43267440284,2006.52351631082,-2232.84123093035,-7408.2193581213
669.447604668635,-3083.11888139045,-3612.91138260815,6815.28553980403
3045.96389995823,1127.85147848341,-7146.52732714714,2716.61218680922
-3018.03938991722,2010.33512509667,-6562.51761832907,-4205.64958610036
-2231.77490024812,-1149.01838477038,-6385.34695223268,-5170.55098416104
4018,-44,-7805.01455100849,299.824448658212
2060.23762040546,2840.59389040945,3032.76834400558,-6961.61869331421
2505.55032302596,-1388.57627516515,-1971.93084008329,-7249.86885092736
2139.90542184694,1914.73166294561,4922.90676437232,-5929.41625743944
-2373.76175364199,937.312456387522,5796.92508120057,5711.58889935936
2541.40184787299,1464.43791768637,5556.88563466668,-5821.69754937715
-3837.57710934811,5003.64100152401,2054.20096544034,2625.08549467653
-1166.06109344207,3257.45213972272,-5922.98954313729,6191.49787554012
2230.68104855014,-2067.67941515509,-6919.41216748773,-3204.07714271546
-1590.73691947505,1991.40681268884,6285.36,4799.48304471345
2773.74658613939,-3163.84688805436,4904.12179325038,6587.46093948118
1815.84137605417,-2785.04828111659,-7330.40632464466,-3219.63537046219
-2424.51140889316,1429.81523732484,-6369.41470792649,-4824.93357935673
-2523.01252978864,-1379.48690791983,6330.73288802358,-5206.69531653274
-541.239685769959,2804.96053444474,4448.89227958232,-6462.65851712698
-2047.54961072531,-2159.58550722015,6842.20029195633,3616.95320059761
-1338.15061200284,2534.58562517925,-6621.1912924486,-4021.20799241643
-2319.40406503441,-2359.63419224088,3300.13796175225,-6911.44560002108
-3193,3092,6170.13960422879,5080.96826592751
-2919.72272194483,127.388572692871,7219.96130993391,2720.05100145792
-3186.04179308326,1704.9556480608,6574.54714491509,5424.78828029917
-1943.84893037522,1805.79438785141,7754.41532329996,1134.74072779586
-2097.64748429613,1994.50060491685,7130.8088847831,-864.180904733129
4.53173828125,-1913.34393572033,1353.23824286398,-7825.93814373354
3447.70828688753,1746.86861348367,1123.70642370172,7164.09900734585
2304.25825613405,2307.28820831875,-4946.2183304251,-6375.84929228205
172.314634194256,3763.17895662765,5557.66749568781,-6205.45351673419
-1606.01233640491,1957.6836070396,6505.59383870835,4837.45571689926
-1993.29454832777,2645.43800121469,-6356.51995085587,-4696.52312467564
-2938.79083430858,-1811.94710942727,-6591.18338356663,5721.55077601059
2223.16443839124,-1398.00782166318,-5796.42072349247,-6578.42654033279
-1121,-1506,-6868.28643129166,-4345.61683999535
1487.49153930758,-1296.70410803733,4531.26779984184,-6192.31001886325
-1246.93937644342,2817.32808254076,1596.80927938073,7515.63698080114
-240.675589627998,3841.587163308,-6105.48669837377,-6134.03354688366
1957.07879338762,2813.53330083558,4841.3889627352,-6581.67541332294
1606.98545996425,-2765.07393097777,-295.81754773771,-207.171442295478
-2445.02504958658,1109.12794241225,-7073.29848431419,2523.61970164049
-678.297034015203,-3174.7832377568,7617.71027657707,775.035035501176
2170.95217167966,1752.63141886393,5223.59376000135,-6226.25764647318
-2180.44940085411,1103.66194508833,7463.24463563551,1540.06534086514
-2901.01468600565,1486.72697536085,6213.92324795632,5284.07628268321
-3347.72151662391,6085.70836013268,3321.93809448945,2509.6973320158
-2745.0032648359,-2373.47416190112,-6456.93881004244,5840.24395893112
2985.76548233561,5527.97716690137,1649.15493934894,2653.15845204028
2221.54487999342,979.9704323013,7448.34102519592,2856.22620182513
-1756.10638475499,-1345.92009587208,-6991.06915505532,-3291.05651147962
3287.41206348469,-1255.11869528338,7018.96362921255,3852.33187872797
2286.61887219037,701.235779941205,7472.01272009993,1953.75070971435
-2651.13037389916,994.178099095414,6450.67840165511,4952.14520887142
-822.973377869861,2005.65568154396,-6212.86245357793,6025.55882013457
-2132.73894313955,-1353.39312616984,6410.07320418629,4574.09211758183
3312.00064614283,-837.082125315302,-6379.34414804195,-5015.99336252244
471.974472045898,2964.05048637587,-6277.56946940823,-4734.29750862317
2903.92714201485,53.64306640625,-4233.18604138863,6959.73977406798
2903.86781096637,1170.03261684837,-5030.87236202199,-6744.05457993692
2558.58041698453,-1534.21662115595,-544.637254758655,7861.57341637957
2806.15010760943,-1838.56797872351,7318.73073712903,2143.77632432659
2459.72710006803,-996.365857580457,-4307.40178544532,-6731.51093481996
-363.347172609965,2045.50223937332,-6131.33074300666,5977.56525394375
-2095.78792873569,-378.560228620257,7358.16256580001,678.582847484649
-3023.4590059588,1576.41897121436,-5794.8414449814,-5839.77365160144
3007.34267421257,498.30607485147,-5855.22167675367,6070.69348939544
2463.54835406855,568.731951866328,-7602.55885368166,-2871.39417883194
1815.41671314151,3027.98156605772,-4990.08385757639,6379.72350617307
-5.73745194156612,-2151.91028944964,6475.49180647476,4585.16210347216
-3148.31340693995,1830.38032782437,6425.66042921353,4853.67424893588
-1972.80466765174,-3052.28438027568,4816.57638235365,-6531.04522236425
2466.11255220271,-1327.23452719302,7016.00877043597,3626.09797450591
-1115.80210294035,-2117.88557267384,-2011.38518531202,-7518.66857824268
-2566.50442013305,-1351.9591399798,4489.63576900604,-6062.80677401446
441.02734375,2904.38950235154,2250.91598474049,-7491.01583761687
2505.39668719322,1620.02752467343,-6440.57645382794,-4602.35841038228
2347.58967823202,-2649.71342363266,6138.66436306282,4893.16100965882
1658.73034079293,-6672.64680397517,3182.29654414972,685.472522647352
3209.85019197954,-1791.57579442086,-7109.73173219951,-2761.75032852133
1391.91704510866,-2368.50367104372,-6670.70256634107,-3286.27398055321
1017.35782997457,-2392.51857338536,-6165.35127806407,-5779.51961487766
877.710435932171,1263.63550767233,-5356.47039777983,-6146.28691436802
-1327.40934404989,-289.697724277533,-7247.594445147,-2859.24757645625
2670.71793676978,-1599.31003464877,-6636.34349472988,-4571.40049070252
3805.66332515698,-1274.13915231338,-6783.1520327424,-4186.09945059673
2994.76356820443,1170.65859383115,-6086.50189169262,6868.19621701244
2662.17900979424,419.56958770752,-5789.29586055001,6412.44931431305
-190.259140014648,2727.24376406824,-3010.65078864223,7373.54641038174
-1103.80671610138,-2639.33292939032,7139.8518184265,-1250.60776790108
1451,-2733,-7686.06083284682,-627.172152366864
-2240.26163707269,1917.53932733604,6336.21336039529,5277.45306159223
3104.99865141599,-1275.49274880446,-5451.42800436484,-6230.8791116831
-1594.42143613017,-2844.7848010047,6429.24736990884,-5460.15726454174
1612.51890984789,2899.66671931914,3575.55310149857,-7456.54242327312
5777.68690680177,3375.49523347147,2296.68713646946,2656.08494854259
-3259.34398889749,1338.04267889797,-6396.63814589059,-4076.89132939589
-2701.87406356979,1520.60547309131,6993.90378960975,-4782.5815487963
4989.512947318,3254.60388427997,1649.95690947513,-4112.71825133186
-351.302165958431,-2561.56505514091,3927.46619369369,-6829.55834355314
-4182.12841851997,4419.80698836003,3521.48703853948,-1529.07460387823
1684.57890045223,-2641.87660731372,6254.05641770254,4928.70611188594
1692.44913538115,6407.199507751,-2071.40914330463,-2092.46875693292
2110.40801494954,-2013.34123450804,-6830.98879186425,5413.2670238564
-835.772264481314,-3044.70439565754,-2821.02795769546,7160.61862457421
-233.427085876465,-2679.06869428653,-2667,-6967
-3421.38136275982,1564.76595934143,7188.43990201553,2757.84768515465
2778.96004270505,-1518.31494499859,-6889.49173586931,-3060.87919350944
-1395.20116171762,-2169.02103074672,7472.39865016032,-189.733086615801
-2128.63720774286,899.400088949816,-1271.32962388455,7622.88584500087
-881.135238508323,3066.03946096483,6382.29349561914,-6554.8005798375
-3029.92682740872,1405.71835513888,6896.53252056195,3837.68876023084
4298.24421003412,-5601.83071961047,-3022.61175384451,-1935.67302063312
-1921.18149954259,-543.066065158136,7350.53415249194,1957.79170825574
-3411.03761720008,-1690.09788508695,4944.5864856115,-6515.60874800738
-1992.64672752765,-2932.13695912011,6053.48712397744,-5984.98149591947
-2194.87736313534,-97.8650665283203,-6819.41412537682,-3726.92068612491
-2090.47863869666,-375.48544454399,6874.44959155015,3634.04769266151
1041.95780436198,-2060.11178306076,-5697.57085852346,5941.74403242834
2256.20876062893,-3115.89842417087,7057.99094079514,-1696.47429794811
-963.365341186523,2723.66892027331,6481.65477145148,5510.58030087615
-3387.42845941399,1335.0672161467,7502.58471517455,3598.58588224303
1821.78843834366,3013.81487887108,5234.9659614806,-6365.51899541517
1749.60375213623,-2669.13532788311,1276.12461694698,7234.3198431311
1420.42883211679,-2476.45984836386,-6309.75506195354,-5090.67603429414
2014.1069661161,374.265625,-7070.74490192192,-3419.22728096187
66.9253463745117,-2940.88867726523,3310.08659600189,-6851.04497210179
-559.077381447093,2683.41911288806,-1714.32267233442,-7200.56394026378
-2025.96713276302,-2784.17649801774,-6490.39567817857,6026.75482433772
-1225.91236357347,2903.57976480142,-6432.05442227879,-6011.93832260707
2599.6670354607,1649.89864162197,6954.17461008765,-3554.54732824116
1661.76967946559,2950.42365227928,-338.958527107182,-8320.95243465675
2824.26870313878,-1831.09061668538,2327.73316033569,7109.65248462858
1942.60114684273,202.665293037571,7120.56624973068,-2907.84420996519
484.868054262797,2365.68857456296,-3369.02067170864,7131.51255864508
-3009.43861709018,-1442.54231076985,-2335.92015314928,7863.25866715584
1569.37096350301,-2872.78637185749,6273.01276557329,5909.30099144299
-2844,-5909,1361.47712359803,3225.95934245916
2519.30888061409,2752.98626582259,6235.79051812673,-5810.05161284429
-2591.27170719863,-964.709264555199,-5883.10163520548,6111.62012753458
810.977594452899,2142.48363041454,6007.13244286653,5753.17278248388
-1480.75906230441,-1972.74449129951,4469.70159139431,-6181.00668992852
2236.75143411581,-99.13134765625,-5005.29017277362,6156.99428931566
-384.828105245635,-3130.15498119112,-7159.96437984504,3404.22063319197
2359.74759905798,2302.02278851375,7613.22427527275,2132.89511695346
2689.00861034203,-2684.07076635824,6656.08592210159,5284.29778639043
-2276.07656447614,1189.06969122729,7168.89672503684,2955.25538131777
2553.87486234674,-1746.76893986122,7343.95154493212,2672.78885262596
211.004413483487,3735.0659815464,6565.4249779755,-5562.83986614463
-2664.01636567772,2336.97830487747,556.857484522802,-7717.82753717566
3388.61087028649,-329.641321222833,6799.21046005715,4323.50664961713
2474.29901937045,-1282.45424041246,-440.846219959425,166.223849789127
-1848.14782608696,2452.19944246847,6697.73986204296,4206.86479313493
-1435.4630427734,496.758591437525,6200.87509022231,-4785.96147009531
3193.70794507485,-597.259493902915,-6173.05333595516,-4240.44495967887
-3161.371316174,1143.83226854521,6384.85517314594,4975.14349367699
2855.49670791546,5524.25108871698,52.7393882437928,-4524.99557294902
-2439.89979382894,-864.515735809816,-6606.22789161564,5521.3013245617
3286.1883018695,-467.24596610688,7471.23250062094,-583.678052325581
-2098.8854487576,-1098.22266289444,6875.45581517301,4041.79496715197
2322.83954484398,1521.0731054247,-7027.46164909583,4378.32645122555
-1450.97027406042,2418.60188906079,6585.26794372373,-5932.08832760033
3021.57042904295,626.050853630462,6734.11390808574,4879.21692157332
1334,-2764,-3388.47076433117,6783.64263348445
-4338.31825392352,3854.16956519098,3764.98780960658,1355.9826751764
2537.30873750947,1171.71801848049,-6814.29175845132,5360.04993516973
-1414.26420929338,838.953662809779,-6773.0733282292,1938.17945606952
-1280.56750556695,-2886.50533556735,-5275.4137543436,6587.7661914259
325.985488891602,2613.86651952534,-6341.98918760813,-5410.52403561565
-802.739860611173,-2295.91981493194,-7769.56835855382,-1927.29274325073
-5206.00748923313,-2672.44495426202,1560.4063805755,3797.47949306407
3018.39144425863,1101.36994292357,-6094.03554151389,-5403.23658759907
-172.926599451014,3027.41126618247,6529.37015195081,-5521.3600669855
2979.54785489855,236.663470694689,2477.79989449057,6885.51902822784
-3497.06521910248,1044.62012893332,-6026.96604713915,-4725.4372100136
-4409.43941823847,4135.75274352962,4329.21237365353,666.103446575849
1672.94362391525,-1975.58744741512,4299.28274283868,-6908.41702350391
35.4871292114258,4077.18853580732,6507.20399786654,-5508.78392475929
-2190.93548868551,-2516.13866770543,2870.44390514428,-7626.94598573126
-2017.81768226094,-119.100748325803,-7540.37468918993,-1892.76697521524
-2192.37513887256,-2032.47534269546,-6932.29922420823,4422.70224488645
811.644028049157,2285.46055821718,4765.81064074447,6525.63630486134
1509.64727128192,-2613.53315154181,-6552.70267284395,-4753.69867505638
3024.17703403178,-1125.87761158973,-6231.89734330042,-4653.12696179807
-1891.46257153292,-3433.05750942692,5805.02543820091,-6175.04577020062
-5310,1378,1736.62808373246,-2221.75171941836
-332.038799481598,2293.35381112192,-601.47717019786,-7728.10291296208
-1922.68096538612,-2245.32778426802,5446.67674687784,-5975.92280530749
-2107.18781280921,-1330.7800555806,7001.17849191356,3888.09432004737
270.834819943566,2608.66221046587,6330.19766699545,5163.62677076827
-2636.64823156758,2058.5749837881,-7480.91653181558,-1259.09914133055
470.377988264865,-2397.20743887557,1266.98659341915,-7640.09765176245
-1850.17638646976,913.324024881741,-3161.42916389725,7303.27474629425
312.575172424316,-2363.99168870725,-2620.43088846617,-7134.75828113498
-1477.72732892667,-2900.96405096044,-5451.2358665428,5983.15812673316
-3451.96817596862,693.344698940751,7663.03949819372,1537.89803100596
-2263.70063381424,685.392309702615,-3012.46179668122,7172.96111617748
-1639.93236052094,2511.65583773577,5903.07523079422,5980.771404849
1588.29088967259,-2036.5853125124,-2132.24238811783,7385.56738029533
-2788.7868002396,-1353.16880808255,-1482.72479619565,-7419.52552888306
1807.75492957746,-2203.67526450836,-4352.09337841511,6651.07145478979
2519.08227674516,-1508.67665232389,-1614.71813964844,-7172.59812300622
-2939.84380362533,-1144.93556213379,6849.44770388613,-4649.47245383066
1784.35319537486,3169.01791490063,-5247.81986463985,6442.61660082547
-2609.78270188154,982.396426236382,-4851.91846825603,-6601.64775252793
-2600.40443176235,215.08984375,-5963.2393660795,-5554.80806018134
46.1930541992188,-3124.73799145614,4142.98058106081,-7260.07261655198
3222.77392566694,208.844832184455,7240.22252936109,3926.07366330233
3024.94401279414,-313.924415837908,7627.72144195541,-2249.466258665
2895.56185119075,-2040.15049403711,-6504.36328207667,-4139.74756489045
-2553.08175065137,-34.7078857421875,7737.32697285539,651.224805112234
-1668.56264852256,673.381234637762,-6444.44133906425,5066.27987776559
1957.58220611572,310.929727569955,7473.97437904827,1962.26245551662
3895.55534302417,-1003.98156860019,-7162.46480298023,-4088.92666219949
1732.2091816709,2711.26579934974,-3667.47646794592,-7076.27596466831
-798.64296875,-2730.48920292285,6353.50832984947,5209.63288528499
-2965.42326695621,-1341.13037793417,16.9279563333565,-7825.98368307842
-1809.91835998156,1590.62533315805,6290.9989357501,5378.6122710698
-2877.27244420705,1054.20880568006,-6440.33750883564,-4065.24404863598
-3252.35513186238,652.722067138169,4128.30742664604,-7195.33896434944
1147.14063206677,-2501.43281686287,-2680.24743840014,7098.08821096633
1898.33051691063,2665.21355280922,-2027.30592748615,7441.23262917399
-3790.56253166405,-1604.87066733331,713.021660327085,7402.27973492907
1012.24503999041,-2332.49013730526,5853.23204837914,6007.04448951611
-1610.6800688391,2250.54114566526,-7382.11154970895,2151.68667926714
-2944.22142276592,5256.9560966848,2863.1332816077,2533.45267124306
3460.58487911172,-1003.42585165829,-7437.22709341779,-3162.99456691445
2104.51027892883,1238.03566246248,-7854.04095086924,-1778.30818587972
-1559.7326608987,-2859.65820481739,4138.50789915188,-6816.02146704911
2118.78165387438,-2231.99082328094,3774.12688865623,-6956.43700390125
1183.07742061883,2648.47147523986,-4900.64190411516,6354.47479639245
545,2341,-5969.58222619431,-4779.36088287715
-3086.65966386555,-1073.20450227964,4259.86427270811,6570.33910962831
-3115.10741633745,-344.80810546875,7428.61512861818,3297.53182828222
-2116.00776627219,3029.07925573429,6358.06762621545,5902.39239306823
-261.849524998608,-3457.98575660679,-7950.85250149466,-917.560831841506
-2754.82968793054,-1192.87137954431,-516.706875994089,7581.3050474925
514.919205455382,2295.83415342604,-4233.51277916005,6745.98060730521
-171.661680010967,-2391.87293035435,2586,7503
1425.26873334284,2996.05557380441,-6014.90817692798,5861.02631286809
1380.74175856731,3699.50196483508,-4390,7064
-2886.87659662194,-1279.42616383339,4698.37346265426,-6548.47545314264
2117.56365831515,1933.56171493906,-5944.87849670199,-5841.75442247589
-2794.19924306276,1616.70666930114,-5014.4083933156,-6674.14257176358
-633.696737315341,2080.63330998658,-27.4834912116379,7908.78686735496
-2275.61074499405,1641.87792198904,7005.89352489905,-1867.12050039557
2359.20066382753,-1599.15994960959,-7065.34736317987,1377.15891009145
2809.35742408635,-69.258674621582,7719.43674446678,2230.56645597398
-1477.48979198767,2326.20155189106,3328.3546327492,-7205.66901257223
-1465.81148757761,2533.99652018165,-2693.0207103196,7345.00972058497
-162.746215820312,2778.57937588124,2369.19685751072,-7527.09251206256
-2473.907612427,-1667.05639393593,-782.040220129466,-7220.94779563558
-662.248517104259,-3051.46008784361,-6853.9843323727,4099.36233603974
823.686048371451,-3273.13035993949,-6486.46618054713,6671.61138420296
2192.87095120827,-2672.82260776657,-4667.15063491785,-7112.63347866913
3008.58622095273,-1360.68287733082,-6214.37152455289,-5467.77027346743
-1662.83721821371,1592.37705180474,-1725.77604387648,7290.12144526571
-3014.18200877823,1278,-7026.03499642085,-4128.95081595666
3260.73594701013,-1431.15415198442,5719.15511767215,6404.43620262423
3327.70246717066,-687.380966552754,7538.14067063716,3414.30972490316
-218.794149625548,-2863.51322725724,2100.93666844837,-7734.83525846295
-5721.61166816028,-2062.29228440697,1926.72743132205,3820.83112972834
3120.67989422807,-470.128355009029,7379.68355672253,2636.8944868349
-3914.62307120551,-3767.3607835491,1951.55285935085,1947.56719067543
490.88773386102,2063.53714658247,-6385.60782276743,-5404.19049584336
2921.58069498564,534.849520121162,-7842.21057334382,-1166.916415509
-2823,1914,-7286.72339312876,1347.39225402724
3508.31897704813,-5243.435546875,2861.88955212192,-1922.35132941215
-2629.74628590067,-697.506808801131,-6261.04306750457,-5328.39367398113
-2990.38463758481,-2542.22865129237,873.859542875516,7215.71498053196
-1613.57530975407,2434.61054575619,6540.0092678993,6439.277729996
-204.873325892857,2191.03900523032,4490.81298073884,6515.95996780284
3367.50930640789,-5718.89460636586,1200.87470900615,-2587.51674797663
58.3805084228516,-2769.12754298207,1412.3794771677,7251.6337660366
3391.75220794194,1135.13830563787,5017.22922440951,-6552.19560882967
1652.74864531563,1494.0034422957,-4947.88702214503,6319.50303471763
2281.91004904922,-2331.31955858961,-5849.26345381536,-4793.56908351149
-3219.9966796253,1776.87482832662,-7340.93977408011,-3178.26200159632
-44.2309161449775,-3229.85731285476,-306.158229016243,7411.50041452564
3063.06202808317,-426.849426269531,-7333.72636112003,-2828.1277085566
-1852.72812076502,-2593.16217644687,4275.33183018616,-6613.30877815083
2886.34757447001,-25.104776306529,-5071.0946985521,-6320.13518178568
3366.02796024628,2036.532643228,-6529.19687666232,6219.88360716549
3111.9087354866,-274.465928423186,7355.30880958142,3749.29729449808
2614.51449921084,-1560.65950377656,7056.83576476391,2783.88839620637
2410.3532333553,-512.990127752405,7665.7563282483,2756.67020196603
-2907.78469749273,-2139.72051130686,6394.58370019728,-5490.41585350252
3306.86559292327,1959.93373290087,-4197.64948494766,-6753.4859779339
-2538.06394290648,-185.757589150706,6434.46961077777,-5006.59893853918
-2794.18049676412,-2768.9462611995,3262.51481823927,-6792.80762723025
2153.77419433594,-2194.53307635314,-5156.99198823659,-6807.29271718235
-2848.09668797689,1522.64068268142,6699.17899456429,3725.93704484902
-266.113571166992,3399.94176558202,4064.39622585888,-6940.0306513944
1890.56235218702,2855.5376392423,-7288.55182465451,2122.43718592965
-78.2173939762183,3270.34486874691,3699.32526844409,-6867.2839312971
-1912.14743303946,-2820.25529819448,-6240.34926834749,6125.13773204704
876.523250767634,2471.43813876352,4446.67228449294,-6135.33269311144
2062.78319635388,1023.16290283203,4471.802345713,-6176.96927734115
2532.027468368,-2152.47502112419,7586.59355270208,2684.65715542341
-1073.07087415737,2882.31990836076,-1056.10165427146,-7677.80724423782
-2754.69071652934,1523.07439990453,6490.49958870218,3836.31877231374
-2197.42323987357,-332.070871657907,-6841.69174971769,3030.12940968648
-1253.87269482451,-3294.41581096918,6036.92622403993,-6565.31649840807
-2409.5307896025,2279.82401656306,-6416.69244130859,-5640.55607472058
-811.362004841034,-3219.86164130108,-5534.61044882542,6333.73612297879
-734.622271603101,3446.92896282687,3028.02544996386,-7447.47566184657
1178.68970575557,2338.74789393536,3250.20280816664,-7095.425842781
-488.384921161977,-2306.26423112382,-4171.66976384739,-6764.13320910832
-759.294738769531,-2771.31297752612,-3282.56162493919,7117.78187727968
3356.19663737618,4504.0203116631,772.636421391625,-4285.36069159248
-2572.78917566435,334.778330840518,-7050.37159318464,-3623.39518263505
-3467.98747811679,1154.06848193445,7208.91177978516,3244.74523824577
-2186.02607657865,-322.054047123078,7553.44492341802,2400.93372987143
1574.60867650513,-572.361152414878,-3900.62895240879,6791.57677903646
-1481.42287279212,-2970.8055208058,-7570.28449187764,2822.06011759132
-3500.47114128489,-336.617353615405,-6578.50556277779,-4230.9828087545
2149.41714956386,3051.41761898758,-4856.49747707726,6653.77349883203
-888.046877820804,2730.15336906062,1517.05600924619,-7660.97577807536
2015.59931685646,-1107.8235552131,-2473.05063830001,7259.39901037777
-2921.94525066403,588.535096950706,6007.92410583913,6206.64070345956
2855.32450018043,-720.433410644531,-7285.71349857664,-2077.72018356844
-1723.37100515183,2546.24384326446,4559.45027047224,6991.98588224407
2635.67179277158,-957.568003821056,331.155311044319,-7633.62909234453
-1933.24832549666,-2726.66437984492,3087.06921876777,-7541.04714023775
2346.6097265731,1933.46590865045,1540.76606697935,-7579.97720866657
-1789.19040679932,-2327.9579399067,-1470.3829721659,7472.84807195365
1895.06518388123,2935.03989999297,-5747.05546904707,6175.97763001177
-2007.63018955973,-2600.09398782477,6509.88895008061,4234.16699670661
2699.96630710848,99.0282669067383,7605.08242871434,1025.30014039903
-2244.55820446619,-1775.32404604204,3439.2074386434,6984.34098354149
-2116.27271294091,833.902046203613,-7204.17647811146,-2894.68213551775
1623.68129600206,-2699.70271093888,5573.13011811896,-6016.08320489468
-3123.81584351163,-1023.75005708679,-3465.539517586,-7220.27462257076
3606.50091787603,-1746.32988512476,6901.68392862665,3965.03236912709
1120,559,-6590.53006108782,-3892.01191290137
1040.61885310402,-2511.67727335819,-7680.76400424031,-1378.43292315257
-2571.85092253081,-484.875897290738,-2720.42442493701,7417.09037296978
-961.35193013036,-2665.60245435698,-4303.09699123834,-6794.60846947744
-1452.78056437067,-2533.90851716986,1938.70103334249,-7710.93590098734
-2465.27011251969,1738.45598690678,6504.18720651633,4910.35021299641
2700.04647703168,-627.425825579648,7506.24296004111,2015.8485338245
-2866.76716153511,-1090.57404522485,7587.50484211338,1653.76015746042
1700.67832622401,3037.97631845389,3558,-7251
-2930,-942,6658.17947310777,4447.43613138619
-2138.11969436035,1389.09291335763,7166.0973010917,2965.08976744987
-799.387097947141,2493.38428964157,-4309.05142571366,-6595.18817983246
1703.10693281473,3689.31872542412,-4484.1641399005,6915.91266938541
-3090.0389127365,-935.635692397703,3262.12626000023,-7385.64271583459
662.600494384766,3208.44806075839,-2945.21246611935,7347.69187511073
3389.9855092964,-462.265889704763,5544.66352670089,5926.28344729922
158.600450721154,2726.98665445319,-3492.51909528671,7466.634759234
2561.85691034361,-2102.99457311485,-4088.64352685254,-6941.20392546923
-2577.66147792835,415.997178090279,-1572.3081709888,7651.96973546315
903.607720918062,-2835.02515482278,-5715.04329429741,-6333.61281121142
-2248.97181138128,34.2042925193517,-7648.76545327187,-1015.99620708937
-926.693777556813,-1748.81569333028,-7614.85455249517,-3218.05210080561
-716.942249154686,2565.52690047047,-6666.37325494893,5161.06811089644
437.196431790865,-3207.18423364221,5491.77273574583,-6260.66099533328
-3408.66987129992,-214.687498779297,-2790.37588388465,-7049.31719230128
-1154.89069628234,-1977.19302132703,-7552.40251177893,-2104.00771464366
-2737.3990456399,-1881.18910679673,4966.85093167702,6247.84082385324
-1216.02361431522,2141.49235999128,-2280.37077585086,-7547.68822329739
-3404.95596161372,669.562316894531,-5136.79700076323,-7201.71897072972
-283.619436551772,3137.13200293696,5635.09167896959,6362.8595768109
2973.496466682,-78.143669128418,1530.1286075129,7130.66352083498
-3156.10350376596,2084.50185769103,-6787.94498408999,-3067.35716730973
-411.318337926614,2588.75077358284,6777.13434659231,-3691.41319045456
-1282.26863032788,-2971.53535180429,-4464.90580585451,6224.86515884967
3107.7072549033,1403.24255349308,1032.96184744163,-7559.27931795441
568.813734271165,-3584.01305827107,-7026.02389135876,485.123207405822
-2561.77829311709,2391.2976865065,6320.06387221009,5433.01082510736
-1151.02782498873,2216.20004318576,6099.42069417853,5641.35661152195
-1305.7120820425,-1861.22693201828,1645.42553361647,-7608.51948882106
1851.26889753447,-830.752105712891,-3792.51386014382,6972.93235634239
-3306.2417748817,783.014982557788,7729.63352545114,400.210066804308
-3469.26846718239,-646.433049535604,5146.22410206791,6138.98303756119
2695.32574430823,1054.88367550872,-1229.46933646113,7732.3902720468
332.279843444227,-3310.72765050017,-3509.65551016246,7292.26130113076
2243.89570735213,1414.78679376459,359.477409315601,-7738.33734273452
1900.36118837594,1901.29511445345,5334.53009226993,-6042.27205728371
-7072.4261841848,-1029.98060446563,2014.74213525849,3719.84590410585
-1043.88871467392,-2465.22671181716,5825.82093761662,6366.2964758019
100.284790039062,3533.17487657657,-3600.33690352517,7359.16675055106
1762.96025874593,3113.3666698307,-6158.61513251856,5553.95664899999
776.359717938078,2620.88693088567,3230.50608112628,-6906.37243915198
2311.80107316941,-1262.93013665615,-6722.34950002988,5183.06398932914
-2250.31708451885,1124.4964467847,4680.73875761026,-6350.03762662148
809.231600172976,2414.26715480771,7733.03753683484,502.916159955037
1439.52388783001,-3661.2538110033,-5641.12922957915,6201.54254938119
-2650.48218986477,809.831241853364,-4466.64616775629,-6669.6763298631
-2.05881322995581,2529.17275908418,662.826915216513,7441.69105925956
5132.74823100837,-3714.32051361322,-2559.8338726475,2307.33885022214
-2479.52227529436,2585.33835089286,-6237.44107166821,-5672.50122140963
2641.82888789657,2133.00280925917,3967.26454588017,-6499.72226756087
1871.23788354741,1191.13628846231,6967.67568528848,-994.864254859186
-2314.39041236321,1018.27284552384,7697.92473834406,2490.21106235514
-1420.65414376627,2559.73917158063,-1526.41587174975,-7421.29400594805
2792.33480370534,-189.397029019311,-5115.3007982357,6500.33383819738
-1804.06908315734,-2895.58050328909,6188.23378517113,-5639.25871133362
-2321.65394874425,-531.157717451376,-3837.94127961656,6821.81398208719
-184.895635559082,2211.4377555161,-5364.17091677463,-6122.49872478475
2864.32229726052,677.338920593262,2811.67222704503,-7580.83148708151
6557.03450886587,1445.64289286997,-3982.29288722778,-1135.83278447188
1840.78531845869,-2325.84317148526,-6690.47878591422,-4293.25893406109
1190.06006298291,2369.05442121306,6489.79867711686,3836.1718152816
1257.83431359569,2439.67393866067,-3775.97733731813,6983.72535475487
-1507.77399168452,1266.74250006488,-4223.97985534944,6405.62366583445
548.320355237965,2723.53663694121,-4506.57228462939,-7089.26719309693
248.251658569243,3347.70182884843,3193.98094188922,-7332.77505231099
-2812.2607138759,1647.13931896205,7599.65686077882,1290.59006019175
-2902.32362036633,-3094.10474141098,6949.03905734134,-3724.36116870277
434.042218892817,1974.69382694376,2173.67018387865,-7478.95476001127
-1810.59886027271,-1625.3444942303,5018.51183626776,6517.25812053307
2660.73422490221,-2112.10174397953,-7278.04514208248,3399.35672712326
-58.7808227539062,2892.07991680913,734.444480622991,-7691.71461571909
926.807090551531,2703.38103262291,-4521.04287088227,-6734.11220562274
3071.67621030741,2981.79366058413,5569.01619435588,-6543.76812331094
-3074.77163886038,142.32502989135,-2726.4809033878,-6964.96542628053
-2342.79089883128,20.8193817138672,6297.89609037059,-5901.8753161969
-1429.04121291721,3296.13478691843,-6427.43957467062,-5705.09262092034
-1762.33410780669,-2371.65018425708,6890.88389651472,3721.636159608
-1340.64230243661,2499.97883864843,3781.28877686289,-7226.98826846492
-1048.72033847889,-2844.6632746329,-6728.3222244346,4201.17652454453
-1729.047306284,362.758661684783,7311.3690049573,515.25073964497
2603.97974863305,509.362881871639,6464.18985270145,6053.28020418782
-2831.8946240165,2039.89521480333,-6112.56064205653,-4957.49151353135
-3248.43840880936,281.968819754464,6546.50652376073,4622.45267591908
504.49126345574,3050.60454214426,-5176.39261142419,6209.76626714312
348.871858168761,-2505.87130251947,-5459.93533952415,-6497.66450841346
-1336.1138604781,2513.25412314859,-7626.45400884712,-415.99872943717
2701.19817637856,-541.412353515625,-7364.99397193598,-3816.43267140507
6394.94927630904,3084.15259257837,2724.45526907262,-82.26171875
-3287.11657393581,1359.816386277,6978.63408171262,3589.69187249418
3434.35544935669,-1066.75862979985,6533.20372775474,4366.22516007402
607.892097623058,2665.6253591892,6441.26219696028,-5870.56744748041
2218.6812402843,859.584193218185,-6418.25156919757,-4396.24036207731
3663.7470729906,416.859200589121,6191.12425634596,6247.56764734972
527,2250.7094579299,7139.12947670052,2856.35582873222
157.332205651276,3076.64228405274,-4468.89899983597,6426.33176286095
-458.492047888312,2233.77825717331,-2352.22892814054,7645.7210083208
2251.21948209105,871.603021488509,-3760.30920526553,6722.29303223435
2390.86722112901,-1004.57791240371,-7175.36684090229,-40.7060164001924
3289.87533748696,-92.1557130451444,-7240.40301481227,-4041.81012998801
-1202.9418028369,2436.47117479245,7028.22274159755,2929.31252023283
-3235.73697571056,2862.62394482532,-6516.60775445498,-5521.01277990724
