complex_small_real,complex_small_imag,complex_large_real,complex_large_imag
5933.35691464438,4675.65814336002,NaN,NaN
3138.30259345091,377.97009854366,-7001.41132775773,2589.97873370667
2354.68679435344,-2754.63809244256,-6347.0570077044,-3517.9068236607
-2866.75867109641,-1306.38135775534,-5796.68852663471,2483.06394908715
-545.982305003269,2920.39279967992,-6847.68031128168,-2772.41801480999
2523.86213631466,2118.67796610169,-7589.13436653129,860.406924152354
2618.90542076936,-1280.55949781659,4911.13359679336,5911.39390530836
-1745.38264943511,-2305.12491687492,-302.645434015771,7610.40264557061
1702.54103505593,-2866.79889772735,2105.20050940526,6954.66115732125
589.041958093643,-4010.62342983313,-6760.65218980794,-4635.97366862545
-2057.52131452414,2576.95336111684,-1724.30778477994,-7098.72962022841
493.474209706718,2238.84955637045,-2096.91480498318,6921.94071096627
4252.34727547193,-6513.52623636171,NaN,NaN
2937.24517014683,1653.93997163207,6655.99449585714,-6050.81675486314
-921.401814720253,3084.54498678248,-6660.19068181623,1525.94774571431
-2333.03674616776,-2873.8246738055,7555.41586527432,-1925.67974377538
-3110.71201941742,651.078329546581,6537.38954038918,-1969.81719693683
-2368.33266524865,1162.83762625305,6195.79970839842,-2897.9908696915
-599.539366426149,3178.08607520599,2802.89074878954,6534.33254018662
-583.123222572267,2058.09693359995,-6588.6097006046,-4266.08724681664
-581.195221700982,-2863.5830499531,2191.93235746847,-6491.98061471576
-2911.297018385,-467.344193523697,2622.05080651736,6083.1100941544
-641.187078564703,2605.36259155219,-7173.03789934658,-5230.47174911939
1313.30188646752,2263.94465321061,5904.18412664578,-6790.54123452837
2364.59575902232,-2677.27660962284,330.912200191545,7050.03148490435
-3473.33543406101,-536.126479630153,-7614.13633712046,1099.14924067768
474.864987964078,-2925.79363043152,5495.8748184479,6458.62589963085
-2403.45740003222,1349.01770217154,5643.48130585101,-6716.02399856815
70.796108858573,-2225.75611745625,4176.22094719545,-6917.23373950036
591.095414105653,-2569.22399398406,3382.89113477418,6077.10082095258
1223.10749946689,-2375.6604315804,4741.70779502961,6243.60676451779
-2967.43079279337,-2098.69877066945,-6289.61338040609,4323.02164630697
-2302.42045356454,-742.202622746027,2839.05147703886,6638.7596998326
-3156.34053646076,-2229.80043162461,-8078.84821937241,979.71549835159
-1373.40132347946,-2819.32831395717,1119.20704067925,6641.10488035805
2321.47362392744,1778.56307385973,-4326.61938699726,6443.84986245056
3340.58355829189,444.141154083418,6807.18645946157,1936.84484496065
3221.41864680537,931.012704632244,7248.17741654245,-238.300157881112
2431.31229232595,1599.43743234367,-6030.9347985057,3119.61236652243
-7206.81760184038,1266.35976437944,NaN,NaN
7767.85693164928,-4683.60075022233,NaN,NaN
739.713854861537,-2481.95565036885,-1135.73987823896,7523.77416571418
-7034.51550970144,-5778.40071678667,NaN,NaN
2768.05870299298,-1628.46632891454,2994.44922106575,-6815.10842112609
-2443.22603333515,-1930.10348263909,3592.43083373722,-6506.67511882957
-3004.45305908203,1395.84391281631,5421.11977636338,6450.86117925877
3065.67914716243,-1942.60604900459,-1092.85235718403,-7332.47811630254
-2267.85656148596,-2733.25146712753,-6523.69050460994,3831.24587628031
-599.962812220178,27.651123046875,-6664.62754965669,-6537.19086408876
2828.16554804878,-1948.39985253131,-6737.67957526885,-5690.50034109128
-471.776537346117,-2705.04745599707,5430.99012311293,7115.49442678835
-1705.55925531444,-2259.80573448024,-931.201793721973,7382.03387395541
-2885.21680349857,2094.39921571976,6762.15406850015,3102.25276656714
-238.205253609229,2956.39572284096,7001.31483062512,-2652.60713530631
-1567.37689400159,-3178.97508579689,-6154.56629774691,6965.67515537424
-2269,-3085,-6480.04848879542,2905.54196781356
2055.98395026236,395.028609708264,5992.61832326703,5628.51666207544
-528.654252378742,7433.01220908988,NaN,NaN
-3772.31047947334,1617.96290476669,-685.839122867673,7431.67965652437
-375.504998949388,-1139.747828125,-514.758849058451,7095.20625878606
-2538.66708194508,-2239.37950306952,7360.82556871543,384.907837144108
1117.0587077522,-588.378012187632,-6819.34330628313,757.069864579261
4028.58035146095,-61.5495976506998,6307.2025490926,-3407.25458374298
-52.0367280837388,-3296.27896888855,-5639.02133471367,-6995.14238797244
1630.48904400829,2809.3943617908,7172.88975552585,6013.49326256494
-7296.04041479761,-3873.67478511898,NaN,NaN
926.075998135044,-3304.31924039396,5630.71526299777,7217.42436210702
-3340.00401321883,-365.419070535099,6496.90182330543,-4448.26101142149
-3020.85245624791,299.611107842363,412.200916381836,7643.93778175801
-1790.17841204475,-2525.06744434856,1150.57491675989,-7711.2807426488
3178.65026235346,-1516.57712929837,5801.50375954397,5655.81623326468
2738.41585127377,-1907.24398866541,2234.82403488687,6953.91158190346
-2955.82872490737,2847.67955910812,6262.56834396069,6196.23545014979
1103.77804733041,-2298.82440888121,6571.29619687111,4567.68121192576
1197.72550163299,2808.42398039953,-475.313268817509,7802.18916005
-532.852164063978,3512.99996409333,7579.1010385958,342.131610228715
-895.474343515369,3091.46539809972,-755.636382929881,7666.24458658062
-2852.37158152319,2451.75526693377,6766.86358791363,4310.94363334093
-767.543809218721,-2250.64447931337,-3717.24243299495,-6976.27265960718
2673.44669116128,-790.794452610638,-6046.69316270113,6681.09846137894
-3699.70451989189,787.151547588002,1530,7767
167.200490175029,1123.72673396741,2099.29400662342,-6413.53659735142
3999.30453325771,570.516720621772,2904.07928702816,-7126.53280740285
6603.91299658101,5933.53684967971,NaN,NaN
-2935.20785823767,786.463876454927,-5946.6561321859,6765.3175547964
-5126.92326321414,6556.36718832278,NaN,NaN
-3518.24988932104,-1263.74251058647,-6556.89489360163,5074.90053822709
3272.71342891792,226.687913577581,-4900.15106614814,5772.84865369085
-571.392871055555,2699.85355131858,-2534.31542655426,-7309.82777146066
2474.23011960307,-2541.25583446232,-2824.8192831096,-6801.9742020123
-1843.93725513528,-1944.69230408223,-6503.48763603046,3917.36911166775
-2627.36998849523,-443.463603540794,1964.00918341315,6945.52366350029
884.880188715102,-2760.0105910748,6165.95476326515,5063.30815413987
498.652526160308,2143.39012677783,2086.19172465209,-6586.59339348692
2568.43315068913,2458.3202951275,-2858.3254644873,6555.79997069246
1234.6479839105,-2847.03537097596,3843.05705265411,-6526.74185334453
3711.56383078179,-701.867630959556,2712.11808255676,-6972.25819476378
-1270.96690742078,2440.7041015625,-7529.55962626713,972.157602248667
-2947.38423484138,1349.70521787466,-1313.47251113471,-7406.24513312816
3258.76296989894,468.141032941044,7434.43341000718,-48.2802421659041
1732.54564745723,-2696.63683036756,-1049.68161644993,7698.47039958012
2518.10745700533,-1601.21865532066,7189.50381237868,4709.4904570517
-1498.36161767942,2988.57985982319,2529.64489189516,6725.43556211764
-2191.64786499278,2126.54409942111,6370.44164657593,-3343.08758284198
-969.322428145657,-3248.84511565222,-7944.93597944601,433.346411074734
-2283.05538907274,-2439.35094952663,6325.85728102815,-7023.55242549868
-3187.01025346403,-5823.50231061818,NaN,NaN
3394.79730411588,3097.63561514159,6709.77434973802,-2366.19517256728
6539.01301332978,-6780.01790413422,NaN,NaN
3775.72473103737,-912.554931640625,4175.44275024894,-6718.97249436306
-2235.02090788662,-6496.07990790612,NaN,NaN
1463.41536632869,3546.52072106848,6681.45977386918,4929.86246525057
-6176.4945002929,2911.26132152463,NaN,NaN
-670.411701292767,-3376.09733999293,6902.36520650734,-2889.0590218911
6100.5194699947,-2829.87671887647,NaN,NaN
710.967641843155,-2405.83924413189,-5915.26534406259,6654.29653607711
1218.50582914322,3534.46545475504,6193.31560319956,4179.41121760691
3307.66795636787,-2978.57084391638,-2205.26131972657,-6753.270678408
2930.72736151022,-933.270101623676,7739.92926643337,-358.034879936425
-2549.29076246832,-338.075282268714,-7132.31237736708,-4261.70186797351
-1962.18429030114,-1149.93539016654,1570.12479938975,7486.41076768459
2912.77791298792,981.925390257757,45.1561671763415,-7705.12985979129
-455.870133103727,-3312.1651425451,6366.81364722827,4576.33560647749
-1044.27180062822,2457.73333084135,-5880.1930480229,4975.33154184553
2895.56820680224,719.779996353027,-1568.27406227687,-7060.57412604666
2648.35114540286,-705.367785403603,-6097.19929850583,6644.90877327981
3515.23962498732,1188.21813433579,5600.05291383041,-7016.89434783225
-206.996513797934,2950.64778013501,7162.96462361508,-1322.06549744289
-2714.06057139121,199.31752166939,6812.19921989797,-1915.50616186875
7408.11996006498,-1077.62590900447,NaN,NaN
3354.01993731776,-253.5830078125,-648.539342749776,-7756.20646475329
2770.18273509686,2670.54000742309,4627.60538932182,-6741.56088634748
-2899.90112338385,1708.58500744772,-6828.22079928578,-1819.62689357851
504.392127990723,1137.27661938282,-798.219231038018,-6925.28406425768
1507.66260550556,3618.6859488084,-7235.80260198842,1105.70952650506
-1690.59637667459,-3300.10526315789,-4148.80514661218,6299.34434405615
-2612.56817607423,-118.924681535256,-6222.461271548,-4362.0683814916
-2788.09562248974,-671.138687609407,-4769.04408977619,-7014.41218119924
-1837.49202390023,2922.28263518594,-4794.17897764802,-6210.97181469909
3658.04969860433,-1562.44070355033,-3460.50766758857,-6133.9361533349
6227.37275074392,5202.47164014242,NaN,NaN
-564.335894479625,-2358.37905377462,-2410.68596668346,6568.21688082774
-2761.34210947311,1743.79489296361,-7241.16421824033,-1398.72687706581
2341.19973056201,1702.64000194237,-1138.58463914264,7105.55042286036
-2838.66814581378,-5975.51116305374,NaN,NaN
203.456781752057,4039.47825826512,6925.00215328478,3946.15755732934
6495.14118003602,1261.04137667038,NaN,NaN
983.075058212755,2910.4456986946,1705.50952727322,-7243.18685401704
2814.44374478709,1089.49315138709,6443.60283869342,-4479.67002986715
3090.88523157451,583.118411256016,2506.12448894314,-6752.07532727712
2672.68709383763,2249.26888275146,-6786.67396622681,-1106.84628719839
3113.72610687427,-1073.85178683666,2470.89952387894,6299.60925916995
-3859.48004515605,-722.586316728724,-4081.82511331638,6431.28455440155
-1686.68059250791,-2906.9322770427,39.0130605851095,-7920.46867167032
581.680824469706,-3147.9339893083,6792,6064
-362.712702268359,-3843.78091938166,-7893.54932021168,318.445054945055
2940.31110609114,2029.15254481682,6443.05679374269,-3394.76265596943
-711.628489372299,3437.50634273852,-7034.28628503492,-2435.83276075053
809.048689469826,733.106870494905,-6493.55163766636,-6673.62654001488
2258.30267209423,1875.13662133401,-2260.45853278109,-7138.09959605061
747.224249013549,-2731.43879513219,1009.31251373119,7397.40408523598
1516.37987128089,-2628.43344020072,1088.87397136163,-7553.53672839464
283.38109717431,-2924.55561917806,7343.10664725731,-2227.17480478814
844.459571974164,-7376.30357895808,NaN,NaN
300.526296224939,3028.06043924747,7068.29226790296,-2772.85155956967
2539.60237866954,5646.04933414352,NaN,NaN
2533.55739986796,-1772.65862974616,6121.20181393278,-3431.67363230864
123.038453019555,3801.49080280777,7114.40378258323,165.011013924913
-3049.65648911084,-109.276458326396,6445.48925761814,-3471.38690999709
7775.31673711142,-690.201968180867,NaN,NaN
-1371.27235438613,-2665.95363439153,-1848.83222255975,-7000.22034390406
-1150.86936113266,6799.314748268,NaN,NaN
2753.53995646287,-1172.81739358907,-6478.43994041172,-3863.30666131033
3045.26877199273,1795.71161000177,7792.24669813284,-913.167004755449
-1534.72098578471,3679.86865180855,6224.92599470982,4481.69863194196
-2838.71656526992,1753.72274780273,5048.26124583957,-6234.18061846995
2032.5416576747,2394.44686130629,-6795.73381891593,-2275.58969987267
483.986735549589,3163.12599518636,-6807.25605231671,4189.18716088417
2621.61847627495,504.597205304124,-7401.51341126459,-1775.77143132395
-54.60648553814,-3928.72126841666,-8295.96674800687,958.075720548149
639.706863075006,2869.25849427411,-7450.89750215805,-1287.22232390798
-2154.5592956543,-1741.2478748407,5503.91349380414,7154.79045522157
-2603.16052743057,-1674.8570082415,143.01107667938,8266.03346371876
-7168.76897250497,-6532.38648940411,NaN,NaN
-2834.75908223992,1984.43493778189,4954.64601304674,5929.31245148143
-2266.40831666584,-660.146193096125,6317.83123320851,6572.18759241687
3395.20641666667,3058.15799015735,7589.20369883209,-455.373989361566
3295.5737680158,-719.625971734016,7656.24964289777,-2602.01976370903
3659.22044335489,342.88743691014,187.578439663757,-7623.19440723934
-2227.79885461734,1573.90521665335,6080.74184020136,-5625.0490073649
-1643.52684884101,6533.56474708736,NaN,NaN
-2430.11909441828,-2565.15662993655,-833.008109114833,7615.68941438292
6217.87134990068,-3186.91774844171,NaN,NaN
-2624.09417975197,-2367.10756224899,7729.81830964342,-1691.36712979211
1333.76542388258,2096.18608190902,4763.76698086533,7003.93269070294
-3081.81039840447,-362.639654080495,8233.65177211853,-813.719448865701
-6835.81215929973,2551.84734914537,NaN,NaN
2898.68925731646,295.550418651673,7115.52320917514,6423.16488709167
-1553.44624091133,-2147.1368162512,-6988.94797389281,-5610.57060636147
-2369.33691010791,-810.566247814809,-6849.27550843158,-7096.79203680203
1259.54147350359,3017.07821943785,5551.56411716179,7214.10419546684
-3029.94506650158,1751.6370885051,-7523.61069084378,5663.19011437235
-2723.71629366812,2767.7190617364,-2422.16142732907,-7236.11433373295
2507.4180540393,1598.95763134641,6035.80396116239,5717.88902469745
-5759.61567001911,6049.85768755779,NaN,NaN
-1201,-2831,551.451086370985,-7687.75078996087
-558.715217959555,-2620.30351758225,7335.58379647351,-2538.9014655684
-1351.14823741966,-3061.07008053441,-7621.38627510326,1876.25656022415
2714.01785606148,854.715221536637,7957.61671826842,493.15020991979
-2319.944625939,-743.847680543326,2486.77691711719,6515.77145382984
515.979332719283,-3762.86071779108,-3623.29811521103,-6352.8690271208
-2594.77559703774,6523.62419940041,NaN,NaN
-798.512331247239,2727.00724981498,7377.71268944575,-1439.70396754855
-6542.55149214026,-1732.57645872799,NaN,NaN
-875.479562043796,-3168.82282475139,-6643.72308618199,2446.67629147988
-6951.08074081085,-556.052984528941,NaN,NaN
580.272574536036,-2989.92124808942,6319.09387291689,5886.3724612906
1540.03149830549,-6579.05861094418,NaN,NaN
1564.35235509404,-2884.84234192584,-521.71564928559,-7619.27288241711
-1237.83298739358,182.155717411397,6825.76067118376,1776.578125
7760.77653829908,-679.358481214673,NaN,NaN
-2134.92429117831,6949.19838051697,NaN,NaN
3579.7177420132,-723.606329874208,7685.49931585885,798.156428840362
833.757798852058,2212.2817408598,-1881.50009844084,-7385.57999681833
-2401.19959119968,-7151.35082438457,NaN,NaN
2224.32416503395,2791.9103168857,6904.46011167171,-6070.4842046387
-3125.4233202569,64.2058746831246,3745.87426557795,-7307.41776746078
-3413.61641883137,-974.208315618925,-6543.344180262,5902.27979531801
-3007.68668118177,-1152.21971013604,8309.27602233192,-335.926345090199
-3532.06263193141,-1371.83852294084,-5649.77759158917,6473.11736531114
3050.23598186038,-2283.69124062626,356.066670978378,-7861.13893057633
-2416.20911263863,1877.95876617847,-7507.83440186584,515.524801517481
3039.74746153133,-2374.2587311867,1038.54479496783,8150.36342367329
2703.56664886986,1566.69892634557,-5353.03784566178,-6075.0709914871
1627.70749389823,-3214.49232984573,-3216.15573204205,-6401.33876836806
1975.87522046015,-2971.97361034546,-6294.06130415956,-4735.72603265866
2382.41409304732,1261.05336341489,-7704.61068221549,-1726.8643386689
-1081.38630775062,4324.03810278197,6144.85949057945,5124.2337055663
2489.50506064298,2843.91465151831,-6567.49584273741,3500.64616215295
2678.2374679514,939.713311112075,-6486.35241359329,-3661.67452669534
2271.73970780343,-1740.70426913019,7196.90057762893,1020.77296946033
951.572266649227,-2971.76646046772,-7958.54527258908,820.353831163269
1114.27749570383,-117.428481974713,-7032.23031490164,-393.008323528542
-1659.96322071923,3080.52792904774,6752.75937049982,1715.66345607632
-1583.7789873587,-3043.23460444367,-6731.54755265632,-4008.85594678328
-3178.58345135306,1369.84772650629,1148.14996577657,-7549.52959023244
-400.461610708664,1301.24836561743,5217.87093007196,-5861.0358732159
296.631843507752,-2516.60624741346,2637.79112127122,6951.40762973221
-5611.62593584174,6127.24734697144,NaN,NaN
-3521.61746228299,-969.628052754588,-6658.2842578184,4844.76542096525
-466.476388374809,1240.33748935529,5517.87926480795,-5540.97677007084
-2962.22820536296,119.258508169111,6564.87072817053,-3248.17700667831
-5704.79929505662,6420.6580146482,NaN,NaN
-1607.94284539474,-2110.73732744085,7477.43841192624,4703.87259304304
-6882.9327342418,2271.95730872726,NaN,NaN
280.562527631922,3346.36027338343,-3427.20274985857,6848.55652551091
7617.18447889208,304.951591155354,NaN,NaN
1615.23049114541,-2307.93964539159,6702.59710727254,7147.43646617789
2647.75626090302,-850.066943473861,6418.10947192928,-2442.05611944167
-575.091986306916,-2990.76637432924,6084.99245851795,-4223.32669621358
2952.112307017,689.825564980867,5895.7219765769,-5944.18747558117
786.103656028329,2811.20751987379,2663.77744707386,7144.32026932796
-6873.27211532878,1118.72655830805,NaN,NaN
1125.30197700324,-3081.8352461941,-1862.08149752381,-7291.75927898666
1448.81191629823,-7261.41086617957,NaN,NaN
-3318.57990328948,338.008766174316,-1927.11098063789,6707.17385813554
-6140.59885975403,3764.09138210864,NaN,NaN
-1805.88179158278,1838.8740994813,4084.91632958836,-6701.7061786667
-6347.37093892836,-2318.21425737358,NaN,NaN
2169.45085737545,883.402770976708,1488.21441126753,7217.23838013348
-6273.47646941846,-4413.77732585698,NaN,NaN
-7391.71810560517,166.15007423771,NaN,NaN
-1737.40544451657,1866.67252145687,-6526.91996874632,-2794.95962089237
-6081.21591019181,3197.10732652534,NaN,NaN
2620.18991086849,705.766524144392,-7504.78886480097,2067.51046544274
1029.39262543253,-2229.93888494318,6174.41453014028,-6366.040421535
-2459.70531393563,937.784608589586,-7827.37170347764,-886.773357811067
6125.3962774719,3373.41983299601,NaN,NaN
307.608310333289,-2483.74599306091,3306.25186083266,7205.79396573706
-6367.99174817668,1980.37103836845,NaN,NaN
-6816.2266966432,6511.10873962971,NaN,NaN
2353.49949927932,712.833953200916,-5862.5632849653,-6269.62672488292
1438.6395822738,-2751.20894777617,2137.79142438954,-7135.39746312279
-1338.48532662349,-2827.58767371156,627.108896511935,7724.3091030716
-1592.0855611869,1987.80777109333,-7251.5752526941,2337.96490417901
-2479.3921718981,1627.03415589769,-6762.53195803727,5566.95484351256
99.5905102973344,-2913.66580517768,7193.2829420354,5232.24318396828
1120.93164513866,-2818.71994429329,7015.10082965838,-6729.17954300145
1379.61266179734,-3096.5840356344,-6635.3556889911,-3428.9264823203
1221.37482016078,-3814.50231137181,-3206.43431945135,-6537.71649189575
3283.29139439802,2762.02325128338,6996.58685313978,-2519.44231382297
-2166.67370994162,2304.59119677439,-6567.78180634399,4933.86221754676
-2334.43299338592,811.541480092846,-7632.5245917712,869.279515600301
472.251122014341,-3297.3756444424,-6840.00883064879,-2929.39624656409
-3066.37620611532,-54.2274575986647,4160.74811305014,-6656.69588257866
-3079.76891580463,2651.16692457315,511.24859855656,7714.8286004385
208.137683630724,3419.16401072441,4010.65950377317,-6369.93271929883
3040.93792807066,-1091.61066504508,769.222515095603,8099.84162475841
2501.27350507593,1628.40553261169,6360.1567499518,3826.14478211484
2901.25266517216,1724.13873959503,-6504.28121280759,4089.912039062
3040.26997638436,-1353.4245660478,4718.49909678864,-6362.92853671371
113.393112399791,-3333.15865245405,2878.45998937517,-6709.81483607693
-897.664540504283,7521.08399057552,NaN,NaN
-2634.49626625067,-81.8296175526824,-2525.89237588107,-6537.31892038604
-1324.08963193605,-2828.86789139439,5640.00821240988,-6258.55812464993
-1121.40921448179,-2837.97358192411,6018.98206124088,5560.92515823345
2874.89139146918,1509.81779975028,7036.51998893383,-2849.54541452752
-2422.68232810658,2192.07889103005,-1472.50513166015,-7752.14735504792
-414.814383958805,-3340.99018931798,-7034.69048374594,-3490.36947656832
-2656.01207036346,1197.67170215968,-7333.87290197205,2281.32616598497
2667.32673535792,1215.11451547142,-6744.40054744526,3772.89732117833
676.300820090554,3028.29939981719,-5459.47736717847,-6209.76622867448
-3638.47377070777,1012.8107958027,1723.33638425937,7873.35654126456
-529.046949137853,3268.34644308791,-2388.80945982407,-7677.73116029419
2210.27804946899,2048.94983164084,-6775.65164270361,4923.60454964789
-229.67070917407,2502.93261713401,-7158.64041806408,6100.47921201703
3066.31975731835,2294.29301569742,6826.38731683302,-2574.26452176467
-3027.44256328958,-1242.56619516033,7231.86267890097,-1435.10290916471
2886.42019315477,1916.18279109763,5496.21673422433,-5962.92139140714
783.989700437711,-3033.6389280144,6421.26206585078,2711.53984733796
-1232.72233315027,5.31194823148741,6727.11943543939,1581.26339285714
1493.54981514432,3021.07173394889,2723.63180295352,-6490.47839914054
309.148514851485,-1202.35573979592,-3202.34699535926,6515.62885508423
-90.1282403804408,2142.03238689434,7440.95208216701,623.065629940222
272.12222359072,-4061.87176247631,-6692.72102867574,-3731.676510195
2449.11753204154,294.708393859863,6837.19290600068,5465.79564630442
6968.56066834787,-1969.97349942028,NaN,NaN
4987.57904492003,-7222.63182914703,NaN,NaN
-7635.25581437895,688.199291218201,NaN,NaN
2643.71910030375,312.400115228311,-2403.89711202021,6513.71961247002
-6612.47698336931,2192.37792185127,NaN,NaN
2156.70027099609,-7080.60570540788,NaN,NaN
-4964.67604315532,5644.14892603202,NaN,NaN
-3469.29817797866,182.857290258423,-6501.98664776514,4174.96836747319
3989.9467464641,-7009.02553507699,NaN,NaN
2759.78106475908,-1326.97174378226,7854.04501875151,-990.953555660914
-1348.67389700293,2417.83842761686,-6781.84442609998,3511.88133889328
-1982.81009782205,-2191.87192410317,-445.255248824806,7671.45459630277
-53.8282859627769,-3379.18121313568,-829.070619701464,-7640.13258269049
3061.13157517717,-2701.27703669747,304.080424976258,-7744.79323690465
-2781.3086056275,587.461246306032,6655.20130112541,-5417.96767811463
1516.98886221886,-2271.55111381335,7915.25617965633,-1562.14090249347
-3046.46352183854,1198.90625,6525.53509571941,-3968.17818110708
-1446.22673447828,-563.30619140625,3636.38644719155,6566.34918271624
-3006.56797523865,-410.4790399085,2731.78957767214,-7124.76516274148
-298.057492432282,2117.95643230389,5377.41427072977,-6291.68546985954
-1215.14891097441,-522.872131347656,6823.84206020106,6277.49791111771
-454.732810929025,-1231.04983051947,130.516206133395,7570.70774394616
-3540.13300316973,302.14478936215,1452.52093949146,-7161.83308053232
1157.66624716275,595.741088867188,-6341.34818151572,-6214.67038277826
-2832.31786327965,-3597.44120386312,-8109.2921959381,354.93544189505
53.5394233112528,1003.71675659751,-793.535360832463,-7375.84935257674
-1190.01590106007,-2702.87046496212,-1344.48599998883,-7520.51395345851
-2519.59849725082,-159.952107624454,-6536.22776926275,-5177.48288798583
3024.6501394685,661.379615508321,179.825805293028,7980.83422375416
2916.14375,2691.15050365307,777.959726838649,-7275.36363827571
2983.27493233743,1093.46735729423,-699.052617963256,7588.2506747449
-2497.4514342958,-1904.93015866712,54.8188442090528,-7992.91941497892
1009.95889843316,-2244.60526473168,-7709.87717199434,835.789563450857
-1827.36106468788,6972.60220530709,NaN,NaN
7175.49866178932,920.631711665519,NaN,NaN
-2700,-1385,7569.13483113117,-529.307545780169
-2711.10460335376,-981.972238814075,-6532.12044761586,3000.16147441541
-766.197313093138,-2456.92534757313,-36.232801697471,-7708.98384412092
4968.13118062146,6985.71675384959,NaN,NaN
-275.074688348462,2102.74920988495,-7541.52605500924,2260.27402697193
-7534.28530738362,-527.858324188569,NaN,NaN
1591.34456818013,2676.42101916587,296.347466960352,-7547.89921549065
3167.51129510958,-2183.87395126877,-4392.87371999472,-6656.44536354258
-3572.25419306816,-534.796305141495,-6516.70701924308,4560.47934605283
-2940.34073374918,-821.789461145466,6672.32363794314,-2958.6231690167
7671.4554595408,-184.371494568285,NaN,NaN
-993.872716949372,4087.5867634805,3168.05314841727,7226.24650727798
-7614.00588369583,-431.656622076035,NaN,NaN
2755.32764240632,-1168.37953252378,5588.83627117955,6282.8086323054
3193.43838121153,430.202906997437,7251.72945312753,1755.77079682298
3912.79417098742,151.236603811886,1738.68509847379,-7009.17209457379
2867.4159234915,-1513.50893634649,5403.99130783938,7326.4549690775
1114.33130229864,-3261.91491883754,527.252630895154,-7815.47612830979
2611.10715592972,1256.07797550393,-7614.0614753394,-417.040706724782
-4693.17054127925,-6260.17318438032,NaN,NaN
-2324.05649628064,-362.991949282855,2196.71442342454,-7514.39104514084
7498.96298217427,-1126.43529877857,NaN,NaN
-5709.54564401031,-6873.70992223041,NaN,NaN
2989.59711810329,299.499258032042,-961.091589463496,-8304.39808714795
-3987.3216643067,-712.171665433022,-1995.69975871908,6664.9644230663
2688.63791639419,770.139258519965,-7463.80747560733,1533.75868278691
-3119.47638253084,1810.79114080542,-6344.93459562949,4288.75874258063
-1344.62198769931,2454.54461478817,-1274.64052118934,-7375.5407813046
4721,-6767,NaN,NaN
-2537.28573013541,-7016.64180757326,NaN,NaN
-488.118938123108,-1138.44741312663,295.17552660218,7143.67499413219
2806.99894509119,6870.10602007414,NaN,NaN
3764.90305986937,605.91058031409,6409.98051730901,-2611.57816766482
2761.77048832003,1207.47370276092,-6141.80921539648,5464.90576738139
3078.28492452331,3260.9568165061,6003.20938974057,-5340.4293227631
3010.87436046257,-937.518654311854,6288.09060768902,2099.06380143333
2164.38437366486,2394.53797009288,-7304.45839812767,-1297.54273135449
2389.82433976616,6579.99287586758,NaN,NaN
441.221025212391,-2623.20581783393,-8061.22517159494,1837.14860803702
3439.84304617621,-1006.68864997857,498.249913194444,-7921.69865678442
2353.13763896256,2886.51181471683,2039.32442201564,-6701.5407360698
-2980.80865554163,-1334.53283329953,-4252.09188980929,6654.72243839664
-2199.80089163633,-7155.62483960022,NaN,NaN
-836.009713212715,-2862.50882764163,-3522.22844608449,-6815.71589927515
-1247.36636784813,-7323.21512735197,NaN,NaN
-2600.65626094125,1550.19855373403,-6493.92430114127,-5110.76588955921
2547.33436947525,-6691.45351509805,NaN,NaN
3196.42653669406,1204.13692477928,2282.6028564808,-6531.13906706472
-2015.96054555392,2575.47175229989,-3270.46862847742,6853.78651519243
-1205.9876262721,3320.52709862621,3273.52932255284,6349.28319788013
-700.647274094517,-2947.78640563945,-7303.09967578847,5821.4469790332
7340.98757219606,-1198.90830599344,NaN,NaN
-3499.69609419327,2121.16658358574,-293.637507389891,7600.79840468555
1410,2339,2819.0635201035,-6597.00267004609
285.829746219206,-2302.47336710512,6571.25671336231,-3278.66344168015
-2320.24492330776,-2671.63268047376,6612.08637619019,-5725.52129259589
3656,-2752,-1351.30121011937,-7518.07940512811
-523.406049065584,-2569.29634717881,1269.4241739418,8189.12142985452
-7451.93982963199,-641.299033572931,NaN,NaN
-2585.62177693171,-1702.89005651833,7796.91841148024,-1885.24596767677
2830.64040485574,-6548.06304018038,NaN,NaN
2371.19064840149,-3404.97406173397,-6567.19310049261,-5894.3261518336
-7104.54503119519,1805.52795795625,NaN,NaN
-3949.4300256754,7192.40939902187,NaN,NaN
-2681.28873162131,6088.02236761646,NaN,NaN
832.096875,-451.217350242849,-6619.97119675248,2560.74655430263
-2190.99809634185,-1741.24009412723,-6464.8933992873,-4909.53147656135
1844.75414036509,-3338.16532617529,-6699.60965502879,-2348.04841840412
-709.747408353365,-3759.24021346465,-6562.61660031757,-4469.84867599902
-311.052927826132,3681.27185901064,6087.00145893683,6737.46239768482
-2316.82220862579,-2676.40147478818,6024.44602272727,-3924.87138912907
-2731.10041340746,-6273.43016729424,NaN,NaN
678.519894848538,2851.345008262,-647.678779681843,-7765.67607813833
-3055.94909433947,-2864.88989191735,8351.35455567457,138.072107352054
-816.352561360025,3056.79239638542,398.819447683106,7508.48978103803
-2480.02075525417,-1289.55089907489,1666.67968176816,-7241.27053620744
-874.200134320334,163.756655480094,4638.41298065495,6240.49724238568
3653.97879563147,968.318165436023,7278.0326169696,-6361.26235535538
-6500.51717817865,-3760.85344755908,NaN,NaN
-222.94759834493,2746.90808649193,-2851.93065247259,-7309.21020701809
-2486.30108800815,59.6926986791526,-6340.40003048803,-7027.95438764657
-2490.58159135233,3363.75529820242,2584.819052437,7049.87703830649
2644.30402037385,1700.36929750606,6259.49851888413,5877.00974218403
-2765.04555546492,1184.3709274148,2761.1303949702,-6607.05446955669
1235.57122588659,-7498.46944930676,NaN,NaN
-6.8514282386501,7845.05077700017,NaN,NaN
2710,-157,2430.93765607361,6464.27940730353
1177.59963865096,222.488072657323,-6191.96336263329,-2736.25731313326
1617.35646766072,-2316.6315883431,5571.03668529873,5787.21561324633
-1412.45842218806,2294.23494999864,-6478.4903184484,-6475.58722458631
2887.25865672543,-1836.85129382581,-6817.44854837282,-2223.04134581112
-2196.65243434196,-844.640488695007,-5993.64512918147,-5791.75610452376
3325.0918129874,-1450.06545046821,6129.24399513284,-4954.83609701172
2661.68891792836,1329.15196018134,6378.92442023169,-2722.00637082517
6151.62098414889,7054.13228451358,NaN,NaN
700,2425,-7464,-2052
1212.12542809844,-3839.2345407197,-6121.00447414158,-2391.87987182285
-2585.02776824558,-354.899217526587,5486.34104637345,-6632.38438150007
1547.55551799757,-2207.4399964493,7332.74473989621,-1694.32861564068
-766,-2844,3858.70446441283,-6987.73486593453
3089.7126856661,-1502.14717844246,783.658058958756,7910.80441537901
7123.11397576552,1021.65719764042,NaN,NaN
2222.82225245068,508.688466106343,-8117.89125132492,318.208490182922
-6793.46441821406,-1456.54106466503,NaN,NaN
-2707.44235169081,2511.41195744421,-3389.1363655142,-6499.25059263269
2652.22690995105,1470.8173209737,-4349.85362740142,6727.6188695978
1687.93634796143,2527.53171920686,-7390.81184157371,-4438.09774241728
-4487.11895237304,-50.6706986734331,-5745.56746271799,6047.99667966761
-3392.92719155719,-43.2250367767956,-6382.41309484902,-2074.13517497147
3274.70896819414,-1105.36416412375,1582.07047456594,7173.63610482682
-1216.06316625581,-414.680479495111,6090.33354024723,5800.6276276568
-3376.05148544991,-1831.99243411065,-7370.55117158581,935.704435411458
2303.60666782796,779.051261709853,-2087.98137283087,-6745.8620965032
-4052.83121431671,171.970771577704,-428.885347001366,7707.90613982522
-2582.71911189172,1679.76746121688,-1178.87554859226,-7724.33225584068
-3030.29370726368,-507.052597454848,-6445.49185312553,-2498.2993966688
-2746.6370518479,-35.1588845991549,7590.55414729207,825.433436465895
-4493.02808213481,-6560.5454318387,NaN,NaN
-1606.92022491108,2921.22970865827,2621.22373111896,7039.87665205223
241.907797304106,-3174.3848951521,7848.43132075073,-1888.72977346729
-2000.97069316563,3252.06909206711,3518.85678237777,6246.49034541555
-1131.65796224983,-2499.24923399476,-887.582467133792,-7943.06390121115
-6237.94374932804,2215.55111881596,NaN,NaN
2521.09505348815,-1136.18080844865,7222.23456621745,4179.34346376416
1019.77696352153,-2571.13699278856,-5372.70090320651,6238.13942560141
767.620995224908,-1680.10630733982,-6413.55788039976,3292.55277931686
2377.26008488582,2291.63481124351,-2032.04065689389,-7339.72024169894
-988.144883731758,749.643626292509,6334.17962862574,-2056.89248991753
-1749.92487302483,3156.55083376229,6187.38162211333,4667.73626236057
2352.95698076677,1341.51550366876,-3317.88791092441,-6525.85704374044
969.930498175495,-1547.95003226228,-7146.40031099187,896.053808717118
2807.45657936099,186.570779916197,-2791.88272789681,6819.65638865333
946.198237885463,7831.95962686123,NaN,NaN
-373.772085571887,-8234.19847129302,NaN,NaN
-698.688216909695,2823.2685508534,6794.65776293823,-5848.78603110369
-2035.58246974506,2817.76279918438,1093.77280326599,7655.93161783183
-2031.61894680022,-1508.55353603563,7170.13123506416,-5882.11391389608
-6959.77644838656,6541.73499939839,NaN,NaN
-411.908564814815,-3280.39060105037,-2704.98167005892,-6342.61042861467
2874.05836511357,-1307.26607780706,-2644.8917090463,-7081.69712037751
-3618.09673949371,1832.69490709554,4657.70388589772,6392.01033785014
-1029.16618991037,2766.94041048916,-8150.88813227763,141.712665376176
-1079.23004952455,466.398484766774,7112.90675549797,-1885.99533205965
-2059.34884380239,1516.24947754944,6470.58502978768,3320.97058332189
2691.92726395017,-1886.57001343183,-1329.22813719065,-7609.29038854582
3544.92632788022,554.009835774838,6580.78654932082,-3075.83107928941
993.131230277505,3081.43689915275,1049.27963360822,-7380.32140583818
5145.94203387586,-6076.75506494209,NaN,NaN
2077.00963081873,-3154.40438779057,-5900.68759594867,-7329.80018624969
-7022.09485128431,-5876.76628543253,NaN,NaN
2777.22216388886,3373.9458227725,8015.6056713758,652.542377740389
-2457.76989010407,-934.669206969113,8050.85707019432,-163.214306904706
98.8976934050547,3476.51192926341,19.8090984245385,7274.79366521105
-896.888301824454,2535.23398994955,-6849.62935655195,1677.04388383018
3243.32564070611,-528.545512445826,1961.59571763312,-6324.31244635217
3425.24174660648,229.664753832181,-421.097013129781,-7900.85979085251
2501.76534200665,-1311.51239065839,-5980.82767062717,5167.74312804286
-1488.07459669883,7123.59944635926,NaN,NaN
-3131.74087632802,-2172.62526753975,-6390.28765874324,2956.54612608717
-2260.31735913301,1432.68857741549,6398.54205489298,3802.47967229124
2316.5964151508,-1334.26304580187,4164.62835745988,6452.41396605456
-2751.95684866329,6324.08509305002,NaN,NaN
1391.78083232573,-2149.59096290685,6316.49781551775,5262.53582538556
3411.49920518815,435.950957336824,-70.3168234052025,7507.00929899578
-737.103080087822,-3349.7684280515,6408.65485634576,4185.56992651382
-2628.58129860059,-2814.59598270062,6223.73447641038,-6706.96579366768
766.398131942068,3412.91484366026,6055.30430837278,-2713.31803478214
2577.38580614224,-823.137935646924,819.757216233474,7592.65961538024
772.804175757219,-3100.65037338981,-6614.52769863604,-5970.19810984308
1972.19437754665,1776.69037890686,7025.52600506062,3711.09090191065
-2698.68533525755,1202.09436124694,-3900.90560711091,6243.23245986487
2843.60526860787,-3112.57335600323,-3782.89068937607,-6508.05037316554
-2763.50623334301,1370.16123507543,6716.63027567223,3283.64916502755
5364.03594026573,-3095.23449334491,NaN,NaN
3651,2202,6932.15556331117,-2379.1760931931
2268.67619758841,714.138284806834,-6568.99640300887,-6474.66981819786
-1978.43539803046,3054.86241872518,5996.38180751498,4861.00662293496
3857.8130628197,-516.763046448616,3219.29825245231,-6505.3434760278
-583.668965447809,-2027.08429933999,4438.64807784317,-5955.17624908675
907.919301413207,-2551.41646583504,-429.100918856534,8019.97250512802
236.710551277541,-2655.69279432879,-7322.05244554568,5396.79589963306
-435.349352551745,-3800.04746240082,-7615.08749764837,713.220886145691
-2858.09297702819,571.661637641644,-6849.76921033961,-6287.58571008134
-3868.27289483247,-443.002739402718,-5310.59485476455,5513.95548109372
-772.192511767876,-2751.27677662203,-6957.32894736842,1405.11487616275
-2208.425381703,-2810.50556273205,-6882.01489849078,-6477.93096335568
-462.043113531068,-2596.0175012356,751.340181969553,-7629.06188718395
230.055953192778,-3469.48542996319,6534.52314005642,4688.41987079329
-1620.55269318606,-1969.12927060501,5612.64295214932,6049.94426267219
-3055.44711380003,2789.752188458,-836.375058281773,7214.84153312453
-500.012896736069,759.182758309702,3295.47877607908,-6612.99704702601
1074.05384130982,3101.31469407297,-3655.22183711532,-5995.24349281182
-2549.52831742228,2328.98788190508,-1627.97228747009,-8110.51293838035
193.042800557258,-2538.45557497383,-6073.94017379679,3997.79143095018
-3215.80784553499,-1441.78272296162,-7108.25739647482,2074.73827369423
-990.586384084724,3147.67409152966,-6638.36660986323,-5743.59498133934
-6361.98794591603,6118.6505492045,NaN,NaN
1053.96715805655,-3630.08567513834,-6764.41166454584,-6444.60020517379
-2649.5590248119,559.277862137371,6413.62853296247,3695.1594567899
-335.153189350875,2841.90824089495,-732.821762203246,7500.28513558474
5964,3592,NaN,NaN
-1136.787468071,-2690.23224826389,-4641.99837714241,7109.34697618419
-2022.00193622168,1769.51728871327,-3299.8602509555,-6266.65531735487
1843.99661032061,2521.55869889974,6156.43555692539,-4703.39229160035
-1505.74903527096,2797.29460914884,6001.42240417669,6992.31350518705
1298.49984562466,-6862.11882531098,NaN,NaN
-23.9318401057546,4052.93446270405,7216.49604171203,1017.53164709322
-2994.38282601332,-1358.02778587021,-5028,6932
1219.1869743642,-14.9796591214067,-7151.26358833235,-1470.40383545712
-2779.67117579745,2393.8292652122,-6423.27556369551,-5261.33067467878
2279.70263157895,1785.92918016711,7451.4688842077,4389.85714307298
-3415.44923533975,1859.35253868934,1479.89413968345,7254.27669939844
-1130.65543303116,2087.65582238608,-5050.10083850424,-6908.87455692163
2688.63324711998,1608.38254957933,-2694.47843822328,-5896.03351525444
2562.07733897553,716.047597280107,725.918071982657,7814.8998335732
2534.40452091897,-1235.89688731886,4682.27219820111,5867.35046924096
201.990021233841,-1928.80283394203,-4198.62807758998,5846.55770182771
-2025.5938646088,1026.32618309399,6541.53177819102,3826.61995931695
1531.28183448921,-6900.0833320235,NaN,NaN
-3064.56131319213,2240.43749999393,6217.8492532413,5591.82328412577
2931.70496073902,1192.3442142823,-6917.234395917,2484.3863047018
-783.767885502049,-2046.94492235062,-246.382310538456,7235.70786854417
-2597.68349029882,610.802029110253,-2687.85673840804,-7071.28252884914
2128,1880,745.242301728416,7418.30000642191
-2709.61897880687,-276.402849929314,378.545600363654,-7392.27522365333
-823.96795914944,-2715.81819271382,2977.47489267589,6490.72069687014
-49.6376056706617,-2009.87567829598,4501.59076400619,-6053.07307088121
-2740.63913345337,1146.59887285769,-6171.01177507759,3233.71495480878
-1095.51073555544,3012.27181856868,7289.30040362301,1234.88005542755
-276.426432959166,1246.83247399109,5690.47390618481,-5696.19960036037
213.734977203859,-2836.15090529983,-5173.49818046817,6146.91785030382
932.209826266174,561.594273277517,-4964.32467325806,-5331.93480340892
-2824.36221715706,296.988162454961,6152.26762919173,5316.77245796355
-920.915440933172,-3432.50394076688,-7518.68177603117,-613.653385056975
-2585.40263750736,2048.66595171445,-6827.53264857241,2112.25703426389
1642.82634440805,-2496.18575501024,-7058.94025299951,2189.22687896059
-2420.41999658204,39.0008671268536,5928.83540921707,6134.0685491566
2416.70108794042,3334.9401095264,7151.88180074738,-1647.92239304216
-650.732914980328,2499.76051028433,7455.08463408342,-6400.1397962201
-1324.63367155452,-428.489867403679,5503.20335912419,5829.08383792303
-643.751814949531,3093.74906405692,1153.34833516424,7890.17616323667
71.3805099229778,-1197.93854820316,-2380.74908051132,6644.74014043565
1408.20391160918,-101.906439393939,-6585.94561624876,-3462.51625317928
1431.62744605832,-2630.05629681663,-2336.12964782464,-7107.65708956325
926.681528363909,248.928742833291,-5615.38560319298,-4974.47044815282
-2896.66732528804,2420.44865360699,-7313.90339246743,-1472.47668727228
-2890.34572025403,-1113.36225991835,-5517.4071188417,6516.33030985931
3419.11654379879,-6871.21824281238,NaN,NaN
-433.244101854161,-2841.34803592407,-595.676989900258,7437.25928804617
-748.058331340756,-2956.53331667878,6118.31007267709,5346.34454439245
-6897.86900275635,1028.55108244382,NaN,NaN
2948.83537629363,1454.78462183866,7044.67059076892,-4806.15858327782
2579.89286249749,660.380359457459,-4337.22384575493,-6534.18105486362
-1107.01165722593,-455.512538744056,6220.89913568321,5525.00716975859
1178.039110861,2409.05836832563,1866.99138501408,7172.29783271435
3175.83147441494,201.258090954547,-6242.70624771416,4693.74501135567
3433.1445013896,779.744940931078,-2656.65886353151,-5402.23025875387
-3178.71634504588,-158.700421934637,-7702.88786535807,-529.277728487874
-2736.37162514501,571.701439975707,-2269.58966229645,-6796.35130888291
-6158.00912760607,1237.68351227045,NaN,NaN
2664.76056852033,-811.042902094055,-7366.21173604545,-2512.17791599181
-778.43640486207,3052.66858641159,8353.94903095766,-304.319871471774
-1524.77746078309,-7033.53648179684,NaN,NaN
2553.13258429684,-1229.13889149941,-7580.02991690006,-122.071159273929
-2204.35579035832,-2344.82411156445,6393.08943493172,-3471.42968967945
6849.41132145833,3390.87396900799,NaN,NaN
536.269729228091,-3978.93485870416,-6690,-6912
2876.23329364507,-1852.77704751903,4079.42426961327,6128.66182648577
2883.6435478921,231.995668795168,-5579.14378478978,2206.46908900356
-3977.40283435553,-6657.32706661779,NaN,NaN
-3465.39693624445,-1.1553006313815,-7634.21523316851,419.819208531839
-817.684828177578,2415.43453889645,2299.74849501159,6716.87483801011
-760.943585219309,-2615.1651540758,2788.88706152838,7019.04740684136
2315.74809291295,1354.61385057251,-6733.02506466927,2863.00501952747
2465.85210915167,2616.91868232035,5901.04137077732,5993.53710824179
-359.99993849842,3751.83860533837,6541.28345342743,4830.38718194318
-2563.90470611922,868.124699396885,7918.99435789322,-1373.76805560328
1807.31702593409,1944.07064641528,-7931.20254573948,30.1226056798038
-913.672160749802,3008.92242187343,3224.52913916512,6332.34852156902
949.44868016842,3372.86469604626,7415.08026834798,-858.901314450742
-2335.92960488524,1750.83355650955,-4923.50610703099,-6532.65741932227
3386.17175350645,-468.893398416453,7365.1633059388,-1577.94957041399
1874.61218049297,6974.55798144823,NaN,NaN
-2988.30991591992,257.584570279504,7830.95628291338,-664.270145934353
-2643.05173914783,-588.975639878449,5606.21314222198,-6497.00237779075
2310.40962769264,203.167992167562,6465.41876504551,4998.37621913049
-2241.81766973305,-1183.42885940804,3618.2461317201,6729.41049728508
2633.63428005352,1506.92745475472,-2608,7154
-5502.06992269419,3272.05564305649,NaN,NaN
-3658.7524889469,-980.942535234534,-5383,7165
2974.1615543662,236.511633827437,-7057.98917033451,2710.05755778932
-913.865077920423,686.996761696324,6371.69306057177,-2225.98787226928
356,-3933,-7880.75549980667,-398.218533113929
3031.36131405217,844.709511676207,6418.55395413079,-3853.68964290576
2926.88653523709,973.074122415903,-488.728500852911,-7459.09007158634
1693.26730972809,-3014.01655554846,-6970.16011513596,-5737.52591041871
4241.5798423498,6232.99144859385,NaN,NaN
-3711.8908370186,-1356.32331781912,-6414.90674038025,2906.97344446806
1210.5198519164,2521.017800621,3194.95331324402,-6764.63309637829
-5694.09169803426,3380.55912854062,NaN,NaN
2762.22269937348,-907.634108644851,-7668.74099403892,1618.50534657842
-1438.40097576975,-3186.02650546807,-4805.0149831051,6043.87023200528
-828.929824829102,776.840620231628,5921.36584833263,-3113.4062053738
-1791.72164860435,2318.86939583466,-6667.6231412527,-4203.09951083232
-1270.03737178625,-2859.38136906624,-7004.46368895081,5345.76209270613
1105.62758029142,6323.50382018192,NaN,NaN
-2356.11202734976,-7485.11064741198,NaN,NaN
-2414.41873086557,-524.615724734043,-6671.84851835187,-2887.44240044275
-2039.93724536368,2301.64185799607,7625.29369127623,-741.835795770832
2301.15911414623,-2922.40152491878,-6876.39545283841,-3678.83245525153
-3139.38966843643,183.440433355934,-7290.59271960833,3352.65743959751
846.898612711634,-2646.74222419423,6716.96603015075,-2327.81159187747
2872.86686617715,-1002.65331391114,-4695.47715766451,-6617.26156435773
-2447.90990284931,-7239.26405852136,NaN,NaN
-3072.22706679776,-2096.16924114578,-5553.6835928339,6932.30465754033
3127.45316386551,5706.22779903849,NaN,NaN
-1205.30313960508,-24.1864459945864,7038.85727706155,3393.90752730751
2981.69414215193,-78.4283464700256,4965.88696980158,6611.01561827707
722.44639889716,910.967302594866,-2752.83968381154,-6424.43482386278
-1763.08236697556,-7715.1124991158,NaN,NaN
2503.6720125124,334.201056396823,-3041.07810510726,-6158.71347309357
-2670.94955899265,-6564.61231061088,NaN,NaN
6.67580988485035,2857.55935657386,-7258.11563596707,2591.74314472482
3285.59651401568,3483.38986180423,8000.40907945225,-147.036952486086
6654.7583904309,4466.2870369167,NaN,NaN
-3136.44557140955,-1283.68180687122,-3182.06386068853,7543.31586733465
2012.86519391829,3089.32745297663,6765.14866849977,2699.91834369996
-3003.11895344505,-1027.10659055157,-4235.7641698572,6752.00422663808
2233.81871732427,2399.50447317567,-1472.85407455653,7527.23038637951
2877.09913312235,-776.03995884055,7819.29202688826,-694.778474969161
-495.509817030319,-3250.09786419981,-7107.30212003206,-2330.16646462606
-2583.95083987749,-372.638379988572,6323.54026328958,5109.61200477243
1628.55568558013,-1943.80098918382,-7947.12095147403,219.520536916027
2878.47911856384,-1290.98258559622,-3324.17388333246,-6696.93749949272
-7443.694297942,60.2592029043947,NaN,NaN
-7766.17463864658,-1042.25125007013,NaN,NaN
-2437.25286139744,2640.75512140447,1309.37968449065,7705.19342874982
4234.68422267906,-6762.68895592555,NaN,NaN
-3375.50646637643,1118.19819774442,-6052.78402880467,6947.67742985297
-2405.31896035522,-72.7506611038984,-1290,7371
153,-3558,2931.28789701358,6865.43108557259
3245.39128,-145.686044381558,-7523.3328218161,2587.45938848005
-1940.03559831161,2427.12123010413,-6796.26513233106,-5773.82745409815
781.258861782535,3519.53398977205,7525.99547469275,-1621.18490776847
-1378.98602132321,2434.12631333592,-2870.7704297324,6676.19066508689
-328.686586002786,-2545.09042941867,-3218.52349133797,-6929.622039422
-3306.32494712535,-310.413516395606,1939.86546686346,-7272.81723136744
780.900390625,-1143.24488520131,-5993.02546612412,3662.10484533603
-3134.83955197752,-927.222412214563,-2588.86858903723,7176.72996745813
-1534.05725631359,2917.34942134333,1492.12133502882,7853.65804425466
1006.98911959136,655.641579957135,-6234.38981326088,-5313.55226360665
3410.10818808341,725.035854044941,-4780.07095127925,-7252.69950971778
-1340.05740757507,-2502.21589686054,-1478.02313753012,-7288.67232795199
-1099.67421557724,-619.106382978723,6497.6240722188,2402.39100077579
2967.85910272937,1398.30350499224,-4620.8711550882,-6010.35691445936
211.269335191027,2943.30149805823,447.995213693725,7761.45921337244
-1145.48970661144,-2801.29468398482,-2130.22400630397,7419.74399182199
1152.62508735278,-1812.09093270018,-6357.72738538045,3003.74323933373
-3488.03665735226,-3071.02796513937,-7921.91658130501,603.249669009007
3288.32436496648,884.573150191002,2218.67280564035,-7098.44712536601
1336.04063899153,-258.087326049805,-7363.55851320708,-996.762083169316
2874.6500068025,565.809654822717,2904.55355775994,6534.64342695468
990.36861511284,2738.2172858147,-7457.28648702621,-1706.22492097574
-5674.55320642831,3673.49044682548,NaN,NaN
2368.89042082866,2219.93644887238,1087.3974609375,-7764.22139530566
-1971.84386481296,-3336.97036768263,-7384.79683662924,-557.270635970761
-6082.68735685927,-7102.44440728396,NaN,NaN
7008.01869821586,4114.16767383755,-577.648900741186,-990.403154519888
2026.76547716388,-2701.75596520209,1845.61479230255,-7257.40805505225
589.505676269531,-1054.84384911854,-6269.89413656489,5191.20362646092
-230.705880967785,3942.16749057467,3837.0312606575,-6816.00678371258
1309.70540570917,-3001.44235210391,-4604.08701492981,-7057.00395159233
-2605.30373686526,-918.818697135343,1260.02676466702,7496.51833825805
-147.647162105021,7481.79559033607,NaN,NaN
2451.25762816535,-2234.56169696781,6408.00692962821,-6919.91664214412
3036.40877382952,-934.202270507812,1335.58111682279,-7285.17411965896
-381.313659129423,-2678.43205867814,3140.2094784785,-6500.87072932102
-89.3678501542031,3234.73156401945,-2092.55994269647,6925.32740972337
-446.572798635445,-2455.65715000807,2652.72172808132,-6510.7149537674
-2555.00829823538,-2507.93937791797,7037.74153551388,-6256.81735113772
525.847873455096,-2754.56483363647,3422.48915815353,-6347.75149198644
475.982708016541,-2091.93976188271,808.582153585573,7853.32485374978
-1598.37472361284,-2410.62294112614,-4908.07157390166,-6811.8457863075
-3001.9093504735,1746.92320110891,531.958095049405,7529.491489754
1594.19389387593,-2413.17515641112,6613.87431039726,4811.58086026611
1437.72107831666,2006.42861527642,3250.29151200198,-6618.53782319841
-1551.3684981663,-1601.06889299329,4421.89515704841,-7080.78475119863
3161.64565695737,-1561.6859281654,-5310.55379525035,-6082.9853635075
-4984.80049220497,-5633.56794024706,NaN,NaN
520.477360984896,-2524.59670209711,5403.08591502457,6139.92850818158
-2893.34667942591,-410.04296875,339.981644499088,-7875.86661503757
-355.103873730247,2830.15280011894,2066.99871778322,7163.14960713056
-1441.90805954661,-2104.93851087971,-5031.80218376504,-7142.37375277097
411.629734491523,2855.57706796834,-6731.81154499224,-1953.20206130662
-3256.10260889777,-2068.30960955652,-6628.03947741329,3104.87476997889
2588.39116768406,713.090617812987,-3125.71596369461,6484.97223230299
-1162.35520831791,-637.998771498771,4839.77847018477,6274.45410750139
902.226300691893,2669.73280051435,-7515.37834856383,609.053347255538
-2573.73980298156,218.657676455122,-2928.95168054283,-6456.97610879126
589.915869284634,1063.74415182837,-1970.29342120279,-6942.98909910151
7307.86425561459,4086.93443043836,NaN,NaN
5.72538241753801,2766.98740816842,7225.38923486824,-1743.58925913079
-2389.37869210829,2208.46244517544,6902.62970395184,-2825.21670758498
7066.73989606316,-1249.93883250107,NaN,NaN
2318.7372642321,-380.78303668215,6639.65233367772,6946.91971205511
2829.90074899533,350.327996808856,-6525.50244941778,-4297.91312058558
6346.32401433694,-2643.04358920018,NaN,NaN
-848.019467570609,1730.1628628339,7355.07082778609,-1989.8516633683
1416.70228155311,-2550.83519345737,167.817599155482,7767.5280006313
2607.83334867032,-1880.15625,-7331.5040321427,-889.8039219098
5944.15338896124,-3163.72199634078,NaN,NaN
3860.73310916687,767.513988364351,5545.34412025851,-6735.15775477186
-816.705335435256,-2772.37461104004,6425.97291351469,3679.55914848851
2996.82503103004,-1851.3733718542,-3185,-6196
-2379.13361738999,667.6887519659,5704,6052
-3002.92137480016,2235.87307723824,2613.84822189362,6864.83350470388
2463.5439632234,2470.43594975448,-6262.88185599571,5357.98516457727
-2586.24159984726,-286.536153503725,-563.342230627223,-7022.2875520467
808.852473736293,3345.45379660398,8051.88569558617,-318.424064041127
1237.54702563507,1708.17015362929,5452.20739649975,-6774.6116055329
-2639.35149422393,-2173.74722742794,-7209.18731899529,-2133.01941772868
6546.97039192851,3081.44741284634,NaN,NaN
-1326.16136410362,-2224.16191900468,2406.11700710658,6889.58181958834
3020.69724553324,-1220.56812888199,8057.68436945859,340.201358037157
2317.05863035982,-1772.58324466061,-8181.60466200273,720.890207212179
1950.17141492802,-2374.28121019035,-7168.85411887223,-3509.99144525638
447.47400990099,2762.74874298013,-6194.52999549159,3014.0387696419
-1751.3491471803,-2078.27169612384,6463.14364209996,-5097.94564739987
1371.99760830843,-2242.49246753252,3921.48856874161,-6760.45812771123
-1089.15434626036,3715.81327350689,4144.00900510774,6392.53199252432
-2671.65619551139,-1472.37776277622,-7603.38612511293,756.030941140838
-2800.22081537356,344.279235167157,-6929.62814340068,-6125.11793377674
526.73598809086,2910.80324232132,7237.45155060949,4130.81433854658
2516.46020552504,-2053.02780085025,3854.06233698885,-6465.98195007905
-1795.10202653359,2230.27439446367,8071.83279545028,-380.607857417825
2784.14785456484,-1411.90106924644,-5562.90023882455,-6375.73022794247
952.925599426859,505.93771029935,-6350.74622879758,-4327.44473600009
-3014.24789164017,1830.09402748271,1966.23839924956,7286.09616664868
3171.20516837178,1157.64996894943,6793.13908436414,-4028.94955136269
-5500.31874464452,7169.0715487667,NaN,NaN
-6397.24162026375,2139.82178474378,NaN,NaN
-2114.28798345234,-3039.55672680368,-8034.41803907617,841.839412751879
-3664.67964141503,-1474.8579644413,-6835.25133532344,4868.42169290714
119.663634124144,-1213.98570662682,-3505.9663912328,6704.43757308572
-3160.71538364566,801.134365173859,-1981.50105767493,-7602.86803745579
312.419687584186,1380.37032642291,6490.5191529032,-2662.42001022396
-1568.6301070601,-2765.31836962808,7223.37473639019,-1761.89338051052
1463.94715844984,6698.77572964194,NaN,NaN
-2388.02726971993,43.2608159969749,-6830.64101438299,-5766.21307412797
-2541.03418106488,-271.869134216231,6942.01038264174,-6748.23184773522
-2882.3235793285,-1534.92342494462,-6919.33818133389,4620.46397816594
3854.53585171282,863.972471568239,1826.44617300147,-7234.82970575283
-101.469299316406,2760.51265947534,-366.118589172687,7601.91943606094
-1231.06982991933,2734.98101488681,-7545.32615125664,596.753630180902
2742.98453470359,827.663801622616,3287.98744927056,6080.23998793027
2624.19113241559,-2754.35742820378,-7182.58571023621,-5228.36033851002
349.313770247375,-2340.0779481049,6853.51302084975,4820.65482179828
-2185.68974884049,-7036.09534296826,NaN,NaN
2363.36575952359,1464.03931902729,5502.8643328113,5598.98058221191
755.074716526169,-3228.06698844975,-6665.7353881967,-2748.03951939063
-1015.6791598292,2262.95211274489,-6721.68972931478,-5783.59738619501
2018.64839403394,-7019.03990982864,NaN,NaN
1082.90947966547,-2679.18383492405,6355.51085740212,-5603.62561954417
2367.02619434541,-2884.7683121641,-6326.43635477173,-4559.20544125113
-1113.51166799797,2104.63558568017,3636.4485830961,-6463.13554273641
-1680.82318549972,2428.75554418035,2589.99973349851,6819.41531403932
2579.54527770749,539.001356033613,-7674.01485542124,-962.858611330157
1273.44574333442,-1840.62507150063,-4954.70254569665,7208.08819156022
-2289.49972788493,2450.37489067485,-7318.151480417,-1633.98964961748
-3034.17947088704,-1123.11394245438,-7069,2748
-2135.10373349104,-1583.96923221679,-4178.4687190057,7363.89338121384
38.6475830078125,2886.6883593291,-6749.53167211211,-4932.53086087988
343.120734916108,1217.32629581736,-300.043226332231,-7564.62208157571
1907.87367252054,2510.0016190726,2852.60747095296,6685.62840368964
-1038.0716844134,-2416.53536146753,7612.7681343313,-663.890813800352
4987.29291842661,-7015.26157120904,NaN,NaN
-7119.45154213881,5163.70451876012,NaN,NaN
-2076.97342786502,-492.183110764535,5380.66018543214,-6775.3858823101
-4945.5184663324,-7050.41895936878,NaN,NaN
862.415261501662,-3034.54822526155,-2442.45190154382,-6791.21495427446
5939.76354915016,-6353.85978706396,NaN,NaN
-2315.5529030831,-2481.25087678279,-6548.62273102287,3629.9716125933
-620.822034398273,2593.60182963092,-6427.13494954372,-6939.99800546118
-3166.14398147598,359.077453613281,-6954.84978841146,6101.26263615276
-5144.13677029231,-6222.87692962179,NaN,NaN
-1747.98787801291,2720.83214047936,-1291.82120920038,7088.85711857618
-730.124906314623,2600.90228431966,-7300.71980647999,-3946.5252383711
891.250279941531,2465.82168232686,388.012481324701,-8152.89414178518
1271.19283575118,-2154.22423933162,-6376.41558930068,2859.15807719014
-3521.51816299587,-699.055595001096,-7494.00876878398,1908.61757547702
-1913.18370150348,2189.86185715555,-7157.91831403794,-1138.06624266799
3151.24010727948,724.777062057922,-2800.11164341222,6843.25648437598
-716.614041999862,-1938.26931258499,7640.07776261937,-1020.11559258694
-1685.27818312113,-3234.41768298802,-2760.38494133562,-6860.97295193988
-3500,577,151.983864999485,-7848.09616964297
2895.99413524441,511.52948475932,-4759,6756.78436665173
-1934.03725030308,1525.13656742014,7191.17715705721,1778.74443839974
2391.49903983888,-2927.8679001489,-5573.68665139722,-6069.20886278168
-1153.51028425988,-3218.77070241576,-6841.83234496971,-2636.67590219834
4871.26412589784,-6443.07315899385,NaN,NaN
-3112.4778550824,2409.11610544045,6530.5129627527,4593.07575078929
-1905.68306986129,2403.29234247622,2720.84158924497,-6882.81976873409
3291.29065993974,790.196904797023,-5127.71995646598,6231.41956216169
851.154031883274,-2444.10394573495,2797.96121548148,6304.21312474604
3244.59604332095,3088.17544873374,6893.25551208634,-3487.0628741655
-2445.39243677106,-7065.99533409773,NaN,NaN
2657.92987445579,-1569.52698405946,-2472.00195469367,-7161.37393585801
1015.98165137615,-7147.02475887906,NaN,NaN
-1532.15756519331,-2919.26692488387,5824.16577479467,5997.18985576861
-2671.90581294913,1715.78604960219,2275.69679816822,6837.90130793539
-323.808326276761,-1171.78709918886,-955.508568703416,6720.57775735457
-2368.66787517772,-2254.53609757285,7366.21188730234,467.655229121104
-405.218615846237,-2571.61489875353,-6894.23390997534,3422.0171039463
-2462.38800262437,1572.95939509074,-7134.37254607587,-2093.39024544534
1121.53028726137,195.627383533649,-6830.62094907587,-2883.21198522936
-2372.24120032659,2751.71662663254,-2077.32410444138,6613.00626361382
1625.61497152514,-2881.37066523511,-6294.85721228462,-6161.84848206705
-652.754450369792,3004.4693346785,-6633.66764742686,-6235.09368256142
649.267025036183,883.59497833252,-4317.48080992378,-6307.15387686528
1406.39105779474,2858.65992348135,6382.10678532397,-6708.1763312066
2441.43975170511,-2747.36778931836,-795.322317452577,-7855.99036133009
-822.731168348062,2946.54316374951,151.737018841644,-7965.5238472427
210.902385528075,3553.06046117655,2532.01916991651,6378.35638258536
3225.81194989778,1289.17010901585,6669.00773899302,-3626.78033342483
-1188.31383451957,-2857.38263555419,-7185.1954673304,-4541.93100043053
2338.14488446591,-2674.66370587341,6373.26788150769,-4764.8845803002
-3620.52945494787,476.121815121006,423.645894912119,7512.34018388118
-3615.42449750067,-903.941068569904,-3344.85375524659,6716.82646529114
-1359.93267974731,2535.93223140496,4240.25516092853,-6520.89897896797
2500.39867811591,-750.749067844673,-618.000734455361,7885.55534307417
-2728.62049180537,2109.87299817606,-2715.61613412921,6256.44535121726
-1101.52054157628,-2969.44338426332,6347.36483616505,-2561.45849600222
-2857.67205097684,1265.88417565652,-2335.2957298908,-6661.1312436125
1292.00444978399,2764.94289918413,-6586.15597949369,3756.15550660316
2835,-648,-3022.32866861332,6685.56440695531
-2556.86478926059,2112.59136506845,7779.44175448079,98.3960975646973
2884.30741773546,-640.202301025391,8006.32843259254,344.357306940092
1867.5633876883,-2151.78482176988,6769.15621442171,5732.87473170372
2487.45279596502,448.392546052634,-6957.61157979188,4294.51257489934
-1526.93132084706,-3632.653390565,-8011.96888564939,630.038238615081
-105.704988470808,2839.70738649764,441.598397465075,-7528.80563412297
-2397.19251244396,1344.9902220209,45.4756075585852,-8178.84747643112
2537,-2440,1771.6794845554,-6918.43864232322
-1166.18992732121,-2909.59685041911,7121.82882897318,1491.41647885792
-2319.29078310951,1120.71839343928,-6289.38678121634,2908.8342176211
7288.89517798188,6413.89756757732,NaN,NaN
1075.33050965784,-627.124931839527,-7059.59977110239,2490.51558204588
3595.24933512191,1035.57331080155,801.594109509553,-7558.89992077037
991.878192659266,2799.08693050958,585.502939807154,-7786.48074239072
2367.44286040404,-1687.58233890018,-7867.82235957999,2183.54331878842
-5210.13831140193,-6924.51981342,NaN,NaN
2364.02183868094,2804.80669306775,6822.4579002186,-6585.61134135622
-3376.33964404972,-593.775493915265,-7332.96149610883,6859.15714292634
3134.24323935079,647.175567796477,-6908.56014258958,5874.53881805928
-169.299350142789,-7481.90716358123,NaN,NaN
-7073.91165849808,-2668.49065198351,NaN,NaN
-3044.84991016745,1418.48376464844,7911.30934107875,-22.8676174313318
-23.0777032881821,3487.93604019735,7655.49639543708,1418.82680675791
1732,-2759,-7400.39935744617,-898.531235773518
-3410.24932389084,-2253.21761695328,-6929.10245357082,2964.05424474745
-306.19649864015,-1179.56334481995,239.285405993756,7894.62133918202
-2960.62022822739,6599.94290992846,NaN,NaN
-3187.18389080809,1058.24812533631,1257.73677822511,7432.73798069718
6918.75394449445,3863.15516998785,NaN,NaN
-1904.8530476888,-2849.77534956996,-6843.74290860531,3266.93718893835
-5755.0866401812,4640.37225345384,NaN,NaN
-1743.51397257438,-2581.49660813039,3292.06725461241,-6803.67503710125
2704.58092090331,-2164.0614606236,144.24626690131,7504.26722304826
1863.13721083372,3171.77939278901,-7902.63006133399,1261.60607821788
6158.62877378765,3137.40799992991,NaN,NaN
-1045.6231172521,2684.31567335428,-2320.22925789224,-7332.5342574618
2284.82902904934,1330.2773218039,-2248.0809660352,6878.46108748816
5361.64524695167,-6598.54472717882,NaN,NaN
-2451.91080940518,1544.20348704619,-2420.61653991687,6869.80531346123
-2486.33374066474,2239.77937441977,5255.8124445865,-6565.36592026494
94.8067464907307,-2718.2603983089,7538.78724214041,-978.612611941551
-2686.47404465195,1784.02964029948,7610.69053241983,-1986.96270184189
-2891.30154226083,-294.005518147453,7175.22077553089,-6091.80301421238
-995.729723228039,2077.69585340017,-7238.59887588443,1768.21771891497
6558.75126068661,4127.95335962512,NaN,NaN
-3545.85622517837,31.4166145043426,-4005.77646725481,6698.64960996814
-295.360344180722,-1244.7897630545,-2061.75032045687,7210.45127510914
1864.95426351789,3243.58160377226,7906.84065138566,-1220.53438024095
-2355.93493956272,-1727.67576412223,-6934.41204169,-3383.4896314405
-7501.91354554614,1036.10200511833,NaN,NaN
1758.40490913391,1800.4132958977,-4222.18364745184,6478.75685662458
-3577.19442157381,-1028.46587846353,-6507.85349922926,3390.67455178067
-2770.70404607599,-2478.44257848252,-1936.83226371123,-7355.86007135517
4561.70726248746,6604.25930964524,NaN,NaN
-1709.33248717209,-3591.57087028192,-7464.49554751703,2299.82786256019
-1969.91692485571,1317.42069892473,6600.10225641041,5899.58431891543
-367.994609057419,-2690.16771884046,6941.70688094367,-2806.74696780177
-1770.6133701077,-2257.63226828942,525.215598728346,-7382.37608604321
2015.33138049036,1473.36203031318,-1612.76407695167,7291.27298706392
2553.04125185114,101.599653240137,-940.021507377906,-7322.83141827031
426.015464782715,2650.70550818813,-6626.95190123294,-2885.56372977199
1412.45134143902,6904.8567757327,NaN,NaN
156.599077524411,-3215.44085237098,-7118.40540830013,5189.99897581019
3353.13907077903,498.656652645189,1288.94495744832,-7620.02524975656
-2587.207148114,617.022918701172,-7667.31719235196,445.327517683561
6416.18022785754,3640.25654022455,NaN,NaN
3293.8116701658,414.48785109747,8060.09348475868,-816.68531154659
3174.47258625908,-517.369150779896,7046.0116047828,-2881.39864074529
-2658.10098382631,903.449120615043,6112.71513458235,-5991.23173006342
-5006.49381288211,6310.08459958157,NaN,NaN
2136.32236844638,-540.073399558499,6247.17236494764,4809.64304826066
-685.752103996317,2984.89284612847,-3479.9459974893,-6660.05580050039
3595.51866021361,788.310520068449,2823.35894575411,-6480.29917216836
2924.65981494568,-2008.59780375612,-4267.55651152124,-5861.19996792833
546.473933181322,2822.94744515876,4046.5538589543,-6645.81364142755
89.5584249368571,2965.4604639364,2141.1738979777,-7183.4674526314
-2397.87580297857,-739.865961989464,-7185.35835513075,-2146.59272469922
-1917.67612973427,1896.78707372522,7210.1821289722,100.143330880452
-3076.70083357728,-882.54528984726,-5038.95368258644,6575.90996647211
2437.64422955414,-1955.75839123631,-3023.38084782433,-6736.65293695935
666.177046519385,-3189.30331161437,-7139.61861383158,-1612.02394454946
440.284729205383,7381.75696888818,NaN,NaN
3476.41152901382,661.467693345324,7835.90688927435,-544.536389019435
-2167.75299340322,1462.04234298942,5614.87656273002,6459.93989240364
-1865.85632952889,-2809.1621254128,8136.39541121935,-749.950691287377
466.60717394087,108.370811462402,2727.19583433656,6726.01825568579
-616.099336368521,3736.30536619483,3036.13179459731,6628.51510237571
1678.71093883157,-3043.76611179259,-2869.32170631818,-6317.43069249886
2340.58797441247,1771.79317300853,-6713.2516764656,5253.52065279058
50.5051146280881,-3017.45075545448,3046.90762065069,6352.26551181435
-1041.36929614518,4006.97536497545,6035.15245604988,7133.72749770129
-3513.90770268725,761.682106018066,-1242.02087761374,7685.7095859498
2867.43216960685,1679.01162787485,7766.7906756072,-1448.4161913298
-4604.76020786321,6590.32299902101,NaN,NaN
-2790.85556776627,1693.17843675115,6823.88770349728,2717.83256131939
2739.58673296991,240.267153772221,-8008.50271163986,926.482469576596
-876.000368529631,-432.025390625,6408.15647283489,6347.06598947337
-6836.00375174283,6238.79626110381,NaN,NaN
-1530.33595183958,-3441.40970667908,-7471.327401706,832.303064508214
-2799.93517244167,1870.33495744045,2336.31868691769,7176.87095092389
2187.39324649018,2095.29829052589,-1366.51543410289,-7742.2819547782
-795.649954585706,-2331.11380581679,6398.1991043379,-3289.18352122499
-3611.311071581,185.354483913368,-6942.31255923533,2064.07395952329
-1580.71517130084,-2622.05785030853,7548.43670615515,52.3691594930108
2524.53076080424,-1017.8705291748,-7211.28360561626,-1131.25999419741
-885.409174182638,7260.46348402214,NaN,NaN
-2696.64774867481,1847.34771577709,-7614.17061528989,1971.29734848566
2123.95231315062,-1400.06730769231,4367.10035970335,6951.27403173122
543.070039349107,-3363.32233555786,-6393.69479287355,-4598.62047220699
5928.3986846909,-6713.08276749283,NaN,NaN
-331.566134387315,2793.60283514599,-7153.19938968999,5335.58920292882
6471.87861103841,-2334.95605320101,NaN,NaN
-3085.45536482847,6901.30193184152,NaN,NaN
2296.26696090957,-1346.00890508027,3357.25283662471,6415.10755188635
-4380.81252739414,188.701682295566,-5936.24194404215,5510.27088316847
794.34655292436,-2689.16324032105,7386.47022106974,-1260.26379889388
-3643.54137534615,-5686.46800256465,NaN,NaN
771.013853106225,-3720.84059799899,-6376.99860241766,-5434.76044674245
2557.87023893888,1130.41422237392,-6977.29671306783,1612.5109746187
1086.22074961089,-2940.98159643121,7182.53490668441,6893.37910899654
6764.01662769259,2167.86601978058,NaN,NaN
-229.597462315845,2860.57539959886,-7299.3615928728,6020.53996179929
-2764.17405537802,858.630609095542,7816.58940746047,-288.176010872266
2571.50764725049,546.153640084427,-7417.54931914864,-2001.0407691736
7589.21171310106,184.566129183417,NaN,NaN
-976.508005855025,-725.447277166139,4278.0797426213,6134.35832223853
3129.9763277494,-217.715245448165,7845.35049280521,-683.996172955991
-1634.71699791273,7200.89970273611,NaN,NaN
-3004.90150143241,-285.853158755898,6666.70477426541,-3437.4774353758
-2762.62842194494,-570.706581607942,-1065.15003239233,-7411.32252172099
2913.53002694658,-179.579328684055,-3004,-6263
-2779.73268027098,-6841.12346316202,NaN,NaN
965.984360832254,2286.87867716557,-6892.44466820515,4076.65378093512
-2135.0580986584,2323.4448981144,-5975.25454022497,6050.36426472832
-2378.35488400836,-2579.07879180501,-7592.24062130317,-250.121609322953
-3251.31968045328,2671.56050816978,2710.40669030204,6699.17482245634
-2151.26605504587,-3347.60090593166,-6821.91513982356,2166.84572671381
2340.68104467859,-1754.72492793897,-288.162359471027,7655.90707449446
-6187.05760850025,-3238.62868260458,NaN,NaN
2631.5331575782,902.711075411341,6690.69186860864,3507.1402949466
-1871.55946088795,-1473.10177677197,1825.12056813921,7575.85285012428
2770,-1718,6546.36824757356,5264.31685759461
-5868.13680061253,3191.92201774246,NaN,NaN
-6335.96757896787,-5560.40429970972,NaN,NaN
-2540.80304998571,1259.83537383607,2875.47620097031,-7119.18863655935
2749.71748107425,-2629.27515659449,-7245.42949076919,-3856.54923054556
5472.06797483387,-6635.17495018743,NaN,NaN
-795.736107349472,2920.77505469675,-1263.95293101838,-7525.18129408027
-1782.62382084286,-3419.79691442467,-7082.58968157717,1771.72627263753
1212.95627467285,-3306.47712292298,-3773.12907134238,-6289.22604963584
-985.08671611723,6808.9818812575,NaN,NaN
-511.503634856807,-2708.13210199936,5429.39619379398,-7085.82531705452
2697.74564409477,-771.165563751221,3177.38767728034,6389.39929609743
-3273.76205985915,-345.846313477102,-5181.05308581,6755.06923677095
7556.38550248467,681.527022463729,NaN,NaN
-3021.45002394456,-2741.09122946361,-5318.06663349623,6327.92228832886
3842.28879522595,1571.07856100093,8019.12840394084,-1118.02870767122
2211.52669655988,-1079.64655172414,-6328.05475229994,3077.3956409675
2359.23716761624,527.341271032314,-5166.42893624813,7146.48166379354
1118.46247861523,2173.39200806778,2215.99906958067,-6324.49563050421
1154.25315325362,-2021.87135889421,-3171.90606010844,7403.21345679374
-2867.88462785549,913.061500549316,6130.70858546238,-3914.95557000249
181.011298723118,-1080.5907764303,-5196.44151037254,6039.46932448775
3078.39928309017,-2785.04912431448,-2333.64990960514,-7096.82971646827
-2519.822148174,-1002.1752482249,-7622.7669330468,-3401.85243806137
515.567434512868,2725.89738825049,-7297.65846531981,-4801.87620962771
7822.0339579106,18.9308639985824,NaN,NaN
3215.99355206313,705.860836449985,2390.09495403111,-7215.9986834933
-2353.36886705537,350.281653386382,7899.11306613616,99.0481871710995
272.51011588811,-3128.66295425674,6609.95481493198,-3423.55711171771
-5001.33240103233,-5452.01995501311,NaN,NaN
1790.73491133478,284.708776847404,-6479.25407356507,-3246.49760129845
2756.28362762794,1558.45586359687,7833.08081734387,-168.0793079653
-6583.09799084679,-4231.36199505269,NaN,NaN
5980.49991046434,2767.23730165282,NaN,NaN
-2605.65229753676,-1604.61126343321,6103.26149339668,-6981.83808468899
346.366429924242,-1988.16372850288,5185.83471226813,-6684.68347144338
2775.86457150965,-557.267441860465,-3535.30451870451,6928.30303728711
-2402.53185694364,1467.1464276995,-7136.59206737171,6859.74887919822
-1373.97340442738,3245.58320688632,6759.92559597591,1804.71112882174
-2662.90333501889,17.6789021846496,7480.22475154011,1173.28948065713
-2859.9963066754,-133.715106158491,6306.05875115349,-6939.22370371411
485.156025026448,1071.72800654025,-590.103535444602,-7845.66655572158
-2205.91597113245,-2114.5420658282,965.870304155953,7079.68352104888
277,3132,7422.50976334331,-6175.90102432562
2307.19945569828,-2083.55748206898,6457.6979566214,2818.64730811665
-2900.58614925719,906.855527821935,-7154.85153088624,2681.41348598192
6973.81976145896,-1002.97703684676,NaN,NaN
-2739.75591923954,-1151.16585048689,-7655.33525870674,-1002.67617215624
-2221.27842143192,1957.07943859888,7385.02209286457,4689.36696740662
2774.39394016433,776.131408014634,-6722.94058826266,-4997.76733269773
-369.318332681782,-1808.92770088135,-1508.57171124674,6735.36727739523
1100.81261419437,-2761.99109946883,3171.62648552497,6438.88052805132
-749.51610566229,2616.71145438514,-7247.09357375776,-1807.42621292579
3959.5612893262,421.151601017961,4054.38216450378,-6457.90327528444
7538.92568366381,-880.406384110187,NaN,NaN
2250.94566188445,-2368.53345316184,6970.14462015978,5201.00359776736
3261.2658036774,-276.810090643591,6961.81689218542,-2863.18655592056
-2783.64017193811,-993.603292173568,7428.77445964478,993.740282007166
6661.36868323979,-1516.22148009159,NaN,NaN
349.372242721785,-2938.19653752092,-3591.0127934134,6712.40617126541
4448.33930974566,6650.91308937209,NaN,NaN
2467.10195367986,-3105.25280192413,-4282.14164748279,-6981.50222356938
-2412.69097106168,2781.18041732631,-6480.40368668179,-6735.78837803432
6953.2854063043,-4202.72993301677,-837.327821787522,1614.51558760257
6571.98563964545,5900.21750317119,-1677.84379028127,-318.355838260135
2969.59240953642,1714.3507113696,5046.94888055249,-7345.11086644185
-3478.58970103009,114.425659536358,-7221.37561944303,2459.51491323433
2992.00667504795,1713.47249753281,2021.44582956798,-6932.09747307324
6208.85254274116,-2241.51343687676,NaN,NaN
1733.23387944541,-1425.87646759642,-6562.08572788997,3664.61872049672
1082.54860229492,3915.90156008814,8051.08774772788,-14.0952784787979
-1952.15366644921,2132.88660002939,-6588.34362912199,2997.94903106625
-2194.90886658066,2166.43740634903,301.791796701028,-8283.29352930395
-1462.68355942899,-2998.4892947902,-4179.97407261807,6153.00018059793
-3877.32320886165,1850.17097166408,6084.42750820236,6886.6475449204
-2726.482434255,377.702509794587,-6857.82524757057,-2966.29607599126
-985.589569741107,-2841.22679339632,7748.30007285319,-1397.23153057456
-3022.55533165374,3520.21221747185,6565.83869174712,1860.69738250329
2079.45245093526,-3157.21332994791,-5626.85395075743,-5690.04354579827
-1456.12287306665,3427.33829960117,755.084386769701,7761.41318607454
-1513.28994645307,2934.19793342393,3485.0539951727,6376.42650759623
2869.92909679591,-6775.27619010201,NaN,NaN
2710.306999394,1302.74204912735,-6875.63009049774,2524.66965136785
3294,-2772,7104.43412640274,-4804.75923539597
1103.03854853129,2486.00444258246,-2902.57366813231,-6454.08382349252
1060.93449361177,-2205.30600901071,6616.76879169913,-3535.04265144071
-2524.08765386501,7073.66507943399,NaN,NaN
-2920.25680824156,7048.18350852259,NaN,NaN
-1799.0572043055,-2368.03534403827,-125.498587972675,-8042.05103166677
1738.43663426216,2341.08966887068,-721.724677252663,7832.41936650573
-6165.31331941219,2659.39683629256,NaN,NaN
-1903.40535930052,-2692.88332555294,6955.1514170739,1647.18147239929
-2981.8520110558,1404.06275142323,3735.78802368254,-7042.91048062751
42.3427932326858,-3172.43710801121,7723.59596847236,-6711.17291214195
-2884.29554449927,2124.82281642537,3152.7054094434,-6295.69568111666
-381.505073341163,4154.66302732127,7463.65189420263,1222.02749354553
-222.345459106874,-4229.39540480009,-6791.78469841707,-2668.47344932897
-2361.83518900453,-849.738858961409,7077.28082301328,-5471.40176812437
-432.762987012987,2378.69133017295,-6291.00228040901,2624.62121384897
-2837.46219044146,-1220.14524852282,-2658.16619864414,7107.88246438761
965.350954996598,941.929231651707,-3039.90853642697,-7102.7674927122
-1084.76010280432,-2579.98285234669,7655.37994043787,935.591983316796
215.450732273611,3004.34998772307,2273.39453932116,-6927.74328459739
-640.773647210537,1148.00854451154,5556.3836650122,-3217.22534538944
823.408887177657,-3943.14411586522,-7509.63569554389,-749.672047132746
3600.75727229327,6732.88763335478,-1501.82720387943,-973.779556898797
-2238.89674998138,-1999.76515791125,3474.65790343464,6557.42993796192
-6992.8049875082,-1321.99013213687,NaN,NaN
-3116.56563885969,987.859437156104,-562.307140531994,7796.42951180939
-5893.92566062109,6621.29605012564,380.324349159418,-1864.46045570477
3774.73801169914,760.269907884086,3066.90139433435,-6608.19941453563
1068.85360051178,2735.45261305171,7014.55518068221,-2534.76210937482
-1561.25277688511,-2775.41919748759,-3122.81480819744,-6829.02824466245
-859.856808328088,784.517693377728,7030.82439048854,-55.6631640877714
-1309.39726720961,-2893.75318678208,7531.58804029747,-1207.62982104862
831.555717025503,-3730.62178075592,-2280.23833795547,-6776.3708891485
-2767.35033669635,976.310895826639,-4053.47831147998,-5933.62402290444
578.958092322716,-2638.98555518482,1284.64593422115,-7061.77974955826
53.7377603409082,2600.81451002331,-3008.82678859529,-6167.70679741213
1551.3885402363,-1951.17444122436,-8093.87115936768,-582.355997434804
3378.32532149666,208.039523198128,6847.75436046358,1933.92849532518
-6370.64742149709,-5990.81475395891,1698.17596976411,580.989290851767
802.173692375163,-2250.83210347531,6351.96363372764,4251.13602213547
-3843,-1423,-6761.86342487073,3671.12241153325
619.92074984922,3307.67047809844,-7947.31996241156,275.904701806441
542.120447639644,-2544.44337783698,-5616.80619003412,6266.23296431492
3219.35272877058,-448.443859478408,-760.991534782692,-6971.97892319367
-2854.83043504829,-139.915996349008,6220.19624518377,-7011.00096509195
-2465.32996111751,-2861.81429702564,-7794.98428716978,882.357890794498
2204.17360895244,2170.14316680464,4080.03154313509,6798.14913778225
-5912.74081682935,-3192.44310735046,NaN,NaN
-432.076091982427,1411.63818700512,6006.65585229232,-6546.08123732441
-2382.00731465813,1559.37053581678,-6903.54835867345,-1825.31210472966
1052.44431992071,2457.35148810846,-7129.13713232565,-2286.71848833891
-467.549239091671,959.162986744177,6628.07030461217,-5823.61942166363
-1236.84876756277,-553.434997558594,5415.59404883964,6423.08192236084
1301.41304761687,3081.55394007166,-6301.13830009473,2742.07770431914
-641.148944997082,2591.26767985843,3147.58428245569,-7264.04207613281
3151.93523372335,1004.71367053999,6369.654189652,-2389.92269533912
-7130.02409957009,-2116.15849916954,NaN,NaN
-2765.05823572168,-1460.88129552092,-7230.33921515859,2332.80899737659
-6790.42873128401,3560.58662572587,NaN,NaN
2989.68920699949,-48.9128651207699,3775.72631837385,6496.2698321133
-6695.63671388629,4539.45659810777,NaN,NaN
3105.14286510126,-1964.2499851117,-7194.19470885596,1143.74094937741
3140.25903788389,-3527.14606293863,-4818.51391849533,-6714.18601261809
2412.93722064773,-1129.90565809338,-7558.04706377228,2482.7467569926
2662,-1492,-6370.98172974232,6616.47125670244
-2770.18092298504,1151.3895726975,6330.91123166843,5127.73881673022
-4170.13855873982,6754.58764909146,NaN,NaN
2528.0653055675,1963.91361680314,5881.06479594063,-6396.33183359597
2853.93653024511,-582.04418361244,6629.1836128175,-3077.61020006424
-2908.10952307076,-6530.56890279565,NaN,NaN
-2849.0782842677,-3061.54639331494,-5097.66273896328,6632.06210635217
6591.87572639973,-3985.19110880316,NaN,NaN
-84.7350540161133,3389.65364915074,1942.73556423206,7242.23434195616
-338.936482553109,-1166.88806899692,-1603.72534170894,6971.01720345105
2831.42584126556,1713.26999422292,7091.34471883158,1095.90902510811
-1830.14538574219,-2274.15298525383,7812.24746779543,-186.749590311965
2821.44816824865,-2069.68258223416,-7396.1004263779,1073.47711237266
3043.02919043041,640.10724422042,7944.68200733399,-1354.31012519558
-221.387523348881,2366.97641526756,-6505.8515865405,-2625.44576249884
3502.10964210975,-2140.35378613639,-4497.7418686967,-6894.26140697885
503.305708851807,-2915.26389535618,-403.486398266511,-8168.61072431373
2533.70122426458,1039.44142813086,-7944.79871355296,1689.74426566068
6306.54977986508,2042.10687999472,NaN,NaN
-2378.26426976307,1598.24921548827,-5762.97973558845,-6979.24670805043
-2749.40689431891,1256.78783531364,-7144.23028093111,3521.73924499834
2595.57070271543,504.103334540491,-5781.91042045544,6103.83019611526
-81.5006752953913,989.820528580209,344.230659871289,-7815.83186540165
-893.056368059165,-2264.26371838464,-3896.60976795166,6350.60685355025
1649.55802959728,2105.86003501732,-6716.47358245694,3999.0520918642
2943.00553881732,-1351.29908802147,6871.4737634397,-2876.70931193795
3150.09349302381,-2920.12032884972,-4944.30761875334,-6457.39071382308
-2728.39076515188,2193.03400776337,2128.87335994857,7018.03919487728
-2143.22555971861,2282.82665141036,6713.50278979917,-4397.61226003515
-1037.63648530824,-3535.44147362616,-7883.41928883905,-561.311204581425
-3163.65462608595,1779.05380434783,3830.09343956722,6724.81466327934
55.2581480344136,-7658.6955373585,NaN,NaN
-1720.9974990318,2484.15434843707,-3845.25278745536,6667.38431770352
-7312.063907888,-1136.61052876895,NaN,NaN
-1965,2579,-6594.42446722569,-6704.45291613755
2492.39256615349,353.07154564712,-7493.28419173449,-3371.53979029448
1844.87588228829,7058.72538300199,NaN,NaN
-2600.66177258511,-208.603583321009,-8381.53544096355,60.0612198770758
2145.38003231905,1197.88429136534,3470.562813276,6979.93450290615
644.658413405132,2703.89154863437,-7155.11968104658,1315.24072208978
303.89451192135,2702.14957503252,-7991.2019878569,968.000862990229
2255.86183545266,2497.82564434194,7518.30376771688,288.068432097739
3115.33357862657,-631.245920743254,6695.60827647282,-3284.18681923682
-1747.1547472331,3412.2255203644,5028.6827056106,7349.71511801379
2874.43209903636,694.219966604551,-6116.00009632099,4554.814509827
-1008.5799717397,476.233805860879,7119.44448672494,1229.5726772622
787.091980431245,-7012.76599316495,NaN,NaN
-3753.75247697407,1399.69439691477,-679.35858246876,7554.87433114013
2963.0617124323,2291.63028329655,7073.48614294472,2143.29148508232
3427.12598091875,-1923.19037417059,-2222.75595198148,-7750.08785743731
-6103.21382703073,5754.83156286064,NaN,NaN
3472.02285533157,-1574.77937974014,-3254.33420674144,-6218.23365090218
-1728.91405913513,-2136.63810931061,-5393.20832050265,-6233.17394169545
1678.98904904563,-2473.64842984069,-6021.43370590136,6741.25703070681
-3514.64357720181,2838.16714104107,6291.82149630256,5745.50156450566
1350.33790783549,3105.52782972503,6318.21539311555,6261.63215562497
7048.06406551435,3758.33358837314,NaN,NaN
3145.71566362614,804.941465769163,7511.07173563159,-47.6025176344762
-3265.64304630638,-705.484389392079,-7410.98954603776,5420.76698154422
1046.26579488455,-2602.81899344321,5036.64367145553,7379.93995728477
2000.21033631752,-2121.61151026166,-7414.18368064405,6208.97678614509
-3523.36113338037,3012.43625908141,512.743637302543,7888.70688141851
432.630003611247,2975.18034267116,-5970.9759056055,6865.45301630496
-2599.73138833622,1520.63678682595,-7227.00096455459,-522.274620733711
3436.11896531807,-471.440069901316,7525.65957130767,-5473.20902458742
-1135.16096257929,2829.42875949629,6972.64125155462,3237.71377063711
933.767735474364,-2617.79231045634,-7036.40895453893,4277.01129199701
2618.67478264601,1323.67994149996,7540.35767666392,941.463184251785
-3701.31364029557,2083.92936966462,1586.6681616658,7220.80153251835
-2466.63604551142,-2223.73636119563,2034.78388566709,6967.53506160531
-608.31756927282,-4409.66241413834,-6506.28755325098,-4218.77686975648
-2589.59003411741,1079.00843755883,2737.72045833662,7116.21326240608
-2272.72330204761,1336.4880732076,4576.61468083474,-6216.98051111004
1070.06586520134,-1723.18950382764,6898.73236655277,1745.53225474851
-1339.66868673345,-3136.61862147223,-7206.89298570155,-82.8543675199468
3684.31560808372,71.0817231054849,7266.71108217966,-5534.70171547516
3133.41307528912,-1987.98866966182,-1599.88736720418,7031.90999609035
2564.64013011056,-3527.21940676314,-6876.11236455151,-4041.39118155794
-205.003776101505,-2662.82785655372,6520.54059182816,-2558.16913359625
-3520.45736196725,933.439156447108,-2834.26233735183,6528.31996845294
3328.18551623431,-1097.47146350784,-1597.56710220352,-7091.95148264199
-2623.22162523085,2644.14045865834,6523.39848878088,-6714.02942838036
-1532.91820974332,2689.29843727037,-2309.44373379013,-7208.55167406225
3095.29812606324,-2972.01945817503,208.579744500431,-8074.23960692238
-2673.17489036221,-2041.83472294464,7353.85257270683,-2357.13085675159
-3359.774683096,-858.201310617204,4069.69423691144,-6660.59840549223
-184.034225649207,2508.97263846287,6773.09121392628,-2798.71336036625
2445.13380965997,2034.59019782741,7019.58904266635,1147.59337797619
2903.95659072661,-406.856079101562,-6922.5611959891,3000.33441019075
-308.821851064637,3606.46753869863,6350.70425521199,3736.74749614249
3144.8687734237,1144.52473415031,-7021.66082849409,3054.72686430933
1088.0508422146,2757.24705453841,-1324.21375883635,-7971.50098614244
-3851.78005870633,777.292503774615,-2262.0963757248,6478.18706070245
-2132.81917717319,2594.41645289179,-5935.77772725496,6389.35027492746
-1971.45540670202,2547.62454982205,6758.42993180114,1833.31552725424
503.149014164503,3958.15873017921,-7009.7135270167,-2556.59188947938
3325.85198643627,1788.93139179812,8051.11420046191,427.510101318359
-2841.38407155354,880.226038946232,2603.00075829108,-7075.54773386359
-2365.60821082691,-2708.76548408205,-6172.67341432624,2578.72579341327
1838.72464247881,2857.86441404122,508.478157568927,-8071.30393893469
-3425.83976586399,1504.84511260041,-6015.96025717272,4671.15075627907
2502.47747329515,-1083.39448443617,4717.09207214554,6696.31082205726
2466.00524433896,686.5188700977,6495.31397324297,5063.84883587829
1335.46350587415,-2229.49274026827,7208.4756957276,-2656.59146732521
3129.18143525183,321.443203722895,-7146.29994913646,5162.60352695974
-2533.46400581625,1724.60906507575,-951.95534322893,-7386.75630661325
865.701224349319,-2671.42737228205,6441.63551097186,-3666.18571518611
3315.17068326571,-392.93801399831,-1299.0996331924,7233.17794737124
464,-2938,3674.48954814157,-6449.11943370541
-1389.41038461362,4016.47372398683,5001.57806702176,6498.28439052163
2916.78738302713,243.605445175414,-3983.06361706207,-6422.63855753418
-2839.80564675152,-361.797194681039,6738.28359881873,-2676.61443025945
-2306.05130709135,-2947.98688798675,7052.88075507832,5626.95642708832
3023.84451616843,-1363.1660724896,6046.71973656642,-6374.33099784401
-3067.28149058587,-1233.20428738165,-6793.01702771507,4604.32268507416
-3427.90677278167,-6032.70279154646,NaN,NaN
-2106.81051440783,-372.008332055969,-7115.01638118196,-1931.65592614662
-3209.01775492545,-315.838408274374,2008.68747752248,7291.14657960371
765.54767191742,7375.69137216252,NaN,NaN
-402.087728945936,2534.34249427602,-6933.07137549021,6496.09676484737
-160.073577600085,3035.63080465756,-3094.20179660323,-6749.16071601528
2522.79871863261,-12.8774284980051,-6445.80201058832,5715.75287091649
2736.34036906038,145.984551548697,-6511.30733887276,-3728.58162507288
4722.96783630281,6479.12145092986,NaN,NaN
1318.83375574083,-2259.77662172453,5376.49649050002,6388.86598351884
-2773.02690114068,-1302.43911062515,7829.06431810386,664.782353049017
2708.61832061069,-1820.48276345291,-6358.0438948995,-5022.56320170717
3813.83218181118,1015.89059098427,5216.06315358245,-6276.99552223871
-6040.20932111431,3399.20945188661,NaN,NaN
-2263.14909351626,-1890.44647547983,5865.18659921558,-7264.29020758938
3767.31923418248,-290.659190411263,6616.37772793102,-3292.10573404497
6733.32529205299,-1371.0114593053,NaN,NaN
-6305.65783785699,-5235.17128548693,NaN,NaN
2643.84925096872,-577.778909193021,7198.94427841341,-1614.67498286737
-2387.39790886463,179.18581213952,-1094.96752735668,-7959.53644678434
2942.49982606497,2136.12576890154,8138,561
-2001.88067389417,3156.62168345182,4182.79902104044,6509.11233464277
3193.27558835793,6209.97235673709,NaN,NaN
-2987.97386258097,1577.79218588009,-6127.43296263944,3257.00116577726
1160.73754211535,2672.58572247714,-2249.86504975124,6362.19772277605
2871.06040157946,-277.283418657565,7861.77826935451,207.879362057273
-1749.45639486508,-3739.90412333852,-6915.96937539702,-2639.03422758609
3447.3177527055,-336.84375,4802.60855446433,-6849.36302360092
2479,2505,-7758.55077159065,-874.254774140149
-2601.4576278902,-6430.22385272506,NaN,NaN
3021.22724024912,1350.3170953012,1572.33992740189,-6411.38889424669
-44.9511844504318,3223.5051568136,-7951.34953369209,1870.41789992833
2605.16461713584,166.604710041706,-6722.39867824304,6080.03872175711
-237.352938277381,-2821.23855757438,937.922822361872,-7768.04568655141
-2580.39514564688,-2095.1039597234,-6663.95838552599,2875.77680831453
-2643.46918162983,113.677423185212,1462.9395269419,7449.85583558556
201.723291151081,-3158.56450465427,-4739.07730797752,6754.98602721344
6935.37294925963,-5367.99975481698,NaN,NaN
1811.2456261716,-1627.45663329954,-7842.49248260015,1392.79459262236
-1189.61010642741,3764.67940720922,6676.38204107254,4103.52199501215
942.077999677318,-2717.98465383482,6985.01477862092,4219.64701504016
2499.06870170632,731.659818694684,627.943093661306,8143.63179118995
-3334.84420413765,2921.32899003727,5980.98815996033,7252.22697601394
390.228335442152,940.144836577862,-1786.35612886528,-7952.05364441047
6584.73174691763,-1971.40170578386,NaN,NaN
-1058.7590072192,3289.8762212665,6332.67783969866,2023.63975503977
1213.88712155671,3439.23396010007,6505.85749462418,-2930.20727635703
-2726.89052138643,-2847.35141787017,-7302.40110449836,-4005.29926063203
1316.20525369427,-2288.32785582982,7099.53363043703,1814.87777664561
2299.04088706566,1475.36407424704,6643.62559479182,6302.52963017274
2297.38022907401,-1795.55275140807,-6705.10435990013,3905.76056111555
3556.02192333984,-6934.66582569472,NaN,NaN
-5753.57117975334,3241.50580174408,NaN,NaN
-6792.44051266,-2389.10920591077,NaN,NaN
-914.486768875099,2461.57546010804,-3642.33715428112,6740.39792794955
785.330990289162,-2640.68083271222,7185.24768392717,1762.61649097425
2683.32879512981,2052.88164204872,7712.69287071606,308.338156962381
-727.269478456587,2968.95866146642,-7667.70183975405,-769.402661749435
-823.574001984999,2762.9432808777,679.832956558848,-7665.16169435511
5003.17656352139,-6287.12315957968,NaN,NaN
1563.98340728989,1546.55519649465,-4843.81012123636,-6697.84913813604
4817.76138427737,6561.06877838382,NaN,NaN
-5132.49486793041,-6987.30250488264,NaN,NaN
-2462.89964434763,6575.0809713138,NaN,NaN
-2744.58811318949,2474.02695990833,3120.45653052588,6734.41667576178
2904.1586153928,2685.17348927988,7470.0185727751,-1032.89883817675
2493.33546002108,-1202.80097081032,-7285.14825831714,2720.04460788036
-440.668823242188,-664.938048086868,7329.8296880865,-81.7513985100176
-464.523356518714,-2898.95571700579,-2591.72691575417,-5963.65601487518
2647.1035494621,-933.84746691305,7299.67531378789,1706.39919433594
-511.244209289551,1196.83405480432,6542.08096590909,-6407.28084696385
1193.24386160714,-3292.23786908183,-6419.10372576387,-5385.94392019705
-1245.59050440563,3707.66152959321,-784.155426572207,7611.96113593892
2779.67806498713,56.5421412164507,-6531.4315878197,5145.09110403626
974.198878786979,2621.369179786,-7923.57930683591,1667.8880391247
6697,-1115,NaN,NaN
-3088.87758631663,-55.0635273713073,1097.55436993452,7676.17453176381
1874.1640181108,2902.80219154194,942.787060553122,-7222.49122464858
-1495.08727591131,-3354.11909225062,-7729.23860668758,-1022.88814565776
-2922.27762072512,-717.892986529066,5146.33611480391,-6269.04610135236
-219.845086817366,2283.72277164459,7411.2789852374,1816.55819478117
-2855.4810095255,1488.38807624495,3321.90188152457,-7551.46655834639
-2793.61180293392,1393.93131994087,6544.24935458424,-4764.88480834282
6480.12028801935,-3033.5418703167,NaN,NaN
-1801.934819496,-2612.70337047982,-6840.47563740168,1985.79652578605
-1925.14688965391,-2697.48609850595,-6929.00202855665,-3008.47611137058
-915.058607514605,-3471.42541503906,-6942.36053434625,2991.67028191125
-2642.21869969503,-870.644285156954,-7766.30609761846,1206.83765413459
-7093.36358112854,-5696.78714810416,NaN,NaN
2647,-613,783.051527157153,-7483.74999617843
216.558708084586,-2994.82676210272,-7761.69312336873,595.878729022146
-1542.51790843251,2763.08528556539,-3161.90436307631,-6860.87191277884
1130.94767920245,7295.58880420711,NaN,NaN
6632.52674442603,4772.08217370827,NaN,NaN
760.186307550406,-3071.5871159472,1284.61306775203,-7588.87776045827
7215.41963603419,4024.26290565297,NaN,NaN
-1252.67738409273,-2205.06573912987,2519.66380780895,-6862.29224746577
3117.60514284193,-1040.34486293793,4042.49625671326,-7034.65735945625
-2763.31055077768,-1530.50766387497,5145.48067079741,-7296.68387688318
2558.92896759316,2291.02839455752,-6542.86925376058,4559.3678989044
-6027.8827925919,-5301.3228162384,NaN,NaN
-1812.76675972849,-2666.13251951426,-6707.03521175147,5026.77227155527
-830.003383806755,2589.36294473977,-7126.78015343506,6444.93808591299
-7671.08972031563,-518.533040364583,NaN,NaN
2217.52594360913,-1840.93827716478,7746.48915892555,-233.796181955645
-3485.94104553839,-1235.74249293792,-6409.57065086534,4237.72126061736
1051.99570415557,2815.53083825111,-6728.01158379273,3816.20305805482
-1503.40502707353,-6564.91978974804,NaN,NaN
1840.08358541349,1124.16037801466,-7646.23233073839,2339.08429621709
122,-2999,6675.40928914981,-6697.10677417666
8289.22803631123,-325.757282081266,NaN,NaN
-3294.86671184454,-551.454744295373,-7421.17273665172,4866.34489570986
2598.29420703352,1186.15748187513,-6518.98351023803,3379.82715556467
552.428678334674,2736.84548611111,6235.78537945836,-5060.54301797205
1166.50624242433,351.340371102998,-6245.77106456467,-4682.06591534858
-358.496648071643,-7261.55351142152,NaN,NaN
1246.64813386491,-1512.47834560566,1261.7617135102,8160.39338906243
2231.17330661165,-2297.08460709483,-7861.07401122786,339.899106636374
-7604,-859,NaN,NaN
1811.24802700186,2609.23159462653,4426.07983157795,-6501.92985256897
-2420.22805183947,1717.85724674424,-7869.57690655318,-839.176716417919
5378.49116702355,-6113.40354856572,NaN,NaN
3004.05225552828,5958.34685496875,NaN,NaN
-3455.09295491368,-306.242058851048,-2825.32379907587,6875.53146486537
585.466598914737,7657.219665102,NaN,NaN
1805.11095309694,3309.91288991884,7568.30680058888,-455.049488400622
2288.64251705853,-2096.74568034557,-6684.82689683039,5080.61751271097
-1081.68208479452,-572.748062855895,6983.6395186068,6449.91053217406
7630.24730507693,510.843923590701,NaN,NaN
-841.654391087509,857.588053927067,5980.7392523239,-2252.83700739052
3112.64210704813,-1151.49075660094,6370.41206619481,4909.24985252757
-3795.54579925537,7502.85453885091,NaN,NaN
3303.89115095805,1475.64802188711,7663.98685659442,-1195.38182887434
-204.92236328125,2852.47695209249,1570.07869540892,8032.24258336472
-2718.94615434923,-397.129899372456,4847.4045217347,7461.45716688512
2869.32943297336,-282.060630970802,6611.27176779405,2485.39078144662
-2583.60703971351,-6102.08773200136,NaN,NaN
-1948.57801575403,3519.69392525148,5870.29717492544,7072.55009626647
3024.20635991207,3275.68401560666,7736.80540324833,-430.833581064951
2987.84034714546,-388.498478667106,2151.87437897155,6508.29573013306
-36.6765437384544,-2498.35097539745,7688.1832070476,-222.097149425895
-2666.76161141515,-1089.23702427692,454.401207893953,7660.79739298082
-271.310135044916,-1053.97164335582,1129.71068736942,7558.76970044332
5327.78426473989,-6436.0752654735,NaN,NaN
0.374046790081522,3098.4789133365,6529.09014943812,7404.48900821607
-2778.98775537962,6763.15183674439,NaN,NaN
-1354.1057932993,-8006.56901872845,NaN,NaN
-2893.20989238976,-494.679604980058,6636.6905982906,-2648.16349793701
2439.9724920647,1695.97911480887,5402.68925829404,7253.28063864861
3849.59538754773,-7150.73624270999,NaN,NaN
2111.944735043,7164.63687644731,NaN,NaN
-1682.64526157153,-2161.89619518871,-2283.10180170459,-7402.17274080884
3016.70365176094,-1014.61988287138,-7455.9164789239,-342.006780972757
6727.34519282761,-6854.14057556849,NaN,NaN
-2492.74915319064,-164.002091458381,7689.73687311352,-2495.43768880023
-1109,2841,-7398.34310765123,6171.9129442337
-1005.42315743015,2437.08098583309,-2896.4014185573,-6804.40807952669
2961.97880642177,-1506.98079422113,5197.24824572236,-6983.56121081064
106.064857219828,1213.42535199176,7906.31116521869,-178.789398470317
-3176.43818696736,-69.929310725165,-1741.04389153983,6739.36271787819
-743.080641377767,-3912.6737455364,-8113.39848902219,-90.3853686323966
1846.92387714444,-3398.08768629605,-3796.38921809746,-6492.49745263299
2724.84195667614,3137.28607715063,7315.04205623163,-2633.40530829903
-3106.37169224323,-61.1697720849689,379.174548539959,-7459.39134733291
2137.26950721617,2851.58452601536,7620.74437011642,396.836984795935
2305.31723154244,-2204.12932974684,-7355.0405181368,-2995.86576160145
-553.39921875,7468.73469185907,NaN,NaN
-197.866476311065,-7488.34980684479,NaN,NaN
-1501.7817434773,-1588.63342693559,-417.890702393866,7685.66492129208
1064.05587668486,-3075.61394403121,-6936.2371104611,2254.83824529165
-1050.43441175076,7215.02417164338,NaN,NaN
-2554.47541895076,504.944768186475,1479.18920898438,-7317.03094110697
-1950.09026804717,2761.04646406224,2462.00510283044,6359.7193644317
-770.24609375,-2676.74443380555,705.492670002423,7959.02837772858
-1780.05597538852,1472.86655039286,6999.15090345905,-2632.65775460865
2212.19195715103,613.882747905078,-6749.95232546462,5482.77856789777
-2820,-1369,953.270726714432,-7573.36058955182
-1641.17077352788,2703.87266271255,-2461.69390148462,-7068.43159877614
1579.36038371471,-3371.73852808738,-3696.75114814609,-6659.77376367895
1035.93216064983,-2386.37315656065,6191.04943997427,-5467.28458118767
-549.230537464006,2701.89059508339,6463.33523548543,-4600.971169883
922.791541183224,-3443.20761737849,-6264.38818788579,3267.16274774842
-3434.71192420191,-1006.50304715111,-3959.20306673255,6961.74232992651
-3244.40762713827,1139.61984138359,-6453.32780123146,3483.51031226794
-2444.47641114403,1862.26516127957,-3846.09758432998,6789.85641784738
-1073.348026588,2146.90207662154,-2402.99809881567,-6871.26170470592
1126.82611437543,-2793.60906755862,-2031.99833849766,7339.74267892106
-460.775625131704,-2678.67115341089,-2884.04868747153,-6275.34401400825
2767.64281176218,107.461776655191,6451.33732827264,3979.44570160243
-4121.42661635705,39.8939573138252,-3730.6986921558,6700.54458670072
-2242.69285753612,1364.66167380593,-580.198538828936,-7763.98422826664
3511.39725623031,-92.7918346774194,6756.43561213373,-2417.34415232658
-1756.89866864427,-756.644440045524,-5217.16309627354,-6378.63842439528
119.290176135582,-2609.49341870188,6651.73793801353,-2385.00793842192
2932.38204173067,-900.339140197165,-6919.31756965901,-5338.43233661001
-1996.74767292538,2246.15956818712,-2573.83780991736,6914.86754406208
-2982.5589337177,954.370585816563,6300.94543311343,-3626.10485535058
2353.00220559837,-82.4981612161374,-6130.55464551331,3968.57976447284
-308.676462426072,-2792.4012900878,6311.53831585975,4851.88157004663
-1245.83503029563,-2720.95950117081,-5073.7382825173,6305.30485780249
3324.12130426134,1093.0519601184,6652.50995138921,-2969.67613845957
6405.22220865502,-8174.41414306641,NaN,NaN
-4018.04365079365,-470.247832475824,-6034.77368007337,6117.24683616917
-1512.27967562252,-2850.1089701077,-3419.98955568956,7074.64730965683
1396.22418009981,-2827.33447053597,7358.43152610009,-2256.11293735897
-3143.26124696632,-1043.64652883156,-7631.44798031136,736.040036943122
6523.9821014185,-2891.59568699457,NaN,NaN
1973.00518315572,404.559935478315,-4121.53043599855,-6751.80675550739
2126.24629827346,-2535.10628509521,113.416130136121,7874.13669097151
-2314.93536280746,-575.102224274268,2980.21574745561,-6484.56897805851
2243.63900167003,-3285.83337871412,-2859.64835060092,-7081.43756091099
-2464.88595215946,-1808.06595435238,-1696.23959527137,-7393.4509222879
745.973583009206,-7681.46213420032,NaN,NaN
2712.69932191259,-1719.03839184864,-5641.50497022669,6115.9357329424
1769.08391049547,-6718.05291768438,NaN,NaN
1344.48826468686,3032.44636546485,7391.57156588571,2088.6005243851
3674.85980776776,-2542.39462085407,-6293.19926203736,-7094.40181732772
-130.753729554357,-3149.26731732719,4569.13674080057,6378.50705715808
966.444624763258,-2338.28488538156,8076.02429043057,-1258.7948594388
333.198233446405,3345.4563253012,7936.49840527081,-537.247301322958
-2678.20765477044,1664.71415056693,-6610.80273984358,4110.99904554385
812.059031440294,7736.82670856344,NaN,NaN
-2193.01257043937,-2757.15013718256,-4445.08566026507,6413.20444971687
1892.9245819377,3167.28508187267,1975.75718564246,-6956.2178865322
-199.2963628602,-2353.59562207846,-4898.84012928891,6532.03791800242
-488.486753039741,3197.45248647837,-7018.13227236407,4492.52732651926
1189.10894485657,-2222.18803986026,5991.18723877845,-6081.72816213279
273.407134509523,2708.85259953028,-4575.59364088988,-6549.30215967858
-2189.63011569434,-2492.16985088222,-6418.2714669594,-2882.28030638735
5920.52824539693,5419.90420353722,NaN,NaN
-1075.25085347574,-2953.84870602351,-6632.78724369475,-2192.18870030044
149.74154795416,3020.25753941626,3906.68344306247,-6745.95017908835
2291.40260605926,-3243.72629973707,-4104.42762921602,-5976.24951380674
1777,-2782,-4.35531941370482,-8109.56535330324
-2096.86719283096,1255.35930466209,-7225.82470712504,1434.94717437001
3636.1447454021,309.741444077603,6380.11024705565,-3339.91052549171
-1370.4796737822,-2322.66560202149,-2398,-6031
557.219283761022,2904.07356980986,-6219.8277862224,-5786.74410793562
-2337.17384536751,2720.9773362637,7228.16212790616,3119.77811469274
3277.45479805159,410.142182581322,7378.5264765441,-2922.71097812594
-1582.08722711571,2298.66703443149,-6210.9829956845,-7100.68520443329
-2128.24240624477,2579.85709872529,6626.92847261536,2925.5114206926
-1636.700390625,-2336.55842500803,3667.55547944579,5579.338990924
-319.125860670607,1155.18164083249,5718.14221802856,-6436.69990172718
-540.070337555353,2183.14524402089,-7698.10761527594,1122.55316523669
2266,-2440,-3414.06113344745,7203.25584383658
-68.1694946289062,-4018.23570783659,-6496.40137557381,-3796.84108940397
2780.4605905674,1744.21801558796,-6465.8504865697,4531.21331386502
1128.5029974067,-2637.15221244748,-8459.33271749367,293.562175677451
-1566.44617843628,-3454.88519198283,-5692.84215498018,4145.05936148605
138.552102387688,-3618.51511967177,-2652.84411052067,-6817.50119397078
-1029.33603603616,787.985242348994,6806.74728238411,-2245.19944614354
-3682.04050831525,-694.195458556473,-5195.75698463085,6681.85842566813
-615.040543550448,2125.45746815314,7022.43581068863,1923.24128358367
2141.55192543144,2132.52795138808,-7258.67390454225,-1105.5472629983
-2721.52641978477,-863.125514666027,-3272.07970235633,-6867.19789086687
5968.98385088301,-6740.9883579414,NaN,NaN
2829.78357057414,-217.73482421875,6550.84342870004,-5702.74726195025
3151.16211581689,1715.88927139892,4340.71047360807,-6699.1825011764
3286.09010941897,72.3100596227834,-1746.45819619003,-7234.62745321771
-2380.11070793839,-1861.33255349147,5759.83906639505,5678.93763127843
1114.39711272345,-2453.45772799516,6528.97713676531,5983.34322847236
3611.05672411851,523.824772339121,6103.11228399352,-5118.15642112382
-2946.92216371712,-321.502820844293,7921.4742869888,694.136813256048
1687.59120189153,-3239.96667839553,-6625.00061379376,-3299.66430772015
3162.84221285329,-1474.11387280976,7845.09687422912,-2390.67276139474
-299.567475270843,3042.15836083259,-6238.49134593195,3909.22424264097
-2148.77125305176,909.31041871137,-1914.93568061587,-6803.18748736903
-1280.81067286487,2341.64074707031,-7774.25886753049,915.624962948743
-4045.07410999869,-6749.15266545454,1142.60262276276,273.838467778386
3007.09056718894,6469.63902684474,NaN,NaN
517.525831196471,-2755.37829713121,-2755.9980378825,-6690.74851450265
-1485.75726532343,2222.02680170782,7008.94481251222,719.467980070914
-2727.27275383323,2971.12550862541,1389.09242719643,7759.96578248057
-2370.9356954075,2067.89789038587,7837.96218340435,164.364794831748
-2585.86706262731,-1139.42178278455,-5074.0640650798,6705.57141726673
1674.57751207293,-2774.5403765725,-3844.71678883986,-6398.20049045462
3382.75627594612,-1456.7756916212,182.128831595429,-8143.66847720691
6896.35375002059,-2707.61705286409,NaN,NaN
-2117.60500048257,-2846.79991667879,-7529.17643034464,983.178006975509
98.1798872716219,-1593.81357151506,-5456.54260910877,6989.48496004159
3414.54691473477,-1482.26351690946,6411.03874035774,-5292.25210205876
-802.455443325197,1918.38892068752,-8278.61638586017,-108.442174733708
8090.20951508848,-243.275219364677,NaN,NaN
2787.73251448703,-1214.78819274902,-6595.08940627225,2188.59580249006
-324.920136298508,-2644.07105197148,-4553.98632828692,-6851.17479997867
-2380.49754583517,1586.0341796875,3585.85944737721,-6463.24234894826
1595.39923286782,1689.83123994482,2835.16402361772,6646.82386314013
2038.173289709,-1571.28348627779,6289.98569885932,-4795.77003050126
-2370.29460048009,-3052.75357104623,7072.72919136827,-5046.04998431171
-2985.86498363004,-2708.34043287168,-6862.50671836406,4299.57829340726
-3287.5802283744,246.994275963825,-7035,7275
61.1797566371681,-1259.77578268877,-5374.89750495007,6729.40832568626
-2215.97207759913,-218.808912291293,-7378.49311679117,-1087.15410358686
2428.21832886321,3076.14585256402,6370.50354960152,5630.77082269907
906.14807664803,2359.81364134658,5436.73168836321,-6398.72211091884
-2073.66849899968,2445.87820981125,-6603.14361147322,3822.87454339279
-178.870381806442,-2423.74712965224,-5880.65899558458,6428.09724403749
349.298294557704,2042.355589614,-6815.26436911379,3293.30339693251
551.053466796875,3236.46094820072,7479.05519135667,724.576941274464
-1016.14493429745,2603.15266409959,3740.87989151369,-7229.517757277
-1881.65803232625,2022.91567933202,-1389.73831262087,-7663.787098677
-2966.07901757214,86.2856718536804,6100.72757159137,7634.02714691007
5170.62204158978,-5711.38460841402,NaN,NaN
1141.54254194389,-2595.51138327915,-3028.69454566431,-6469.12637030857
6516.03116363776,-6060.7104396264,NaN,NaN
-1972.00289737951,3105.34129614576,4400.59927669151,7071.71212927441
3011.10388606233,1460.20173318026,7252.97604854347,-1849.20337889738
-630.962555560624,2052.10156644956,-3110.47152772267,-6492.79316009525
1391.72330530668,2260.10984685529,-3465.88151770725,6628.2593783847
1827.08701060761,319.066064439195,23.9721820883556,-7933.45052823385
1943.52111994963,-2463.94845361892,116.961776796383,8064.72105258711
1378.80670733716,-2576.68352930722,7216.99786959904,-6312.355411515
-552.702796883898,2581.36497860758,96.083918132215,8312.23587704777
-174.711234177215,1013.10281577698,4521.16421546681,-6156.55319799608
3597.75680867913,-6533.33624223631,NaN,NaN
-1886.08160216016,-950.755188529785,2848.16379205057,6036.53940908849
1533.04724121094,2747.61738790464,-5981.10608465443,-7192.85983463468
-3617.36789836423,3243.57305573339,3902.92086975968,6400.07535412041
2445,-783,-4997.28273049574,-6187.66902603799
-3085.70073488786,2370.92272841192,2701.44060278718,7188.69360365905
1000.94558541119,-2067.38900785113,-7148.61310529365,-5493.55852612832
1058.88214585593,-2902.59939744964,7299.81243011736,2215.78150845423
1106.67186207992,-367.890498134716,-7342.62580706411,-1053.32348429701
1201.86413381603,-3504.89275169264,-6337.23665079056,-4952.8613070082
-980.679381884749,3533.70092887553,7049.24575650809,2655.69591891626
-1236.13700151557,-2980.19245236317,-6607.93514751056,5561.35328574808
-2252.48613678373,-3067.63022746112,-7482.22871759277,5849.78387848091
-2558.34979471624,-1983.15118451766,3537.49509634908,-6307.42198496432
747.516150912434,-3273.17552829089,-7037.01611583743,-2749.58847050983
1414.47214451108,3260.742424905,2015.00167989636,7212.55583214365
1850.60714553146,-2573.76724792385,1890.87123285674,7680.98872921772
-853.668955916014,2860.49846986014,-3100.30097064229,-7202.7691144325
865.051577783074,743.190076104526,-6054.40205101059,-7079.21476176582
5741.41932574161,-2992.22582517712,NaN,NaN
2584.53495409589,-1.38161705077813,-7100.58090257993,-3227.70430157102
2867.45841191453,1009.57859827261,-6303.5022497266,3804.24652385111
2775.90289963107,-1247.56562042236,-8008.4852165227,674.158021889689
2563.57590222966,-2507.94913177632,6199.75696517687,-5684.98601669979
1637.03734983168,-2518.36770706435,4420.15664203557,-6332.19916860908
-2651.44647606709,1054.48196482835,1070.95656789613,-7934.10840775768
2804.3829963498,2433.58236548559,6640.89030423998,-6232.68841903524
646.808645655877,3690.52494230689,6799.30050335013,1662.77898073767
-2932.23581382516,438.961906433105,6835.36587166132,-2741.86315008194
2144.51158700434,-745.400446170831,6329.45988278777,2565.08844577163
3303.61389864199,-6948.78936116692,NaN,NaN
-132.869846722915,2510.84699842538,-6796.45081845988,-2132.8688626403
-3222.12329674087,-744.18125967546,-7519.4356870824,2714.38695355725
3642.3317577759,-21.5536193847656,7387.25723169115,-6303.52800756179
1511.78407805013,2495.68621682196,-6566.60263022905,6749.19028471185
1755.6425235276,-3033.3489869725,-955.785886422299,-8007.43947842035
-390.293595134972,-3439.06361807788,6248.9306668414,-6524.54257296741
-2273.86012373453,-738.009930665054,6672.15000895247,-3171.54415465918
1928.95691451727,2266.09495337031,-1661.5598813164,-7267.05858542652
4317.4173524753,-394.651333683472,2493.54148124996,-6070.24503156532
1752.85794147457,-3258.82813250303,-3588.55560651629,-6352.04926379257
-2814.58977231608,1618.05228886839,-6869.24465672717,-2596.69704700074
-528.098473590353,-2845.1602975232,7329.27151072485,-2146.18361738016
-2479.31263518045,-275.187631814563,7098.11213704219,-3322.27112341804
-3431.45445873743,-1316.93631499684,-6415.94929343161,6896.00665986314
-751.44750271549,-2562.32651642185,-4674.89754521311,-6447.7940874756
3409.22453131312,-2220.41784730197,5339.25604036384,-6785.73796473531
-342.772989985022,1106.27943185475,4847.24276541173,-7188.82984079006
-8186.97158278574,-228.956989815274,NaN,NaN
2704.76726226914,2700.30873477739,5840.536568427,-2831.75407870354
3318.22956894548,2215.49921385473,6946.91393579714,-2418.74942106487
2699.35492021452,-1391.76750285762,-7058.00801214463,5205.4375319053
1778.41381835938,2533.2384339969,-6433.18095867461,-3500.68807162546
-989.711356171501,1723.72772200596,-5898.22838038888,5635.55411815259
386.647184138538,-3275.13863979673,-3793.89954726382,-6472.61776351929
197.258491591055,-1251.3925599308,-2653.40275506081,6711.88461159314
-866.611955948894,2243.90197452963,-6703.39657253308,-2852.30588999516
-158.112006753178,3668.83280053192,3890.5270605789,6729.72758493555
-2451.28309461806,-364.411584995261,-6489.45765876545,-1983.71648673124
1696.20166611929,2033.06585915138,5600.2186137855,5871.00921243825
2380.18974729598,-575.637913167912,-2750.86835769127,6793.18755057773
-2848.9881611697,-366.237991097567,-7990.36146093571,29.2469115112894
-2344.32049070105,1148.18995666504,7327.83951386983,-1704.7824815423
4334.19312379425,622.426590881669,6222.47969477607,-6623.83529560236
1395.63224621144,-2643.278243902,-7015.93750621312,-4452.22537919763
-2437.43632866886,-1126.73915138393,-3057.33088058488,-7005.87278865312
-2473.36136308477,-1001.98248497482,7740.34827830362,-1073.06629810023
3365.07615681127,-969.057321996497,1774.43874128011,-7304.33566046025
-6564.72641103224,3236.56964898522,NaN,NaN
-3218.229830448,-48.5678439299353,-4397.06206668948,6560.49064463257
1091.34295621917,1978.82801441903,-6445.99320352175,5311.11130977383
7722.09986305153,-982.895023689701,NaN,NaN
4474.45371693476,-7257.06948461564,NaN,NaN
1927.55766899932,1597.37964050128,2728.46199050307,6928.28153016827
87.6527035714279,-2737.71167917802,7261.30830350526,5095.13264294099
81.00537109375,-2548.74446777344,-1613.31553756927,-7150.60541742211
1429.88005514706,3359.65816964714,7652.80966843603,891.385796754584
2280.60117819538,431.25157529048,6446.21767557379,6956.98493395452
-7971.97319791242,336.912114568667,NaN,NaN
-123.105837429271,1116.94204583819,2412.60525694864,-6615.39289790539
1104.96524749772,-2833.67427302817,-3457.40334319224,-6441.33194640499
-1925.42588043213,-2410.10603700835,6563.08550510033,3562.72876671712
-1546.00760443539,3499.64037858542,2858.34400972561,6777.9247668833
2706.52355172442,292.827464119909,-497.833979664341,-8229.13796179796
1528.2670199228,-519.559421037773,-3512.47345900318,-6959.58833688575
-2110.18704223633,-2009.20305173063,1308.8176887561,7723.30404043451
-2130.4690704607,1711.549818443,-2814.78396559259,-6344.45037677854
-501.802812679984,2859.49896139249,299.183035440201,-7651.13593448981
-65.2074753804834,-2359.469234216,7561.82815370113,-1177.39628689815
-893.295715269649,2033.78657515347,-6233.44381344656,3044.69263854733
6548.61882653973,-2100.0751009428,NaN,NaN
-2303.38719607644,1744.44250992704,-5833.49024469154,-7369.94695876715
-1702.88567479279,-2041.52943026886,1615.2831554542,-6969.99947228741
-318.819670280201,3152.52217842848,7277.94516677639,-2509.6952035836
-1995.68174871726,-1334.94275096816,3038.31665005762,-6914.49584017707
-3180.08018606929,1394.51081929326,7447.76236209293,-1409.99145804673
1837.1051198009,2390.11134391422,-0.547288062606086,7891.43684186809
-3483.15934501371,128.486858771374,-3774.59110761705,6838.204646161
-171,2632,-6454.89795192115,1917.7112353206
-761.317367999835,-7400.74855660884,NaN,NaN
2250.04194877363,1751.20057040542,-6922.12145755225,-3947.72407043347
-371.404539233577,-3532.07790679551,-2478,6743
-6131.52671983186,-7479.06597576675,NaN,NaN
2621.47311518101,2585.07329175223,-5.22922633169162,-7925.85110396521
-599.386551240265,-1357.0975236451,-7021.68741045604,6859.05814536716
2979.17422566413,423.445174446946,-6325.89792865855,6359.12323063683
-2707.07769974956,2379.06522702559,2988.43058818027,6482.61169255484
-1626.852993422,-2659.02399282281,3567.5962664955,6323.17477270842
2579.65199641572,-6943.10195387563,NaN,NaN
-512.95132470848,1803.69939615322,-5988.02703706395,6249.01345902618
-3051.57976858956,-513.678715856528,7350.90060165012,-2715.69449323413
-739.732442499229,-2950.84947541128,5889.39487033774,7110.93183715354
209.314434141487,-2705.20692056684,-6978.54198744058,2509.65020756509
1751.3831190531,-3179.12343706943,-3338.44167181061,-6711.26167594612
-967.621279154293,2187.03603966031,-6745.32283710377,-3652.7473923284
-2928.57582184559,1177.4221066937,-1411.01532325242,-7904.21245824645
-346.91851447523,2883.33312462335,-6080.00037004094,-7284.58789415645
610.17551506321,-2415.87892691097,6720.91128854327,1842.8357754734
-191.425402391405,-7282.65125695714,NaN,NaN
-2090.78139207999,430.456689514313,7060.50363658942,4764.64365019322
2643.24700033661,-1291.31575337956,7638.62458059936,-1218.12033521858
2235.14620315828,-1213.33326783219,2881.3969062991,6572.75283717488
3056.30402591024,-1063.60587476647,-6112.87965595306,4964.9102304941
-452.733236072149,2620.54206833369,-6623.03433034916,-6357.46656160066
583.217034124559,2857.08709719701,6065.05957591521,-6465.04981105858
2517,-2059,6424.80587289659,-3093.1583026806
-754.172960105991,7610.89958256987,NaN,NaN
-6214.8178008521,-3974.83941503752,NaN,NaN
-1779.4758765716,2743.89898798255,6604.63743379713,2083.20202189813
-3062.83286045396,1883.40166465469,7389,1812
2850.8130298371,-7019.30175809698,NaN,NaN
-2544.68676401788,-1680.05253687684,-5436.97389429846,-7304.991401132
-2271.55877584035,1828.79431043027,-7824.65432837807,273.485597265681
853.496252740917,-2588.43296713674,2064.69909901482,6996.18362739713
2523.11998248922,-168.666562892523,-126.049013359602,7654.90858031754
106.585106244645,3496.9137216959,6841.88022202237,3733.86661837764
-93.2722695703929,946.495298837234,969.495427748736,-7456.82875625941
-95.9044446817231,-1956.1104688877,3088.37116093366,-6801.38241077153
2042.87211293833,2127.15772106204,-7234.83089089747,1715.32647265525
-2742.03515121398,1604.12422020756,-5494.00092197613,-6230.62404801887
4453.22514132086,-7521.584491329,NaN,NaN
1266.82056406454,2354.80024717732,-3155.03941055759,-6752.45370920483
-2672.24380453021,-1875.80390020754,-7906.4706068524,1336.33643240437
-3569.1004500695,-1323.28541291319,-6952.64304031351,6466.69085812909
1356.96595149254,2476.70684034957,-6666.54925395405,4147.45126405303
-2385.99962869388,1837.54621390064,-7268.93623046875,1900.08713844092
1613.58337220813,-276.039943029346,6522.40878780335,6138.09896178619
3324.59563966472,-6739.76691754668,NaN,NaN
-2711.43880694234,-1297.63088862239,7630.26006302229,-1386.79259456198
-3523.67970315256,-569.144671296018,1922.64704743377,7073.38607629073
-307.848925354531,-2277.36079628802,3381.05934302571,6947.64905360452
1566.46536090606,-2471.59094385836,2869.19950211386,6548.22065127155
-45.3577025848821,3026.11548063563,-3414.24875260454,-6627.21845042435
-320.509615029701,-3133.33084475218,-8099.44718127796,956.529808379468
-7922.73778426027,-127.567108917642,NaN,NaN
-6135.95159381227,-6550.4834532812,1155.40760336931,623.118578032334
-1168.18853183962,-3154.61149774828,6173.85409522864,3803.57817530586
1735.22256449325,3413.9187314591,6312.30681980915,-3242.07989039534
-859.21251782591,2345.03221130371,5662.83958333333,-6874.84552796836
3007.05693288775,2490.20217667909,6274.99638385777,-2794.53973814773
462.934868920406,-2609.23704572684,1449.89081135,7689.35477619579
-602.295216719833,2847.30083976522,-6784.9243410978,-4372.10489297042
724.624187312714,2337.37772879561,-6223.54329996281,6059.70333879292
2744.79062212161,3041.61017600705,8130.69761350798,-68.940778788607
2553.97202368107,-119.553950834253,-5969.88009289935,-6083.99243446247
1274.31286566094,6.38961435456866,-6581.31382425281,-1629.30476864269
143.657227881272,-2530.29634385743,-2781.89190696367,-6439.6084570971
595.187163671319,-3719.80111600936,-5678.30531147853,-6543.49553072626
3290.06246052313,1351.34288302681,7621.55120881084,-1082.74043996711
2741.74694716064,1885.05953889669,7327.33829540699,-1642.95625102658
1555.37573575843,-2883.03104224145,-84.8783371788485,-7918.46681488911
-2805.77232984509,-1832.31563373912,6991.57668384874,3493.42671914625
1374.09641478774,2640.96724149388,-7631.96852746678,519.532366834623
2455.41319121698,-2551.67619342115,2985.65364647783,-6962.6240363421
2774.70185100379,-1492.93124346317,-1658.40465786907,7371.92684953877
-6854.035184224,2132.2107746522,NaN,NaN
-325,1041.72029021797,4228.4098040923,-6586.48371468059
-2783.59623846121,1574.86098878556,2832.27555478892,7047.79511427191
956.9105540396,-3721.78984951499,-6397.33084901502,-4622.0736422335
2588.72230173066,517.979345889111,-6644.40175988832,-4839.47648073172
8006.40751220815,4870.13910401186,NaN,NaN
2952.48860852233,-1191.26655377073,-8.71934708176673,-7839.32714545088
-2303.81146168061,-1831.99056275118,-6330.67800806708,-5355.22899851775
2559.58170609725,2461.96520699614,-8149.31915675607,11.3469104264282
2266.57113826817,-2934.1491691499,-5388.00955479803,-5904.13121930183
-277.658586739288,2464.46415269525,6099.77088591778,-5483.29703709812
2456.6121402198,-1712.42886700694,-477.314752495807,7663.83424329999
-1721.65334489453,-2062.91224934377,1594.33712209314,7107.85668078782
-1206.64054825218,-3431.42697673797,-6980.27046516954,-4297.35636692818
-2009.75067730618,2260.18203900273,389.384837859586,8044.44775484196
-62.9786593757541,1237.26725163835,3278.01498211976,-6943.25008400802
-2164.29328445136,3348.92780103107,3275.69046463598,6400.36061129981
-3004.2351798578,-1604.35169749083,-4515.19897829982,6445.88412750287
976.978997140252,-828.38008470347,-7892,832
-1054.84085565825,-7602.7569577596,NaN,NaN
849.772415058154,1442.08924476801,-1685.32570681681,-6994.58465341942
358.843889508929,-2747.55648759922,-6829.04472329139,1782.40506879025
-1549.02676994602,-2755.78708773133,2642.58359348447,7051.71964021462
-622.312237090829,2405.3641626362,-6352.27533158702,-4972.63405525394
2043.10011588945,2621.04976005065,4253.5200686229,6719.95265893499
-1957.19962314942,-799.596246300654,777.395818194342,-7428.74806698697
-809.405707508862,7700.31101315446,-50.7537122371685,-1629.4615966589
2122.77294339051,-372.557170169454,6494.61029134407,4507.51851011803
-2546.79359785721,941.297773732435,-6816.34895566624,3152.79916869044
1519.06878842874,2968.56849831476,-5654.31290918919,6141.79803231317
2709.9368872549,57.1052442102138,-3825.37146816364,6941.75807643077
2647.01505978698,-912.930467240824,7257.49375728671,2351.58320860859
7497.97727314697,1392.05306205536,-1637.11198975826,-54.8514061233624
945.08050037777,1563.83003519918,-2409.99385215395,-6724.98895547055
-6148.71207815454,-6335.61347898887,NaN,NaN
2181.01277181019,626.648135224281,-6646.66364484212,3040.99393493329
1185.497376217,-2934.53506028596,-308.427954848932,8011.69390685602
-3055.01547975795,-1148.32761767155,-1186.26415610503,7166.90669480479
-1895.27542188465,-2549.75121979636,1406.04940051601,8020.61319687623
754.180598219912,-1913.52833733355,2016.81622254869,-6839.280243984
-3510.5266921202,-6704.80744130502,NaN,NaN
-2667.7651827034,1081.76029905943,6603.42397691985,-3239.56405696453
184.794637215784,1183.62554067881,1709.1955853534,-7018.42695322519
2353.74415388597,-2463.72578152573,3733.40221623777,-6834.2661969402
-1498.817123403,1328.33794903364,6710.89992659446,-3148.88500853282
7056.4542303311,3198.90945824619,-1760.78865933615,-434.64151652311
-2538.51487929722,-1166.16705340988,-7082.12918653219,5844.22104003975
1004.08164455088,912.457351774504,-2590.73309854886,-7189.06851947876
-925.259696701152,-2920.32421729464,-1855.18430459272,7070.73088154846
1132.71006824236,75.1127181480919,-7165.5825960552,-3579.23093094439
-6.61127961809923,7894.88958492726,NaN,NaN
-2931.32224472132,-446.581290663142,6984.89210226025,7065.79825258341
-1665.58621412474,6731.71078666098,NaN,NaN
-3434.33337014453,-5910.31228315911,NaN,NaN
3408.72971119613,5662.37784253248,NaN,NaN
767.531663570764,927.892197233745,-2063.05251262237,-6356.07773120545
2151.01175309032,6669.07965878042,NaN,NaN
3550.70449323627,-227.974304689689,-6519.25962633808,-1886.60336626152
1490.26951102452,480.751750839396,-5297.2647136393,-7230.21840360995
-2983.80268192214,-703.380003798321,-7151.9194333504,-1873.24857550259
-1117.99968948364,-3644.25431294315,-8041.92360821769,220.426130441519
-2691.21169399034,1667.70610014263,6800.56167869426,2945.89440395876
3036.01904612869,663.434136656607,-2701.48521053289,-6736.56195330606
8003.74087239141,-383.410828329526,NaN,NaN
-716.749668461574,-2512.09863361009,6544.65490215534,5451.20583319397
-401.559222024297,3269.28053375096,1343.39228969493,7605.43403357017
-3686.89824103535,7007.9939938098,NaN,NaN
-1692.34938152016,1800.66813379441,-5334.27318542232,6340.28485548144
-1865.57599987773,-1401.42314784014,2149.04274049119,-6858.05586871339
897.54326923365,-2073.27450995521,7707.42587642896,-583.825570886875
-286.573797030228,-1911.44198001539,-6725.12359550562,3101.44238518494
-110.075908115932,-2441.39124303347,7017.56648365549,-1855.11860686831
-2190.22778850012,2431.6015625,-7668.9864909603,-1268.20038431174
-2665.49195213615,107.576406917572,-6793.17225465692,-3255.23103835902
-235.156364440918,-2499.09707009083,-7236.80153740311,-1744.91304397583
-3808.04135919365,1142.76141570619,-1164.22390166746,7175.78688265719
2480.64759905366,-1645.00010444519,3084.59265337701,6560.00751229983
2164.03763377048,2925.00589328211,-2217.16752699791,-6556.43923659837
-1618.49258721504,3517.91769664537,6414,6950
-867.223495836256,3525.58696515027,4807.41942957088,6477.85746914261
2476.61413784966,2104.94445299647,-4320.00782347066,6593.93016137404
-3405.97851769914,2539.39548136901,675.799487948099,7647.40895039009
-2272.8598993409,-1669.3436104115,7578.91530899446,-6614.27590394347
2479.51392543351,1063.6025644297,-6687.55207046836,3149.44254059122
-3592.55902416088,146.521854560916,-1364.95571453652,7012.01584327813
-350.060887414823,-47.5613524165467,7226.21982169057,-2397.74502715844
690.322148509571,2487.38798293553,-6745.56154776301,4856.01736867574
953.910120599368,686.608889143988,-7291.5255884408,-7260.2801040997
2425.9914319439,1109.4702837539,-8223.41463126708,202.281696417109
201.124908552565,2541.30456618188,-5097.27872507113,7026.88173874442
6613.13499830699,5977.50188545362,NaN,NaN
139.972601823014,-7757.81506314873,NaN,NaN
1494.94113412893,1354.97879636552,-4473.00871360474,-6354.56311231874
-2349.56773776855,-545.45202002172,7263.35638680574,1341.00038207855
-2866.04984410533,-6594.48477349527,NaN,NaN
222.125561363162,-7611.80927215351,NaN,NaN
802.484631436501,3157.95687474931,590.266479325668,7430.47555448
734.595469627307,3515.55188306628,7510.0273770454,-2508.81076179148
-4076.81566017964,181.796478178158,-801.393618719918,7360.22458864822
-2635.1165742408,-707.585394120955,-4828.67103145436,-6958.3729718246
-936.622502413663,-3002.04461104362,6461.09179569612,3803.16218126102
2548.668763294,-473.899859884511,2627.74083165963,7161.02804094809
1441.87573468701,-2484.16063267724,6429.42828450289,2177.93160276511
3271.91453351801,-309.61820465891,8382.76071107762,-1218.9659179184
-2947.36553138832,-1639.24725242075,-7432.0897597711,-1046.29041831514
-2109.02549603391,-2555.51284737773,7979.31958970757,-1303.70629315401
2873.09889025463,1496.60308479287,4995.74778713517,-7178.29814129079
2745.05500183478,2900.6218000868,6950.07280465345,1908.58286273643
197.633991496316,2630.74807469779,-7290.40683357392,-2832.1775968436
-2890.55428340131,2288.1080882574,-673.404944598173,-7613.77699598053
1463.39003102639,3091.91644355983,7113.70152865415,-2713.54835034456
-352.047328199098,2818.93923921368,1024.02525245679,-7484.00455304427
2042.65472560976,-1758.10921937251,7787.12825541077,728.275526428997
2795.86700131962,-6952.41632758641,NaN,NaN
2479.6565995915,-833.267875807141,6138.46944036716,-2336.13094872252
-1844.12052693139,2353.86908940182,-5299.23172570377,6278.85249036578
-1974.93268792711,-2611.07044597293,-6688.23287200913,-3390.53801864326
842.249934222127,1424.35210686784,361.02833266853,-7924.3374243075
-3912.78038217811,-0.013214111328125,-4254.05689890418,6634.65887881319
-2996.48113945595,641.214025781638,-7490.50731810446,1528.44620632168
-5017.34749410901,6685.12917912408,NaN,NaN
1326.98112199523,217.783982555318,-7023.39658570548,-4641.15697313123
-923.125656708497,-2160.57945263089,2018.81245126213,-6805.1456681694
-3170.88689835162,-479.193204114956,-1415.38027885401,7737.15695318255
1245.63405479294,2353.51840391569,1739.38515070604,7552.26793696099
-1622.69468187465,2680.32802234206,-5648.87115627807,-6106.04146375343
3565.37435947774,445.41382598877,6384.24728670063,-3550.44513522723
-1579.11084592352,2366.27182919481,-6617.20595434687,-3604.44309605961
-526.568570093564,974.17966498543,6278.12675575872,-4759.38715076227
-1160.22954280304,2829.36023854274,-1449.61481951491,7293.62638425468
-586.619214008309,-1004.41614538969,189.980988801657,7290.78583496668
6815.11163079156,3632.95998323534,NaN,NaN
3470.94299790444,283.169597305225,-3695.38638754229,-5678.35767072224
-1915.72768711464,-2577.02675434678,-5352.28474690393,6336.94631865327
1132.6012436328,2270.75306125618,-1295.73847049033,-7325.77416607912
-3143,-2007,-6599.33367604717,6055.00927727027
-2332.26525910129,2431.62478095794,6743.8714274119,-4340.68622641791
-381.767753454355,3591.69260881556,3398.37735803333,6632.65851323644
2513.83401057405,3624.27641049895,7367.28639580657,-2329.32351923702
2214.14380392124,212.2470703125,6255.95921442046,3706.51125902861
-2266.74207624551,1055.96873501406,-2150.22455637082,-7321.34853221662
-1710.22992496011,-2271.9951265218,6743.79832448485,-2729.1103156543
2251.28064262867,592.466514314169,1834.36153823842,6776.16542765189
-972.356024313248,-571.770610329721,5102.72542267826,6886.49169089161
3355.02468190178,586.29406007707,6563.00660211268,-6626.12797147216
986.176734159449,-3311.76038505434,-3398.50980043856,-6769.76594122421
-0.364388156733483,3072.28961604644,2300.95300484527,7376.23963673218
260.779391309743,2555.92883687395,-983.686040486375,7543.28189264153
6032.94445504342,-3667.775900794,NaN,NaN
-74.1254090983721,7099.83645336138,NaN,NaN
-6930.43688690911,1601.60836319907,NaN,NaN
-2053.61938350065,6448.7258485256,NaN,NaN
-50.2091031199113,2568.18044565772,6265.69165356463,-3267.20088928623
-2323.95973555791,56.5247299916769,-2432.48904803784,-7302.62512328923
-2479.36071306867,1530.46263007992,-6893.69491191165,1993.87285045569
-806.063756934145,2564.25561523438,941.332462086397,-7676.13366451757
-2930.19997520901,142.842779320407,-6915.26141190513,-4001.69780662103
-2037.04602048456,2915.77687988281,2085.42756377708,7706.0570460181
3321.84667149204,-722.866173589667,7072,1623
1020.21781671817,-2837.1480234961,-6929.59277350492,-6443.04207375902
-688.778541602525,-3456.47499019667,-2104.56017018461,-6988.78231762574
-2569.7501524227,1595.05596590909,7552.55639133813,323.45880795749
2433.97270345914,-2907.943789791,-6878.12381902897,-5475.50988259692
2082,3284,6966.0199426663,4377.36033422977
2396.71813077442,-177.712343866954,6504.40864709097,2704.12616964211
-721.482377647876,2738.61323571503,-8394.99861869129,-372.257958306207
-2750,908,-6818.66964538764,-5620.39777425155
229.225834262423,-1102.319919997,-2179.05685328562,7009.02182437134
6637.00626655252,1644.83165994612,NaN,NaN
