complex_small_real,complex_small_imag,complex_large_real,complex_large_imag
5026.91407425258,-6390.38335036007,-1314.01617242081,-3284.47167566909
-3424.70889770508,5342.02360794648,-5128.39821480321,-887.869262682618
-6338.74633370321,-4900.81022751282,-3215.41341808632,2947.7623240263
-432.885240971647,7368.13451220305,3546.57758259444,-492.598258972168
-1284.49029087111,-5808.02471286696,-1402.05009331185,-3314.81874968481
6678.3766914803,3366.57967972993,-2014.67288212765,4376.91724066558
-6329.54970269525,-5967.35363216463,4372.93192987333,-1302.64255430172
7447.11339555216,3260.89770805717,-3181.23420996691,-56.6317240636489
-726.64272115607,2451.5386989662,NaN,NaN
8345.98188022242,142.480047769104,1322.24155350544,-1048.00303671709
7057.09325446506,1372.73158288023,-762.671611042123,-4265.16759903075
585.71308967915,7251.82797983692,-4442.96417357245,917.276676645839
-717.868926829385,277.692000416974,1054.41153150814,3179.61214300228
393.461328738543,-6945.21111322539,-4203.81878341821,474.405828640194
-6869.3447407109,-1047.47266454763,666.968062155035,-3985.12160119804
-5738.92804662236,-3342.0095231807,2150.54815521798,-3770.72942657356
6467.2677047286,-5669.53077485357,-2490.05796096527,-1222.74690913807
6122.95574220205,5553.88895576597,2239.92058860577,680.905631028969
-3602.12495904288,3875.26747431986,3457.08050526221,-1228.79404943919
6378.33361784719,-5003.13347013079,-195.821411929171,948.851276959977
-8073.89437036653,1881.79999242624,-1841.92532284476,-1705.26945379431
758.019028109174,3914.8543393178,NaN,NaN
-3315.03963173789,-5922.90858387909,-1313.1701833297,4109.28092704655
6175.27313419094,-4295.5723170095,-3145.71278272841,-1332.81442804639
6911.48332405411,-2937.21225968895,781.696989679888,-4026.71107949133
5117.2738119539,3090.98870471639,-1899.87614361652,-3201.48729854139
6827.14620129436,3994.34243924228,-2965.89934954882,-412.335428279262
-5686.38904280544,-6096.69212433482,-4401.30909403176,2193.74617506106
-5478.14911033968,-6413.49841346741,-3343.91549791244,1993.04518350876
-5666.84153054236,-1591.02227853623,458.424901689802,-3669.25923029689
-6235.13135354962,-5825.40643414511,2935.32663899438,-3974.66684733199
3932.70235194436,-1866.80304024436,NaN,NaN
2558.18180336813,-6679.87401977861,3034.69389839769,-15.1564331054688
-6891.95829338137,-1559.54328257711,-1450.84225533591,4401.87429582045
6723.88028417232,-5151.77953476296,-2158.61693494876,-3635.13147104233
-1989.09692082407,5354.00437675399,-2871.16781268713,1983.93585242327
6332.71907466653,-2731.78190745975,1680.14363017147,-2300.1130267875
-4770.20458507637,6533.27386715671,1265.68295384199,4355.44771663794
6503.36100234138,4949.71638796131,1402.94548243484,-3294.79745869082
2425.99388586957,-7449.38663313695,-1780.19944792101,-2891.07651236271
-1997.09585840164,-3800.74200061254,NaN,NaN
4537.99856924297,-3551.34865432778,3931.86881377318,-1371.44720767959
7265.06611852407,5475.81449248184,761.992567308402,2411.31920557058
-3849.37355859401,-2624.59270753495,NaN,NaN
-84.389669770176,335.036983596944,-1042.74122147303,-2867.00945882429
-2373.98538583995,6124.91185541676,-3124.51725068183,-340.643647129096
1944.47380075286,2060.4263005034,NaN,NaN
-3220.08429240359,3732.80329677957,4717.00675139632,690.614463806152
6049.97342771715,-1565.53125,3068.51978844116,-2360.51145285845
-643.060748931786,-3562.62061152262,NaN,NaN
3674.50724215901,-4302.58226976202,-4089.45873476619,326.315268359416
6268.87696661117,5939.21866295265,4746.92086630502,-1966.56552874775
-1677.45712196407,-7653.97372096278,2322.46268738852,59.6080094380806
-7450.05567644234,-3818.51203189605,-28.6716423782648,2866.4624868873
-6835.27470683442,5141.13082790224,-2151.49791110937,-1097.20667075231
-179.555407191747,664.698374263437,3510.22706090008,-2246.76288017415
3832.62672749646,544.547454064634,NaN,NaN
-2651.49432764707,-5966.36586084641,1548.2195442942,-3846.82725781128
2456.26488367113,4552.39193382263,-799.196076185807,3740.2533028475
-1921.92598487566,-2257.8773021066,NaN,NaN
6592.8997743538,-3472.26177954688,-1574.21166652214,-3836.62550682221
3024.77433148976,2575.08046426553,NaN,NaN
1274.74219084869,-6411.06731035917,-3663.18475724639,-3853.50075045927
4319.28096809641,-6493.66261930885,-478.892410698637,3099.05837863283
7531.6874096056,-5444.00635471239,-1820.91460193146,-3035.82397161822
-612.08245820199,-782.790100097656,-1624.81675226074,2836.94646141122
2891.02941834006,3657.43128518181,NaN,NaN
4924.04638176252,-6508.40356767072,861.881915340379,-3568.76854744587
-6887.67922869858,1768.69192853424,1703.61268166388,4561.77941747385
-4985.84869507577,6320.6417006673,-3507.96148591883,202.293395996094
-46.2980804443359,-7479.39195000099,3922.08451077976,1559.20064810771
-6674.11506810939,-5182.46871361315,-2431.31437711238,3500.60910184
-1411.69877185387,-7277.52820993221,-2017.93712343811,-805.121661212815
3187.01442292669,-812.778059156333,NaN,NaN
-1078.19111279509,-6133.33027393637,2622.40233405658,-3174.65394184534
3561.84774983408,-5498.58447478006,-3425.32542504764,211.66884863071
212,4370,-1183.09668240837,-2285.07224589033
1734.65030147775,4989.65100605618,-1974.65034179687,-2984.88965433818
-3595.95427440853,4023.11108714771,-2956.71720909185,543.025848388672
3097.52477188977,2748.30555442612,NaN,NaN
-2663.35968780518,478.218926118768,NaN,NaN
-6215.11161924275,-18.0798873901367,-1979.80935168701,-3720.28780926816
-6480.17964461271,-2327.41657936218,-1179.65769340492,5187.23148012007
-726.371097650534,-7148.5555772312,-4894.2327057822,-880.338985897691
-2355.84379419543,5850.88346644241,-3453.91226286513,-1171.39759714222
-4595.84269556222,6594.609160885,-1548.26231846443,3120.86907012219
5137.91050644484,3081.82291047511,-892.241644316947,3578.11124564219
1785.69885091922,-3549.25011488837,NaN,NaN
310.52294921875,5793.37090166656,-1322.87089963354,3971.53124404923
2605.45316569621,2976.77043824971,NaN,NaN
5901.8793240401,1834.48907530572,-2157.20378795496,3264.29911013742
371.505638122559,-3030.1756446289,NaN,NaN
877.468139648438,-6322.75493396713,4688.18314286931,683.382949249252
-7176.11374328277,1000.78388230006,1017.28737366309,-3832.06214952104
-3064.96840868521,5623.96719122261,-4049.2721091965,-762.515111912623
1614.93029823807,-2064.14579755815,NaN,NaN
-3826.70274677522,-4867.51940609576,-2026.74725073753,3659.90259361795
-3464.93531607602,-2411.11012430421,NaN,NaN
4179.00977885588,6218.33899727965,-3866.51792870337,1267.01126149361
-202.919448162096,3413.15308962151,NaN,NaN
5799.09958778053,2269.44036882379,16,-2723
-6382.94927600925,5600.38151369105,NaN,NaN
-2157.33908190799,-6622.52882550238,3022.13768723675,-4124.32772228378
6958.13702436507,421.12771112741,2152.72660054723,-5069.91060517926
-3791.42975576189,1464.64481161807,NaN,NaN
-4348.09937770061,-6565.52699449186,-2801.14253094134,-1077.66463728317
2714.41921316151,-2009.06526089425,NaN,NaN
-6600.86132953502,-1029.95053114132,-3743.98031421229,2092.32358659026
-1105.14304774978,6703.34985117589,-4266.28856345757,-496.049602013976
5613.15451845945,2972.93341896522,-669.700927384102,3843.61772303427
2949.26823376143,3270.70806212981,NaN,NaN
7121.38381307048,5835.15199521902,2268.15016616088,249.404906656342
-6002.11254413678,-460.19864404898,1060.13894373149,-3927.73690870679
551.751695677434,-6800.97822705326,-2023.18221661985,-4197.98691157256
-2279.04407577557,-1916.38226924411,NaN,NaN
-6414.33290135478,-3307.22848609883,-592.972519468045,3109.03296094228
-4870.40577829726,-3291.59920097205,505.65116010253,-3604.49827758193
-2150.06014242002,-3691.55155841952,-1392.63301561238,-2823.527738854
560.965472610903,726.400190104105,586.861900977839,-2356.61056581986
737.574122202078,-6925.24293118692,-4644.67362947642,-1497.4647567367
7518.71387122995,684.763207912445,286.76302160471,-3944.02674981787
-3126.68388117974,-4282.03873374633,NaN,NaN
-7201.79411008614,5428.64429871853,-3437.89292787887,1318.3203131692
-1303.13037109375,-4535.51175730096,-1449.32478540945,-2573.10767450566
5714.62326407412,6134.91511876133,4176.33224569104,-1622.1104334244
-487.306777166089,-5255.06167135982,1112.27193878987,3323.74877432387
7232.04789381379,4143.6648354929,3105.14947025487,-2806.20236024579
-6794.09806275975,-125.683212280273,3765.01166763538,-1856.91747018812
4267.77413849155,-4100.43936116927,1413.89179104665,-4639.43671228964
5031.06060422145,2231.14108035506,2024.30472409986,2828.19483051223
4774.02069566858,-6364.4271572955,-317.46762375936,3020.71029469819
774.629419720126,2778.99927380708,NaN,NaN
-2215.53170289474,5375.61760072662,3697.46726028891,497.528644823048
3373.5909023329,1333.13073395219,NaN,NaN
-2281.32275216431,-2955.21101691037,NaN,NaN
-1789.06000482382,6001.08884098769,-3372.59329156889,-1939.32636937555
-839.424644972149,-1865.98473613196,NaN,NaN
-3522.109837213,-6473.71620666802,3624.52745391312,-280.402268960442
3549.27465642376,-1754.11492044219,3588.60543132743,-988.648827039278
-5819.05553168379,6598.66060951913,761.038131971038,4269.93447416727
-5655.2047488964,259.094863380792,3734.17156687716,-1739.41424967505
-1806.16773258011,5959.93556115928,3898.47042597708,-72.9997482299805
-7141.87688175996,-4026.03317260742,3403.8275752284,-2131.44460835999
3833.22802519472,-4097.95369994297,-3191.41270651468,-421.612566735247
5243.93018185141,6677.0257918463,-3561.5183209169,1408.68254329162
2802.69061733834,7315.80267781717,4831.05540667345,-1164.05576556074
-7078.93644201927,672.543671251576,2870.99788304993,96.5803527832031
-2604.96273142167,-4766.77494317828,1201.7605850883,1798.03211137701
-2044.5737775966,-4451.48351240491,-2219.28697405144,4020.5585911022
-6704.85394677712,-5379.35172475194,-4343.13829882431,2271.2899331963
6685.07174669201,6200.91521338269,4050.11916380737,-1861.60773354863
6765.35221717041,5312.61560562661,2202.36311416146,1574.29599944328
5890.20629027316,2700.71106090774,-3162.37885862408,4677.61522556402
819.178426150023,2425.11984745147,NaN,NaN
5902.65153971888,-2448.01584143083,-2793.92384642738,-2975.24877735411
5059.39027544274,-1915.01865047414,-3521.93969240312,222.299141261408
3769.08514390841,2905.72105600481,NaN,NaN
2774.52957772733,7275.9804676995,-216.733209361189,2045.85514875476
915.546797003461,-7295.53077861806,-4109.12738058641,-1486.8897228241
4002.33089177299,-2354.97388318669,-2332.68098285775,277.950073242188
3855.0015517322,-3941.8614966838,-4062.80048260606,-1020.95547949905
-7032.60405083748,-4433.41897172934,4224.45274620123,-588.391546259128
1912.84277786181,-1969.06959330303,NaN,NaN
6235.95159485328,-6519.59186404596,2665.40952691223,-1054.93135403351
3176.71204579197,4869.27880245486,1180.34522908282,-3459.97714864514
3777.45875305358,-988.303562273977,NaN,NaN
323.546895345052,724.295219459344,2467.81232678256,-2406.04129645731
6021.48715049342,-3868.83269561605,-2350.99401082012,-4153.55242680067
81.4185180664062,504.641048338357,-2069.60720476252,-2867.33565909069
5925.17284122054,-4915.27543225158,-2522.84917222103,-3042.36342173987
-2116.09542401714,-7356.84134660895,-3709.20618662871,-1306.65419953634
-4167.96878177034,-7658.52076593035,-2781.70703624369,2704.65134432561
3493.27205791443,-4153.34956515136,-3599.69446999114,-668.209237896515
-1892.30763597607,5764.67170983468,-3181.06838923691,37.6077613890452
-4127.92330261636,7050.33950041877,2701.91539987397,3135.73423302077
7678.51159876105,287.128050091061,-2742.42418266136,2071.42833336673
-2975.71181076066,-193.302688598633,NaN,NaN
-3684.76221641299,-7759.08216183123,-4190.87339074954,2691.2026223019
-2815.4788159571,-7147.02281266033,3737.70769149822,-987.766196695963
1018.86525859767,4619.48292201063,-695.60160753436,-2085.88572232513
3662.52874804186,-2590.67639500825,3743.55469260825,-1220.29431087429
-2183.51854243412,-7139.29246797146,-2416.52496562503,-985.101691618044
-7050.28817238564,278.6171875,-2875.25639718736,4190.47242070437
7335.97663834906,-1182.69949024466,1199.13213267924,-4353.338930774
-7108.6045071323,-3798.39603804043,-838.285435681523,-2848.40027423238
5590,-1696,3793.41918187417,-926.181433603588
-1228.67113340022,4762.15312515248,1960.01919000852,-2820.03499181018
6992.32584792383,1971.80640559115,-668.452509690033,4047.01199846538
-3964.3015875833,2695.50905098043,-4309.73937567541,1036.33966688495
-6174.20184704419,5830.81367022475,2950.5569582505,713.984793874688
-5875.46370426049,5931.77831520731,3002.00265161733,3702.26676261995
6209.98678650526,-6256.61465852871,1585.60691519458,4068.09917666465
6760.11900518918,2202.7158042928,-289.847819010417,-3789.96519100029
2963.84745466098,6232.47905281756,4079.1058086441,-960.144838726901
-7190.25245681399,372.475297682185,-2270.44149968731,3762.6594689785
-7081.99860654567,1642.38724874961,610.19650639036,3538.0171422361
-6572.42325696512,5898.29747877534,881.032378736593,3779.65133280453
-6104.88880907993,-1150.10094841445,-443.724446503295,3313.06102799641
2545.2311286191,-5622.72182619138,-3200.80149873006,442.526962652439
6761.63515967175,1368.35282079646,1240.86270355953,-3809.06382286116
-1013.13853109798,6683.08717904418,3996.65444030762,97.1874796549479
-2938.23622493441,5167.97241905218,4024.66684371374,1351.57179812502
6134.81138701138,5750.17384720577,4008.84501059388,-1890.43668403109
7156.87722712296,1139.42507417156,84.9217339409722,4962.09764858984
6988.25657286073,30.4087219238281,-1466.11642529143,4241.81085894909
7390.38708946275,337.680466239334,200.994379923015,-3214.60274660453
5869.87769579779,1127.45679621986,979.505319381683,-3917.13314311375
-1197.91734192666,3905.4344710607,NaN,NaN
481.348895141906,-2975.78947993942,NaN,NaN
-99.4178533276865,-3268.82732257649,NaN,NaN
7251.32623266911,-242.623863220215,-862.68368057976,3110.09373648226
-255.297706403968,3002.94183765007,NaN,NaN
2643.74539917517,7224.41958304898,1420.89115052865,1980.11326193368
-8.15104062493975,-6286.30431129833,4348.39055268534,-1661.55588308231
2643.01075022503,4056.24378344637,303.40436795193,-3674.4881506583
-2209.14510240441,6298.24765896097,3901.4794309921,627.953252484722
5927.45459395556,2374.62848127533,410.278382250925,-3697.59431450887
536.171160567135,-7000.75192149128,4564.69759374887,2289.99163456414
-2617.14232233905,4771.7565820365,-4137.05081315908,-1857.50925673068
1238.29336487814,6938.32194997429,4034.16865621508,-1760.03667188616
2213.78862571054,-2458.21264124118,NaN,NaN
-7441.09375026844,-1329.77536570191,-2626.52534246799,2672.83538063409
6552.42033450704,5315.50005777357,2831.25846787401,-2968.31686857942
-6312.15813073563,-6247.6870050207,3951.11764129962,-3321.9997046718
-6414.44516660913,6328.71565025828,3096.53469104017,2571.616159487
-6388.75822363382,-43.5999216604819,-1292.59452883434,-3710.09307657959
3838.70842929812,2707.8233944438,476.96875,-4501.22260406698
-5755.61209655876,-2495.09694791533,642.320697248894,-3522.16455572365
7694.13638244416,3523.1616383229,-2155.89554846367,1687.29799727257
6236.62551046676,5624.52555652091,-2623.88815874392,2067.4057892515
-6680.2897971189,2368.87626549311,-508.660045230582,-3592.27099028582
-7523.78205383971,-4219.34156493214,-1398.71660970985,3231.58450091743
-4405.67348023892,-3059.81681377514,-3908.43758139976,-1663.15481154567
-4348.78111651124,2167.84228212332,3656.52084282071,-1194.2856452239
-3143.02577289038,37.474739074707,NaN,NaN
5510.48856788252,-5909.35119502617,-2978.47308973486,3.1834716796875
6408.29556939857,4906.52618837946,-3548.59912883513,1198.82078255661
-4941.58374632161,-288.649534565444,-3521.72762293939,1678.87379360199
-7487.66341650772,2312.63865481966,-396.256713867188,-3804.31437408692
-6057,4211,12.829092843192,2861.27865344786
-4905.18634696963,-7588.1903145536,3533.02635308532,-1878.25159940945
5638.72563852587,-6932.90381607301,-1143.44960461573,-3436.01114033578
1257.6221931984,1533.82618087558,NaN,NaN
1500.56969804523,1636.08581347752,NaN,NaN
3656.51694768211,2508.79571459705,-3656.05539310555,-1646.97473120923
-56.5234375,6619.15361653731,4374.51148771173,858.714687982443
-5196.53752385474,-6486.83150327851,918.871641194296,2904.07504035884
6818.52618622051,-1952.88031369795,9.72174072265625,-4616.44943776057
-4147,-1730,NaN,NaN
1817.56683579931,-6662.84979008282,4233.67976615377,742.448406379764
4447.97287670731,2206.00469992951,2530.9497115026,2475.10677205023
1785.53582119567,6747.18324339711,3056.74090803149,204.79940032959
-2074.19282051654,5421.59163628514,-3602.14857922991,-3317.18911902342
-2474.70290823544,5663.14508431428,-3987.71767247296,-1557.53557002389
-5858.56678776236,6303.49840669584,2422.21643273305,3655.39157187956
3305.36788691428,7089.39812821228,-1991.97415492046,1733.97183723918
3104.25868105919,-2205.18614381091,3626.87688696055,-1584.82809039534
4970.30188409669,-6627.48490940422,-2067.13911677233,-2905.72308444369
7515.43284919771,4396.49021006587,3310.0640649,-566.163177273182
3895.49208850023,-7450.80989324819,-3313.57870706782,-2272.02269871334
-4141.01246244426,-2070.67171105611,-662.9052734375,3666.06160655855
-2367.78594742345,4574.98054576737,-3644.28796598709,-239.853307234439
3982.43745980383,-2867.96198386368,4332.73954467972,1212.5970807406
4686.81896244728,-2413.79219151579,4257.6139162181,-584.211960051241
4656.90026568846,-6588.83054654978,-2243.22902302228,1080.3090469521
-3205.82005440594,1081.79222753592,NaN,NaN
-4203.19550508019,-6503.27719216487,-2569.21373172506,2178.97260354296
-7545.60079001953,-1705.56210800599,-1676.82274094293,3127.10768902269
-7022.91393701989,-4153.56147598281,935.024889685359,1821.08928459636
1432.98619479876,-3238.17080971644,NaN,NaN
594.003394094696,-5388.74073892911,-862.23787790203,-3483.70555786721
-1973.02275208953,5125.85956538615,2995.10135877975,-2997.88529815099
5264.33458989525,1370.30197282968,-3698.64560505733,1424.57821630041
4910.45369815873,1979.05563362088,-4168.71481860081,422.545488125398
-1109.92336971432,-4481.50089290432,-40.7464599609375,3688.53528617507
-3817.46670301807,-1648.59100307238,-317.805702202999,-3401.3902682113
5077.66931571945,6341.17230065389,3126.67438025955,99.1662703804348
6406.47709808705,4986.82793101202,1562.77305138726,-2944.62289250654
6793.08948703983,6602.93321161938,-1661.90776262775,3178.20085701311
366.553085327148,-156.265647902941,-3962.32823267598,7344.14377809292
-5342.88155331917,6402.75166249105,-1839.91642748491,-3388.18668645349
-4869.14507247961,2719.43305885977,-4731.87506143198,-1713.33415490407
4623.48453058948,4516.30476071208,-1303.8184574083,3308.5311134835
-6846.2534795697,3802.48072791399,890.967921313243,4400.48511092503
1633.60743675031,5150.62921684912,3471.13639223395,3123.56568954865
-350.344644854146,-7110.77429763963,4152.01894177092,737.681902532708
979.610430650308,5358.32376826949,162.051790981684,3347.35292885418
5819.59276064163,2624.34962982402,-427.487542244598,-3885.32758164172
5503.54188393385,-3388.1331676137,-3381.68223152354,-3505.03196813602
3084.27853056113,4921.19241185944,2466.65773526583,195.257174934597
4089.14413206862,-2069.73764258555,-3759.52955835556,786.748374496127
-7413.56793272782,1750.85521634826,206.598693847656,-3616.69496440413
-4101.93794960006,-7022.81170699281,-2590.15986619163,1056.5186160353
-2623.60027787717,101.892090292538,NaN,NaN
-7364.78304221571,-837.000251408985,1851.8772503496,-3038.81516888026
4883.74722172542,896.416027595123,-3582.82302109604,1061.24251684368
-1229.86644142804,-2176.11802708544,NaN,NaN
-7520.51499745055,-1080.41964112664,-42.259393144362,-3639.05892129092
-4877.52865338436,6248.24891254961,-3261.37922670923,-249.316918838425
2860.15750099027,1647.93033632707,NaN,NaN
6314.7746447674,-6159.60582213215,1008.28753652152,4251.50523024893
-3120.82957663053,7471.67270970443,-1933.43670314006,1073.4975010741
-2834.3311704291,-7221.20724876168,37.8713780094738,-4014.31675446585
1298.50106612496,1985.91984320562,NaN,NaN
7273.32066419095,3654.80274757179,1645.62340976398,-3050.29676118626
2489.06169301962,6637.26388414699,3716.92800664317,-348.094964326318
-1556.30740134186,-3873.37334563388,-210.387556219312,-3349.14342395493
3474.73029298333,-2212.48098935554,4420.8380749585,-45.9062643784743
-6918.07245056118,4084.09115466457,1229.82714800067,3211.21002009167
-5677.78839340966,-6638.50998358318,-915.245804730584,2720.58671452832
4916.86257045463,6188.58543977731,3682.66889054936,-1841.72143372493
6951.30953676166,-4626.76438575622,-1974.07287644788,-3788.51808680085
4962.59597183391,-6981.76200692669,-3170.88309486529,-3358.93039927604
-1463.85316996004,-7245.317953573,1915.34524659998,682.541654101501
-853.59405697446,-2819.16621679433,NaN,NaN
-7402.99081260211,230.646301269531,-543.352665030965,2247.01687187508
-4614.56621649489,7287.21653154758,2987.12378114843,-1182.19096009975
2157.0293130349,-7107.60056499817,3893.27599791873,637.458860124861
-5768.41958594307,5999.30661957893,2959.75509310023,1209.21213083323
1462.04417442272,4045.96592730163,2039.25047440873,2460.45982984867
-1495.15620479198,-3657.60660931536,412.649828664915,3478.77204590619
9.90020751953125,-6580.79374543895,4171.26592686166,-209.129672407808
-1213.15460938264,6835.79558197747,-3688.03612310306,-2958.1206082347
4240.03413986156,-2623.87618471115,3867.37395784691,-816.044188818956
6380.26975645437,5385.26031631219,-3488.12595389849,596.907821170029
-4925.75057789951,-1398.63902112917,-2522.00032008601,-1996.92037607695
2321.69544744724,-5971.02915639765,4029.08859507596,2839.17440259447
1546.62530804731,3251.19586452832,NaN,NaN
-2347.80194337943,5134.71484963194,3770.84259936698,-102.553389026273
-6890.83894952468,4122.14511553231,-1253.89227627043,-3021.42332922056
-5344.7858007503,6588.56069208531,-2555.89434257368,-3785.4209157394
-4334.50497654731,536.067423283641,3268.66634795679,-393.546832540761
-5339.79678012454,6171.79211776723,754.45328778879,-3128.58638414725
3890.66613697986,2902.76069599873,-2901.12146613017,-2250.71587832523
-2554.82899988065,4772.28278399515,4342.73687715968,819.687009863131
8399.15099862777,1140.16713216279,-2348.70493713088,-34.3437669931144
-6693.3953175315,-1926.23077058516,-4737.30864386626,1489.68143539625
-6902.74617057622,1817.42570525792,-1637,-4804
2863.46046251717,-2974.70952449527,4110.4694213925,317.968732288337
-6470.50231170654,3907.54968026737,867.161858349173,-604.98294331859
5782.10918569469,864.201371118036,-2826.19440114734,2350.67352383174
-6310.87660206759,5512.76972387202,1728.7045708469,3005.51121587382
5170.92218621472,-6499.14484775974,-1780.19081691387,-4346.78250171991
-697.386081675584,-5152.94797737464,-1042.7289921223,-3055.30926555951
1573.8740167415,2635.49014245331,NaN,NaN
-5789.21850060876,-6003.62587407181,-2106.29337266679,2243.07879561927
1504.14621933325,2795.69640365372,NaN,NaN
1254.93754337988,4730.05368880952,-1878.6501213941,3048.12266677429
-5077.24636900638,-6598.00169293748,-3525.90741870277,2078.05686413142
-547.575782775879,-5852.28244657141,-1478.20769230693,-4047.02491892948
61.7501831054688,435.432379487985,1950.54157038707,-2903.50654392665
-6823.88826926117,-2012.36381435317,-3218.41062864828,4141.21047354899
-3294.49369383301,-3347.78529171842,-1289.73081300093,4655.9630748055
-3982.43981184635,4330.51621250515,-4550.40442932232,845.938491763628
5353.86531180246,-3560.03454815838,2688.53285486842,2452.49190285197
1840.45286646352,-5855.99408798828,-4337.5648336785,-1702.33578604039
1187.77703557711,-6250.77709214654,134.204290400552,-4117.10772543609
815.129318237305,-4424.10722869643,259.539047757077,-4234.11962745073
3189.29462481287,534.382056685796,NaN,NaN
2386.23084820347,-4779.87676146301,-4360.18606810389,794.993835326999
6587.96161905579,638.722620939845,-541.011906649882,4636.02620533683
4907.04007952898,123.255212211822,-3607.15151129339,657.957722149886
4946.05059953724,3644.87224634747,-3913.48455863552,1983.96480227899
5411.72117560072,-6284.5927830623,-53.5248100466844,-3494.30277161679
-644.612051104972,5057.42701038397,-304.271708403741,4293.66695364999
4725.51391693413,7378.73601088152,4002.13291822502,-143.060316032888
-7445.29289480257,-2516.35321530772,2150.48505692077,-1673.07065305068
3676.01922895819,-2048.13287809312,4201.96754301682,-507.812938711778
-5927.7649938223,-6800.98353273055,3645.76335684766,927.186300372623
-4322.83794313514,-201.243259853307,4283.67249723306,-1470.38287510733
-6400.09519632382,5446.48699940706,-1655.0740615354,-4315.38868030738
4350.21980362775,1438.13294349636,-1673.58237856684,3960.88381343907
-5996.57166161352,1182.13889805306,615.366191587036,4405.0717023125
5128.82069723119,-6796.12044144251,3089.10793932857,2790.72288322699
-6582.28469195996,5217.75878988161,-2025.22867328942,-2922.36467547473
-3656.4444817804,4269.37715753658,960.554069215679,3684.38722552852
-918,-3232,NaN,NaN
-837.630653381348,-5627.27793902435,1124.01763867098,3840.75644649949
5535.88407257992,-5851.60332451133,2597.45964394346,-475.290165090315
3063.40606885089,4284.12717508237,3722.07935193277,684.913268188695
-5955.89047061258,-2196.01924505253,3339.29798242584,-1021.95754928446
-5827.18665860427,-6138.25016372601,-3384.53520119826,-319.596480500912
-3002.8432704699,-4787.43289849286,3751.17905986332,-432.6669204518
6491.18403243195,2223.91665884165,-765.07517602414,-2908.9466854816
6470.21362695685,4780.16495667544,-2093.94451352091,-1493.83444661921
-6911.62214771464,-5999.87158727874,-2543.62637307094,2198.75583066367
-5155.01299155079,6386.78187048559,-1544.29870431583,-3602.04089053676
3453.73993014558,3000.41102072259,598.677064192923,-4469.73104420272
-875.192321777344,-6506.54966148552,3983.6203892157,1151.30637520286
4898.03905874524,-6300.43497226681,-696.562785346152,2894.2526904424
3393.86919033448,-7204.20819270027,-2950.6391073593,-377.29731725244
-2518.77016501367,-3953.88097339123,936.004857923448,2969.80477763847
-6656.93299877165,-440.858057151731,-4562.79415526146,172.563434717099
1684,2392,NaN,NaN
-2642.3233007513,-8218.26704164049,-1101.45164499149,2104.54559931187
-6387.61000613669,12.3906860351562,-5206.70438983206,-757.422802701355
6489.97693662381,1224.3131766885,3830.37728658265,-2865.48982735734
6070.94151306412,334.024630628867,-1292.35591697902,3451.15074551102
-7159.39831735888,2252.20678493183,1677.6940273672,533.874187524604
6966.52229210531,5351.77737483391,-2781.73150048159,753.172805201081
-1459.2420816684,612.728419674358,NaN,NaN
-5834.05086191541,182.059204101562,4801.36778528142,-2262.83289277939
4802.39529786811,-1946.15895083622,-3378.80404828378,-390.458773695414
-6372.75768871244,-156.77074432373,2608.13104750371,-3998.0188402558
-6565.5294061953,-1528.36429379098,4257.14293608646,-171.156011461478
-3629.03381071566,2914.9530994874,-3978.11270911703,-104.215045507532
5753.73557646979,5983.71667348998,3792.49251182344,-757.415769510146
-1059.05921387097,7102.92337873764,549.503470634304,-1946.86535373735
-7161.05279368616,2156.636763874,1558.59358789291,-1117.98838270686
6892.77911221468,4318.87517177505,2544.67991663927,1432.39859059012
-588.827263815361,588.996403843726,3777.47117276872,-1777.0477865335
5585.35546777953,77.1154530137064,-3638.78220361997,-2126.37851784271
-394.130677970201,6330.07348533268,-135.802514800227,-3681.81588480716
2045.16126509235,5449.92175613874,-3926.08160855299,-504.820212468476
6408.04817086175,6291.01440666882,956.685088907586,1724.59512526642
-4315.6301578296,-3190.27467841589,3190.8671897357,-3753.54288289705
2130.006056299,2554.01210653816,458.668806959404,2335.73537815591
5936.0881107263,-2079.21470442813,-912.764214100876,-4083.27100290616
-6924.08574505701,-4660.08731022403,-1569.58411876181,2775.32681733438
-546.080320252371,-7405.82638697289,-317.539069934645,1833.81408993205
-4233.39948896267,-7149.55526013975,1591.28797368806,-2456.90405572126
2275.1916043562,5390.08222446833,3822.94523566217,-138.109736355128
4042.89897271974,-3583.88513021102,4165.99343192602,1949.32331184535
-540.626281738281,6647.45269480143,1128.48249549137,4413.82987153348
-1810.03838315217,6339.52528225593,-1340.93018670494,-3182.28767806457
-398.907380607815,1567.45863578138,NaN,NaN
5669.95214563982,389.155271419348,1485.35003585879,4138.35885977817
-627.186180114746,-5852.93063754596,-1319.12378271151,-3560.48381770145
6022.3677702574,7085.06441094709,2344.6118813162,193.98828125
-1674.66968455026,2617.54077396922,NaN,NaN
1077.61661863943,-4782.74753370283,3499.76820941065,-2582.45665052582
3724.00864836164,-1196.72446717621,-4169.02360411952,234.656736570905
-7145.14731875938,990.690331038927,291.357299804688,2588.50424316265
-345.708301908407,-786.700215901139,-843.230598720357,2034.50316678013
2875.80379039,-3245.35954775076,NaN,NaN
866.219008209746,-2125.93669577206,NaN,NaN
-4648.24733867238,3053.79607285243,4352.64312619967,1222.93341708543
2537.04964607512,-6160.10769485934,-3921.88007748747,43.734474422551
1064.71980455187,4584.66892981508,-701.533642582574,4247.53616821714
239.207478841146,-7590.4250014875,2852.11378212184,323.568957762906
1613.70651413477,3597.30167801458,-686.801770843483,-3466.90179027521
-2572.10553482983,3395.27740821178,3895.43251748804,549.571542647012
5674.48394201417,-265.881416320801,3986.41979903727,-977.551856390122
-5825.45903109946,-19.3719250420839,3840.77563044675,-999.815452476967
7486.56519775857,2542.08377503934,-2160.58543784518,2576.74004712992
-2057.4814453125,-3287.27889987108,762.365120446766,-4091.55058028714
-6472.73318620163,-1108.29785682226,-4198.93459464726,2277.95189501632
2346.95443230816,-4786.20727266074,3321.75910112306,198.785136112192
-2235.94102160761,-5365.848329811,-4729.18375365246,-308.263580903312
-4948.15591537154,6752.92134378965,2745.24608549675,2123.10172898396
-1125.17438111622,7803.32704889187,1231.60227358194,-2026.82426080253
7575.40051606971,3263.73100342511,797.00159862331,2526.07602068006
3679.05916406342,-1129.58538029003,-2832.26130218453,346.925610115257
-6855.41741537215,-2131.45196368983,-3424.27910311461,3043.0345597625
-7129.99462633764,5243.98608178702,-378.097739003973,-4587.96836868756
42.9634399414062,7198.21400503822,-1155.98689248121,2120.6571613403
7716.93098888253,-4943.23245051949,1938.4696799439,2840.94252213251
-7380.30519243607,-1134.51182622596,2925.02793582141,-1079.56754782793
7688.22931338811,-2094.70876547999,-25.28759765625,-3402.94277564726
-3066.03957737082,5405.91064148639,-2451.75796717071,-4508.92580119288
3407.90080043987,2862.63753145209,931.928916257971,-4016.64141049592
-4195.72441765342,1188.73354699731,-4781.48813355884,41.1676025390625
-7015.84180780548,3510.68799181644,1694.9363186852,3437.98992264873
3950.26083449693,-4029.82949818248,-2205.24618005282,-3367.61341151579
4962.42448931355,-2035.25170582887,3947.39668674366,2192.75286840486
3180.45422496153,-975.428102532041,-2834.67501789915,81.0173568725586
1418.61149985507,4200.80262604992,-323.179748535156,-3099.62214687128
515.084882896868,4073.35492815032,-1890.30795355845,-3004.56709666697
5501.79014527466,2020.49185533915,-1928.88530811331,3720.61463763209
-5891.04960267785,6470.89722836297,3103.67852585774,1261.4494985189
-5029.28771243158,6218.20688035923,-2680.17513665226,-3080.51666211245
-7250.31398013978,-4374.17507539833,1984.54414079734,1095.65565239376
-7119.72074836891,5270.80354415526,-3560.28652616737,-1107.57134347528
6266.11400055567,-6945.12044806802,1017.65942802848,-2508.67098015322
3891.62098382509,-6935.59661695089,-2780.63125527872,924.422601384768
-4195.92799184655,2084.60812220777,3916.68363763368,-517.906914031935
1238.24206542969,-5043.90647748752,-224.335382536512,-4387.60766942809
6561.83291346812,539.092092777572,1449,-4164
-1568.0294116468,4578.22550032391,-3400.99312611367,-118.098427225147
3061.47784208445,-1662.66388994352,-3146.80086285944,181.299037126814
2307.69428299067,-164.171107970562,NaN,NaN
-2599.64992672958,3956.26896553109,3294.25878447051,63.0052719116211
-403.791676364649,-5617.14100960133,-4270.7443642105,900.606531209834
-230.431274414062,5246.83564014855,3714.57964010059,-2828.4031821081
5695.07695921956,3116.86845049425,2512.23002836592,-4219.46871512277
775.252673319332,-6771.56339059652,4154.0277099089,1308.2176623331
6053.89078093887,757.9381824538,2972.78920538693,-3169.33062478065
6232.65074697001,2616.36420326895,-2076.71259809354,4311.30763679277
6312.84154602679,-5919.84530719428,-624.935032894737,-1740.35221838281
5356.97064171713,3694.21753615219,-1032.11674172215,4492.4955646987
1976.85622796525,-840.184445964313,NaN,NaN
-2413.65586394621,-7343.52183299005,308.912727794864,1627.42143333284
-6832.45469109275,4491.29426463558,NaN,NaN
-4949.44414869764,6506.70404218244,-1204.40796241681,-3557.87086018839
-3477.62805652751,1589.18186341033,3795.99689096578,95.5109290004829
-6602.83616263862,-5127.91791257048,-1134.82204850576,3066.38938520319
6073.85210506734,5553.35396089127,-3435.83471147197,1451.16734214451
-6487.08022643459,306.258664666567,1206.2734659517,-3824.721916661
4169.09013067816,-6710.79893636008,457.951257935703,3663.37986698964
-7886.28277985272,-1506.29581671433,-1076.71393955292,-2398.03919052717
-4663.35030747653,-2510.21724313661,2450.45023408504,-3919.86366765519
-4100.73259549627,3844.03470219053,1870.19753818116,3479.93292657653
1696.38777070409,-5254.92764278985,4220.88896684717,-206.694864207301
6368.1681360763,2519.77307941734,-1308.8789281886,4006.62343339712
3868.76164694972,7288.24946218314,-2173.17119814544,-1762.86634745535
-4298,-6099,-3191.25138362325,171.236041331152
6409.66843625155,-2987.57724679502,-322.061372653991,-2482.90609138879
1004.5221389301,5012.89808033213,2958.25717634158,-2562.42033404615
-2071.37637426069,-3420.56127702051,-50.3526785714286,3365.48454365348
-5452.04385386432,662.567031488647,-3898.6683847612,-3185.01175650458
5293.8305279909,1190.79093844506,3175,-3849
-890.192855834961,-4585.13589458493,-3818.4107576004,-3534.73603707269
-6229.8777926517,-455.948359031045,2662.3652912177,-3507.33994276302
6557.0092365376,5255.99941984316,-2725.92896821204,2421.4486506102
-3762.6554903551,7278.45135876113,-2641.17608034371,454.151793900513
2609.78890080338,1661.32976853543,NaN,NaN
-3564,-959,NaN,NaN
6351.05237269227,2088.39083708975,1947.87619946356,-3414.11638563274
-5566.91351954499,-1506.14781253251,-1715,2527
4880.56909511144,3059.06930526364,-3849.19677669861,-368.075770033542
58.9707183837891,-4068.28418092171,58.1046142578125,4071.49626077043
731.171130673081,5628.2061572922,4219.91915910686,1504.26887631093
-4303.79771569979,-4641.48357174446,4500.80398968258,1207.06010465361
6746.56310815204,-3009.44648322984,1214.83894395567,118.355649236799
6961.86469572527,-4350.03895436936,1006.04692621956,-681.968989580619
-5677.08635451637,6285.97407062308,1921.0865460392,3757.84720079512
4903.0704270332,3159.9960671977,283.750679016113,-3543.42328609698
-6456.27931064144,3292.90648352846,1360.33910310673,-2535.27033898941
4807.85455683829,899.487561942204,-2167.53617623689,-2632.46581920342
-6407.94495978773,-820.732608018282,-152.768415306138,4721.02893076273
4010.0383082995,-4629.91913335509,-4252.82972428634,-1703.00629053873
3623.92080499022,7003.09765116878,-2478.8667047525,1847.65209711572
-3826,-36,NaN,NaN
2412.7467423029,-5486.03249812327,-2883.43562101495,-3229.30696174049
-1761.19351402888,-3376.70733004217,-339.525597957371,4228.66570012058
-1956.63327977986,-8129.29256930711,-306.905955348374,2340.17427168982
-5971.25983126144,1327.57750348768,-1162.84245354789,-3722.87834790238
4690.76603276775,-2803.68037338879,2212.14737133611,-3690.22471375926
7077.53684885984,-4000.00389305326,883.302465311324,2526.34437532054
3105.23403744097,-3561.64622706388,-4014.35491584329,-1354.95238537764
6211.06947868463,1725.58805699502,2090.2894655718,-2605.8100012961
-2471.22628492956,-2883.94113590171,1156.4240943366,-3716.67756389083
-2783.18053438899,5979.02236073001,-828.0882794265,-4514.44819483264
-1462.74201204764,-1321.83571318518,NaN,NaN
3427.45237916642,-2566.85295714089,4767.94003275921,-1334.76114863754
-350.853689622773,5628.05529601555,3981.1125827007,63.3005228042603
-3072.74410954613,-3821.08385080615,3499.37948036644,1838.65299969433
-6271.27810605017,-874.174563488328,1928.25515221724,-4527.14142272719
-4183.66441062675,-6739.89198822455,2425.77246836324,3072.69136987406
-4097.57578595271,3810.06244058935,2318.15738774272,4095.01523408063
-6293.83072310465,-5103.21606140154,2940.4221859037,-815.840668011834
-6684.17704943407,5687.57090248922,-11.252704326923,2232.86602349265
2948.69410538074,6505.26570225463,-978.85919921875,-3246.386500829
-4134,3353,-3053.6972691086,4229.8906971063
5139.88506597458,1989.32821877752,2204,-4487
-6219.41915069513,-304.048254048583,307.411090481666,-4288.54312431989
466.063804626465,-4818.95343403927,426.902398509451,3022.64692203141
4871.63204204101,-2449.45356433206,1411.06912031479,-5146.23147693689
646.384541112833,4497.98544707742,-1000.27240958717,-3827.06030440868
6424.5665951391,-5694.26436766676,-2763.62144310187,-2038.79248077222
-6124.68559712046,-2260.10752056543,2310.73660608375,-4178.37074009681
2441.25095499354,-4680.5738728674,3092.53313634481,500.4367534058
-1913.89768554598,7348.73154354155,-2717.76546777103,-732.974321347578
-7145.48459777955,4322.62411977902,1843.66685504171,3490.09131504829
6491.92046068681,2105.24265729036,-2267.74500602236,3866.37779623102
-3814.4955169879,6738.12079177901,1718.2265175743,-1531.66864526181
859.725814044082,-5446.98467265258,-4145.98559316865,-664.045412647481
821.206107670317,-7559.53110295767,-191.628051757812,1566.26567608389
160.770195007324,5682.29440343709,231.235749714757,-3957.93645637486
-2678.05413792239,6097.01717221315,-2402.5137644518,-4123.82728894187
-4634.4602551988,-1638.37158150619,-554.720131056649,4006.72651388039
-347.994348021538,-690.95305657543,-2167.12093212311,808.741900210654
6703.64335141524,4600.47558527116,NaN,NaN
2908.91011161215,-2917.52597389202,-3722.1447540883,-636.159632737634
7192.11540373374,4239.67937352246,-3020.56148831318,-2047.37567809927
-4937,55,3517.02340126459,-3334.9564924507
5450.85737303168,7224.1594954083,2635.4330549857,-1578.4167585653
81.1298217773438,-7162.60937329389,-2822.3623942471,1647.35889731357
-6245.67974301534,5471.72926245391,2457.2925260552,284.262451171875
-4398.12277309732,1637.321144104,-2774.41442081966,3091.84971742782
-4703.14067337159,-5020.32076257534,-4383.52906748921,-1014.60795782785
6994.13528152077,667.801270620141,391.69581043956,-3141.80279698023
5945.54077664152,1679.79917552267,3028.75904578875,-2671.83227153161
-5370.09546752753,6673.54867555791,-2702.21601070512,-2609.93134587218
-4101.34784634846,-3697.21255989196,2520.78765212669,-2316.11459023438
-5933.94527357987,5896.50819434462,2610.12917749523,3119.61766095134
-6346.28389572504,4452.37611395531,-2359.86678761872,-1953.13582603253
-6974.02716002494,-2792.78037853682,-122.339771964333,3961.87795716728
4393.98943257159,-3023.29436053723,-4095.96390101174,-775.46156162925
1621.00415642749,-5391.47232653806,-3932.62459819996,-3016.22833144511
-2229.987607513,5854.64114925938,3645.5021188411,3964.7459545114
-6210.8019934811,-1545.23091822964,4994.77410252619,-2262.04845877691
-1665.67251023837,3790.04733411046,942.722515856237,2892.52250579726
4856.04390567849,2390.96058525811,-487.720738717837,4253.63906621127
-260.171964399237,-2750.13508295757,-28.7754364013672,-4023.61362318928
-4202.55222712229,-2813.18507688897,1070.05114317775,4128.80009209683
-120.70406242419,-5472.05195420442,4105.79194330085,-202.25813293457
3758.73608255787,-3311.02240264974,-4123.8581713688,404.71875
4425.99369398257,6776.72825213641,3752.37204917549,-140.088813366631
-7334.13100792162,2574.30097454812,313.187467779078,2852.58315878142
3356.14816133286,-1860.13799061699,NaN,NaN
-6536.49126744273,-5016.27290360524,1458.93485117149,2716.55216755997
-642.64774706999,-5833.26718037339,-5102.97529417051,-17.887623888381
-4524.04035562363,-876.210312838168,1469.90922541603,3942.99478919208
5434.53170190921,-1945.40234375,-4391.19887768202,-199.38992434985
-2937.0465507421,-3506.92485954194,-797.701217704548,4254.90971435363
-2555.13544702417,7367.34860138924,171.550560474396,-2378.67431507225
-3043.92488198188,-8070.19955441463,1581.96154343938,768.360304420515
5261.66190513531,-2189.83438540142,3481.59794459779,2588.69058607651
-2242.75224662511,6279.37465318739,-3022.21406624987,-3055.89170406791
2828.43360641234,2691.50300148224,-132.34794921875,-3062.63593373649
6696.87845934983,1196.50335917884,2374.52133873727,-3723.18890045193
-5205.58354202624,-3089.93571915264,-3312.61978522503,2003.66640406729
4364.2086339213,3234.43769080794,-2001.75016200683,-4378.23936102873
6137.2123187719,1042.99375,3645.58249374664,-1241.1411807158
-5069.84236731697,-1110.60576776404,-3284.68556419336,3341.8824105904
2890.20350338609,-3555.2314929525,3725.42959025625,-280.366664341518
-4911.31069992476,-7254.36788869623,-49.1508232460097,-3265.16069270492
2024.01853032347,4373.61506792162,3589.24939051547,1669.32494202639
-1753.669453232,6414.95021517172,-4411.94080807536,-2294.89117891919
1518.28993143143,5166.90542491637,-3254.74615332916,4096.80740092367
4436.74534747493,7524.65655770229,-1484.93806009333,-1703.66756751019
4561.7230375343,-6888.29812819127,-2396.62401464259,-3195.68876942891
6599.76016682408,-4766.1572026491,-2786.03564507346,-2346.81563918547
346.844583471016,4248.05637859776,-3112.8418842597,-2965.39921276352
2733.06422609827,2667.98383287934,-615.782669286618,3332.39629730812
-1339.32546965975,-4292.99300403913,-3445.71841182309,-1299.8514218908
-4344.67743222713,1266.46520165249,-4022.11331123348,-2396.61762004486
4505.78736511842,7218.13319542711,2803.66007812105,-2371.1201811365
-3229.56940614348,4337.84190644688,-4909.38528178828,-735.103451690143
6761.48670623779,6320.57666511536,1505.56149879378,2148.06466214995
-5199.43231878527,-2877.35794577943,-1530.19982839783,3467.22443154265
2131.78118024219,-4967.06252908284,1950.87720287908,2332.57263516639
1533.209941833,4620.14170488919,3582.41168013747,758.392611606322
-1976.14956180412,-4672.51665212563,-4202.7827708023,-2906.42167282776
3314.16961761564,-1488.07273642892,4398.26238390093,-251.7109375
-1961.71432572697,-2860.14759326756,-487.598365213523,4227.59443539816
-6202.7787891302,5548.16907148568,3004.96931431015,2524.90266655924
5110.002137762,-720.145289869903,-4277.67458380273,-331.946838662791
-3543.26313312503,7331.40176077327,2612.35274130917,1900.39592110303
-6417.85246305987,5853.53733059378,-1528.65618872549,-2473.43531367334
5928.64361974269,-5989.99953081638,-2749.67471249027,-575.460581592915
-1675.09111000706,5646.50084953665,370.633450748426,3428.6864466913
6864.59035885015,4982.09305043616,-1559.28227505654,2414.65106370655
-2692.55866629369,2997.14987673535,-4042.08900779506,-283.888265259873
1368.07296627008,-4742.19514505502,3868.6118063297,-290.434558360737
230.068252563477,-2092.96413682218,104.79385960417,2231.23895347881
17.1913157612621,-2431.01862494822,NaN,NaN
-6007.92734508525,-2670.76806296245,-4117.99536520356,1847.63486470916
-5952.80501456536,5689.30658618818,2273.32115776221,-960.578956002866
-5736.52059913846,-2289.38350938404,3410.91334908908,-1579.55491481088
-6227.38523475213,-5850.41914155723,-2565.0655488345,2471.12157037795
7934.30561759363,4779.65256261266,2550.89582779255,-17.1457011829723
332.33648267497,-3693.60089348909,-925.237570691464,-3522.69355547332
5165.19225544485,247.687965032307,-3661.88427650239,-1168.79598553426
5018.97785169773,7299.82075979244,4337.76540800271,-1542.08345423834
6920.41594601702,5112.43586008909,516.232706679152,-2743.19445397697
-5750.69090953143,6041.54675077895,-1435.91556156302,-2869.35463690534
4853.64977943752,2051.24043819808,-552.139361437337,3845.47049024631
-3393.93204803601,-7648.33798037829,116.474413675805,3616.15617007178
-4400.3268500694,2908.3349961642,-3154.98733155538,-1868.83305597039
-451.759319988886,-5654.98936794385,4660.86244546871,-140.119554650617
5240.56081382897,1498.7763485654,-4331.24267447415,160.224561896993
-1522.80086552073,6024.66819820357,3829.90538304626,1840.18406596659
-6473.54025463163,-2295.36256935432,2513.70375447442,-2617.27403175451
147.031503145467,-5182.22287309756,988.282027081533,4096.85996590021
-284.193760371178,2778.45921427105,101.04649631446,3595.75514174328
2639.09358494718,-5422.16810392008,-4431.74701874621,-1524.10121000354
2579.58655642915,1429.83602256221,NaN,NaN
-5713.17588156035,-3024.25579284033,884.0411994748,-2747.56266120111
6833.088178484,-4715.8356311285,416.966300228246,2118.62812786522
-3474.36294769315,-3633.64909674465,3312.03252190624,-1980.1078004112
-6079.78263804776,-4801.4435127938,2309.17702294,1384.10774995567
-6519.6099679067,-2976.90801620483,2535.15657333741,-2616.98641748566
-884.244925036971,5150.52087221386,4006.13053342596,1275.6737389716
-4556.11442996993,1845.91372442524,-3939.29525536027,-2034.05393801237
3758.56534261483,-34.6284676466282,-3207.4439571287,1832.37508519384
2918.06773934812,-7268.93201550259,-2328.40980168353,348.255919724368
7005.43979530434,2662.83723249289,1846.89628001844,-883.164323521804
-7030.57193099307,-3501.25057496267,2339.14024997602,-1629.0267138096
-3136.25995932444,-2082.74568564191,7.00715491563334,3825.82155162675
3355.34601476153,4335.43618393211,4156.32804304498,2295.06331507294
4911.57600018786,3026.74032107548,2050.74917413369,-2833.35811142742
-5572.55656274113,-3930.0768643219,-4205.47717585925,2094.16140372525
-6954.32591179287,2679.42628988276,718.134639063104,2494.06183702716
2783.68006522007,6113.65185763251,2178.32201998173,1923.46035709886
-1617.03873462572,2855.73582943283,NaN,NaN
5407.29089883972,2895.004838182,5352.39204638983,332.882688476563
-4598.05815220146,2686.07169484527,1186.93514290489,3049.74814006024
-6921.39463426724,3963.41041920736,3027.7024951338,660.731768560143
7072.76492786072,-4459.16233364165,1346.14407360613,251.020668737086
-6728.34257244316,-2954.87709239475,1314.7048791019,2137.63423910191
-2822.45138276909,5480.85100908889,-3640.79927473574,-3268.38274698332
-4862.32033327624,3885.27238717606,1330.78509395872,-4715.77917353551
6299.51400203825,-5326.44221829761,1585.52999356764,2970.29803179419
7828.87878156367,-3489.06530654937,-2465.52316233687,-785.177988437513
-4610.156915611,-657.221714684723,2975.60400690184,2659.33689006324
-3993.15714655511,3098.3597560019,4000.92108085953,-1428.92224891042
1049.953183111,-3970.86042124354,-407.919366111218,4041.43592692797
-4939.1257133933,2208.28012714294,1406.87962954927,3563.66380246314
4958.1076785649,6727.44053043998,88.6390570859229,3047.15042151905
-1178.17794471154,3199.03308922253,-271.054862097838,-3843.83522010064
4991.49462185004,7412.96706230569,-2121.82329556038,2081.34776807109
7098.49267521727,3672.2323790329,-2613.93354276555,530.237336160804
4903.03512210766,1707.91710026204,327.20991906319,-3800.69920781681
83.2045110887097,-5628.4048839281,-3305.47812980764,56.7958984375
-3937.51888258739,-1448.21526848024,-3339.02662116744,1922.38129384337
-7091.93839232777,4136.19930331155,-284.081447863397,3184.63106360396
6046.46172770615,-5536.4956829863,-2259.37858310068,-2367.47244024868
-3773.47515231845,-1255.41178414295,-4030.87010311902,1432.17083541052
-3536.27393801847,-7648.62498812177,-2192.82443087635,-808.03898050009
5854.41684129079,-4189.68681760135,-51.7368500808189,2424.71406084166
3367.61325656094,-2097.18137492925,5534,407
-625.384730798799,4304.81219130285,1168.46640821388,4046.47448521239
3731.88565103031,2349.18878629411,-1314.2937910251,-3656.35503324594
-4068.18842555854,-763.643965079718,-258.445007324219,-3367.02994493272
-1802.02050481262,4810.62037422753,4137.31784704106,406.857897727273
1606.99311454216,-3828.00255323966,-500.116808302804,-3186.24462894512
-1511.34656321928,-5059.82097978786,3017.94182393789,-2714.15398542846
-1985.29052943013,-23.6321405220735,NaN,NaN
2043.09885300223,-5919.42986551294,-2429.82555656277,-3423.15995404412
2504.6816716975,-5843.14271861905,-1553.00953936115,-4107.78244708958
-243.214249305617,-3934.59612824922,-2510.91364177096,-2679.90705486399
-684.65035533405,4370.82357019413,-2787.40307783735,-2331.78755958971
-3649.59736145195,2993.77657511059,-3442.04657787169,2266.66361554726
448.728737377183,508.105599083195,-141.859530426735,-2597.32944647532
3035.26931432097,-1520.51341286094,-4345.33244445909,-1219.83148279868
-7164.1049698839,-1838.77605556738,473.840593433608,4442.00766108044
3669.36350994018,2784.02363905111,1239.38025081193,4066.3752466697
-3131.60273199293,-2962.86035059679,-578.260318359659,2894.80549665233
4392.23036670424,866.262555769932,1086.70547583605,4578.34992691272
-1826.28353861153,7839.97189821037,3143.83874874596,292.860175857787
-4669.60554063011,5935.5975711248,-3202.59788038441,-794.007251651504
945.266718593958,3137.53710088616,-594.323844334044,3126.59233686332
-4127.5045661593,-2314.12544388866,-1565.44746017429,4094.69901953821
487.528331234723,-1.61834677419355,-1943.54931321047,21.25
5108.1394180363,7338.22215973328,-2811.63955935024,2223.93667248576
3125.70656503459,7020.44366341168,-3111.65646571438,1724.47278272659
4280.8898653319,-3744.5645533352,-2743.69055319673,-2614.40610177477
-4246.89283057888,-3922.37106231145,-4900,2718
-906.034803496879,4744.23970601847,1494.34659407844,4165.12092993754
-7155.84854790797,-5092.93002946574,1991.74838865085,-2246.79064822831
-6903.11815451697,5292.4354074544,42.0254881584038,-2183.16997465801
400.221664110471,-2593.49484306658,NaN,NaN
-2734.82455679477,-7820.15111907632,-2763.06017662734,439.558193995754
5606.96706830193,3058.94625062832,-506.747739635176,3533.07382387023
2507.15366648106,-1729.24294871327,3808.51669587616,-351.40637893023
-3102.53325030896,-1108.40952185433,-3558.09106414052,1843.82650192365
3366.70702318604,6923.17751699864,1342.94740727145,-2782.94124747361
927.408950976809,7887.0680993403,1060.06479947432,2454.04164459746
-904.486211820288,3966.87705782169,-1651.69243011321,-3200.08893288557
-2462.72714481277,2725.85394710619,-3756.75482915124,-391.784994776323
3990.4736803751,-2392.20161858171,4174.9627125064,-1457.80854615104
1622.73102791772,-4466.27216365947,-4709.72302424233,1295.50767735847
2894.3985182287,-4045.61396220954,-2661.12932650841,-2266.84511337582
6722.92283004719,4825.19754881392,-1223.48310376263,2620.79223509784
-285.57612721513,-6769.64782603642,-947.804256191272,800.952834264002
7267.24840202704,-3395.86596013887,-590.929353932584,1971.55105356796
-6967.72771400722,-5696.49582976874,892.84306456758,-1371.05059646996
5766.03732978641,-6182.91402181351,-1579.76947179599,1040.2097004058
-5838.22552056931,6137.22239908868,1567.5024591111,-1740.73484494266
-3025.76123515201,2208.00880120006,-3899.0582608163,-227.353794642857
2417.47023852706,-6224.00047832152,136.60498046875,5087.06750633685
342.635572630727,-4800.74059112807,-3412.2173640898,488.242547740672
4693.04690222124,-7563.72890082141,-2235.4224270331,-1250.09080983878
-1244.41930883071,4288.08549992015,-4085.71712673566,-558.406238534832
-3252.43681732151,-6838.83454814396,855.948861977395,-3181.45725693969
133.572091364051,-7833.60895322932,3220.4093721839,-689.409847049923
6940.82730878399,-2007.62886921583,2598.06019735586,-1557.42167068109
-1384.0040949282,-4332.9056138568,-2460.69186573869,-1876.99114516191
-3730.7747790641,-2844.44594478155,-532.83874536852,3510.92390176424
1876.33434795112,-4840.9109048199,3650.8591941029,2964.61466432209
6616.32183525281,5273.75987958446,-530.6510423852,-1797.85645151626
4832.39027581624,2519.45295109895,1171.41768629655,-3966.55866906698
-4246.67059748363,-333.3515625,-3853.27660693089,1924.55062802769
6965.9188172002,-3992.67957701604,224.40169992609,1731.92548592512
-562.171900994829,7756.37957789965,-1411.56667280088,1971.3723101797
-4748.63606318955,1597.28150755495,502.906487239782,2621.9751876174
-2160.07097326235,3525.33303102001,-4371.14566323114,-7.90234375
6471.2075175472,5419.51624600213,707.265154951383,1995.45064308251
2978.42556035754,2208.32661122549,-279.28125,-3837.04812759003
-2381.46799296061,5042.74600290332,3313.59955829397,2736.08335709473
7450.31391856162,-1485.09271523179,369.026411078958,-1515.76466502677
5853.04975375485,7389.76866407883,-3082.96061676855,-471.809724380959
7298.43698707458,-3038.13141961827,3402.31907562256,-1942.45041134947
-2144.38637131974,5825.35469492731,-2651.30594969458,-1967.7753849775
-4976.80355643241,-3398.07782158231,-2003.00713158372,2728.72569924404
4614.50717150244,2050.73929983246,679.856400753091,-3787.89711499316
-1611.30232367408,-7940.9945879328,-2831.80043577411,-1819.77169506454
5948.40029857717,-5727.53867557489,2398.65948818049,121.793609054725
-3869.61145380826,454.451231559536,-4058.24609318182,-426.8341796875
-1873.35005750446,5742.10413972999,-1390.58141735952,-4182.03265790142
-5797.37372559392,-5840.21649672852,3520.06821937028,-637.066619747822
-7703.289324869,3602.40430335237,576.313977487699,-3748.16761302047
4424.07370413183,2457.41077699844,-3979.45907763787,1273.58575224683
-4912.55572671143,-960.860696131397,3906.07903738861,-1372.06081785492
6964.64165813062,-6422.84634876385,-2776.41408316047,-2722.9577169642
-7566.56890310232,3392.80897622288,526.668411658902,2059.49569462693
5175.14118187329,1779.74461700535,3924.32163287503,-1438.54225989501
-5564.81110155909,-2701.51547914601,-2987.99517182077,1541.42765864849
6246.96725320335,6020.84177728679,2629.79853261059,-933.247060336792
2552.4144030502,7016.82803108339,2150.02299145491,501.956111083655
-7132.96227598798,-4168.31792581951,1569.13077894001,-630.93700091172
3338.25018911436,-4500.56166880457,2538.91936376293,3043.08155638877
3967.02985097681,3351.82202614966,663.63077233356,-3319.53350462254
2913.19050040131,1974.28732729462,1381.59565597977,-3968.41665376675
2506.0360778734,2073.10959488754,-1248.47748203545,4072.84055786499
-470.43090756065,520.197781041625,1956.7579254925,218.595031738281
-3494.70091630964,-3875.26578728684,5004.55827787172,1035.68049792531
3193.81772361776,-7777.15379382125,3172.83914211554,-238.05029296875
-1824.65368099027,5325.36141170595,-1002.17434775148,-4693.7110303221
-8176.5621864066,-616.472593388989,512.374752044678,2294.5468062484
5492.40017699658,2205.31416110295,772.244130241533,4405.73335128995
-5024.45703471576,-2280.09613061878,2861.99907391384,-2949.41992917843
-5157.45931891677,6019.42123078345,-2477.05541101163,-2395.21306421995
-7746.28764434145,3519.19258881937,-3454.51488992168,540.976512719064
-812.74795546187,-2712.86363604865,487.118319477435,-3939.11822916667
6503.87047037247,6990.88308736031,3245.06887036599,-483.771423339844
-1720.61207535119,3724.29697139617,-3717.88216730686,-1154.38875837645
845.381956056107,1674.90083907144,NaN,NaN
-2541.66049201683,3627.9982365554,-1388.16715060905,-3537.70700412326
-4444.74906183339,-2054.61395620525,-1053.02985661204,4021.2693615882
-1529.33676837339,-6991.1325626726,2242.48921710196,92.952564380787
1449.71161235932,-4093.66993113645,1240.65916533773,2683.73581124009
-1904.70528995793,5385.1545119419,-3964,-1527
2844.26932423441,-4679.28437502249,-1122.57769586019,-4078.85813088798
-293.923266715773,-5882.80289834906,-3782.10409794368,2330.02363911165
4440.51057695138,3844.37335646149,2739.03376780125,-3787.5151608137
-4355.52017517812,-6980.53981747278,-3492.75173496625,1697.59758106436
-7239.65185902394,971.082283525846,3.05720724988342,3480.75197718476
4584.94147644563,-1446.03489467238,-2326.00188577586,-3811.51636612612
-2607.41143716317,-6616.20880042256,1390.96935286075,831.36866384634
-7610.31041624679,-3177.42740570241,2501.09243058706,831.629310344828
-5008.78725709351,6541.68225806533,-311.21484375,-3122.60499125301
-4959.26986897972,-1766.83001915149,1555.7675128612,-4170.86987242336
5149.48413608634,-6691.38283872517,-1960.09452113632,-1740.26308286095
-629.487894518606,4989.97790100742,826.317325410855,2945.87871460888
276.103759765625,2310.28576307553,-199.813065451486,3991.29617694368
110.795522510402,-3097.49417886253,298.067023846921,3823.1766248261
-5023.86398235603,-955.222008531641,-124.169903695756,-4154.53709186147
2830.7507824811,-4044.20420424902,-3570.21148770858,-2009.3532421821
6587.43102035228,-5226.31499986954,321.322472742586,4238.04683286052
-364.624382019043,-4127.32279548437,4094.23745181665,2358.179896816
-993.190714511653,2079.75371701554,725.021397173035,4351.77057660834
4366.00316869576,3050.55788698487,-2693.52127677101,1973.64352226556
-1847.19912724537,2800.0885745418,-596.322945807724,-3169.86332734052
-3154.83317814067,147.812083308858,-3793.09958532664,299.004640341783
-4896.84301163423,-2043.9266784668,3543.55172392584,2261.01008536124
3695.91651217015,-510.973075021968,-4330.51788420644,1539.24479490316
-572.998600064455,4487.33177851753,-3976.01278969974,-909.877778061576
7560.65778268488,960.333588606284,-450.396113459477,-2431.16094698247
-3873.51308615761,-3692.22883807289,-2382.20551101545,2398.07645997355
2440.74921256508,-3058.41834053847,-1798.94224999414,-2809.84197856585
7592.46748396765,-1893.34555999708,NaN,NaN
5251.45705068413,4560.54261916504,-3846.32543646513,910.501800790081
1733.61930302211,2410.53689964101,474.505653203092,-4085.08510534286
3050.41164115147,-7308.51165049367,-15.145087196087,2254.88512325802
-5372.694531295,6690.93241672064,-1825.40494445762,-2906.40431619227
-1967.5308162203,-5110.39811380722,-3904.93419255708,-1654.17957778097
NaN,NaN,NaN,NaN
-2549.65021077084,5499.6946906518,1185.22828365275,3081.32315015536
3079.02402823557,-5015.77278013251,578.225606023506,-3885.63444707987
7468.72352880937,-5602.76137229645,2071.63987687186,-1245.55517035802
3179.36659252614,6951.12418156144,-3295.74627690489,562.723185381261
-3812.25703096867,-1146.30906327172,-3177.92197698013,-3660.08914105869
-6128.74055173176,2656.08992402327,47.0416580738297,3055.72582375479
3780.45684023379,2497.63116712206,1560.01214819769,3892.30888253347
5602.13056654606,6292.03184950212,-2997.56177058622,823.585904999981
2484.93449075479,-758.708021969037,NaN,NaN
696.692072926885,-2930.39619118542,1227.41015215314,3975.98443536779
-2594.42662087168,793.904237200661,4169.67745108256,-680.344655310089
-4433.12346993009,7623.7942164268,-160.830313800132,-1937.74491014396
-4309.45660341814,-1200.90899411229,678.358467727586,-3485.31115336351
7516.88016783464,2197.57649912094,-332.335992161055,2586.08149476728
-808.151085965978,-3157.06646672588,-457.542012874478,-3140.33978224014
1519.09171497849,-4611.07071671116,4335.97434710011,707.076416409238
896.775908718107,-3711.47963975602,1871.34596725243,3626.29217986742
-1900.20131856079,-8579.5015927568,123.242951479955,3100.12872342272
4459.1894534381,2676.48614658217,1259.50780487061,-2895.45343999803
-4519.22464463488,-1900.09934707516,1226.64589267307,-3999.17698141833
-3703.60006392061,-1160.9409657964,-1186.10405463031,-4620.57266073273
5017.21420244921,3283.01842567879,3186.69619049144,-1678.686649223
6458.26171606218,-4740.97484951325,465.065297016937,-1863.29787248116
-4476.64988628949,-1246.15211441854,362.867680425229,-4688.95273849169
-4712.77872991529,-6914.43907055707,2649.58160693603,1787.03137884993
2776.76780855484,4509.51746608995,4382.44715726967,1905.19016057489
-389.589381696133,4424.18859495331,1518.34174181715,-3214.74443416796
3035.5856234446,2494.65504813547,-1051.06906450023,3812.50348439296
5302.65292386977,6653.9283245467,3117.73620345893,-1922.80361825067
5598.4486740164,6524.55089515278,-2422.9620874469,-160.794790568658
-1823.9325984122,3335.12447402489,-1218.28109262397,-3371.68076313393
3967.28270144348,7049.44061682473,1531.76183020719,1753.14330827731
-4542.46569154044,-396.636805549457,-767.053105371373,-3988.50721744834
-4303.76638776305,975.264024693915,2929.91403940048,-3844.19457573781
1301.01932113386,-4113.23735758282,-4058.38159483256,-605.37443234645
1507.36579289012,-4312.32475572835,3704.99205055855,676.764067091327
5919.854471498,-4828.60625312281,-1894.74985495175,-2202.50374764508
-212.269515807591,-3251.59289419956,-1402.64611260054,-4076.57457862888
4123.61353387356,-2221.10816024829,-2718.9219202929,-1154.11563659197
-4627.81167246851,-2721.69860002579,-4091.37063285783,483.255908314351
-4905.45655486353,-2623.76544166982,598.148100517166,-3783.16341835625
1541.13846488071,4900.58579580612,-3234.61882152672,-2314.96918666109
1118.77658843994,-2197.65729015532,0.437663503793569,3829.30782982985
-3643.01795111466,5030.27380304976,-2052.66067873629,-4297.97185702319
2644.04982000394,-4057.33901958731,-3295.16194898525,-749.926185964578
2997.93984222412,4315.50490259474,-2112.18736174323,-3954.44325923338
7607.64019097222,718.565701020831,-1396.88490737971,-1693.45013567773
-3464.73000876068,3130.25553760267,4536.4982478739,-605.618614212726
3449.07265342837,-2429.98345914001,-2188.52881481596,3205.3546445659
-8245.39335500091,-1884.65615647353,-39.2514734049086,-2381.58623977109
-2939.62917141231,1706.39979491897,-3749.48333459237,-1119.18739960572
1924.86662785632,-4742.38092840079,-2766.19748833053,-823.098431266239
1560.40494184483,7743.26904841657,-2955.53133856036,1795.54853275205
2347.99655064997,-5510.54913131359,-711.873530444359,-3921.55994285881
1530.15199017716,-3341.64602499913,427.825408011523,3190.01480261029
5666.69271590504,6950.80427683042,3017.38164014367,-1396.7479552262
-3730.58798239269,-2167.78197777136,-3072.87511650598,2334.51727219313
2693.282551536,-4461.74573023749,-3314.65966687569,-2265.04470255368
-500.527406983456,-7888.30657365118,144.09309081708,1284.99759431843
-2630.7498954321,3004.02673754195,-4165.44537835527,-1251.07289774963
-2634.94486809823,-4735.4708219328,4199.77656770439,61.547032259873
836.53578029561,4553.64968108804,-3192.25371748202,-2261.1741096095
-5814.62633248521,-6898.54998168498,599.365323784954,-3318.99329225984
4181.58397903258,3261.75357371783,4362.10795343939,-1668.34941467173
-4299.36280076094,3939.40162654027,128.748936480077,3894.42825046387
947,7355,-2460.82218166058,-2478.92844497034
-3418.3274775837,-1793.15198618966,-964.212851079628,-4595.49632235673
-88.32421875,3640.17587682518,-3727,-2745
-3528.1910496229,477.909815265667,4687.20249312787,-1009.99457405163
-3447.49438941854,5055.85263154033,-439.531747000558,-4066.36379810348
-2056.21859406433,-7788.83420676318,-152,2629
-2317.0682650518,-637.086435811607,NaN,NaN
-3606.27814585135,-3199.37415571218,3414.0922701857,-2569.59093043448
-1864.97442861075,-2963.70907638614,313.339767456055,4218.89522610166
-8011.66066071409,787.188903566711,150.982237543799,3072.8690010099
-1881.99228285955,-4019.50531804729,-3537.33135376116,2205.39797464624
793.478422650639,-4286.2237681996,4295,-410
-1824.96286155381,3162.00485612436,1448.72476723448,3714.25732907264
-37.3524780273438,2731.5435918272,665.204171003696,-3846.99359546799
4247.50298114557,-5002.6564022692,-2105.00537649711,-2313.25227561145
-3757.40931437694,-1634.60793164876,750.808441986909,-4028.09009000792
1170.49640595679,-7739.93606391291,-2078.25522992838,1354.77419969512
-2913.83119401072,3205.9821558099,-3764.07816069743,-1160.5425220246
3729.80661211741,7578.33548532101,1706.44213148674,-1815.27576992754
425.260520935059,-7374.17259705456,2887.47927915206,-1861.99448513505
-654.868965649214,4711.15138462423,2964.67670769856,71.4254557291667
5848.33388737354,5721.90310350939,-2403.93302362865,1863.98982657187
-5589.61703473171,1871.04508809319,-792.876721606733,2773.16952104162
3907.8645590467,-2287.92171506422,-4155.7158703272,-21.4097246577496
-1197.05704498291,-3467.51983711249,196.891125235366,3796.15320556306
2719.10874392894,-4933.66696849119,3120.04783539418,1639.03519778755
7787.82826034592,2460.23489349772,NaN,NaN
-7721.55288493534,3919.52255166567,3546.43838948152,398.77350545874
4196.08946563667,-3919.53817432232,-1895.31896312817,-3465.19128043711
5473.92582150789,-6841.3217452851,1319.52858694966,-1945.08683650069
3601.02577018073,2107.33276465131,635.187837910059,-4638.6963176642
869.854860086204,4142.20786901623,1881.69270168496,-2770.45693378119
239.97061920166,5009.91248675111,-3518.64068877879,-2705.13666280374
-138.564311723737,4196.7417135638,1650.99086892521,-3693.200390648
4712.51520898757,-6866.42419918149,-2238.00099683687,-2285.63521841821
6353.00439398685,-4793.84780652443,-1185.34511233994,-2949.34741212291
-2023.2963551642,2176.14329949257,4414.04334234224,256.994152069092
3024.34808967001,7044.74922440859,-279.256884652335,3143.37367180444
-5195.20952798365,-4469.81586785147,-3996.98501727288,2511.66912187849
-3071.62623571947,-4648.94482968574,2485.16566112638,4033.3522102671
2502.94161154244,-444.971039977802,-3719.82497785815,-606.089005753801
3213.80093209055,-1024.375,-4469.87779716771,-1116.98076925795
1084.833984375,-2006.3766429581,-57.8927001953125,3334.27104144876
-1320.40986328125,6973.60559395276,-2428.81280025378,2073.64019250126
-4002.58730692025,3535.23640694596,618.310079995387,-4167.71619866142
2463.08894005791,7628.32100600557,3017.17137444815,-956.804404565843
-3117.90508447299,3783.24887019086,4254.99675207328,1633.134168842
-6406.47654117609,7040.19007538272,-1194.33646553235,-2116.86336300029
-2746.08399821884,5889.49888466921,-193.247669491525,-4381.64401373027
3538.30241568137,-4678.2039002358,992.621976019086,-4546.77841112759
6592.7940752437,6173.13998740528,2683.9452135593,-599.194037999192
-5645.67343748581,-5106.31146582647,-1369.77024419472,389.729956054687
-317.903227915608,-1666.23419079853,363.741739859473,-4022.45037670994
-7562.51206579847,-327.968315009028,41.4909336355017,-1424.40981644851
3853.83106472646,1480.10037600168,3772.62184391116,2208.97816193064
-5122.72742747585,2594.20666108476,375.86337187232,-4021.79846261835
-2882.47211898525,549.169065384059,-4026.98732850288,-460.627262423135
-5081.69623939963,-2823.46584390726,2747.02573186959,-3028.88128284347
-3367.91746563544,-1238.24426269531,4198.31501322002,1388.49572308982
-2504.63272860662,-4471.56836282591,-4048.88678822017,-1985.0055578948
-4333,1775,4687.55762837288,-1160.31467099733
-2500.51030367079,-866.364715295048,NaN,NaN
46.0909203219126,-2774.26188282595,-447.726716412135,3923.36128949425
-1979.3694400865,4608.54504784396,3128.49780512042,2940.86541999486
1267.55514532017,-3897.59934032291,1336.15822692709,3881.74256589081
-4651.8140211105,2868.20635212804,1872.79470256959,2990.35556109374
4696.79726711438,-2365.13755022822,-1068.29025562997,4056.61412830131
-16.6258034777285,2429.66510557896,168.445464354627,4084.12196722671
-1159.3323876843,7000.49598753586,-1449.77870161646,2879.48153278136
-2451.96034689117,-1925.34516559606,694.873725864268,-2868.9977549912
6930.68187712757,-3874.40632463276,-2895.64254186431,-1393.05186600025
1860.14190589938,-3272.09427767355,-3027.46288925296,-680.749726203602
-4668.59259473587,-6223.0313996241,3311.44759029389,-467.028625954199
3604.2444674677,-3925.91059374268,251,3350.93190552476
650.34152924093,-7708.6655300285,2144.5177553709,-977.913374652456
-1224.07734917957,3876.77694754233,998.58431537776,-3555.43025467679
-5926.90332688498,-7250.86009296686,-3152.52253003581,1024.4855921216
4191.70194873439,1126.79212704613,4294.9208624684,882.772399691149
-2025.4238633848,3580.01868990493,-3370.18054170896,-2234.79620516838
3655.0537704091,2644.29787001454,-3303.17337731386,2518.40924761234
2062.01564018286,-3514.78651875966,959.198583273189,4208.9907708333
-1584.69708251953,-4303.49687469882,-2483.9751889127,-2989.29424477379
7053.55371585505,-4769.28700491122,-588.699366489303,1960.81223935324
-4104.54863423843,4301.29658623305,1877.9675392618,2949.97048663888
5674.7909093856,-5811.10817343452,2351.44375909153,-320.173020411103
-107.554100036621,-4466.18715154145,2206.3826458581,3371.45851662742
4383.66894517139,-7654.55422966203,-1589.57012209059,-2446.55908739946
4433.37410793934,-1245.53971350794,2454.25863099704,3737.03951072529
-6721.19802258072,6188.29340653983,-2266.2959157634,-518.461035745171
1194.82924291676,-3378.55975001348,-4333.57683606384,-1045.09258239334
-6292.82355747546,6385.33754659254,-1100.44797437673,-1841.88380717619
-3126,1061,NaN,NaN
2073.25694607011,-6965.53746222591,-1232.47397363169,1871.52440481754
-2123.16205487286,-2912.53503364805,-1508.85155995687,3803.28107951781
-5329.2623291168,2389.46012256583,-3462.90250433529,3403.57576005566
-1685.33907452129,-4408.38851400388,3340.74022954997,-1407.83265930109
-316.503248448526,-1618.26057932154,-259.988201773378,-3215.88050078209
3786.45749435234,7724.84226375287,2987.1311128722,309.39301844784
-4617.42127442852,-1872.04921117592,-3881.3840238553,-533.744303692245
-7848.41170923924,-3719.96905931619,2134.29286555304,482.570803741787
2851.1778541241,323.2421875,4296.08525616066,-598.390797283118
-3207.02610878967,-2502.09861207477,-4852.1456964306,1412.41739849745
-4234.24398358284,-1900.66763692167,900.560617664937,-4023.27400417799
-4741.26066492013,-3159.93518597259,4049.0538832593,-178.612640380859
-4156.74925767511,-7274.24140892089,2806.07678702702,1596.52048951229
1834.32941336026,4582.30632301417,-3195.82279294159,667.671781491594
-7292.44435530085,-880.699673433892,2550.432589114,-899.076158813681
1046.27246846883,-4942.13224220747,2702.30276953704,642.619506587576
-1998.16448257947,-4846.6096747002,-3455.31547985338,-2000.30778082546
6612.1173154373,-5799.37572106327,-2484.34381135935,731.344530918189
3943.18546104627,-4595.37916118664,-814.117072683147,-4185.70458463475
5869.95856968876,-7078.50423031691,-2063.46842158793,-1481.69963951026
-7677.17734402618,4104.2394401258,1653.22636882233,807.847599764415
2708.26171875,3718.69279468132,501.190055820966,4449.42437545813
4.40625,-8092.53339549581,-2811.59625297834,1454.05271381579
-2648.68890767323,3839.54393353191,-3521.06414013177,-1364.11078087181
-5952.38625394082,6785.15011330498,864.469216391001,-1323.41420911528
-4729.29083799351,-7142.91649881856,-2542.14610568972,1056.65541640819
-3001.40066254322,-3494.82449586258,-1383.57869965074,3786.46206846695
4654.85943163447,-4170.80126680126,1765.76942789307,4509.23568526771
-3491.52407423006,267.776657296025,4301.25004839602,-1293.99787273011
6278.05468486159,-5451.38069617338,800.721539365652,2495.80832485811
-1707.65419729132,-986.515435358332,-101.072177492339,-3484.1910019558
-2211.79465657364,-4427.64915894715,-3652.78956452389,-3631.73148336184
-1520.98414551054,2065.5561855655,-127.966637645581,3264.83889038809
-1223.46717660842,-4836.46837888061,-3659.17823373294,-779.05912437439
7701.64142639464,-4616.52507384556,-1436.59097470464,-2266.6836189269
5061.60130128135,-666.638714733542,496.653892418857,3689.33751244058
-4266.47317078293,-1538.82290307498,-4447.48710349165,965.793646082262
3412.77499591336,-2239.97769889267,1465.23215371673,2665.05640128866
-3046.43379366282,-481.457387170946,3927.36325923889,1301.63866501018
NaN,NaN,NaN,NaN
6975.62624105164,-6024.16867951104,-1867.17260102518,-2201.7577771173
3689.52936467704,2497.16557259089,-2367,4685
2596.81274271238,-4122.12746918179,1262.33145255729,-3416.334622206
-6419.97194844568,-5352.54165739744,-3591.47879845922,1807.70889390413
1182.13734889186,-3884.19119074464,-415.884528313483,-3299.12463202445
-1363.89897054547,-7910.58101824417,-2273.20962121434,1684.345026834
2722.36638261148,-4634.24238373212,3069.1346257259,2602.27428256667
-2216.73322724293,-2573.45630123293,NaN,NaN
-7890.48514189903,-1649.74129163158,NaN,NaN
-574.115803537193,-4762.26251916039,3499.1370130012,1900.46700865964
8109.36818317163,-4381.04942307115,217.12309006124,-2631.63608422039
-2681.86040843109,-2995.29115418465,556.81425840594,3959.31455668136
4281.42821022956,1102.31989200538,417.574231022075,-3814.11426267437
5952.31388532346,-6632.71898100749,-1753.82107650979,-2044.38148043978
-356.697162584961,-338.543414792388,1445.73015865701,3123.78370191001
-3672.96715733673,2782.88165613921,-1608.98482338184,3780.9012876498
-1811.96709359905,-4372.1922677569,-2131.28992283547,-3612.07703744756
-5234.89900147904,737.119242529815,1136.11075599747,-3016.52459392696
3001.80526285708,-1632.87785587933,3702.04854460042,-1990.63255563159
-7672.78301953764,-2209.39998427139,788.293845095146,2176.45000419065
-6955.14877998483,1862.81272351229,48.5643310546875,-1304.31774775946
-1808.76409899047,3435.84289580508,-3109.97702223053,-2828.2843999778
-7149.51338472345,-2620.0509043347,-1740.5411824595,4075.39209529541
6473.55143278672,-4715.61533313671,2173.26016860074,112.467205545177
-5672.46894928382,6387.24084072548,2364.97317597653,-33.7416381835938
1091.98427495664,2503.26816820661,-1712.24190778109,3844.59175892022
-5131.92257809263,-526.715839039196,963.308108788775,-3868.77441678059
1850.89804257588,-7469.38615055651,-807.800430209264,-1465.59291654519
-3501.99883050729,-1330.82721314701,3960.34982223395,2498.1220450621
-3582.38401672782,-6914.84676681238,NaN,NaN
-7134.52210294339,3818.49875680351,-2416.55827472914,1073.71049026394
-4271.05612196209,1728.51603096362,2452.33770062435,-3663.11862847479
-6516.57421203453,-6803.67985515878,-732.615627122962,-1868.73265677718
2167.61770994558,559.899684263079,NaN,NaN
-3021.68608097874,102.89990234375,4209.55349649941,142.239250183105
-121.54296875,-7192.16801186466,2339.68610171713,1059.64931074657
4825.96060961323,-2655.25900850868,1178.35643046611,-4278.68472196707
3816.98841033467,1348.57451990411,1055.40426100482,-3927.84636466918
6495.69597491273,-5422.65381495781,-1693.18513396256,-2200.24066900164
1699.18025970459,3520.64490337604,603.619704460162,3455.73451884814
-4761.28773388999,6409.38211334886,1746.27585062002,3299.04264237632
-1727.42578401305,-8161.28705171974,521.277974688242,2967.71712755363
924.98617585164,4247.03313190036,-3348.52551369827,-1723.40340662325
3611.00437659433,4805.24005344436,-4562.86268123028,468.416636384151
-2074.55061691454,-656.050442862458,NaN,NaN
-3172.61911362724,2254.28733565168,1132.10766445962,3440.319079417
-1582.68192105519,3753.93020312046,4092.0351222447,1056.05466966753
-2688.32068199096,2486.15614264428,-4147.18409860486,344.843711809637
6254.17380162231,-4824.63674155173,182.309218194079,2155.75874640871
-1853.34647122005,-4996.99550570893,-3850.2210219323,-1939.41070721878
3390.37550888499,2433.29342287439,-3178.93250933207,863.288645269806
-2360.4712830187,97.028678894043,NaN,NaN
4323.88489130243,6830.37608491632,3517.52022107641,-529.984416635776
3899.13702185625,-1147.69641113281,5116.68731826994,-237.233535585667
-8035.27003373095,2648.41558433254,956.573669200477,2147.94110080081
1528.70435932816,-3159.00181166036,163.212593078613,4208.20392496292
3365.16737506316,-2575.99077021006,3420.3447136676,-58.681396484375
-4669.7100723549,279.98284211371,3563.43716935264,-3156.21931695638
-3698.93557230418,251.526037069726,4517.86818942156,-1502.5454257199
-7151.21176614238,5225.48736100676,-2212.06731081988,-1513.31943397878
-1602.75249141256,-3678.46848740257,-394.715279205134,4301.16300849221
-770.452158099166,2516.49712398063,-679.920232206339,4427.51295785342
-7762.92507173645,2760.12183810066,-390.140006924385,-3373.17834930999
3588.54678317539,-1962.78754267424,-3617.67654047751,45.5636042402827
-2716.05180160256,2423.88221409763,-1003.21109771729,-3519.3653529247
-665.806293032638,4317.43832168142,2498.72539039992,3696.21430029921
-7843.10868792329,493.601257324219,1592.02605830964,-2195.18833304907
-3606.21334818201,-722.52336919673,-3647.36113716701,1495.63547761982
1963.33883360278,1481.81862993383,NaN,NaN
-3031.5279422589,-593.127585469594,-3752.12125773827,1557.6905410247
-8194.88645677154,4014.46468252549,843.061889084788,2481.53905076452
2086.38791770527,-1124.48283666779,NaN,NaN
3571.82539155027,940.446178624824,-4466.81423849067,-1465.21830954981
-3367.71526367363,4160.23944101429,3476.45787015323,2613.32050687782
8121.90304725357,576.434795673077,1368.40714327494,1644.56236990677
2359.99585475263,-2519.32909455847,3816.56314433649,971.361452363833
-1577.38624366022,4168.76280464907,-2737.49108971889,-826.725887292899
3094.25433042303,-1393.09361373798,NaN,NaN
-2258.25652318763,7278.25218590106,2249.56578310228,914.392808502232
934.066435449282,-2817.71241978907,-165.840599920099,3979.73094716088
-4837.46817576903,7252.98100452377,1355.64957227205,-166.177146911621
-436.057309017377,-2849.56085074803,1122.60274679839,-4702.4399703576
-3740.76515905253,-1177.56486819032,-3658.63563389904,1312.73051814682
5916.16424481037,-7220.40816968418,2177.67144671772,1333.88786169199
610.170638299757,3406.37631527016,2070.34202855711,-2996.93995453817
-2629.19163088661,3489.21574352746,-3735.76007387449,-18.150390625
-6451.75094576738,4045.22777772556,-649.787420099432,-2895.15233675481
5972.86812484962,-5840.63617488668,919.305631357421,2987.82694536378
-341.601783969845,4408.2427964264,2485.07097511026,2792.30565419463
2251.05354916617,1372.16379128628,-830.82316015812,3208.95548495226
-2553.8121298546,-2554.32368472234,NaN,NaN
4688.57570430479,-6741.42228935314,1382.83913164528,2000.91466529885
4953.72647003145,-901.108237190896,-3473.5395493392,2655.8934554611
-2001.24221748957,2895.79227420622,550.753661511794,3851.02057957057
6031.10821448757,-3586.59041582629,-202.690216715981,-1971.91137079873
4411.02281920613,1126.59143204622,3983,-2750
672.783752441406,-263.979311013524,-7401.34051140583,333.535140912813
2928.91583223501,-1964.17682728245,-4273.63672865525,-409.550759752166
2002.08100348319,-3384.02554561526,-3769.30251807266,-1995.05695564516
-2420.54849881197,-1908.18242458349,253.866861472842,3797.32191296261
1732.91805240237,6951.38902684159,1996.17259559047,988.573515755991
1093.9541224761,-2009.96790837237,NaN,NaN
1847.99317943648,7198.18712308054,3115.79796223899,10.6439101663226
4492.78991518609,2703.70745999794,3265.55842107733,-2743.78624571097
-3754.63962124996,1276.88826751709,-3937.83042279088,804.37743077715
567.44107472555,-2280.80286142175,-264.447121175939,3440.38235462463
-3843.44658898176,-1434.62126957521,-284.980310250327,-4726.82413140438
7200.22507556558,-3710.90062561817,-2587.69221841445,-1160.03835489573
-1036.03651596238,7693.89035456294,2246.46208861174,692.586789227592
-2603.36441109098,-1381.57181246458,-3062,-3466
3122.21677960743,-3607.29310716013,2534.99467985771,3285.78408125627
4597.08302520349,2415.00855975267,-1738,3169
6807.77578368688,4814.36880201709,141.267079253695,2134.21303758646
6671.17380326709,-5970.56939555229,-729.534691917226,2101.56655168718
-3193.5770703333,-7116.77293480365,-2354.07711046731,549.101149378798
-2937.19780718579,-3100.44799329089,-3620.77229353324,3303.86615953646
1187.56015734025,-3675.74245841859,-1207.62749453705,-3172.93777747787
-3639.37432299513,-2245.93079045683,1199.44179830325,-3421.03103733647
7736.98157327251,1673.70527579635,-853.91505254899,-2101.35998033661
-2885.32684906794,7444.01970136099,-1693.25027098907,-1518.49035773879
4467.06150330385,7065.5142509742,1305.15130691789,2978.99617955305
-2696.70496877985,2993.29668517589,4143.94944513921,1260.93317298367
-3527.50834595869,-1571.88603171753,2007.07293314498,4329.22444185878
4322.67478247458,-7357.51308981393,578.62991358229,1864.84495227561
285.754613415948,4961.12496152117,2903.40148644513,-370.257082222763
1799.52205745583,-3079.98115474371,3411.40605720009,433.252863928738
-1929.35788148392,2533.62267143496,4266.44332992049,845.713817017821
2798.07342854335,4078.34898077309,-4132.03840323092,0.909614562988281
7347.79672924262,3759.16402448881,-1736.23859354271,1594.59213647521
7642.25752813158,3209.26316720357,-1394.561183664,-698.391468149342
2427.5976794396,-3630.85770766303,-3784.59009537394,-2005.06121354929
1225.38922474406,-3053.32049308998,-3264.10742870309,-1804.95889372374
2040.67093658447,2719.74051737893,-1195.33285439242,4144.82374210936
4258.12709037225,2485.6116788234,2523.26107776582,-3414.58578968318
6420.58007851435,-5430.01028573239,-481.048691063596,-2189.52966443266
1452.24834780921,-2026.4648059654,-2162.37021253416,1996.63315695485
909.779791154791,-3661.57731616733,3239.16478575454,770.560730645488
3122.35668662972,2837.5134596999,-1116.07677029551,3810.60233274808
4585.42910835379,6970.26364043063,-2607.03229829547,2822.38808683411
-2024.67717341049,-2250.44175396182,-4318.04821646548,-118.587138361307
556.273879663511,2465.38849640332,NaN,NaN
6688.59730751063,-5689.15709715772,-3001.69624905027,470.068984338901
2553.31887409549,1835.50424124907,4439.74573619769,-392.604970059738
-3188.90728886263,3284.97526379521,-3725.8268451964,-1814.656752168
-2425.30901266184,-3509.5321818162,539.642101232663,-3761.88840134419
832.931735140092,7936.19449614589,-2379.1623843207,-783.915430163393
-5666.93516281395,-6333.20839883762,2132.32751659502,-924.701249018165
-2261.60651021452,-1251.35641157498,-3995.60511611072,-190.511421712933
3485.55956847054,-1763.42633079628,-2410.23563092094,-2772.77713187565
3056.82609333483,2230.72642627839,3629.02119302486,-1202.37873052746
-4316.37542787391,530.27294921875,-4785.57080006897,1107.39983263538
-2390.00606178785,2823.95630679684,3720.81549797139,-3889.12147168597
5527.05597007854,-5661.14537333617,-668.679668547517,-3876.42975383462
7146.09576650297,-498.362248909746,-555.15625,-2332.81373097034
883.909828845365,-7962.6443360341,2002.52812905972,1065.77521115273
-6130.96035425045,-5825.02788598152,-2304.53115026793,-1170.42754745217
3316.53912332435,816.337964485552,536.213959130485,-4559.30864120247
3278.47489512709,-3519.30415448169,2914.42946765763,3313.91345253841
3263.3241396299,1155.2341159535,-4395.99299898684,1078.41514104596
-1722.53489658762,3130.00491764863,4324.77143306316,664.616368286445
-3511.56901484801,-912.137715184411,-2747.3188094257,-4148.96219935102
2504.39872708652,1629.9185940212,-1307.62268987908,-3920.08086283923
1611.93301885435,3407.03415009035,870.458522256991,-5073.74270742699
4197.13047252289,3242.3565073601,4313.50598596369,-891.518525762803
-3900.86665500439,-6709.78654640802,-914.068144615195,-2276.75288338506
6515.87200098856,-6044.94946824527,1878.56027871906,1604.17881766171
4986.73259085963,6828.21486493941,1080.33628737294,2793.59964720793
-4735.2143536269,1900.73790349294,881.806856233714,-4091.91896446078
-3733.12968010676,-1184.64884083028,-1876.30863334102,3647.24105212489
1287.99724687944,-2809.94143370739,135.220855261438,4965.29567508295
3152.28574547711,2293.66265380169,3479.79418189885,-3415.85176908615
3490.88120798648,-2437.91374969482,-3039.00778298747,-3555.79376542109
2735.11157764317,-630.33394058296,-4238.47533388187,-2060.50590770451
-7191.32492410183,353.306171356471,-2398.09793622279,1439.77332476747
3390.14200248123,7916.01542362751,1956.36870048815,1055.50239727796
6390.02719608976,-6191.94832832601,1684.90310214506,2037.9796285521
1282.97156543723,-636.625284544375,NaN,NaN
2155.99539021238,4464.43987471672,-4261.88811407506,965.808087211828
3364.10283653019,1885.77915455988,3751.78983001805,-240.058584524713
-2221.10191253361,-2749.18074148211,-2824.54008312954,1408.09764880153
6105.51166878342,1435.11559513753,844.000603327734,-1717.22767786529
2282.01112239138,674.294237027786,3528.12836982655,461.539021214278
-4007.5618637048,-817.086703727265,1208.60494365348,-4078.63783335947
-3562.29716986605,-2778.85562237661,4632.72472458077,-2337.7674126093
5286.17743537729,178.544105529785,-2531.18447986222,3586.50737652639
-5204.65241460274,-2020.66312271597,3276.76822895684,-1766.5679946352
-4888.61373954693,793.03889465332,4135,-2410
-3088.48920824483,773.613031914894,4949.99581427323,-116.116748099556
7983.28927003229,-3698.08996714473,-2539.09667578685,743.561266433361
1166.77117644761,7560.47084005594,1396.72216789056,-1288.23928266956
3735.3826290982,-1847.88645134389,200.949089846404,4352.95751008478
181.843505859375,-2199.54884436042,NaN,NaN
1760.88029370513,-440.112915483185,NaN,NaN
3564.10399852845,-3522.74263262262,-2204.33493486783,-2208.13777295458
-4419.33147543068,-5968.96924567523,-1800.15476394526,362.224739074707
6648.80689482118,-4771.76999647053,1823.71990725702,1550.42656668987
7057.54315677473,4373.71022227681,1670.50695226843,-1623.46204092142
-2864.39399952986,-3218.87955794846,-3039.20750830339,3629.87889626265
-2531.68068282028,-1058.66132655945,-4982.70045944546,-1106.00668578591
1410.05634851298,-3671.54766849925,-8.18818184498991,4319.6679350653
3815.0048167595,2246.20994417766,1104.71557565366,-3898.50351262559
1747.03422816295,1113.75910914877,NaN,NaN
-2867.26334824673,-2489.2230989957,2418.73241900645,-2968.60669421227
3036.07291055712,2662.6977505985,-3169.75417164781,1294.34066404117
3019.82169096684,-2615.15883083944,-61.3593958162414,3617.92421130688
-4323.96132752579,400.419048010277,-117.57309216792,3689.87006662892
-4260.17272605324,2226.93205410848,1192.78429417689,3659.7579718434
2741.93454885266,542.416867937361,-4655.8103180603,-506.610555816551
-4038.47057189322,335.164370536804,-4610.64066176298,1099.39041199613
1218.54470540242,491.28125,NaN,NaN
4833.90162330785,-1279.75265565809,-263.590876054022,-3918.10956228579
-4174.52311546653,-6835.96880878812,-1190.71162002446,1684.66535079465
2104.12704929103,-3336.32144784134,-642.886700946513,-4474.76560054924
-2077.05805375548,2457.06036539881,-561.162034091773,4016.44907899428
3217.12338124151,885.913336464636,-1191.47397079045,3715.60773896366
3419.9496573082,-211.633868739734,-4328.67477500836,-597.266424435082
177.204116821289,2274.55501789254,NaN,NaN
-662.560394287109,1224.02249280426,-281.320761921497,3276.1780125464
-2284.14636952458,2191.32799065033,-182.832949002584,-3235.46115753661
-4756.65929813651,997.486622199083,85.5752868652344,4447.8749287335
3113.72584807928,2867.69658443918,-2029.2403140639,3583.15705432559
-879.841947875613,3083.55308128791,3693.44384427097,1155.58181270513
-1860.05759648609,-2711.33157137969,-2434.90677777642,3110.04440140829
1617.75004021785,-1785.03067432854,NaN,NaN
-1819.80062227056,-5011.23241349089,5031.46291882897,1284.86138698189
2033.23000143788,2763.38935476872,-1533.4097959853,4008.49068330242
-1345.05220820986,-2595.24382705208,2838.50320921068,-3841.85951101189
2529.21010636291,-556.503379890557,4360.6812177083,1196.58616696395
2070.03869848856,-839.063931308962,4548.49516901951,311.6969313525
-3030.15753302143,-1613.68925534913,559.604612977762,-2996.40922389673
1585.98125040826,4845.18927159506,4049.40427432914,2157.22911336391
4501.37572688338,-2943.24880064555,-789.948678246732,-4849.1242207197
162.43529510498,2198.19138518661,1630.81214329621,-4229.32983871368
4148.74667060825,-3928.53167640731,-1254.18744906676,-4451.36137175663
-6264.40836144216,-6392.5929286276,-2191.52061713206,1261.58079018061
-962.325103759766,6949.87108827356,1565.76053970445,-2305.65095262714
-1362.20180164973,7228.56409277597,-1775.35461154329,1954.69119730434
-8359,-124,NaN,NaN
7088.7876262939,-1424.30663132843,-843.29784375,-552.666204751131
4169.40418389287,-6822.0566924591,-2169.58996631639,1006.21334462623
-1291.8876164892,-8474.8426326199,1700.44881223849,-2057.26721669017
2550.37172900706,-7671.63458419574,-1207.15951759186,-527.374148919951
6723.43760192917,-5707.35820624521,-1926.31424665451,-2785.03117276614
-6829.84991831048,4116.10538369581,-416.822591149,-2255.06236262151
4357.46476110906,7893.22777970963,-133.449171934718,-2022.61730391139
541.109808102345,7524.66529304451,857.832312937795,-2018.56967285416
-7945.38900010399,4201.2875084757,1845.4772311538,2448.69306533838
-7126.55387504644,4031.91561701315,-87.831123610688,-3096.24319149389
2011.96206490386,-2568.66689025531,373.651031593663,4077.23718707038
2883.08804068581,-2103.15881999277,-2823.67798674221,-1696.84831738669
3275.48395691704,-2260.72118923883,-4458.24366018535,-1212.30785388661
-3572.82066440645,2334.70646474427,-4280.72200007542,-776.873275619369
-1818.85259809959,-3172.89543577793,-372.946175664846,4042.85545154255
2329.74427341859,-1225.09624542209,3745.92695012402,960.408479900029
-1774.53114088043,4321.68087463948,-2665.89693148147,-2513.75718040466
-5542.66387670444,4906.69007624229,1377.31546869456,2482.33374286422
-2746.59571926055,2523.20798680856,-1172.94918863372,-3653.62314091725
6773.41343181833,7163.08659413333,1401.70167695952,-1522.69982019441
-3181.36685582572,2441.09920723652,310.436956997575,-4207.87888521279
-5942.29086216482,-6627.0344505906,-1998.81805342363,978.743678176552
4971.10188564734,6821.47214923689,3012.19999687776,-713.633575720114
2036.9514009895,3662.78760904751,-3013.0960010667,1258.03634730437
2521.79291402152,3036.41441956723,-1474.40954074403,4167.53275014551
1766.07678329395,3146.40342327869,-186.23698933299,-3974.18196851249
-400.511928192252,2196.53554590786,-2963.41514050488,2218.86018791337
105.718631178707,2679.45614571857,333.856395889237,-4493.53532567907
-3040.66491403887,2202.01321670981,2353.72921572875,-2585.51473564946
-2391.46033213313,2658.90838957418,3376.29814133888,2478.21881454626
-328.012136990907,-2069.70538162786,-1709.11621001691,3900.69996850181
4293.19423648562,6888.93987500975,2017.5518151209,-1346.97558099746
-7730.52638992337,-1772.51573257208,NaN,NaN
5743.40143192014,-6227.73107939463,1990.51534375383,1908.82674492485
7402.82004960861,736.038704180177,-6.73104725629766,1763.33067168451
-1800.63262515867,7999.69612598656,-2662.87161754463,-431.108643253749
6516.9880025562,-4711.62245539405,-1274.44208037825,-2548.52132800872
-3746.40995633223,3038.8529130115,1143.12218374344,3164.16121512373
-166.95858001709,-2750.71334337615,2127.03113848349,-3222.15868514955
2390.64478247001,3135.45297692502,3423.80354407757,-1854.44056716183
-3357.02580783519,-3518.77421170397,2933.58677063177,-2225.38532297809
4033.19405030357,-2041.59535274455,4570.29227237789,-992.234906027694
-6787.24187063481,4825.73925667356,322.559769299566,2771.31005689807
-2459.40072748459,-1678.44582255876,-2692.9866999481,-2853.55397939492
-3835.487127469,-2928.63311017736,4056.74789889356,1071.62209659019
-3468.48937897074,-2769.66154883683,-4216.38462802259,173.206731380964
2755.01142753501,-7396.60488816389,85.5354614830733,1365.19657837431
2504.81157006679,535.666629914315,-2373.00920242819,-2383.64783719665
2455.15399046049,2465.75138931232,-3431.70841023195,3359.70058435512
-6852.10596628285,1052.20369130972,909.905277546208,-1635.90309886443
-1104.44799571186,4545.11011056696,1385.33183972184,5239.08084570805
-3125.24794690876,-2802.41134618897,-841.912949867508,-4544.05628502028
-4508.23432882244,736.230436142177,1018.15286348944,-3815.66602880227
2562.54677437271,-2291.32973345588,-408.248424060328,-3643.74410703317
-3293.33550491922,-2446.98028054236,2613.05629276583,-4148.01723453762
-5073.91642627947,6576.37358828336,-1582.22155633486,-113.083337143159
-2341.30379413277,1435.92560434341,204.971627451115,3218.57316558319
3575.29743746244,-1632.16850402016,2956.1940030879,3959.44954605649
3476.5643690906,43.3895662556289,4882.70960280635,-1148.94243391229
NaN,NaN,NaN,NaN
7560.56751957095,-4715.98383799327,-502.892043548748,-3072.25770069127
-32.5166015625,-7439.66203817192,NaN,NaN
-7183.10019421871,-6134.8001918666,1701.72230216663,-1256.73277339427
4681.13584434085,6709.18203387384,-2632.9199120983,-1513.12382158377
3157.21342429555,1255.54498291016,3249.63112169643,-1187.99950717718
902.648835471704,4560.2042586947,1914.43132940559,-3030.89539612511
661.662167363499,4812.46449533505,2866.02096803532,-141.640380859375
2529.259635642,424.469184875488,3213.75979008258,2396.92150144238
-929.136392988339,-3025.09844301795,3217.56507361883,-1953.46725434484
-1802.55885426755,-599.678741266569,-3931.61085600034,-394.220252990723
3368.86545678843,-2944.42473748315,1989.66884125256,3321.63941729924
3004.07007119089,2226.25464340697,-5232.69232170314,818.861082099366
-198.37890625,-2091.53386428345,-633.340401390962,3934.40736613717
1971.89698894265,2404.13429852844,1610.20739575052,4057.02809680556
-2355.87439158432,396.761454983923,4870.71937954199,626.316167787064
-1939.01391964567,2544.51410214869,-3057.37264327578,-1114.13690472516
-2861.19557015525,1536.24250882368,1169.89455688758,-4095.57258249769
5264.90141502458,-6700.5682153409,274.669729596618,-1607.12198082976
2413.71489047476,-179.521298320023,3888.27125068708,-66.4286302419809
-351.736556234055,2425.41095430589,1472.73611975788,-4117.90108968572
7044.44620855241,-665.491874284337,NaN,NaN
1151.8151067385,2023.97295614372,1211.59477875408,-3047.18335751834
4513.0273915612,-826.16015625,4092.71562557039,-708.887496986418
4037.2092358295,-7134.53342876118,-1135.99121695917,787.491631532471
-3861.59364788241,-365.15161819458,549.233893199139,2946.07599642317
4721.40501876967,6516.18292387637,487.663905484465,-2524.62046183996
5209.62020155992,7447.52828242153,1433.87644156458,-2867.23853797934
2647.26958999986,-1218.98797215913,3651.98159738089,116.84105682373
7749.38599913823,-1426.06553745504,532.877327293095,-763.329055364619
2127.90978373717,2247.68463982233,-2924.42672684678,-4103.6292246116
1057.958984375,-2240.64898536159,83.4553026945695,-3431.23645320234
-7557.87812625866,-2596.33822869317,709.14157575219,-1574.60381234958
-2142.09740740097,3465.24283109206,-2152.14827461203,-3659.62103653118
5186.88008936792,-6319.03646484281,1548.55548265144,1496.68119093881
-4355.35188581327,-6626.91482746357,2212.2201222316,-1835.68516274238
-3487.75200843319,-3539.25899297075,-3655.16662369991,1490.00064196808
-3523.1764954908,7082.07283281395,-1431.10438863022,1229.04355693963
4433.39029206628,6481.08997319717,-2209.71218385002,1040.37176726585
-2072.96513396205,3175.22664109986,-683.890171788674,-3281.83062701394
-5377.79142875263,-6153.54844835195,2076.40081219099,-368.241474454365
-7109.41041777386,5420.72734269086,-1834.00696834459,-1063.10381856752
7725.81902211685,1259.86521187745,294.531257403803,-1709.26955424954
-1660.55230878557,-7579.6715478428,-535.689229780628,-2877.98280069988
-1418.49359130859,-2315.99671651008,1136.50468012972,-4452.11977784357
5480.66606859706,7625.96463614842,1768.23930803154,-2058.8177904134
3296.49239520173,-3110.88637926196,1130.46544043805,3146.59471529447
2983.82313271947,-2865.49832177757,1762.44596716331,4123.50194807003
6707.84935843352,-6728.38470508283,-827.654487821553,-2413.16605196481
-2689.87860645037,2229.02053861158,3114.50327679046,363.304073392428
-2865.11100577736,-1096.40423482534,-4445.63456854737,1049.46753160493
1722.59047477163,-6900.69908361388,2217.6733826399,-962.897561850668
2695.8567614978,-6816.34705786288,-1636.08066552911,3335.54703830427
7796.54106819861,3254.67879966564,NaN,NaN
4093.54284150329,-6144.15299015979,-1664.52292588856,-2481.26103885764
-6806.23487346337,-4021.25465773654,-743.005027039209,2635.29917025371
-385.594685872396,1959.95821377148,NaN,NaN
-2361.85320169044,-8367.09658341115,396.294350056384,-2621.75160213708
5488.56129916356,6849.74853736801,1472.12363702935,-2026.42457836819
1974.16914921265,-1131.69721984863,4242.61566869681,670.023244096232
-3014.86605705874,-577.793860065995,-812.030992323352,4141.26478460721
-6493.22650822542,-5051.5917632937,-1863.78178206085,967.062664186033
-2613.28350378322,899.398902941349,3803.93683182566,2242.9349360832
2872.61254086708,7018.10135369598,1694.82627884646,679.089635090786
-5719.95745936988,-6159.2578132428,-2045.59751865568,409.421912663019
-6148.70292879318,-6694.95467346943,-2323.09596882531,668.103747535946
-1907.81255890572,7967.08922314564,281.711406659735,-1837.75129266588
7677.42619285286,-3632.29967795305,2309.41139753497,1339.39172387788
-3093.88135836873,-6217.34776492812,-2216.65483846681,2480.9131385287
-266.856796264648,4452.43943939882,1610.00116060223,3905.40241052388
6707.94298615788,-5329.48231650622,2107.44493107484,677.243068376529
4671.08252828755,1065.809423898,-3681.48539532962,1885.26886622407
2645.73499714993,-2245.10436795096,-528.646783531312,3910.82097497965
4338.00496925317,-2041.96701106612,-969.655069979626,-3925.08301663199
-2591.91039753521,3055.86379253476,-2135.20967561803,-4619.40040366535
695.648807179651,7215.79889933419,-284.116497130346,-1167.67231502089
2442.10460800011,-8012.52774030615,1462.84090909091,-367.055406102594
103.353499363809,-8681.42173194424,-1433.15056975777,-1666.74370864647
-3683.04300904409,2284.50465227739,-3588.38069643958,-739.71507209464
2282.10386485061,-2645.56135984191,-3556.54168051862,-2245.87712702651
-1195.86112829888,-3444.8190828073,-2414.74208781255,1398.52816929344
2395.27359741174,1672.64332798313,-118.662690080915,3911.1659926301
3022.06050810283,1508.93288400578,-1394.92559938442,3175.20200324868
-6078.06979121487,-4744.34881644104,982.898994912309,1574.86500420772
2464.25829479268,-2576.38497032826,3515.0776381683,607.857594457166
8494.99967118935,-2628.30230115945,1868.45489518301,-1617.51116071429
-323.13861328125,6844.42904513641,1836.99076080322,2278.64071754499
3076.33761010538,1175.12225836896,-2593.6318359375,-3211.57029278142
-3873.33298994796,-7669.18429436894,2602.25723348713,-2302.35153712338
2296.31503230859,-2587.55269006161,-3694.4598101078,288.185641383047
-5885.6998428961,-6386.61373655807,1589.81551154785,-1375.74632827773
-6706.3074917944,-5170.27323295642,NaN,NaN
-8066.45042726251,3828.06572303014,1335.84331120705,2908.80800691009
-6713.69343583481,5134.96578004401,2079.06554536,510.808249755382
-2853.07112010346,-1201.96272552791,4037.9980111967,741.420748231199
6322.70296592905,7417.1983609347,3119.12041404511,-337.8388671875
-4083.52336138201,-6762.20031215583,-2705.48722491086,1382.24640605117
-6295.15440165356,-3124.28901631902,54.9876638253668,-2295.47077449568
-2087.32892871068,-3211.56967104096,-799.012782591466,-4103.3636000731
-2277.05957582856,-3523.52255596985,3334.42813686653,-2313.05444599599
2572.00014209747,-145.448440234095,2921.73284185603,-2779.99741708391
6572.68983403113,4499.6243405766,1718.95892173455,-856.552296804306
-3540.76397499275,7798.74605536018,1487.96167187529,28.0703729520178
6642.69357630938,-6643.85316770562,-1787.89548250612,-1389.28757525915
3175.62483580589,-2159.26979268125,-3902.53457835145,-396.248433794294
2888.14125506844,1979.15407964751,4537.40127280282,129.093359293348
-2415.14303616339,1650.48954476934,1685.63951034422,3023.7791944325
6896.19911234685,-4253.00804381402,-2370.17979086909,253.99267578125
2949.24436372036,595.796359257606,4078.99916771536,746.576357647815
1246.11435432392,-6900.61327602203,896.537237632376,1278.61240410168
-3944.64475292722,-7003.9029072687,239.681716991376,2507.77926496839
-886.891731262207,1634.9574647782,1107.66399072165,-4097.14049651626
3574.91472714788,3010.24960139348,-3623.82720436789,3336.02602422493
6796.82998305507,-4652.16045708533,1456.09121210704,956.272412271595
-2988.20064454519,-2205.61193552265,1134.7468116709,-4588.46115172558
-8398.27199492884,1700.07474852176,2012.17665534004,2924.37417209831
-2465.29754502384,-2156.55809700593,4122.93997245641,-423.940047925761
-4586.59401902822,1620.35896957697,2677.09621887167,-3597.30661700846
4937.94381421829,5907.97068674124,147.865317979426,1722.1370753923
-2077.93375422199,2510.36253747698,-3461.18921568767,-2781.11100350841
1337.76550801512,2932.06394429858,-671.064921171248,4276.1698712589
-2925.05701195451,7207.44567967448,144.445435986547,1717.63487291812
-6838.36356326481,3098.10714664922,-93.8039377893178,-2206.14918866773
878.92918334001,-3904.82849063071,293.953773498535,4958.8758759653
1659.07233618036,-3785.09299685183,1064.45630769287,2864.68299780273
-7888.49674227473,-2611.09569537964,883.068068886179,373.836920790785
4076.96701904313,6459.75206816742,-226.593853182049,-2369.32215865115
1665.29240499471,-3311.37319086718,3781.35838426695,-1524.05824316945
-4487.07494014043,-7986.13754317726,-198.390463734669,2573.43874109256
7883.26358635229,-3916.96481955165,-364.690288339342,-2696.53781612489
-3468.76743542423,1031.9216179236,-4892.21844096493,-75.6405029296875
-565.859904167168,-3209.81167367788,3221.72760849418,-2057.06752469794
-3741.41987432512,755,4215.76740008448,-532.26734757974
-6755.66184371093,4723.66357976401,2380.27669101781,132.239056499653
-1528.2142895434,-3885.61584465639,3053.70108291787,-1160.77408631706
-170.287577179767,3976.44004689849,-1224.78847037529,-4065.58456411805
3979.07108301806,6701.20643754049,1027.23417336204,-761.967113183112
-4985.59345751028,6590.32082501749,-1064.81605110129,709.403945123144
2373.96249690073,-3157.14055889812,2255.04336330955,3467.08217180099
3616.76938595421,1303.34849657757,-237.597717285156,3891.44854688525
-1002.27690636132,-7480.18169416081,2104.57171383656,674.350581995105
-2418.26323915966,7750.03185293292,1833.04619140625,1296.11310573637
1918.29310303637,3144.05515929578,-2979.5696020318,2677.30098467344
-3009.34309892102,-1485.53237796777,2440.12374703881,-3204.31867547621
-3104.13308015768,-2119.45039404986,3062.31505392999,-1879.458009252
-7487.13006774929,3128.97568136662,-1266.96589083212,2046.57463112198
7412.14678003305,-234.709511568123,982.646341494499,-1738.60718372191
7021.11825006658,-5411.02687357203,-1257.75820878753,-2147.96347088461
-3369.21963255322,-5959.96765534978,-654.75537109375,-2411.68817225711
-2613.1840742895,-1780.93681096175,3229.90243400791,-1667.89334917186
3119.31191548283,123.854370117188,4484.04755684807,487.633550715042
2717.83974128454,2851.01957578755,2181.3170689969,-2182.39426057707
-6009.14306869289,-6661.28739730585,-2458.07878008614,539.603078738981
1828.36049442413,3455.22656058168,643.067372393308,-4399.93088515118
3777.49793459511,6656.51215457104,-2244.49685106505,676.170944213867
-1612.50354003906,-2745.98995054477,-2578.90573865476,3198.55098027963
1894.33975685556,2357.27574040508,1305.57507718229,-3937.61565236249
7054.72503624804,-5270.35148289844,2037.58400777811,-2318.5244602703
-3871.46194790627,-5620.23546368977,981.114728365923,2522.00052148799
-324.951290134748,-1357.81719247049,877.708080567624,-4720.37894050948
-3617.37511817793,-839.901742239894,-4165.63720669051,342.560790693261
2400.67808336989,1762.69371280179,-1720.36139970772,3592.97671119556
-4028.06769848953,-1862.64732089403,-3847.03512560003,1432.58131378401
-2170.82255263437,3184.90239195052,-1031.71555799837,-2746.61362422019
-2489.10715892127,6974.15455620105,-1168.54771822765,-229.783514828605
-7382.79440970666,4970.94277709166,-1519.01056085711,-1626.20086406691
-736.690874613248,-7124.76300397188,-2614.30799975219,-824.867413198991
5322.16224603555,6323.6802131085,2371.34781699797,573.873720356984
-77.9419555664062,-4539.48211270647,1786.6037495931,4051.31178434786
970.154409213658,-3083.5737405384,-3321.69499635365,1937.75233247946
-2583.75332382223,793.456465881651,5095.41621048918,1382.24471443113
-2525.2360247009,-3698.5093981021,-4140.45593397418,1682.51520769707
2659.7488364143,-3435.7476994336,1001.42521181155,3077.70121610281
2533.10213143545,-7247.14811891394,1997.70419816437,1411.99314847316
-1480.72391932655,7987.0822940165,-73.257085749304,-2222.87426267279
-2587.18160283716,-2674.73423095174,3573.60158319707,-993.319379690508
-2290.3607700166,1793.09614217529,4811.29085597912,1228.84073808373
599.476389793658,2947.96503563346,2381.9091996533,-2538.25053345518
6560.88399298179,5600.02024889463,480.948930441711,-1765.71758468184
-1972.16072490043,-2798.62604350206,-1892.74116902041,3367.54511985735
-3040.92372040155,2204.99441692682,-996.372056959933,-2760.04219708177
5938.930409582,6048.4566989847,-1436.682959406,1122.0472701059
6460.17853498706,4444.3383154604,1477.45225103195,-1076.95453701157
-3668.62962074194,1477.08538457133,-1464.75403756494,2709.33550924527
1868.17923676603,-2418.87009835178,-3795.96511768232,-1951.92172811507
2711.90580971503,2350.65238107704,1816.57484385961,-3641.37042493135
3141.69318813348,-2437.6055160841,-1281.09707699448,-3020.09543882079
-3584.28525270706,1979.56757087108,-1239.22798870229,-3789.39092191194
1932.72402585636,-1446.26382879031,-2187.42508428889,3289.94993430956
-2728.00683402112,-2440.51552066169,-3182.01186105054,1262.35875149157
-2537.32847133119,-8633.73863111104,-1050.8078357881,-2264.32824019714
-3747.89236257118,553.071335790716,3611.5810399902,-1366.66983367957
-1957.4905384326,-2299.17366066874,-378.639678615575,3169.18597106718
-4590.59943165421,-6892.10582945384,-2033.24582172277,-1156.80654540725
7758.8162426781,4910.35777170569,1806.50517763858,2433.92873088315
2089.22588528438,-3594.11439224572,3124.01893462435,1623.14574295946
-2465.99848876703,7258.22322395994,948.327502598223,-411.112806411913
-1747.61545576372,-7423.47508691552,-1089.88489487592,-1631.48354800778
3226.9943025519,2573.57482156338,3418.72621126544,-335.794124592704
1025.15077599042,1713.84548528775,-1827.76092369456,3660.18571522207
-2259.08141371876,2952.75712659422,-3374.68645659051,-2535.81732245996
-7236.03349357637,-133.198501586914,NaN,NaN
-1896.16929705625,2590.21351766079,3925.30305019056,-531.977830508673
517.477310107656,1925.72285078561,-143.137756347656,3690.3643332184
151.417937186532,-2690.45859357168,3781.06768038827,-421.062718850663
441.44576992366,-2141.96644083858,-513.668630204943,-4261.6041932357
6795.82126546351,-5396.62233081447,1586.01226570839,-91.2321070502786
-1769.92727972339,-6367.03707052654,-2559.26897547367,-2024.34176164517
-1304.25094259214,2016.53812437791,237.235770865719,4308.60851192737
2980.41835368527,296.621015233901,-3411.3117127303,-606.19570262422
-1899.74185241833,2449.18385119119,3721.34704328971,1781.99852808417
8002.36310084437,-260.321961393473,-1812.36839950528,1198.71961821285
-3272.19485275236,-646.915752255547,-2442.95989584636,2502.86280315396
2783.89081369022,-603.170065824417,-3813.36130073498,1238.89279621878
-4550.23500790716,-6473.26457806539,2157.01647908563,-635.344296899172
-2832.23757110511,-778.7919921875,3686.49495449671,2960.14538899427
-538.201430874845,2943.54106003855,137.288977581522,3875.1069280291
-5842.98471493565,5696.21426606595,1721.00085111475,-343.922960526316
-3695.64348228995,7424.17174500772,1095.42332903312,1647.88723525043
-6085.11431854471,-6010.54509762585,-569.422662889518,-850.426886970136
6741.92284099882,6191.51059363875,952.056198572013,740.561480195329
-7481.49216922343,3786.74718543696,2301.04572587334,2274.42935876506
2786.08692667356,1905.85378950043,-3429.26738633736,-284.777886115445
NaN,NaN,NaN,NaN
-8016.481738429,4086.38438327446,2175.39121032559,2239.47015749033
-3303.1067106315,-2547.34473900893,3753.39774583469,-2029.5189979814
2216.72533043135,-2493.67206345916,-4670.42344670796,-255.942762264535
2623.32696669808,3561.22782370892,4632.05769426263,-1108.89816390815
-1913.85808979763,-2968.63355272564,2981.03281886024,-1364.98682745826
7115.77646430155,-4598.19860565985,2053.22794478103,925.793996347228
3583.38041478642,-1678.92598859912,-1700.43468247806,3565.57759645795
3172.68586011203,2701.23696653211,-3032.31911481533,816.863597064654
2517.0783049366,-1568.42449492258,-3869.26482421799,2823.86311874236
4343.26038023866,6961.77646339493,314,2734
-1611.78684524071,-5741.07756417803,2782.69508458881,428.282876745759
-467.553776514167,2311.19239136735,-2204.1880036712,4165.88668326123
-211.522181951758,-2340.19113799576,-724.116889496672,4228.54681695418
-8101.33571200078,1596.2223788213,289.732338289108,-2298.74211217023
-2643.12128832664,-2873.37599533065,-3558.70577443211,715.573852539062
2523.33734633474,1653.22581459276,4262.0251797203,1389.05716445774
2709.66361995515,-403.939582824707,3329.72057522108,562.859350840251
7018.6599997074,831.172971625077,-2981.25456947278,-1943.93014637582
2292.31834640322,1404.69707234812,-4484.16068335973,-1473.55033797568
2543.71792054941,2320.09975752875,733.792965698242,-3172.49741469561
-4087.93679501063,7407.20169506134,NaN,NaN
701.219437886145,-2695.2240188855,52.0659514871289,-4390.0926848333
6684.43013553534,-5130.54539110459,951.618785577474,2567.92903409273
-1284.34624362068,-4868.10541606044,2294.03041474994,3082.70692399604
-2153.6225411851,-3517.42892538885,3290.22314609857,-842.545257176607
7074.96566513077,527.876826782681,1728.06784036276,-548.745664369663
-7901.50279805939,-1655.3751513557,-2481.89332648829,1846.25857086597
