complex_small_real,complex_small_imag,complex_large_real,complex_large_imag
3029.96122606106,-3356.44231480578,5932.66556898235,-1984.67373891561
-906.757177073769,-4243.43719756728,6376.62184997011,-2717.17315068165
4789.72109772264,-5106.9155576433,-5410,3556
-2328.08418904541,4812.60898159592,6998.17546698533,-861.611608191114
3620.77433452277,-3814.41486135182,6006.01691814792,-2463.96412525784
-2970.20281120132,2996.80514779991,-6080.21908342934,-2623.66453929424
1975.99863013223,-4992.79706174166,518.112158432975,-7002.39572556776
3679.76535693646,4522.24625380253,-5540,-278
-4145.26049483961,2696.49790762531,-5901.09709850448,-4905.39246231255
5280.06143475172,3266.46650395622,-2275.45313938451,-6353.97128717583
3723.56957183815,1585.3871745938,3039.79668828073,6734.24910637321
-3103.12333164118,5427.35630629765,3748,6852
-5395.72451471457,204.875061035156,1637.1083971576,-6473.36739796361
4941.77031281585,-100.793283601747,-7343.15341696248,1260.70253914046
3685.36713429616,-3893.50270160876,-313.481893491124,-6796.1786787191
-3856.45993338661,2458.52664360725,-7526.28779230705,995.346936627162
-3926.22841552406,-3893.15393307751,5357.49875321455,-5781.13195076834
-983.433841244793,5247.35055549669,-6149.23628023474,-2112.07162755588
5273.10547617837,3051.95676807715,1868.42464587273,-6703.91887357044
-675.378952026367,-3956.62327858561,-2920.31302210748,-5398.47420606561
5188.83326247569,1619.42973756277,6219.10115887541,-4438.45415709475
-287.932495117188,5328.83755655557,-5897.18047322812,-5809.54441083897
2657.4135033559,1001.87715617265,4206.28654939772,5019.31544961418
5312.06751627246,-200.833742449807,-5259.30493639441,6053.44252562658
2477.56738822582,3158.96633893563,1961.48830170643,6079.54611791579
4045.87197201836,-3122.32077097177,-3938.41961143926,-6254.94057492347
-3973.3933199496,-4132.472325596,-1562.11826968566,-6973.43716834617
3302.81968824975,-3192.19923430172,6096.60617290869,4789.48849441258
-1676.41417669819,-5009.5758820981,-6029.00058887887,-988.799385070801
3411.75040693862,-2974.28991302435,6231.55874674557,-103.932452186706
2948.55912920821,1967.99291846639,3227.55552003018,6026.94838218197
-3069.99435257783,-3396.1875,7101.12103312693,-1827.40974994175
-4006.50368057514,4009.41898077775,6192.57306298293,4237.11723835516
-4050.2008657336,-1957.22602106312,5312.82565240857,-4737.05363133454
3578.38631510152,309.766473239128,6728.62551240716,1137.77530985192
-6061.62885778416,-983.017180139876,-4376.44509155273,6177.5357790762
-4357.39677539994,-2720.17379361313,-2419.93782262981,6606.18333635845
-4306,3320,-6151.65491495285,-1237.02793000874
-428.589338949539,5583.78106472675,-5606.84734578446,-4375.70188651125
-4654.43278057443,-7157.67088811834,NaN,NaN
-1867.96247014897,5616.5501924439,-6649.42151810357,-1708.49301910681
-1392.1753934101,5338.6117708842,-3437.96108700346,-7188.13462528921
-3300.3563632434,-4069.44199107393,-5184.79497784703,4184.99604170647
-2251.16527191763,2894.7831091959,-2401.23836850939,6774.93317680909
143.517550148252,5388.15557101215,-3010.55888395361,-6596.95813206913
-3123.76980553032,-3242.01104717485,3135.19602107722,5862.0411108559
886.0724555196,5145.19966421816,-1642.68443578994,-7092.70624706036
-887.452409130032,-4325.53880092509,3098.07502304894,5504.42499757429
4623.25377196333,1848.04187555293,-7123.74510736716,2115.40745175842
4301.82605529614,3398.59709360779,1459.96781239818,7436.44525954374
4681.39590794777,1798.19348568386,-5822.17012492606,3559.08839914877
-695.060687846044,4866.00189873418,-2651.0762145005,-7109.09256945908
5057.72607455384,554.729451497396,-6876.99431045024,4867.70116666582
3992.9593429894,1817.52066293207,-7876.82222452188,1142.57552249548
-3959.14836457744,729.236991882324,7580.11207229615,261.565979670437
4414.16255857131,3567.5122912521,7059.7636992642,-1927.33217849613
-2201.23679951294,-3318.59428896223,3523.86643751799,-6011.77423832657
-4775.09227053828,2418.25671419988,7162.25792547621,1792.40419769287
3656.33509141242,-3649.91376142468,-6045.36202786504,-2961.50976191516
3.94596099853516,-4246.86333715356,7244.89676645824,-2795.30244784751
5801.12475259976,779.589993166144,-5791.86822072457,3979.65067654487
4663.73534681826,2081.88800404681,2948.37513314125,-6883.58336158984
-5977.65965702672,-2708.91295694531,-2026.07322038923,6835.54884444315
544.369140625,5929.47765394401,7252.99508815285,-1956.72810063075
4276.31504906363,-1898.08625241519,6152.3449890558,-3240.7614401725
-268.018097042022,-4641.92296118069,4946.08360226003,-4875.62522087566
-4293.61271581511,898.505718099261,-3585.5977404122,-6503.78333621866
-4337.34640301276,3931.72889908695,6644.38671027082,-937.174076322325
2021,-4994,-2714.18608715894,-6888.84099190601
-5836.76399348502,-108.252195401391,-7124.94889960947,3650.61355493134
-702.212514006502,-4216.30570128245,921.264410952835,-7018.2905139487
-306.707491061886,4150.6577479751,136.325326329334,-7247.65167796892
-2479.69998587666,3002.16675165732,-6202.92707030219,2960.92952941048
1329.91846069199,-5634.58152842727,-4716.43993433562,-5987.5998903538
2133.05772464455,-3402.77957231694,-2269.59371910797,6675.56675380581
5274.28428033015,3742.30838934407,5552.4321336429,-5894.66124613858
-51.1172870580112,-4370.69792942791,2222.68675056546,6582.62066572854
5325.34804174443,-1906.11534232925,-2216.61856922898,-6656.34369904106
-3447.90367749298,1178.45328555844,-3911.66698742665,-5522.35218969461
4315.98478618421,774.8824352752,-6834.0355192464,-250.314340714705
3716.1288387799,1892.20829535577,5549.01188901863,5372.15890220353
-3612.26077076915,-1082.4406796942,5635.02267589938,3110.25383845539
-3348.39193197408,-2806.53853984076,3766.99745015232,-5801.76551883938
-1090.86437965458,5323.18057336114,7167.37866702226,-377.304063366864
2045.39046878252,3479.23405015423,4085.9601162907,4890.34471982747
-3641.90410963416,4849.05656284406,7154.02211273213,-1305.68452217774
3679.2144000184,2202.7156315442,3875.04400066387,5130.02964038819
-4720.60842173282,-264.701339325589,-2325.77289391713,-6797.56011060568
3620.89692332413,-4267.66118635991,-6525.02692510791,1786.8859437482
-5105.63154307903,2275.55541233127,4677.6531965914,-5692.00822170307
-4400.59072481532,-4250.57064939937,5440.41537741659,3017.81486708462
1595.19336872334,4375.02829246864,-2682.48168108856,6058.7029011564
5834.4659286122,1643.70704633205,-5410.48707796728,4241.19412369265
4973.78738530566,-301.891531935526,7071.67809539345,-1588.23998006688
6175.70542255643,-214.000101127499,478.383394376228,-6847.22259533321
-1597.40454898501,4719.30955890957,7497.59455216317,-3387.31634493481
-5077.45660302172,1482.40553324984,-3941.23120239239,6019.65601090882
2093,4286,756.918594523622,7707.014524963
-3426.4587789484,4464.92541665427,4725.71919410633,5618.96483078678
1015.29591767221,-4798.38841769199,7706.0290228465,-745.707305660208
3343.55562942277,3780.27441984558,6135.5195808328,3840.27929693893
4593.44820017629,3848.73113323533,-808.934104289812,-7567.70514115433
-5857.8435855646,773.825128472848,-42.4742320827164,-6849.88611023125
545.309259585752,-3569.56285419652,-2849.03919314146,6153.19212788717
-924.175298690796,-4500.14905343059,884.472742853793,-6249.40032989476
1228.0731213058,3774.6189171942,-5331.02554956889,4339.13583316913
-4831.15559270799,3929.04934620566,7508.00623101761,-1423.37694822992
3966.36921521467,-1463.96362304688,3779.51343987984,5071.23423093963
1154.96121070499,-6024.90718363668,-6697.01696262591,466.921692031915
-405.555391778537,5270.1988658145,-6496.43807045231,1917.28516888185
86.574951171875,-5972.05069794544,-6307.53222757737,2111.2429432202
1245.7177411475,5850.11142704784,5676.82510743864,3596.43227922083
-2354.89433580873,-5111.03805509003,-3677.51326265061,-5546.38897316218
1618.43216758266,-5757.89401358072,-4942.97755584148,-5763.31506807614
1526.01990515871,-5451.28013334586,5665.40558114681,5433.07399636008
5838.56924590319,-1793.49077774726,-3157.00157048668,-6736.54091894783
-4343.65474632778,-1325.75877075195,4393.09579111382,5656.59634286862
-2239.87272048795,5328.16922690412,5737.18027073673,5854.09898668938
-3493.99606581732,-3257.21295283047,-5814.60668605725,3419.21577906046
1048.98942233385,5512.70285117259,-6277.33071882814,-2297.42442015768
400.389958405589,-4702.63106495612,3505.23345788209,6807.98424333276
-2550.82611871029,4842.55249098998,-7207.96837193431,1770.18706744871
-5403.58623967144,-1436.88980379464,-4239.91961854829,6131.33777476251
336.179701847266,-6077.5221943206,4432.89370149847,6282.44212705139
4243.49047019094,1509.17540407721,1859.6393698907,6525.96666615053
-4987.63850642977,2750.89762068778,7019.72486745523,-615.090571838018
-1441.32788486913,-4967.32700249198,5422.16687210166,4287.64308972816
-3715.5136088232,-4244.80313992096,5561.05223368049,-4448.09245676973
5068.40088939713,-1037.54313682213,-705.838720703125,6471.103206503
724.657852172852,6046.229812293,-3065.49558662135,-6085.48161246104
617.335140571743,4188.7734868137,-1815.22961525978,-7124.47566152659
-3062.68786020756,-3902.58463561145,-7034.16605150832,917.781726746047
1011.06963719659,-6207.87839063722,-2559.76872950364,-6184.43032811586
1612.13746948453,-3127.69384357591,5146.71565073115,-4756.08632805145
-5191.75212465904,1736.82519417636,1846.32737116228,-6373.79890345944
-3793.55818428238,-2952.48069250234,-6833.59932349343,2707.55418032363
-5561.74147694944,568.337560287513,-3150.04244082,6355.43102755673
3319.10276697386,-231.271118164062,5750.22014219468,4625.82030073021
5245.91048338169,-302.724165562221,-6503.04025223662,3742.1654047525
-850.147154841591,-4260.84445276015,-4896.04595698361,-5557.5798294802
2306.33870810664,-4967.81587659197,6105.12208016885,5088.93395451434
-1090.11914248445,-5587.75308690203,-5973.77997391678,-1424.39648167566
412.16731882455,4795.77936747924,2705.91191687216,6021.06065705732
2464.42270731499,-4901.67135169057,-5966.0863019457,2741.43588737677
-996.740204368376,-4048.11265371627,-5290.11682857143,5776.44073599126
-800.735826479026,3708.71954770451,-1593.39471753991,-5908.21932010749
-4230.19556759399,3112.44528999771,-2191.5983708116,-7125.23237559249
-4159.82241838235,-3593.11383940077,-2042.50677786522,5528.72107728187
2076.58031730158,-3332.54615461858,-3103.7620475224,6438.53071188015
6298.77091460561,46.391678050413,3585.23071602174,5910.24227062323
416.633765176682,-4128.63144133922,1442.90409218113,-6962.50568344562
-847.110556483974,-5848.57043151434,-5860.44224675556,5406.90603601844
-3474.38620682577,4097.03131053911,3063.5848625719,7420.0274285668
-3281.44388534594,5080.88310787044,-6691.33927681766,2560.78047902275
-1909.36914872366,-4191.84591477548,3786.80330472248,6754.05836109544
-2744.7303325549,-5062.43024137127,-3899.83003568311,5998.07556713615
3163.15734594863,-1630.53718301877,6679.85231565988,-4055.15130789383
-5783.01676571966,221.891130148692,2197.65370310902,-6276.01155425542
3211.10894033108,3070.4584816111,-7599.60006998801,3194.95944195256
-335.76527879564,-4929.05351701469,6319.11364611312,-3531.17553442826
3946.42634888917,-2987.70279160513,-4743.33913750672,-5765.41481574095
-3974.48575408442,3384.07614116897,-5000.0886854877,6066.68175221366
3087.39441566465,3895.82572375141,4003,-4533
1244.10034163272,-4838.33740921345,3474.58262528931,5521.90432692758
-3925.92733836402,-1607.76495540685,-3560.58521097163,-5475.96479447027
-1038.78460133229,-5875.23644144058,-6004.40742318644,-1417.87613922314
3764.44435787718,-1152.91676473809,-6218.33723338289,1325.94978080407
4054.09928639384,-2989.03088378004,4897.91695441787,5738.28379568389
577.866546220055,-4690.14413057061,5860.16713858474,-3464.73634151097
-6333.36231007149,-26.4456787109375,-2065.97633295747,6441.34360795679
-2314.19759325525,5304.71225465871,-850.785659732168,-6661.39690224784
-6068.77201564265,-335.534867676737,5625.19349719434,-4205.04643796328
-4996.9831291044,-2891.61863800079,-1736.36024068377,6631.61435076304
4680.31364482415,-1133.11233834064,-7285.93775401782,51.7905704381518
330.588869988348,-5007.40373059961,7432.1419345512,-320.302799455137
2884.05280533927,3835.82626785493,-4930.0313632388,5597.21862968372
5557.39878671615,-562.074966115834,6140.30392895476,-3207.25277381636
5073.06591007799,2888.4090227068,-4335.28980130568,6278.74775200468
575.494095977241,5220.59518958395,-2339.25172500768,-7051.18271840512
-1896.49138219599,-4441.77121387452,-10.8000245012902,-7189.15229105334
2198.69813066103,4141.20953438445,-6466.43994693696,2815.80324500686
-5970.17686555112,186.5,5389.96357515688,-5494.90468000986
3091.44607436012,-4742.96096765949,6542.07319772729,3501.55661699618
-5484.8273886418,874.366866027582,6563.5125829203,-4252.04785472223
-4885.82061561011,-3148.92418058883,6387.25207441014,-4910.59392123091
1877.17519776825,4016.74902369056,5238.90846345863,-5765.47083759993
-1254.22418115072,-4825.49189704746,-7200.73903092844,1951.8196980609
2202.74964118162,3817.06936127744,-5368.20489934682,-5112.66935488284
-3067.3139962166,-4510.54506612883,5795.746449041,-3601.84024874734
4408.95184814411,1425.11409212226,-5051.11651728327,-3040.52178933387
5935.1847485785,1126.73258041063,-5251.45122295507,5338.64366325657
1134.77623101908,3688.93725905912,736.399210388495,6063.02930596165
3736.49353454358,-2903.65146005786,6840.89899109046,1799.99285627432
-3335.56898570036,-4324.41462146238,-5733.37542232881,2997.82293921966
-3319.53257106637,4688.33557644133,-6461.60186603297,-4020.30545875327
-2806.55834806331,4343.39782050465,-6417.96982844899,1946.86389846217
63.2791911192045,4924.31814165241,6581.70447619041,2616.7653226095
7102.61177461634,1733.99742873535,3731.37593680018,-6036.89665014155
2646.97213027696,-4613.44637475462,-4113.8135284426,-6508.97167696792
-4161.26345133064,-2846.11041026456,-5691.04308579438,3709.49157945889
-3631.32664001968,3919.35919781844,4198.49267819292,5824.66497443226
352.119814174375,4007.93183280507,-4248.57227639163,5942.67662126969
1262,-5701,-6264.89180336365,-3296.84586869417
-4346.76912379962,-2733.8931117218,-1523.10654157538,-6913.61649277973
-4357.61318320206,-2286.93049697006,-5909.54319004988,3978.39942711658
4909.09936954909,358.40234375,7318.9584610605,-38.0069784524975
74.8504211126844,-4265.02037477236,-445.889686933911,7184.19262657169
5293.46677862394,3173.08522397907,3736.9434876211,-6397.62005690643
-2054.7145594399,4052.69194618213,-2748.18352979132,-6411.61198979507
2326.10827457268,4659.43959354518,4596.34162190903,-5676.63836294884
411.8671875,5539.76100477581,-5417.23971423144,-4925.94584388237
-1032.71658178841,-6144.95523124851,5919.20899844729,2133.98069771716
-4493.19860515233,3826.87255305554,6212.40698954093,-1223.42998405907
-1560.31484947962,5972.98332596686,-2738.95881651545,-7722.6555697844
4482.693169223,-1865.62542562738,3599.02191771361,5573.64527366374
4049.06556234202,2379.50348930514,825.146518018966,7652.73651720168
-4429.43780974905,892.298206855624,5738.23059828023,-3000.40721482988
-4469.3344809786,-2849.90381224283,-1363.64041107692,6874.4363643091
-4481.52744539633,-2036.16318322702,-2143.76573705775,-6464.2420220562
4145.46549858694,3601.33702176494,2098,-6923
1536.23308141006,-5256.58347979365,-6131.71838252869,1988.80921912214
-5300.54617039395,-1263.49047851562,-4589.76950664353,5997.0737057693
4677.0003897953,1606.7260842416,275.210939011079,6904.21178250073
-1351.76577055384,5446.44687898512,-3305.36144655643,-6806.68958438001
-1077.26921342334,5302.66183878452,3545.30555455351,-4955.0764700294
-1528.74221047794,3437.09076265789,-5816.64401629544,3468.61257141893
-1259.02910079084,-5698.01371521355,-6252.85217472214,4772.6046762421
-3230.21376530018,-4126.43493995468,5716.77324622417,-4356.21165314059
-4557.14373302206,735.267938410194,5504.16460010561,4859.3282300192
-944,4708,7364.07573600745,-2799.85475268036
-2291.81944453822,4633.37085611405,2966.98848167287,6117.94688786532
3680.19567029532,-2648.07254265117,7770.1677069033,-713.41643081103
5100.00367174447,1048.17027161075,-5404.8055127537,5478.62140476023
309.815920103268,-4001.85483038141,-5635.34617726396,4269.30097592909
2002.43741823784,4584.9502293068,-2372.08673600176,-6739.49214818212
-782.885203147877,4196.39063969753,-7098.69408298578,1039.95381915336
-445.899978229668,4221.56505448354,6384.77643451167,-6085.6225833207
4206.48213217926,-1796.87585464391,7552.6026000852,-1890.82601749602
-5583.52744206821,1434.31382791003,-2207.01421877987,-7243.38378711184
-895.80546839097,4988.15156316285,4535.65410779164,5841.39387664025
-4261.33041370721,2836.62288313153,352.575717384409,-6929.25824821499
5099.12111792731,1934.32530220895,2284.00774395989,-6215.1565034497
6719.54542263491,-409.186519766212,-5546.44103654314,5233.28472571317
5355.23201951093,3408.33909876206,1056.72043885616,-6125.50922074199
4540.34718644567,-140.58219909668,3526.40528258636,5927.86418975349
-3639.79215047832,-2992.71161705035,-5463.14532964264,3286.61365547604
2814.7546118519,-4515.6211737213,6900.75313831601,839.042297363281
-3728.44458023132,3616.8628580733,-739.367133883715,-6620.81895852245
1024.99965745935,4785.08509682177,6473.04611197374,-4975.58261341795
4194.76875160343,-2132.79466140684,5575.41794399666,-2701.29857432373
-3660.43150975499,4123.26824188796,-5980.13862317664,-4950.99422916125
-1479.14383823476,-2941.58904766988,-5337.12913436777,-4154.23234178479
5416.81531226516,-1329.27618647748,1637.32741521658,7031.05472760345
-104.780277846796,-5588.71451098375,-1862.17469363233,-7046.61258955014
-2350.11154362256,5295.4199430536,3174.104768564,6877.89933001324
-325.615135577085,5354.36241314,2259.38278954845,6198.02897256951
-589.014693328689,4082.16465177256,-3520.03737151496,6442.4261539885
4256.00879393479,3665.07394846011,5644.41800446997,-3386.29300902938
5583.11818522607,1114.92218092638,7594.48254573936,-2211.52204321007
-2735.70850545067,-4378.8305793844,-3141.95544954722,6141.85876954729
-4569.03978406091,-3782.56783710227,-6132.58161800126,3497.53362124319
4718.29792214745,-1400.9516178017,-4777.99252267988,5197.61738156476
-1077.74895066023,-5034.4538320433,-6069.61781097223,2778.12465656567
7124.85483402427,40.1589119622753,NaN,NaN
-4315.72319567039,1639.59773249143,6633.42747959689,3090.6555685762
181.823692321777,5494.85261422468,-6490.50542413277,-1256.38002156045
2743.12969890708,-4568.73755692773,6635.94544378143,4417.12831519762
4278.7683990125,2649.38637817387,5453.95267644295,-2571.12896723097
-1270.94275284053,5473.47460074876,2905.77132726691,7177.38387405657
-16.2517852783203,3823.54339177961,2491.08741129392,-5856.9739576769
6801.14228151554,-5476.34446936706,NaN,NaN
-99.2626987535618,4626.37748428931,2500.06898508526,7085.26036660167
4289.73528945623,1329.72254327205,422.977273818016,7581.42801205073
1453.93852829458,4372.86308313424,-6182.6480679205,2461.49426168069
-4869.72726396505,-3286.9649524906,-5572.00404521506,4683.71190858683
-3531,4427,2073.44428104144,6836.52486630617
1492.50558502976,-3392.43331293766,-1874.25029172177,-5969.26209711524
-3916.07271770387,369.715393066406,-2311.81065828928,-6343.34071841249
1725.17842671475,4938.21778116954,6564.05472762293,361.469088114605
-3491.52337342093,3340.46763291461,-6558.41708319488,-2762.05634736818
-880.367351145183,5761.27011499303,-6280.13250434958,-3757.28499654037
5231.5110969786,-794.070373535156,-1619.14776115126,-7761.8271414828
709.787258315112,-6102.55275132591,6419.774244452,3591.46702858901
-1802.91536679361,5460.06730783241,3864.22176031498,6796.47521781435
-4958.17787080372,-2132.22227651208,-3707.48626278807,6664.51531338975
-3470.83583529789,-808.397830963135,-2743.31891886229,-6204.31391669894
-4736.91362497432,296.148077001775,-3254.40926893685,6349.96850924137
3634.22049919258,5761.18121146918,NaN,NaN
3605.88873777436,-4323.02743791661,-7144.2139731413,900.255120507928
3824.30241941006,4189.63281220625,727.165550231934,-7185.32719441833
-3824.86185297681,-2603.17925634746,-6574.62660286517,4755.46810669733
4898.0920780115,1676.42306751395,6119.01760284593,-4566.31029002555
1563.36422780034,-3016.44652273048,-4711.93980433611,6185.65004868871
-4144.25451813691,756.65596052044,-6434.97628713302,-3217.31408562531
-4325.81861239904,2388.62366733476,6728.93520632865,1826.29718197039
4320.06821863628,1927.05704793377,-6067.19440605213,3226.10521384205
1155.21032834649,-3659.15958193998,5463.72591565156,-6061.27975083961
3493.93191068034,4698.16507619562,6948.68218057144,-3000.26939617203
1033.78899540293,-3431.45030844563,5913.54052471856,-4463.00884138227
-1599.92657512254,-4675.29042604862,-6353.123838747,2166.66020992995
4748.73880931289,2325.05281841952,6698.01423296484,-4077.02070455217
-3094.40233021782,-4387.8974390154,2607.45302176703,-6826.68591779349
899.971766359119,4613.47226250311,6076.21909351735,4498.7104551828
-2020.23269242305,4296.46543634766,662.234477772721,6059.7282866536
-2920.83608595021,3722.53161209068,-5863.0325876209,-5264.23856668285
-6166.00907502174,2035.57610692942,3213.59908901306,6035.13317330725
1350.06914238656,-3540.55053202763,6512.54807768097,-3810.25656686843
-5386,-2599,-604.795809538468,6754.86655323206
-4630.75511630218,1469.85928007208,819.671869952642,7518.28894442931
2489.81480955682,-4975.53796489812,5795.01020626842,-3891.82595843011
-2108.06363276881,-4372.34844547538,6677.46109652275,-4609.43529374169
-2517.43641414037,-4813.98933413072,2213.56980874167,6346.82700712277
2205.76173752921,-4076.62514954941,6996,1732
-3326.12257219344,-3621.40608298049,-2359.65595831741,-5486.8696895352
-4541.88356891139,122.593276120319,-3514.38792593621,5899.22541415354
-4895.26810124025,-471.331978557779,2536.05976238771,5924.19015434057
-1175.12726057007,4119.90115174669,-7301.92018464342,2205.45327220517
-4689.54917070234,1782.20694519387,5739.98425939419,3588.09918056131
-2833.49713544457,2299.37891581647,-5431.74818368086,4249.88985701177
-2601.94620975675,-5838.95493004984,-2683.39525676088,-5561.90446277924
5038.60886510425,1424.47076023392,-5691.14587116856,4006.51123650999
4175.33781772062,-3952.33673085468,5541.87652436415,-2692.08016485428
1948.90075682052,5511.39353894958,-6022,-3658
1515.8179937287,4922.37248035568,4499.55143972478,5112.44352417768
-174.415718078613,5610.80716488557,5777.1521370318,5743.21822145654
-5522.27608752081,-294.722206300008,-233.782667748418,6873.5509067328
-78.7345907243312,6509.8504373417,-5256.6536566479,-5653.96782902813
2914.45087784768,3260.96482112149,-5149.46325483615,5033.43791945599
-3595.03933058752,-4074.59172594919,-328.921875,-7310.70895390504
-419.0625,5506.06174117815,-4811.10054869347,-5261.36441840014
2185.23857118723,4889.29874088113,6649.97952639846,238.237518310547
1094.90215148003,5264.28899397735,-5439.21392042413,-2927.26566113718
5258.02341837539,1869.92203280088,-669.796422648851,-7340.6633155415
536.286978187894,-4549.98141241247,-7008.51622702657,1481.54905634261
-1623.56701313037,5608.16704946954,6485.81941799541,4128.82639790396
2003.6976938903,-4511.32157328106,-4396.24813961475,-5831.11371150681
-4165.7286307268,2470.71111488379,-715.004909031465,-6986.25072227286
4046.02627082599,2603.16247304706,4914.13039524248,-6461.95659112612
-3788.05040596628,-4000.20102656971,-2189.85901290986,7108.24894517456
4593.67887145702,3563.10575461211,-1760.20731044356,6889.77359753433
-3368.26090750436,-2619.00193986099,-7314.58107543273,444.393667413554
3284.81623702129,-4152.04087522958,6270.3452160438,4664.85800908824
-2252.04014786116,4667.00994975923,-2550.76380760076,-7180.1198147978
-4036.51942858522,1905.06342413559,-7055.93649841389,3050.90668532311
-2214.96707713184,4618.96836324726,-5238.41773731516,-6005.69994383211
1896.06299041371,4100.70860989965,2950.08465586614,-6708.12321680423
-4983.59309529263,-1831.68723958333,-5838.90478501445,3727.30525288594
-2904.63844686679,-1604.39257643194,-3743.90939365251,-5620.96592741864
-155.005930475395,-3583.70837227091,-585.429052360146,-7584.3774774088
4055.83934084666,-735.964264508672,-6066.96439336288,-4342.80752144904
-673.141550964562,-4405.7906970386,3599.90923062942,5942.01091866456
-5911.01297111031,1805.31046628162,-207,7567.50435104261
3813.41923688773,3206.13375455895,5260.29959384094,-2920.83632730099
-4922.61676345375,618.798690861385,-6692.74440368189,2250.4069777558
-5040.27952221657,-1720.53801630557,6655.77470382723,-2947.46990381347
-3973.259662401,2785.60314317747,-4079.6163097233,5960.24239290374
-4371.45560128125,1546.10879717429,-2883.93710747349,6695.55623979252
2118.96745527051,6270.5945590736,-5795.00841615431,-5362.44555661774
-868.06885675209,-5031.19262677875,6077.30951966416,3346.37894633225
3404,-4824,-5858.70756287246,4244.14300163298
-3805.36255629697,-3274.02565872993,3512.65259698872,-6427.18552530324
5000.49152375059,3766.51260000388,2851.91758767757,-5871.80343252886
-5762.43054001082,-1763.57584687181,-5869.19152460408,5778.49988399856
4365.10793724103,2852.16516061217,-120.454963730984,6553.96862386373
2409.56402634851,-3344.17237665979,1638.69305419922,-6143.99909740169
-2520.45806199391,-4780.64496618454,5112.48699443438,5002.84863648376
-4834.21016104294,-2792.39279081371,6583.66177677671,-4678.8035891437
-5046.96223690197,843.965896592055,7234.10078553547,-2714.4379702173
-1118.62248933054,-5360.44252589052,-5548.47754524938,3310.2930521094
-2660.14859923721,4382.99189984896,-6915.90053047874,-1545.60021551724
-1790.96593397524,-5384.94942766476,5331.8197496343,-3619.90173634335
-4260.30110234291,2507.07048525488,2973.66541739546,5555.8856023887
-5156.48538122615,1865.78772898652,-4441.02187554,5323.8252470296
-2152.64124228616,3479.09661952278,-887.453796386719,6408.23351307366
5247.77786615414,951.626097334192,2040.57192849297,-6337.78343148609
-571.915501727282,3777.56929051599,1453.12655052715,-6787.50987818957
193.59375,4019.87551045663,1893.95282394377,7725.54269531744
-2751.13754300418,5767.94541201292,6386.6880996246,4601.24861863923
-4912.5995164406,-794.127450260727,-555.894317650889,-7501.10492787213
5339.53282391025,-1928.89618344605,-4498.63703870575,-4748.14120465727
4915.95525105788,-1538.93642891013,7775.81774657681,-171.025306565759
-378.419707429838,3977.66351401602,-366,-5404
-5796.87038012235,207.186745956231,1459.40174748347,-6572.74412356539
-4102.00504532866,1612.73156070467,4175.81094716614,-5650.96118957186
1356.93979583172,4861.74602975743,-501.180376255746,-7554.2746387996
5123.46202989049,737.313617475881,1661.59901085591,7368.10103001571
6081.91413928691,-1599.66318960599,-459.862465647792,-6408.3193316597
-4311.55143880922,-1513.08214630841,-865.384673247575,-7458.57132431968
-1108.67238870958,4875.81044270763,-5691.98036539269,2526.88824744591
4591.30931469089,-2223.44078819757,-7107.97316868701,2369.87316245228
-1643.26873004789,-4761.42293928028,-5353.83287570216,-4312.01002908002
4364.57787683256,3321.54103503997,-7274.57449244539,1062.69833790252
-4562.11446600415,-1574.94957126576,-207.953000980162,7410.39425475586
-2727.69890987095,1863.06250042873,-7102.53528454682,2308.92683618398
-1655.4861699031,-4622.49690182857,3793.42631665627,5980.7487829045
820.305707474748,6723.49596407206,6088.14844971435,4052.66978008529
-2630.67201788808,4180.65262823131,-6691.22933472904,-2877.10526477472
-4898.89003105088,1626.26314727076,4250.76700670413,4795.91570368552
-1653.58157762204,6064.49008023721,-3770.20269990528,-6506.15069161233
3507.14787871144,-2622.38106213306,-6737.43552545056,1728.55637144282
-1377.16143984848,5181.15274266503,-3027.28404742752,-6852.66470404336
-4522.77450941441,596.294860839844,7556.41909753676,-31
-4190.93507262024,-1818.0715081641,-4425.73599228487,-5847.76216206697
-2204.24233780333,5150.06247842199,6587.3550388551,3826.14138770926
-4479.78445645962,2257.1651495522,5602.63828075742,120.386162480878
-121.04611935625,-5513.0173641436,-3581.23464044641,-6698.9932413566
2687.57543740834,-4921.03558160203,5732.60378457717,-1745.57888647036
-116.886811947626,-5255.90174320955,1984.9233676559,7529.36903171727
6084.88582999377,142.6875,12.2275583547936,-7344.0014317946
-1951.53268786948,5620.90191766203,6883.32107939901,-438.254839567179
516.115976165597,-5548.93750319711,6180.3863085575,3759.46770643854
-5933.84128496327,847.984357582569,-4478.53928114364,5576.87677745468
1645.35337280793,5063.60708488528,3289.38413062723,-6452.94788682434
4449.23195279537,675.572562305898,-4601.34315078934,2654.24322757746
2353.67257386509,4248.13404140101,6338.43867836481,2943.86205162635
-123.949645996094,-3184.23110192581,1114.72554774677,-6101.7967205442
3294.98716156479,1131.13568144438,-4367.65697070869,-5743.80698322444
5093.9003257243,2422.14519387186,-4724.84722268543,6233.07122359851
-4746.3715125409,-1572.28666125701,5967.22384411027,-3604.39366530749
-4304.26864858509,-605.20023542879,-3398.91485233942,-6878.27643911778
4670.73509529055,462.934644970293,-3637.09414194985,-5431.60265600789
-3740.29836541104,-2227.26728234537,6280.90749181573,1699.80783032784
-3534.44304450029,-5308.08878647463,NaN,NaN
4627.83786598402,1894.05084520135,-6681.23194991398,2104.11528331457
-4837.52325765405,1466.72669657913,-4746.43434475911,2526.58062295208
-3098.50747384084,2853.71209150982,6905.45567931935,-1023.89009695136
4616.14166467061,3158.21705252061,5856.51081652519,-5013.08416923251
-1945.37997363433,-3613.38579646224,6334.62999769457,5036.28948006922
-4255.57627136164,3294.1655829845,6347.50725313866,4450.47954339226
-777.252831780206,4708.42301409693,7098.76178512249,-1862.32643470088
4140.20418636469,-2224.38348786209,6961.60485450274,-2720.41383975159
4683.1377037332,-3211.54230704078,-3427.93074650244,5544.98630018344
-4258.53399005232,-4310.97933471763,6149,-3407
3618.40797762009,-2569.40015928081,5409.46447118999,4833.97831506031
266,-5925,-7804.48404761672,350.084097110054
-3195.11302584028,3117.07817931013,-3298.19674670876,6683.75396400346
-4671.08967530443,180.45267355031,-6008.68231152199,-2825.71330122855
-4140.82015014661,-2533.05107345821,1244.56449262887,7404.77423716384
-3111.2365542608,-3565.01314061019,-6156.92837449874,684.242986024526
4063.22686926533,-2800.45754388983,4454.70939346705,5304.19001169007
-4948.68246079184,-978.842481556053,-5824.98383705754,3741.28939182665
4495.16989911586,-3289.36605403062,-7228.30341189476,-1826.05865323604
-1560.17540335769,-5131.2257806999,-7571.64251268051,758.800534825342
2199.0549090401,-4597.37550219964,7437.59804557164,-953.706952662498
-2758.59741423661,-4219.19007773737,7566.18111392196,-1043.1668402806
5216.43087676449,396.740054623111,637.648601826244,-6557.46752445141
-1432.97324769648,3787.87144763814,471.400828351271,6972.03856135718
5226.74731289414,-1085.61913030486,-4674.43454425815,5337.37004374088
4311.4001748859,-2667.54958705345,7645.15773923942,-969.075021093147
-3962.18310392399,1392.43382947198,-6958.95385897133,1905.62940192232
5586.831073124,447.120767426789,-5950.83990039549,5170.92706492951
-4625.98471075856,-1483.27478403596,-5809.52422474401,4920.89895757378
4953.53805942413,696.49805651213,1676.34009552002,-6571.7014818434
4084.95036444199,-1905.7405935288,-5677.87586599972,-4205.1081735945
-4966.01129121382,2272.12827411557,-1880.41984431193,-6985.09698374441
-2676.78858506562,-4046.07352382209,2201.6989924338,-7097.43272456721
169.165752829275,-4380.00515274195,-3475.24436447752,4973.38412692275
-1293.48688485907,-3622.12354724303,4323.00485820729,-6004.09415909064
-337.656341705143,-5650.70939952648,-6023.98702856117,-3948.6681958051
5431.68508176627,530.075628477742,5568.36442373462,-5519.67640296579
-3750.74719062227,-481.773417084059,-6087.76600389979,-4671.01353742426
-5349.55148061328,-2648.66096143802,5387.3542982395,-3292.21566149345
-4861.56761094267,1046.05895580659,-2721.72533699239,-7056.18540429844
-3774.76822375536,3771.68035522842,4936.98347032871,-4383.53142099208
3008.42047855578,4578.29238455287,479.829435434052,7385.71332195679
-3749.39121511354,313.90805786081,-6925.0809806872,-209.256275164766
-1796.76601389519,5201.40376749248,-7185.55076109632,-758.834923224721
4364.06682147101,960.894466651973,-2215.66369603454,-6914.29259865638
-5767.30569350026,-2831.87787350472,-5716.87686315904,3853.72550896796
-1354.25706093065,-4485.72698264994,-929.206371444436,-7674.89277953577
1370.23083889763,4391.2378535789,3476.2174498757,5355.03845467277
-3751.99046409984,3418.47465742267,6563.57138261783,4634.01858454871
-5200.15311985403,201.32402504815,4957.98241379774,-5447.30656637261
-2995.92743280851,-1258.21563189676,6284.38153582886,5180.36685570472
83.986622867844,4006.49200858415,-5010.12105699765,6110.7617350292
6767.6709125103,2866.05151081812,5243.42069733227,-4617.13173241379
-3367.40123796689,4541.16637326386,-5988.63000912236,-4835.40703387072
-78.3882693388024,4371.05067785921,-5661.70480713306,2634.24589245222
-1888.0526953045,3945.01939050419,6076.01657844512,-3002.42153884267
132.231582641602,-5250.34700406236,-3092.58348595029,-6590.81596954651
1547.3737070044,-6091.80091662018,-5834.6737903425,2191.00215857959
-2754.69522875222,-3822.69447393695,-6882.30182712503,1766.38875733623
-4561.06915308257,992.112838692156,5315.19982943768,-1997.90303539575
3664.45127928479,-394.138637306154,3092.56375601168,-6352.64021257346
-5195.22654026036,-1006.67648995862,4270.00790232535,-6487.67874917939
-5542.9892008077,1925.95956610708,555.922646308688,-6769.18723925645
1054.11589750997,5748.25176407854,-6860.83070961194,-764.276022559503
4971.64042711889,-5141.67073269503,NaN,NaN
-1209.00067016635,4460.03585110736,612.623706760691,-7072.91691086176
-2828.19315762311,3466.99015581507,-2793.1094826613,-7593.59251208255
-1843.38311191632,4969.95672861177,-3149.06976595607,-7321.19597687675
3291.9894070142,-2841.78912967738,7143.69200549737,-1775.14603957196
-3851.47959885092,-4474.70177179813,-5931.85966529936,1865.77342444809
-2969.49820058226,4999.24599206368,-3326.31438423865,-5957.53570736779
-5844.71403492234,-753.46083827265,4561.29325744182,-6168.26081311349
-5413.1371743986,-1938.52059445304,845.649245713644,7797.95054275492
-2721.59630570749,-4062.16718511466,-2025.2622020262,-7455.61041280632
-1948.53806687608,-3928.32058472704,4791.16535433071,-4176.13851151147
3084.63080244232,4868.15689600068,6542.5414712405,-3213.18455361713
-186.656453536646,4093.04627824482,-504.977385318213,-7818.97389443906
5347.03313453716,-424.596230295907,-5969.6038814784,2856.48587112762
-20.1573741007194,-4626.97639948783,-3880.25855918099,-5607.42268106931
-1104.66617040579,-3879.57501556902,-4408.37025101685,5465.61656256517
-4000.62123681052,4212.59896882486,-2779.49450831955,-7245.51109370424
-4045.58216085352,2451.25174735477,7141.96485524583,-1906.07610394761
-4511.95258363689,-2366.86539524899,-601.848233653511,7100.88564006814
-3698.94998380543,-3834.98750409279,7248.33354247364,-2677.58479767349
1386.00730555445,-3728.96583819535,3364.21031814817,-5816.02931055692
-1724.34141090986,-3836.69043046131,2413.99896450015,6361.78904794884
-3489.76350617729,-2441.58550195208,-5513.78377776871,3148.91103677787
4215.15679849869,26.5879536515431,-3434.63065979082,-6035.35191891733
4145.76806314614,-2972.29877672872,6140.61838439843,5304.64363766745
3383.23617552178,5291.48778839271,6969.42425756186,-2146.01202665351
3481.78375905448,3285.0861678015,6949.12873352272,-325.657672357577
943.699153460677,4520.30925016593,4960.02922139283,-5025.34461681102
-5344.09898566039,-10.4401744158435,5924.74286234709,-4864.34294830961
-2133.73298336045,4656.1143855124,-6412.10660521458,-2193.28252972259
-3422.61755198249,-2002.16182890995,-6275.54183853459,-4265.58319085275
-3161.52040463522,-3989.6852855295,338.213788734145,7102.21582854433
1715.16540578747,6545.92482740536,-2284.91330445798,-6892.57644670875
-4718.49320132154,2093.7686195062,-6328.5133301893,3331.16743338972
4788.66612527688,188.291244506836,-5987.97024367075,2714.33586133237
-4089.24119366637,3202.29710374164,-7399.10883603547,1539.0253198162
-4261.83222538682,959.255457696024,-6221.39722633519,3024.86357748161
549.039256560383,4379.90273347035,-5795.36642954365,3427.38609914671
3908.34871530407,-332.607317243304,6488.50149784646,1186.0539349977
-911.528508823456,-4205.80905144432,2893.86755335892,6700.97992149022
3184.50210082752,-3959.01302599073,6202.20479523046,-2491.24160373362
3572.78433096709,-380.717341590766,-3774.56644009507,-5093.47931419973
4540.02321710429,-5101.27498156212,-5314.51219388067,-5929.22634546078
1190.32641391368,-5229.02509167559,-7058.89002006719,-509.853503184713
3528.29573855824,-3771.84744070428,-7851.07347720338,449.546508789062
4796.11963627938,3211.1073958054,-6214.95127860806,3283.98328642489
1268.14858903359,3168.63192349169,-4360.44511898208,5396.04965824145
1447.86918165181,4188.33350417192,6098.43632325089,-5850.82343053283
-6113.1670475126,-383.840389476103,2714.71666884548,-6543.34591777646
1962.135763805,-3834.8680636901,-5650.60350551162,5907.84069539037
-3236.3385485762,3938.84509200097,6752.01217682425,1512.97137263371
4425.50380253214,1996.97771840149,5246.37092675852,-3538.24406273998
3095.28827078596,-4267.29408285187,6660.85718495336,3404.75075075299
6003.69526162515,1063.98842746132,-5214.14997124514,5846.9892039952
-3631.27177612536,2586.26689821015,6482.4617405573,-3269.14552220334
-2874.9558589017,-3684.46126480633,-7116.27138605487,-442.29308681833
-1319.55188326338,-5057.58290277044,-5789.09296350698,3439.41027659795
-1185.45096923543,-4320.11253659896,5436.60916753325,5576.50087533855
-6006.06560343408,-1988.05515538961,-5601.25356189746,5308.52936321864
-4225.16543912074,-3404.98931862386,1810.37437261461,-6988.97192617262
-2508.45353028572,4958.20071421079,-5799.90740375209,-3639.64386744783
3036.72155412337,4070.76952770209,3614.72183345091,-6408.05374977122
1693.91024082825,-4354.02111519536,-4042.97865769293,-5054.95863800752
-2337.94001408726,-4185.48326782913,5815.70299980815,-3450.84140272512
-905,3262,-6666.57200610644,4090.33808351068
-4830.76065856959,3400.98042512725,1070.57842609706,-6018.49660786787
686.713372176493,-4795.25931438695,-6676.02207169847,2255.87790787581
3382.81766402019,-1735.62509449791,5413.25889689875,799.151999668446
-3355.29969203849,-612.004776980627,-3175.55034324506,-6175.3017755609
1564.43828081922,3893.80626668773,3553.98519336934,-6596.39480143615
5842.65846565183,-882.249900695212,-3923.6389925536,5944.91534644738
-3612.3297647792,4120.09289665142,3997.31135029698,6153.18607588767
2835.00677390693,-3559.91535110141,-2056.88094251965,-5622.43492230746
4208.29650134087,-1750.30103659597,-49.3352415841438,7456.99084758574
-1157.9226335798,2900.4270761609,-6161,4263
-3249.7500556922,4156.2159951343,6378.90230818851,-2296.55410646177
-564.23645941794,-4205.5256763518,-3202.05918458566,6592.04006653486
5216.46471500847,239.298429319372,-3814.17659833519,-4908.75690938427
4602.9780711436,-882.397613525391,-7475.22199150852,-777.793163555048
-2782.80384843612,3296.07661704312,6196.76793252847,-5524.87814555906
-1356.8667166327,4789.21035341936,-6122.47345805395,3209.22275445584
1326,4324,3683.54546711941,5802.23816790517
5570.69088192208,-1269.11276748512,-1525.26746062361,-7438.05256401167
-4745.80520394136,-4440.87359362574,2388.78071354853,6855.78722648788
2449.5889322439,2706.13676487708,2515.61841849749,6627.82182817162
5415.42597918414,-46.8634204275534,-4374.87565978414,5121.66067466593
5295.27608010787,-69.8912478257357,7496.05476324894,-1587.64933900522
-1894.34728939014,-2868.33601098951,-6697.65059765112,-3836.51167130551
604.07770946476,-6575.00050142502,6115.62787059383,3148.38433609959
-4328.95631803615,-3647.74183106918,6162.3425157607,-3662.52507369522
-3272.90242936178,3009.02980916622,-5042.43272716079,-3899.37350719422
3079.25257243527,3482.07809738068,-5775.81390602599,-2275.63098185419
-3847.18313765881,-2772.50920919056,1991.89528358174,-7029.21710968115
6313,533,-2459.69320144918,6052.34589587254
4741.05000955982,-800.093431770234,5990.74680485594,-2522.91717567948
4777.7809732205,-2095.15383490693,1526.26528092061,-5628.37924343147
-5579.42342311911,2123.25770639283,-5288.62444215598,4295.07495439116
-1104.75846066873,-4778.66859892711,7279.01942179629,-1305.18098728958
5540.11008205937,654.373808880623,4398.32260626854,-5422.68131882535
-4981.96114923995,-3911.33513498974,-5630.59825869711,5396.74526803837
551.423357864675,-5240.03030444691,2785.20034943793,7355.86225476965
-5460.21157522017,-1807.96230296884,3224.64074469652,-6053.44587564958
-4221.75884180482,-3680.52760855432,6934.78835533643,-2983.27585030021
-4343.54140306193,1604.8868236392,5392.65862555725,556.631899783486
-1165.26574920402,-5237.53763197356,6578.92561765183,-423.099258163764
2964.17302256225,3956.73616120011,-1374.38201567213,-7710.16167456929
-1581.20655227603,-5259.47034009307,-7650.37730954111,208.234525754679
3949.46508373681,-3012.84205648039,972.919361147327,7847.19389688972
-545.545128361083,5527.84901102099,-5870.98035142869,-4874.27279218458
5395.63597447887,-1334.86605207027,-6906.24866953019,-1511.06862988654
3235.02815956255,3398.47626005178,-6704.15957639057,1804.70898201184
138.067422639455,-5126.36825598827,7043.56663412401,-785.287688837127
-1621.00125768154,6480.5884685894,6773.99836562548,688.709884059811
-3341.55084667034,4069.24740061557,5821.40782121127,4700.92185416428
1059.53345864464,5735.5903015095,-7064.96433720167,382.286424628821
-3313.40609794596,4797.91895795532,7512.88585170772,-34.2691702505519
-1156.35290232632,4870.85381755665,-6537.76073595048,2129.48439035124
1649.57704647545,5904.76392624488,5599.34510829462,5293.02640916222
5078.7657619092,1779.99427018745,-2935.58575655519,-5285.00574321999
3971.95609813549,1588.42457325605,-4980.90762571091,-1548.47357720366
2171.54409198158,5672.84079081984,-6635.08660331346,1962.95846999643
-4805.3228988725,402.337174342966,-2207.29256196073,-6762.33482399664
3681.87923463862,-315.155767920511,5757.41797545726,-1307.64062491618
-5034.9416316795,-981.222458427448,3047.08252747836,6007.10851086241
-4929.50511816373,-2684.2956499041,7044.88732103241,-4178.27084192931
2110.22904484625,4499.73100104406,3295.38724319249,5478.15293637297
606.514053344727,6793.44784802195,6172.73027402273,2531.23551011052
-162.195130348206,4653.54953021416,-7271.43597711896,2327.71249828217
4758.69387299871,-2565.12216714873,-1795.00154618192,5560.37468187079
2786.02409180383,4031.1236293101,5967.09503661071,-3577.85095722156
-676.929126727366,4465.10206423974,-589.814313805262,7090.59700705843
-6566.16923823718,686.370711093091,1916.8751960044,-6608.81727647972
-1278.71620421428,4264.40086137826,-1179.67448520168,-7574.39244498024
4383.94556715081,1686.01492930922,-3279.28981119063,-4765.28394726371
719.765426460273,-3505.45478194456,5130.33262530858,-5717.955844152
3404.79514585515,2785.55153289959,3126.76649298836,5432.25407384127
-1229.92687785783,-4938.78923709019,-5744.07555954894,4793.97567354199
121.385820759073,4691.52677286469,30.6423575121881,7784.67656354788
-3776.4018379125,-2837.1284769561,982.55900621118,-5677.57232853064
4986.51943249442,-1735.17964542311,7577.07794698695,-486.908674506416
3122.31913920474,-3856.19239500568,-4704.26307720662,-5584.26341706552
548.521519891741,4564.99448895385,6194.52620626199,-2411.76318553011
2526.30549913022,-5321.14716766701,6811.04449107574,2631.67168520168
1342.53677737571,4144.98701512509,-4181.2611548182,5780.68061687085
1353.03980702992,5157.73615767618,6800.74505447345,-529.333078049838
-4677.23561514524,2822.84774479464,6426.34401522787,4387.44578123668
3413.71488075639,3396.67770546361,-5693.95465028075,4023.39324099363
3920.47314989088,4750.11551365966,608.096049531418,6551.51295236599
-4843.96349370512,4472.87134466775,6163.74992533292,3943.29663658434
1981.69194669843,4066.52866835161,-2177.74270558219,-7181.95971394303
1563.4163749242,4847.54277411754,1745.21120730993,6549.61095248277
6358.36143329456,-759.054700278679,1177.42098149441,-6341.15919111798
-2231.30386231626,3878.20408246696,-2818.28106415119,-6055.10983449876
-5343.67310324624,-1837.83995368723,3299.67218595281,-6403.22436793369
-3755.5872624443,-1372.4415475723,-2906.32000767982,-6895.9298083534
4198.49690586071,-2864.8904028431,-954.752207013716,-6114.20068808867
2448.13341477118,5051.12006198958,-7330.18341763992,322.000027601693
832.294155758802,3400.82351396055,5817.90612894659,5481.67069856145
-4150.70909991515,-3780.84318721791,-5803.0522982155,-486.902088382701
-4713.90744350662,4427.17451949688,6724.10292374397,-1486.90210866395
2699.05166702533,3637.30770943093,-5665.25867580047,4827.31891972538
-5704.2573429303,872.113933156987,-5791.27061300771,2626.87439778689
697.567113767111,5253.71530188031,-2955.19317260536,-7230.45740738135
-982.189877642387,-4559.50087631282,-6007.17911848335,3453.43178985509
-3759.59163841707,-6155.97507076496,4006.29205344602,5308.63255943933
1288.63922569968,5317.38381896035,-1403.76895027967,-7715.91951369846
-3578.62171538688,-3873.13118446178,-5521.10400560326,5686.2939412289
3685.00208315651,-4476.77379450102,-6873.91722698623,-3244.57431440026
-4753.14305075779,1718.65255556602,-215.087436752163,-7362.62593654243
-1483.9233574717,-5674.95544396597,5318.65514758551,1609.30859375
-2170.4133158698,4753.54819004559,-5858.04452093366,-4775.76301362726
-4008.03658890176,3362.4357555799,-188.319009277698,-7456.28666287366
-4607.78303423112,178.946567056499,-2298.91859522371,-6031.17571166904
-4881.26704790844,1667.17878819319,-6576.90100917061,2552.18780902513
-4692.29312626665,1797.51750646754,5187.90852239873,-6168.93600941812
3638.56614242338,2894.52514261852,-5370.63179431413,-2274.26427751762
6687.9765835083,-4444.28710377486,NaN,NaN
-4630.9072882072,2256.14572078688,1766.99446826993,6100.68835407141
4892.41259552034,1866.84345539416,-5875.40815290725,5006.72319693324
-2995.16753644167,-4724.08895423686,3938.31189361362,6268.58319793405
-6146.7232002066,1107.67724132538,2333.07699748466,6815.06035933106
-569.559127807617,4538.05953639543,3434.38306926002,5821.58118684108
4604.24478513031,2127.83639113258,-5619.67394890523,-3928.12448687621
-87.0155348762373,5463.72352016461,-3141.05207893057,-6720.32352488831
4464.42180219889,-548.51611328125,-7569.2878855617,343.121567307006
-4906.28434890487,1316.7464302354,-5521.12585569812,5169.94540288926
-3838.78608430525,-503.636558219178,-5982.04501458467,-2517.4156166499
3364.44578802436,-3737.07659509735,-784.20392529928,-7420.53640997524
-4528.98635831739,307.467556214935,-6504.34351191204,2052.53791435083
4252.35072135626,-2536.7263520659,-448.734598640267,7542.4487558835
3513.64758238586,2814.99926585039,-5309.52999633328,3648.93052045132
559.282114543818,-4771.77067998187,-2173.9280749017,-7211.52362168477
-459.915091711283,4329.403986813,6436.10937261118,-2437.46187810662
2360.13704943203,4866.36449947189,-4763,-5078
-3137.59019137467,-726.4181912703,5808.88954179275,3930.96434134454
-1730.81094441414,-5037.41918152559,-5902.66276350604,3000.10326064646
4712.86599086002,-721.920435823053,-7357.00769091557,365.798203774533
-5483.18889427543,-1603.27889939662,-7094.86968521855,2718.69215778729
5977.02974364482,2545.74768247717,5271.16970940293,-5937.97383297239
-375.500579067211,3797.4566223618,4776.44936442507,-5925.01663597144
4717.22763936015,-2062.81773736701,119.801175161179,6918.1864064035
-589.960894104905,5721.14853333302,-6101.88371491897,-5551.18105961611
-1085.86436139712,-4857.18492039792,5238.79213940298,6559.42211347903
-3860.4896636968,-3192.14490215049,-5045.1758374658,3942.75312727857
3292.43079150144,-4401.21368313503,-6428.09239852859,2127.52212754762
-1868.10982828498,5248.94204975844,6047.53948397268,-2108.49495428961
-1830.3061535407,5870.77183758805,7007.34968991794,173.587581642772
-1776.77070965126,-3925.39580347732,6508.29208007014,1546.08202195115
633.304409475789,3994.87694117942,-6247.71329042574,2867.71817522794
5836.52913450268,76.6335429218221,2019.0493438749,6781.3757843955
1731.18469608557,4613.2929173263,355.319447607643,7683.20889258589
-1179.69970337062,3103.60548074168,2840.38817785125,-6873.81477702134
-171.366134643555,-5839.33963143383,-7255.2599817058,205.710428852549
-2700.31795811879,-4026.80204920248,-6630.21768153063,3861.5984804728
942.599546725797,4563.94892290886,1606.81668289598,7696.39655169256
4771.66679944136,-627.4599609375,-894.133376950516,-7062.62389814643
5187.03096834199,23.4549062736962,-7669.58820871487,1509.79865556978
-4935.36143569053,255.675148688999,2998.71648486346,6759.9030453733
-6105.23297431059,-1730.92099609375,NaN,NaN
1639.33878387987,5630.07199736522,-6454.09348082131,-2212.6317994621
1235.37373165968,-4955.07935579785,-4214.4903891859,-5317.97214006231
-4033.76538919756,1000.46430012878,4705.44479894511,4539.49846841492
1470.5499874737,-5059.51061567013,5053.95877266554,5311.29737381081
-939.272483836526,5315.73071560054,6512.73180873431,3923.67329531427
-868.492786383579,-5160.03085067381,6302.92225507704,2583.89858827282
127.03745189466,6288.54724099449,-6032.40519963473,-2621.68670111178
1965.01413757933,3832.79857343494,6231.98474195617,-5842.44885098726
-3184.20020647552,2478.06733403569,6245.00028355052,-4223.37899092397
5082.10400924895,-957.725966791572,-2764.03188761476,-5205.89329932925
3269.5977664706,-1635.5465706796,3161.58009652591,-6554.97540118175
-3234.92793996711,-3882.73964222204,3576.63077687087,-6624.95913253174
1034.45159420033,-5318.04373907468,-3631.59655118837,-5238.77361474084
-4367.60051907729,814.984337976337,1267.65596851715,-6898.78019184854
2625.1350849094,-4140.65037698151,-7726.79044487429,676.171876456899
-1946.33229532995,4173.17477381522,-2977.80996490773,-6264.64272563821
-3965.70471664723,-3043.56717640816,4906.82840863368,-6036.07266392618
279.610299883736,-5084.76735625647,-7239.78706660415,926.926859400566
543.571798984821,3302.21186789506,-3914.31195360546,4483.85959732706
751.226473728663,-5185.63336806712,5638.66212315948,5710.07969865186
-4157.0169040892,2203.63690258601,5824.75503847114,4663.74079388568
-3969.49633423381,-1722.19862405054,7297.03017180608,-3265.11690102015
-3336,4272,-2933.87857950259,-5225.62910516804
3654.00499277161,-3987.04718601753,-6029.60151261631,-6351.28216435393
4471.78366741431,-737.993804931641,-6636.02994095353,-1914.18197904232
2718.52024470101,3757.02101291675,7346.44168031052,156.010802308652
4477.98444300101,4234.70906321476,6215.93540917245,-3101.95435963444
-2535.91704320693,5166.93159206565,6122.17972236346,5349.15222053503
1474.39305877686,4013.55130073421,-714.443947576173,7275.48675726656
3609.59923720403,3175.95232017379,6360.43051340599,-3032.09281784573
-3841.5116403223,3156.13410912454,-6297.20628517635,-2000.91464134758
6451.78539570702,1625.67668881633,3451.04289129888,-6144.26005673312
-3295.59967963084,-1708.87434113375,3232.54033749856,5546.33988524219
-4669.3316972186,816.853798599252,-5682.9588491353,1857.55281592389
-5808.59397007141,2396.51259664294,5734.87486726346,-4924.48330264679
-1454.56392354669,-3118.67705506437,-3504.90496717877,-5643.5488274047
-4079.9396611002,-1185.382267883,7166.20672093594,-1404.1239500701
-3038.32083855961,-4224.37971922242,853.937823529344,-6522.18269314509
1558.1751165026,3568.47164150627,4030.02149219146,5699.43284816353
-5589,947,1447.78881007113,6900.48015898574
-657.730651855469,-5284.09627999384,-7093.19305066371,171.877726350565
2377.88960795887,4415.45389609494,-751.685127007471,7315.62194807551
1838.32150486941,3874.24152038224,3749.54550061326,-6119.35499985648
-4115.42269382707,1520.34250343879,-6978.25933567992,2352.06417545609
4415.33302279207,-3415.81690106337,6491.3027747964,-2008.73894764971
-4360.06807485028,3323.17514580204,-6294.02021121626,-1089.79496079597
-1905.97992519172,-3943.19929638586,-6774.16280422138,-4688.54901875399
3527.05574736253,3147.1729385853,5308.38310744435,2190.19530901785
5049.55995971846,1592.50376601516,-857.972653296686,6702.64273735013
3871.66595642003,-1357.24487949058,-1761.560546875,5981.75009134769
-5999.42690655067,-1167.85808729317,3300.59062709503,-6333.34223978399
-4189.29141832941,193.057887944156,-5230.47306983364,5212.46919986832
-4812.16527477764,1024.38956540662,-5347.36109415103,3897.57631504806
1185.77484443637,-5385.79426147025,6152.91269258384,4124.0557664985
2965.3564127642,3333.83221648672,5719.3216176572,2295.71028090207
-4732.1742260292,3795.53635817308,526.910419489279,-6826.74236606037
-4020.44834869374,1872.42127280582,-3909.75881526645,-5374.34041481773
-5246.18290328528,1805.9430007037,1625.85270145329,-6709.0110177086
-5136.75322535522,-450.405958513056,-1952.20060263217,-6226.40924145358
4497.88980430382,-3392.16467499018,-7687,-177
-4102.29448996931,-2613.9863125237,1274.99196382449,-7165.63230874621
-2569.16913114895,-2360.84334798849,5730.31239699105,4569.76094267662
1697.38719358692,3679.38212943435,-4499.30644498986,-4973.72706371852
-2542.9879664954,-4875.95221087695,2247.07024047101,6973.25300841401
4049.03110963259,-1228.82182908216,6864.98947754356,823.228662899174
-4859.54405120458,755.269367278697,-5220.54351152505,4903.46186495155
3122.85347931775,-5510.99103540102,-6124.24310394927,4670.79229382725
-5473.22411145355,-1371.81699348615,5169.41898439878,-5861.59783183463
3637.23505468882,-3245.51053188982,-6755.3186084621,-3825.31751938568
-4248.7926066092,3074.00017913375,2055.95856112011,-5699.92551027822
-3623.68235543681,4864.29720275284,-5470.18843546933,-5718.16507954972
5456.54525026958,390.536888122559,2603.84076603371,-6394.64396792188
4841.29500415859,1625.01248844334,-5571.24281523771,4962.28541953515
4680.18962002394,-1462.42688180458,-6705.37354987766,1846.86850111479
328.332333584144,-4284.12075058161,-2429.16413360122,-7170.72642051049
1314.49122387366,2809.21881569012,5115.88761196825,5485.40038971841
4147.55860303392,2945.89047550807,5919.25935503233,-5155.1718801838
-2384.43683941946,4744.58751841602,7385.62025375969,475.246627807617
2263.72378041793,4627.48184046838,5849.22989575487,-5225.97339496122
5299.7354569484,348.796875,4991.76240598238,-5492.8456525183
-1802.58688847587,-3944.14074256719,-4699.00815734812,5995.93949070193
-6325.4758769511,-2377.66308479413,-3809.86214692267,5625.9756103867
1524.31913173893,-5718.96842397069,6093.02360273357,4750.13553846154
5005.67475858042,590.830243644068,-6314.51127343065,3047.17916083171
-2359.63136601494,5162.66741016554,5308.42966857857,4248.43088258196
1719.99658203125,4328.25764931245,1955.90396163713,-6811.63155251643
4119.87795816394,-3455.66543965465,-7211.76124047721,-414.0615234375
-1013.26819244982,-4814.35166805904,3111.23794768757,6747.50945951902
-2374.07943949348,-1411.56993171264,6414.76013464761,898.922216018393
-2588.96696674894,-4050.26473630669,-2260.14914891274,6868.8259010938
4118.28630556922,1942.92695150506,-2298.46282457728,-6506.80299808402
-2630.88155412081,-1208.00350516183,-5827.85715809283,-1747.88019691846
983.950377249561,4588.71289713747,3310.01414797395,6150.73123891487
-6107.29202363614,1514.33760506265,337.83098958853,-7078.58127905987
2477.71429588451,-1958.17250995435,6708.88201343084,-3176.98387594206
-5484.550038503,1561.31887104685,-4292,5690
-513.421600552263,5850.20333258077,3239.27699562476,5614.26447126592
694.426102815971,-4394.00175122291,6739.10085641011,-2408.97371126341
778.7255859375,4075.27295313735,4813.58988829445,-3686.00092745297
-1513.75095367432,-4838.14311557593,2201.97806008496,6802.06618018277
-5022.10493990832,-40.1720199584961,-2108.49213946599,6481.27411238168
-4543.63463042394,877.467457638563,-4991.34355731133,4771.77741986241
328.145985387987,6362.24729898366,5991.65486731266,4581.67918733221
-1137.33197898241,5745.67263826273,-2266,-7642
2634.77241681285,-3790.65519505732,7382.83754555189,428.608515134514
319.634854856561,4020.21055502814,-861.367224518761,6642.38087502081
-2574.95203841916,4531.65429271494,4114.25652077982,5702.10135769291
-786.892738573564,-5069.55535140101,983.74384943963,7605.72369312527
4040.85704001237,-2524.2363744034,6848.2135399867,-2544.23978309912
-88.8748972039474,-5261.88964883568,6390.35275043997,688.464459528689
5811.07540115974,1107.3482070617,5989.33998283891,-5776.64017262206
2159.47570767112,4920.27949379886,-5539.53725303779,-4737.77631780179
4514.00733004667,2964.61711635708,-5045.74786136834,5842.06184070682
-5316.72704021857,-1909.53205162815,60.3882904052734,7432.7914686234
-3818.07639452424,-2516.13798315922,4153.96600030448,-6547.90436698274
4731.01090902222,2669.05236709921,-5562.79462672058,5420.82532818918
-3024.51493256604,-4440.2202122665,-5633.9555891353,-1408.29404429255
3905.66483482099,4649.5900263331,4957.63406236098,-6021.84982622681
4625.97854749795,691.962963207348,-5400.69259348171,3397.61627575698
-2739.38076526503,-3987.27131699911,4524.08935835242,-6803.59491865606
1555.71036777335,3994.91677862097,1619.80758135877,-6029.5486410272
-1335.37162037385,6046.39493923544,6302.65670712108,5023.12034777139
3639.41376865445,2546.68982830089,3837.76378364273,5736.27302951189
-3418.94871795408,3458.06132815681,-5515.63261210007,-1290.49296294393
6853.99826075137,3016.30883629598,NaN,NaN
-5823.21384779006,2342.76336003745,-5532.89448747079,3619.03393623376
-4661.21457525671,652.38433477245,2509.48966344288,-6800.3279792281
-3541.91126903367,-4040.30185786222,-5687.54847133074,5854.02640826357
4323.63978566292,-2491.51475219657,4424.73158183964,-5526.95568341928
-3960.07361536383,-4077.84682182908,634.901927850885,7526.19614001968
4192.53160201867,-3290.90581737484,7537.50442321686,431.486122131348
4758.33020626043,1519.19018896625,98.4044191462976,-7207.58402510934
-3695.46145405346,-1666.1552122942,-346.854199690519,-7185.11005490615
2411.64966447538,4990.06043184739,5843.71320498241,-3290.08334796518
1560.22052469084,3835.97875670668,-2664.35921469147,6259.16303164433
-6339.13436658287,112.8869140625,2773.06107827479,-6474.95202068992
4625.07150960562,-2296.85918545002,-992.036172305836,5905.94938745627
-4368.38329555677,4147.60593258812,5380.39248353126,5359.24725385374
2327.3951773609,3254.2584484766,6801.11728140144,792.347530241935
-1029.053143179,-4215.05364480429,1195.20684499105,-6930.0781144686
2824.41511475258,4668.97212073559,5707.10291062483,3574.09615324621
5335.54196180732,3521.37519062136,6054.24788860392,-4674.02178844413
2909.80869914029,-2261.98451489207,5569.09169343106,-4262.81797691033
268.656470653808,3596.42604705956,-2242.69794773375,5083.17676130111
-5365.257924829,185.236999511719,5423.06825137925,-4090.29622642087
-5015.93756313847,-646.773536605494,6966.54110907592,760.195112573819
4192.72367236589,-3864.57560876488,-6905.83285883922,-1939.44049105411
2043.23779321708,3797.31114059608,3922.82389077714,5349.98096642273
1525.13161242671,5433.69543110979,-3909.70782617047,-5670.92876848398
-5462.74935140664,-2711.25665314465,3424.38879040332,-5958.60077687099
3537.23377853668,-2919.32551398825,7569.68500993219,-278.204044378309
4338.96591762546,224.003362853863,5067.49050533123,3161.05430514359
4543.55247856215,2014.99079441609,-3630.71653917512,-5517.09172447951
2272.36570976702,-4323.09349879551,6436.26878032915,3949.2744287329
-2515.39988886416,-3301.65693057431,5337.31378858733,5819.70003383009
316.170954797808,6408.66757788052,2819.77670071393,6097.05158272383
5147.15506775869,-1893.773001475,2649.1900026007,6633.23501258693
-1372.9318402589,-4472.52099601623,3200.93791292458,6800.0105550518
1118.49543100033,-6119.19110383728,-5588.77265908418,-1992.31570674596
3180.64174637377,-3704.63598462033,7009.8281721571,406.096638655462
835.389555233941,5263.14848931466,-6340.69303114334,-2621.94721783063
5174.87102969229,-456.185002401269,5182.0941506697,-6423.14333415802
-3467.20162097499,-3746.08983496878,-376.617111206055,-6915.76009815882
-1219.57998436645,6243.82151916742,6412.99234231899,821.688261032104
-1486.4190228846,-4234.73487592876,2410.63757408495,7364.13982887288
-1641.338990905,3620.4353696451,-7006.85892964077,3272.70782825654
-2412.8178100383,4423.98546437602,-6377.16486736874,996.141908653001
-5150.26790909474,317.559204101562,6318.78645616478,-3689.25442231596
-4526.68487252118,-763.783878244756,2667.28130374011,6821.67279488698
5140.18981592674,-1111.55897602913,1558.96614390389,6987.99982932965
4804.72702526758,-1350.52113013259,-2064.42076347376,-6494.77033787622
119.004164928343,3991.63903682288,5954.18164793763,-3943.88434693211
-4880.24926896282,-2969.3155027943,-2596.97659612416,6676.32046981316
-5093.29727543815,1014.87956720101,-401.786099242379,6870.56857960984
-3035.30277775951,4055.77280877646,6119.17422453452,-2075.55289871111
162.071938344595,4559.15949345588,2427.04202506834,-6625.15196468133
-133.323497804821,-5376.96603740296,7287.61728780165,102.20502987066
-4673.14574449214,1294.04895751126,-7824.360696514,1112.59679564594
5980.98061857405,560.242818803886,-1010.69669358519,-6517.28702608436
-3998.56819428302,1916.77780152613,-7480.81884550295,1476.37311856534
4659.95646732163,-2033.70055603887,6991.14521877242,-2574.01307909166
-3750,-1262,-6530.2638128027,-1722.60662384033
1083.01734614277,-2063.07483429407,4856.67324690652,-4155.8853902993
6216.65399717378,1346.49372514591,-4888.49410687694,6054.84673260893
401.760959494829,5906.55767169454,6308.90843876381,1747.72905401966
4774.28441066887,-271.347439230596,6978.39081687545,-1674.31258854177
-2775.45015587172,4148.73022905187,-5925.03382566144,3127.72597356349
-2362.67881605059,3645.63044345074,4955.51510133458,-5617.99106234963
5109.63926274255,2335.23200376243,-4953.92902664701,6159.29388497175
465.203587893608,3574.72752902175,-4522.65937596442,5854.14805243157
-616.791739689272,-5659.4166840152,-6004.2948879566,2065.33705480547
-290.939370231422,-3322.88333790712,5970.56536242427,-5130.57584810686
2079.54808497822,-5199.79347483906,-5180.54112664934,-6039.97371400401
-3053.09128680044,-807.348165590094,-6084.19831757172,-4179.09782843739
3839.98472427177,-1903.03739420856,7063.21897532083,-13.4438132177839
5637.11239435959,-749.136512756348,-6497.89429032347,3814.82670240122
-6447.71911764601,488.00821685791,2060.64828830991,-6651.61962188236
4293.70811909633,-1887.92959665698,689.8914215253,7873.86528948325
-4723,-2375,-5332.9134689659,-4232.38794537967
752.892824283316,-4330.21028305877,-1.2093349698678,6904.63322525738
-3535.01160255288,-2971.81701569855,-92.232666015625,7527.84364161849
4403.63494042177,1165.16463048687,2821.5314676316,7028.77149019823
4490.81242270166,-2682.7236728935,4927.68549120077,-5469.98167296626
1251.80818445993,4119.92784662888,931.793274000835,7421.09721120471
5575.662614979,2460.23448327728,-6112.34308131247,4403.0378922749
-4220.15419375248,685.042233289672,7265.52906068901,-1174.18726040357
5486.28268289012,-181.478741914323,-7649.51332196456,2664.96516090152
1660.65009346141,-3996.76290140863,-5897.17645239048,3189.84794569368
714.135807860262,4210.14840328346,5828.88237777402,-4191.11797210505
-4066.21364631273,929.481795103985,-6684.14956983912,-612.558410644531
5020.33398170402,-4669.22190586601,-7043.41049432001,210.243926093246
-2062.11707972952,-4947.16637578386,6131.09981266432,-5379.23740539646
-1657.27000977709,-7988.23513714097,NaN,NaN
-5929.7944740225,2553.35623057334,NaN,NaN
-3773.22244195443,4113.93072509766,-1280.69487347106,6124.76800105276
-3625.78637145769,-2987.70036204268,-150.650314700564,-7577.81190311988
-1555.83425243281,2837.69225134207,-6190.43407363968,4980.31025957146
-2594.35251101502,4220.41954270934,3813.11315464233,-5326.54344673537
3935.67629333465,-2913.06126356046,5827.92299257473,5516.78614257978
-5303.90338903296,275.64113490788,-7602.2357958037,1592.32402138663
-1834.59167326639,4798.83459545687,-7364.96735917371,437.400601069684
4506.79014498115,1278.19224775598,-1372.58258800985,-7274.3091230675
4690.0528400053,-776.346006610581,2255.2617544029,7106.07004094763
4939.17209521,-549.187075034854,6449.27137518293,-2888.69038879034
1330.92517230101,-5988.70499622243,6552.40373514937,3677.12935478843
-3789.48509489809,4240.81781900676,-6462.12805011342,3174.35500349743
-1081.7194711017,-6076.13345464792,-5136.33890511135,-5821.19161591446
-1720.39629012707,2919.42698094614,4892.32516758675,-5529.39673349299
1811.14573393211,3822.98418434645,3402.40022721033,-5342.54888638998
-2790.31092605946,-4669.58199387681,1002.54727553891,6764.96284285317
-3430.5823695886,3564.87703633163,3990.49667751491,6047.66654100043
4235.39476099788,3210.17176286065,5411.38049915834,-4910.547985083
2307.13535477169,5333.67505961861,3636.48770137508,6478.81394319436
2536.61913915979,-4118.21245572181,-7052.16922633151,2114.51759332408
4959.54733119975,230.21533203125,3561,-6379
-3871.94800074795,-2465.29210451213,-2312.80497649749,-5898.59367914179
4520.08306191258,-1932.11411672471,-6995.34912383147,2428.29861959701
4667.76226769771,-2034.79045001067,115.47411142828,6953.27483012467
430.834162422307,-4901.96097478851,-2359.70289984458,-7211.51129060194
-3520.06674716008,-2953.91441488576,-5588.53255895503,2341.0156148089
5420.9512498963,-2241.88111107133,5456.93475934045,-4719.66081669057
-3841.3539669301,-3819.4325866749,7921.37202112432,-849.788239256919
-3584.93317582759,262.157343812998,-4436.65182303676,-6682.63099509317
-4045.4072452847,2256.210930526,5891.59554925503,-2572.1138845064
-5341.6718686795,834.625254323283,2564.61223285393,-6336.22438334207
1280.66651528997,-5248.50411569509,-128.907707214355,7515.66298441581
-3446,-4080,-7590.08481686708,3250.50459492545
-1779.25792124191,-4122.74982939625,-3956.32624276789,5771.46699431989
4894.19527911362,2742.37789443013,5422.64535619576,-5469.0833375787
-3085.15210183129,-5830.4325024019,-5879.23549574804,3608.51278294608
4346.39208424107,2789.24670556069,-2797.14192153961,6694.39440298299
-3415.05000953624,-2197.59673116543,5536.39934964424,-2597.16048320585
4517.56725462978,-1880.64351589089,2948.41279840849,-6200.73293254934
-3528.80903985128,2898.99223568248,-6170,-5069
-3192.40609225372,-2149.44605715121,4432.42158367986,5801.87740032147
3281.76269539279,3882.56217935833,-3241.73754219289,-5307.38139537482
6031.6352809381,477.665153601052,-2772.8746986276,6682.25827273107
-4132.58523504668,2491.57277485732,-2054.26380917205,-7222.22723546237
-2936.20795180793,4390.27603404059,5882.33014960884,4422.86744519043
4922.23791320156,1256.11753325869,-5833.74192140354,3097.84925389523
2778.22512915202,3528.14049697565,-3033.76101564022,-6916.63618108348
272.923716575355,-5687.51337467351,3365.44564738235,6427.55892915742
3783.38883573113,733.427856540886,-6513.18826730597,-842.660641413732
-4540.94947569837,-3760.40049149815,-3406.9772911097,5961.46810616999
-3900.28150630221,3461.73846208581,5584.15126050349,6320.55649882907
-1470.14874282668,-5780.83402636846,5997.53311922108,2978.18535454582
3379.64051213882,-762.308932241228,6488.993386764,3576.64941233832
-4203.95780912907,1440.20905904738,5034.30084681341,1843.59473234721
2049.92345052425,4269.71854502672,6082.88326680961,-3628.25190733509
-5020,-2450,1743.78332861854,6924.17034171448
-1917.16501534455,-3909.52530350862,-2648.66761157999,-6186.78397044707
2785.21140868063,3037.65763679371,-2751.25324027916,5424.96083786762
4329.61007573868,-1170.88524629984,-5954.60617772712,-5371.17825254243
4699.0780398539,-899.687547360271,-7858.43250671648,93.9197842684659
3975.04515736924,3690.26580117114,-130.874463149963,-7087.94540712156
3658.18490856731,1375.96528602066,2056.06866535218,6356.26701426002
-4753.80380811074,1768.50317311998,1435.91152180028,-6706.77562656639
5466.5628504698,1248.34086091605,14.8817370425184,6988.73991688763
-2306.48290200445,-4240.28268042825,529.02813187179,-7343.32672174253
5165.00600428671,239.108100891113,5130.58597417734,-4941.18124167143
3822.57755427851,4063.16133879347,-1752.06339134024,-7005.29586654754
4222.21431005956,2059.1007128762,-7255.65927238864,-515.638791164969
-2767.82657631081,-4468.98239630237,7639.4798121099,31.2512421940935
-1720.19082229518,4191.33115332988,1671.56431568099,5183.87131246936
-5379.35468045045,-767.802642822266,-547.767099674916,6924.00166105098
-2636.82773639192,-4164.66160888672,1721.02235550806,-6844.793784655
-1943.40141302756,4715.05501545548,-5030.45611267281,-5744.93591336415
1738.62788434188,4304.45400500988,-6375.71288496835,-450.78184577898
-5749.46511943269,-1461.973487854,-5168.02930366661,5915.62848689966
4489.34661919959,461.676205473126,7503.24319450564,-396.199814841247
-3112.91664568964,3062.85185810811,6757.3196901321,-2758.31524310833
-1424.81201220202,-4124.20644789313,6130.84877880191,-3472.17829320946
-5435.6019277581,-986.5976192568,-5920.74677916244,3112.40849069579
-1100.87741517184,5238.21167554627,-4957.89416817845,-5536.05630384559
5661.09101640838,-685.116417778863,-1428.74370560806,-5877.06470407988
1931.62399054328,5356.83732964085,2573.4366109975,5644.54254542052
-5050.11582958163,-3245.40963343131,-1313.93189239502,7027.13876550081
749.204227624785,-4570.63124560169,-3143.263879122,-6113.48482413011
-394.819030761719,-5005.58475287838,2806.21979405275,5334.01007621195
3787.58084040922,3652.70033328081,-176.635442853413,-7426.93127183003
-120.00814924569,4546.64098718722,-6297.2623394883,2763.72674786473
-2136.96934148402,3371.43355443879,-6825,2917
-468.792565844461,-3029.20388550854,4805.92100165928,-3415.95741517602
567.755306409069,-4487.36626131909,-5128.20119553825,-5379.26605129925
-1831.62237081231,-5590.2727922842,7171.85584613026,-1954.17984226589
-5786.21136321875,-811.036604323438,2161.48220523899,-6522.5375690913
4560.62249060952,60.6095079428889,2494.20188704468,5716.81801503793
-4965.55666908949,-3550.94526762922,-2809.79341130372,-5706.18167457856
-3993.41803798679,4546.04362482837,4818.3859470742,5760.71658928074
-6730.79717160547,-6084.31418568722,NaN,NaN
3922.34849731038,-1121.06493099635,3186.63027957963,5554.60398854993
1400.65782360797,-3384.5743401712,509.709841710756,-7091.47084178133
1700.75360153498,5359.04906913311,-2118.5537360689,-5342.08727525123
3871.48205441694,1925.93779540867,1583.10819166967,7524.35820432507
-2827.21558135317,1697.34299285786,-4193.72793661582,5879.5256544365
3021.60798752308,3828.54027268442,6094.71726126057,-3367.60693616016
2829.67903467156,-4207.53252456991,-6882.46580945811,-754.41477723872
3055.86806075362,1539.92783645126,-4498.84385195223,-6004.60698823222
-298.834391544588,4894.40824876395,745.528243601059,-6942.93394429946
282.625342282382,-3484.5971093201,5754.82550307416,-4351.58481551345
-3934.88472083181,2702.6097385013,-3194.47451574245,-5369.58177982449
5953.86943315568,-344.02491833896,1137.04680501832,-6598.81007575759
-2982.89900018245,-4126.47165236407,5650.14539776485,-2633.28237676843
3846.1339296372,-560.078495376066,6116.75867264184,-4967.98629072873
-2677.95187798188,-4825.14678865608,5058.45165529959,4827.73231175504
557.831541682897,-5217.05827851975,5512.85514780922,-3361.86913101487
-4122.0165998048,88.2128295898438,-2713.13078839629,-6067.34786209643
-1597.8724693744,4512.16279807541,-952.714418153525,-7717.37673100646
3663.94463246604,-3014.07068429766,-5228.80159855891,-4191.95993373341
-2637.03566024327,3769.93858010939,-6530.21911852198,-3661.3962633277
4778.3808518712,-621.947897702986,-7188.33079303119,518.452507918035
-4284.78214187677,2903.41906630288,6729.75244715574,1271.10720173614
-2366.43402657377,-3093.32508976012,4916.55896647346,-3759.80163731924
5605.79793622689,923.967727661133,6787.45155316499,-3553.45428212423
-182.523724197248,-5446.45186829671,-1932.7968690666,-7431.77778384182
4450.0733359674,2847.35545923225,-1530.38684469846,-6756.46644237061
5783.66285194603,-336.101866689753,2028.226533188,-6127.2877623804
4403.54546943034,-3574.3636749064,-5418.04218030373,3598.22128319121
791.389209953514,-6286.59933695036,-6345.48789076099,1150.71991992465
-4387.76343394034,-2590.64426009987,5859.46518959245,-5259.25029403047
-2995.89679539364,-3660.83973992233,-3353.87199174634,-4967.07775394693
4867.8024120675,-3641.07733362766,-1016.95265615743,6140.98948798774
3792.88022479466,2872.63752521317,-3507.8270673906,6561.08135550063
-4235.48942131131,-2803.71438397486,5280.27748381725,-5539.35471758849
3772.18471019529,2580.14489827639,-4611.21071617301,5234.09652354204
-1052.9576935949,-3818.00396570638,-5533.96209346012,3716.08482583484
5222.85548994994,3764.55308140639,5680.79920262851,-4770.82521166197
403.178899641851,-4110.81182745165,6597.30895697494,-2533.53467549388
-985.576606981864,2485.3360718175,-4841.87528780642,3293.93770143004
-3200.21636124006,4204.5635894214,6405.81494678743,-1793.95179834294
1403.63324553878,-5609.52974562726,6542.68050609995,1695.11881284098
-5203.30339675821,529.813727950798,-5255.18417681187,6038.35873644512
-307.161514282227,4221.31098067151,1745.74108767991,4940.08043533632
2665.142696558,-4783.58271501256,5870,4265
1154.05205261314,-6497.5877567359,-6338.20376592306,1213.72863631759
-2376.20828039286,3745.81947865956,6382.95827475879,-2592.9299901018
-3670.14133164587,4989.08077106919,5677.42693779049,-2200.14787127873
-3199.40974391409,-4322.59861991305,-5306.87674502497,-5879.71976662387
3761.00595280483,3172.12568660962,7132.98882393959,-1853.42593939291
3769.40017691126,-2987.65588543014,7189.99189469207,1955.49527649798
4314.38306117583,3057.48490280703,4380.4964829303,-6405.22274550314
-356.734610150951,-5176.87758412926,-703.526084899902,6938.78795499596
4549.94902506294,-1890.20248575871,2701.41214316434,6495.68483515227
1282.27791965586,-4110.72766438207,6423.5041755993,-2452.59954319809
5987.10507343175,215.603435359589,870.764763532366,-6930.2064792449
1141.49066112594,-5264.52219682627,4941.17382264606,4992.18815372198
-3547.60385891784,3205.31716854644,-1103.94548420965,-6874.36969352044
-1008.47848083954,3732.62135625471,645.131169182777,7466.38221342076
5722.99603067089,-1153.87497299686,-359.210138180583,-7417.24008707679
1852.44390701872,3925.16767793121,433.506957935415,5959.22056975639
-4656.36311216172,-3283.8143498186,-5130.96803567374,6072.78233165477
-4577.4653239863,-1750.66964796604,6918.82295806787,-2976.52276956129
4948.25506281725,2042.29183549787,-4349.17998824572,6607.82717435542
-2911.54811086606,1848.94392299504,-4722.28815840764,4326.4573496821
-4392.61656975313,-2966.71062542413,-152.448277259577,-7406.52747849894
-3618.65784125109,-4315.84318153737,-3802.47869432906,-5776.71188893181
3374.13569287319,-3652.09153817937,-6630.48290986203,2486.03312965569
5664.66120074904,-1278.56798583237,-3110.64605074569,5918.86074668789
2163.32334483754,-4139.81293640284,2095.86978357919,-5584.1499057872
6021.85082208171,-310.342726528384,-1286.89795600687,-7455.06461007334
-4130.31461902875,3432.98762025433,-5041.13080275396,-5885.82251396542
2340.8039224803,-3901.37690427527,2862.78473852361,4837.397837566
4786.84536298119,1328.35124072106,-3258.23699634928,6550.15555438049
-7237.11808193108,-2710.39756271903,NaN,NaN
4717.9551410928,-3238.18780522261,-7203.21527479435,1845.2583309151
-4266.64694388396,1553.50523342855,-7444.98818205255,1070.28037452761
2661.52366320039,-2841.68324831858,-6770.69889182871,3511.4083795412
-6466.3473734435,962.284867542012,NaN,NaN
1496.47685062546,-4233.81560195024,-4223.84445633805,5346.19284318702
4608.7431424824,-1411.05663624575,-2981.93150633558,-6403.53778970228
-4004.61652026582,-2161.58228327574,7174.77236392963,-385.526582099102
5426.97072947633,-2130.9895343383,-4063.40609900357,5726.79987077933
2596.7733102558,-3361.22152350372,5643.53255576483,4965.44776702405
3660.33852574179,953.018063905768,-6201.14071393343,-4759.75425389746
5094.47294835941,1329.71876201737,5368.90974645884,-5734.86687264395
3669.77458177103,-3597.03916402039,6844.04027777719,722.920043945312
5721.9635958969,-198.917414555784,-5883.28265798073,2390.00139222462
-5668.5619283707,2396.93075097392,5711.59900470472,-5105.74014493984
5382.32139249436,2226.28330135345,6467.03402176572,-4137.78836591044
1321.6312863948,4160.14397417213,1006.57150419716,7231.09247216488
-3819.66600366515,-1995.53049237044,5193.51371800659,1079.66447368421
4213.94076828865,-3695.81892436174,-6620.86248397648,-231.162399579894
-5428.40848520203,-2425.47510309076,-146.515976250906,7267.84004518783
4478.89091695259,-2045.03215659913,-6376.02799977908,-2714.34511114846
-4146.9273281937,3751.49661538777,4898.36111074396,-4660.08904168976
3457.40020142831,-1056.08447880019,5554.59485653188,4421.31055125844
5943.78074274039,1945.32007783496,4776.66049192575,-6166.31404824021
3976.76721799859,-2805.1268570269,3052.42115830497,6030.56212098365
4589.94015281593,1336.30851847593,5402.7039588161,-4212.21512560205
4397.43517045591,1677.53655812172,3518.88436548946,5308.69369239322
853.258294804352,-4750.14473489874,-1285.28787537783,-7616.55255349148
-5128.90978801597,-709.010925292969,-5815.36200892769,5746.34734914274
61.9944667361631,-5796.32149833815,-5675.46994503237,-4458.96967043631
909.706231224006,-4583.40121991122,7112.28999336961,312.907208411924
-425.555015790861,3835.26442312128,-6972.18535038799,2971.44155528376
-685.475576793166,4926.9903689334,-7318.0961796806,808.575889245631
-59.2538757324219,5242.57433647345,4182.61507793633,5678.23827185382
-4148.44931190975,-2866.42880188895,450.195187768754,-5929.15135279819
-4859.24829588148,3607.87616876295,6581.84275959861,-2895.24788282992
3669.7997637887,136.468191647577,-5781.32167889907,-5976.85036523462
545.787900451565,4028.20297430402,-5767.04559214873,4295.19191707759
-4607.8261384298,-497.160204429811,-5318.36916374348,5378.0176645914
-1694.88294963051,-4474.62645594054,-1413.18237304688,6880.34312779244
4010.46678947371,4159.3331071348,266.035073162076,-7498.63733550413
-3567.44934025847,507.490284851014,-5557.42768596649,-4279.38256259227
4413.11960562579,-3177.89113720592,2429.12070809173,7121.6085083436
6101.42300464842,51.9719480960927,719.490814026694,-6094.4485974723
645.288278282545,-4702.72851580753,-750.263603210449,6834.55570753595
-1997.85105633243,-4260.16400000787,-1570.15805391354,-7645.66016483917
2460.49958310354,-4552.60286693849,4813.07382729679,5987.8857302332
-2101.95506965982,-7142.70136142969,NaN,NaN
-140.458787502927,-4062.93859734148,-1994.82171991777,6483.45132884617
1291.25995635986,5019.82539404669,-1992.13139521909,-7210.93882813824
677.19925692368,4357.30603912006,1633.7416405042,-6775.41299414516
4468.68528289573,-1241.72468944561,-5671.39180817485,5125.7517812525
-4985.15513764749,1197.74756512062,561.021040822285,7165.19431367412
4547.48032946949,1885.43199239915,-2250.10900780814,6150.0432379716
2948.30953503717,5209.76736212725,2099.75002704448,6369.68632879619
-3465.28211267487,3851.04998774576,5945.10475045846,5316.88455439095
-4070.24478804952,-1477.70248791457,-7802.01918301099,11.5191571361747
1553.60924408165,-5378.48050921652,-6119.27111875701,-1165.86387923554
-4233.57763557649,1385.21533203125,-5706,-5040
2881.98660436778,4539.30119445419,-7187.24870672216,564.493882256871
2820.35782115646,-4685.95533172609,-4589.14804787193,-6337.13853745241
3213.53043528458,1179.04251865614,-4827.81682457817,-4387.77295177046
-1627.34523132963,-4338.86688100277,-4723.1006500879,-5368.60405401284
-4775.27128121248,2470.60100128462,5944.50963462465,3819.81851607103
-2863.3594207759,2352.843878176,-5957.62059030722,3133.12959484297
5555.83843423487,1352.72946648484,-4946.18089955856,6152.49517489056
-3663.6222841848,-3899.80810634934,2614.17767336474,5538.57484920117
-3074.09615643555,-2613.89878595443,-1189.2494524146,-7658.2457643405
3286.58242107943,-3409.32482025472,-7463.36617851134,485.327955484991
3701.94996558783,-3977.90822080896,-3586.94220701313,-7103.09757536648
3641.81932118253,4890.5748526487,5813.45461093816,-839.380541707348
1794.47590166415,-4285.41208597445,6128.71208347666,5069.77657011089
3723.1893380423,2536.80617685819,7071.49966772692,-655.107785491158
2467.36622637847,-3943.13265677151,6729.46921322168,1723.1912150055
4305.07886876939,-337.601606809176,5803.66025898583,-3424.76870551917
4710.51166154437,-1788.7835095537,5678.30471544361,678.160441864117
1699.09063931169,4075.07727728483,1487.9461642278,7120.0465918586
-1091.78958152681,4869.75071292213,-6982.00513291951,-1478.60755941017
-3284.06067389744,3685.43842757568,6215.74934514208,4215.07032301019
-4697.23209085219,-238.653694152832,-5272.56014901162,3032.54706538415
-973.6484375,4490.44184791814,6848.8839165668,-1428.23853743011
4257.10762828389,2220.35582321589,-1315.20871559633,6924.32813985804
-4925.44711561133,-1024.52489817301,-6875.58660880108,3765.46919381528
-2436.33918979076,-3980.63021374977,2762.19975615032,5828.96213432373
1664.50860618869,-4977.24491266361,6215.84410308701,4070.79267229353
236.451815385085,-4190.28602950237,-3612.85582402282,6358.6532595028
1725.61928776367,4580.96465610333,-6843.77312004016,845.667886632305
-5410.18936758123,-876.534443197659,-420.925953303426,-7594.75558146203
-5388.16372571083,1441.44183335315,4779.6248881932,-5129.23829692638
-4919.88500374054,2241.2623373044,-3779.45825523547,6346.09240143872
5395.42311711044,667.121676339186,-7142.72621884731,1886.3426911226
-2913.34757838098,4080.93380174657,5825.05123920074,5530.97343091183
3494.89864568952,850.61120749961,4852.72860495424,2303.83249400638
4734.55781304833,-1304.38692346241,-5978.32564394963,3586.73915854357
2324.93359774035,4453.68770067178,-3846.56791326228,6168.3935024583
4971.48066613954,1495.32202576161,2352.58588019977,-6554.78181924268
-4212.88103073758,-41.3965551229702,-6328.54247849515,2303.52418053425
-3396.10373012696,4320.92359109499,5723.08120433815,5249.22853080153
-3674.18999873181,729.320754107307,-5790.67538906565,-6048.3541219403
3386.83327465032,3908.90025013511,-6572.08912112033,2452.64421258548
3696.94321856446,-3714.66130500406,-6266.32910511129,-4651.31268885459
-2859.48972739248,-3249.5042328484,-5028.41736705715,-4679.55159992389
-4330.359707303,2550.45991401213,5732.89432919368,-4104.7886141134
-2423.00717384829,-5515.64565084438,-6943.43581177535,2999.84820445541
3696.77609087527,450.816424268547,2563.301851154,6904.61410912228
-285.802419461247,3606.66118914801,-4846.42334837704,5023.77765072934
-5388.28528884348,-432.484691005578,-6625.10891843243,2202.88976435159
3509.39667970266,4286.28761003498,5737.64116725429,-3536.03793361278
-3053.77820856813,-3840.74509202745,1076.70624564313,-6860.44371378019
3946.90097186203,3572.05298192941,-3986.61366658804,-5888.96991945679
3107.31716524661,-5220.22928525072,239.569780681824,5832.40802788844
-4695.66694242735,1676.52656772263,-7152.9203498055,216.469555318114
517.79398457779,5440.18597175172,6971.83044026719,571.468095126772
4287.6154812431,-1622.45702191943,-6912.92961043665,2934.60169655537
-5391.87796182458,-1125.80034679503,4689.91814516279,-6319.67631124127
4753.20480678026,-2116.4990362199,-7106.41794999757,-1660.55303955078
489.87446345475,5145.63725937963,-2364.33127766953,-7274.57429136847
5187.8177141901,1618.90706288876,4505.2709698994,-4985.90578180085
-1099.37996274012,-4992.63773782163,-7139.22002188589,1777.25766150428
-3021.97066190484,3554.94990769195,-6790.64062953769,2655.9126069366
3559.09463481903,2452.85317939461,5355.89399518821,4713.23567514859
3493.02820563726,4071.42251599466,-6254.31238719746,3422.48787039325
990.843740193336,4299.19601692812,1908.49324975892,5807.62090975587
5507.43932852758,-2073.90323434684,-1081,-7332
-1440.25336220024,5539.68259014466,5721.14502082399,5349.10839893473
87.2602751912588,3472.00070378038,3516.12918099551,6541.60894034662
4487.55431055233,-256.941479563366,7517.01648954281,-891.16582612752
-3465.04822649618,4733.36141028745,6239.84440504683,1581.89829857714
-5964,717,-510.872228167808,7058.80719375877
-2615.7123893484,-3279.54783942509,1096.6985016849,7359.40053141272
-3255.55378017235,-2716.83742025153,-1579.95275374286,-7035.7065494049
-3565.47918708133,2560.29194784662,-4983.22602280969,-5123.63804888936
-1543.95479278215,4944.24718854937,-3935.01929592891,-6359.30231086036
-3868.50993664349,-463.994218708985,5947.78074771715,6209.5423145678
-3461.12402488212,4860.58112683352,5929.95168916834,5056.99823212159
-1474.69939452449,-4103.32333188504,2430.89569936785,7406.57100601154
4228.13483989096,493.327376679343,-4746.03470669294,-3865.05713528169
-2773.11709270622,-4802.07360724694,3608.74620328962,5517.28511034685
2585.1456529727,4227.51778987759,7135.44281049909,-2101.20608329917
-458.244390352292,5179.32297127951,-6828.78715426446,-1754.90944748933
-1033.79626046651,-4457.00393017553,2224.24252126967,5879.96526284067
-4700.93281497988,-3395.47580677916,-5330.11519674917,5675.86490610098
4059.21326754801,7035.78813570629,NaN,NaN
-186.66015625,6044.55348627565,6974.95153255613,-215.598186119504
-4519.46820110932,927.96413875337,5954.97127622958,5724.46969395078
-3962.52511701653,2782.74086707746,-7186.50048300701,-725.710949441661
6118.40625988981,524.237361040507,-1668.58284519741,6600.73439531962
-2247.67062284529,3147.8464797493,6853.01165161342,-148.00964050293
264.10733795166,-5625.57357390617,-6287.89432945313,-5765.19859147925
-4298.52495216464,1839.01284090935,-188.732532579481,7623.65524535702
-3105.57609669139,4381.390392544,6224.63063534214,4322.33290973026
3640.51526276109,3458.45060935628,-5361.22372608727,-5564.69171665341
5127.90964073688,3355.74550733964,-6705.44320320916,2936.01078391294
-3538.4818847172,3988.59104428046,6217.67415844082,4584.7960633004
594.71714974585,4062.26544235932,-71.4114895744802,-7180.62453353703
-4498.63571768343,-2628.95048271379,7212.32279252733,-3252.56200956035
4554.7367258951,-1815.61209960938,-6058.15762140907,-2233.62066166674
2386.36912995957,6010.68157809072,-5399.95224598119,-5551.99442808433
5349.37963064429,119.045509624993,1742.30401350681,7353.32197820996
-4639.67911636453,4306.95130263811,-1370.57843017578,7074.858606166
-3707.84155710104,-2088.21992428672,2692.62925080443,5560.81318767683
3414.67488468147,3118.34050415482,1100.50180255026,-6651.49014040495
4467.55900957491,2419.72981975234,455.00383329441,7504.16052614253
5120.26064222441,312.804252347798,-7130.46371104134,1608.44704959457
-3500.59007015282,4092.17377482081,-627.78125,7162.78604770558
4450.15913413325,2162.86424165477,-2032.58182605496,-7198.39806135311
-4746.66543258938,-2004.77726786897,6818.98506672866,1282.9672838513
-5472.07408284674,-2139.07146055402,4643.32970047089,-6272.58745508
-2019.05396886126,3551.40412379002,-6703.5676732323,809.473909285108
-2614.58588641803,3512.46484334317,6209.53754693803,1121.4596966077
-1400.65423151209,-3448.17077620394,718.41153717041,-7508.55613331431
-254.135055916264,4544.40035341967,-2398.30009619812,6705.16808662492
-5899.30657251538,-778.337744550658,5825.08400050212,-3324.78944003256
-4522.49404649708,-2484.496837849,-2701.78437102468,6660.37573348019
4851.31214445092,-2699.35256772149,2740.63878055878,6511.96599397876
-4683.13848039452,-1306.2069809473,2455.18802975534,5878.73358465644
1577.06124967421,4617.33701049024,-5102.97673224688,4963.47684300011
3419.51877974779,4354.43465786463,-7065.2263459822,2594.66598723209
4602.84183229849,2176.10841930253,-4274.54272485593,-5652.15472079674
1262.20882703704,-5912.4573562328,-6634.86016728344,-2997.70023697145
4189.11358132242,3560.13993089832,-7695.29782613118,279.393289256398
-2595.66305489848,-4653.11407522405,1064.42209817638,-6633.08308454409
-4671.54760005552,1186.88119274559,1579.79734010036,7249.47321347909
-4027.44288915648,2121.78745117419,-6087.22326905362,-1952.1471333974
-2902.80401035945,-2907.96425612949,2831.57060032006,6238.25568886994
-2667.2163375234,-4644.93598214564,6792.11284311581,534.706874229862
3906,3294,5495.45362132353,-4675.26180685831
-5451.97986099922,-1688.33756179277,-7293.68163613051,1874.30597447031
559.800694341245,-6560.74852153141,-6738.7717675208,-3267.44989153304
3269.45257526893,3462.97786828088,7780.80806802275,-889.509869043661
-3037.45516627642,-4836.00748332827,5849.25477968074,-4724.12186832201
4209.83362537912,-1144.00250022538,5864.45194749097,2134.44746955448
-5306.96297580434,-940.595769932674,-5073,4390
4520,776,7405.42839064826,762.214076530396
-1879.86144432216,5448.14624481817,4593.4449053953,5866.8379886956
3603,4872,4383.59853995347,-6482.71350176448
-6989.24969605646,-1271.05370040995,5332.39260922648,-5588.74657189348
3555.55066744884,2673.89250549378,-2221.19166042858,6120.03911552933
4261.58104726153,3860.29377875287,-5747.2028860702,5016.82833528189
230.48292987332,5620.55693928044,7410.6876532428,-1233.7418601553
-3150.02196522954,-3316.39074906137,881.117135048197,7609.3043700348
1123.68900275648,-5548.39445355619,-6506.0474864898,626.109607955328
-3872.83481001768,5660.22733731716,4636.81591527556,5527.66699178361
5536.11677561323,71.3331738002409,-5859.16397247165,6101.24019245873
-4772.30836565311,1469.65714226945,6134.99493652132,-683.420607622752
5890.1455523279,-496.465948471796,4241.64235855378,-6306.5304997565
4803.10641079287,1276.37540811663,1486.01948788203,7226.15787719471
-853.654382904492,4322.67380362202,-7384.36229881444,1127.1119487204
-2333.94016714886,4455.17634298217,-4439.79784783168,-6475.63390315639
1836.13340426126,-3595.94369639717,5263.8974996324,-5327.0254736544
-2741.9373297573,-3110.52726492381,-2258.52463245837,-6037.78386222119
758.343087336309,5079.91774512895,-7320.10213035901,2869.50595806675
1559.9928950504,-5314.75390771348,2855.90439987278,6152.21547167018
-2584.43140434448,-4802.10742533779,-306.78191661343,7640.8451012674
4513.08649646307,-1076.43547821045,-3951.60477777701,-5180.61554912654
5186.81877656205,-2199.25445394632,5559.43942262416,-4196.7153600481
-1326.35668072029,5373.35609107667,6691.05736811892,1044.74614633693
5128.0907269488,-1511.52351063833,1874.7802248661,-5913.56159409237
-633.267854711159,4495.50494094846,-6060.44122789727,2211.46947082263
2413.99772095368,-4355.8420312953,-4381.13413292843,-5593.87121304501
294.344753503278,-3780.88208457699,2099.37258948747,-6557.06008656084
1703.70080534462,-4785.72365717567,-6735.11743715009,-1095.62684316354
2029.9522373149,4620.06918877827,379.081868003731,-7230.47141247018
-4412.15365716446,556.108642578125,5445.64280536214,-140.279350280762
-5019.63685358538,-2928.26417853679,-5697.58438415387,4976.8660877512
5041.71090315113,1416.66843961639,6715.83528281993,-3307.65185190013
11.06640625,-5900.51997392805,-6457.94592388707,-2807.55689460623
4348.55949663174,-2442.24803719864,-6269.31328766466,-4568.72586555106
4147.8743506143,-3202.32521615299,-6415.25668649733,-2656.77315540937
4010.16820611964,-3587.9394219253,7083.96300571345,1267.78297974707
4050.97928168231,-3591.93936139235,-2484.88657286552,-5377.51642550204
2750.17426041067,-2220.92064646334,-5244.25621856052,5327.68758266614
-2418.60648353854,4120.47983466026,-1082.25572374132,6821.04396582106
4330.34587756674,1409.53324988293,3938.90668132671,5582.94037803122
4968.4187641608,1707.35213601643,5287.51317921906,-4316.62034590358
1175.84533898305,3921.47538413984,2252.09296157908,-6816.32088636268
4204.67305428329,976.406762789575,-7468.12704356133,1942.43791536084
-4970.91190315015,-1745.31467674961,5642.10983950165,-5580.442772558
-4294.36679256398,1106.546875,1623.92443865705,6506.064707275
-374.472152709961,5384.38725857269,-6531.01783999889,-2188.93568299726
-3574.35161074134,-1889.98952215513,6007.4678930176,5170.92700821324
-3435.49688992364,-3645.32116237975,-1208.10716706175,-7021.16001930629
1154.72325084857,4385.43045116064,5898.80388206487,4283.86361831184
4336.86140007325,-1068.53732935154,-6472.56217043479,3761.07592689095
2528.95456047218,-4283.26119733624,6194.17570582516,5279.96424125081
100.088322710635,4028.90687212423,391.493716514985,5755.40136915198
1417.94033813477,5068.63061008999,1257.83783193735,-6339.44112722599
2641.68658717995,4827.77802921859,-3288.63478865832,-5543.95969818988
-4800.49653775323,1942.64574571298,3282.75272224192,6539.4945312207
-4819.89980190862,579.784082494975,-6581.60538545454,2363.03629338154
-4591.7396728748,1622.48529443247,567.400892531446,7059.51018212783
-4815.80342266334,-962.106213571539,2992.1734453125,-6634.00524972009
-5200.67106234997,-1802.92159273605,2969.11447377526,-6657.95229143152
-3757.30417543207,-2930.52981356659,3921.7428580336,-5224.62176422851
5765.84405223002,1989.50231129203,-3213.93112836505,6277.15372152441
3291.26485293776,-4488.15775565276,-4368.74590219583,-5983.86782707662
-3677.55284552441,-161.273187666977,-6573.30625864168,-1824.81445798755
-1707.438172682,-4393.81762272348,-5863.90412642432,3606.14931479136
102.3109375,-4523.91713649578,-553.884486428504,-7750.74200172309
3782.49262031223,-1969.80357464648,3370.40863950994,5177.50873109548
2567.70390603268,3726.06019200391,-6067,2006
-5291.39056240669,614.749801485656,-2104.42256506269,-6444.99351390899
-5260.38467884683,196.64206959265,-733.452874313701,6442.45801471695
-2980.50083510544,-3204.14595297637,3570.68345544657,-6421.87008204633
-2517.05492658393,4847.79868936746,3407.04383082348,5797.00793277259
2155.4199434733,4760.86120345072,-2138.81964299276,-6765.42466815235
-1845.42949016235,4761.84835799164,7159.91390679922,-2622.81842249262
-3494.55077152976,2768.87940196092,-3778.76362106112,-6401.42865910116
-3618.42599621223,1901.11831349097,-6564.07041394698,443.4331163816
-4745.38744334033,-3859.44289034144,-4982.19045864652,4399.87563927138
-1773.89260639701,4919.16973647818,4578.18504870721,6081.90941437227
4214.37836662731,2701.53662503918,-778.559521617896,-7473.48289200344
3244.82168074472,3411.31949635166,-1694.63585654888,-7215.81720582638
2958.70142314579,-4924.98960886325,-5783.85931083555,-4473.46027948071
-5046.77909676063,-1868.1080039529,-350.479313453094,-7529.73183471397
-771.274975077747,-3962.42459425667,-1693.29415912125,-6923.82508860355
2853.1221365526,3475.73362743062,-5252.39595757453,2763.06922717754
5161.84254884743,-1232.61569972252,-5220.13179227319,-1095.26963823297
-1495.4790138721,4335.03486957697,-3133.1823450011,-5903.80836304831
-3358.15243502637,-2034.64691698243,2800,6946
-4668.17214307584,-2793.80957610624,-1284.18853946703,-7132.40285443359
3231.98709134615,-2967.47276066109,-339.894765278291,6930.72141926272
3717.47903128452,-2733.66414552788,5917.12774360288,5420.22406774146
-5763.20308228378,-1471.74044507998,1507.12591621495,-6597.03158747043
2662.56618064361,3595.55196966474,5283.33937266524,-2568.28961270015
3481.00539059755,4213.35969548845,288.325294494629,-6692.47684535941
5734.34705327304,564.047593156894,-154.62511376753,-6818.75755765064
-4669.4537660586,3259.88867022413,4906.89854111381,-5804.636969336
3540.08017099512,3860.2154603514,4373.1819168617,-6337.75365712131
1806.40832392215,3390.25099458776,-2827.06164418101,-5716.94355371554
4910.29656295446,-2202.33594199197,-7688.50200937237,903.506379311489
5542.02232392535,-1379.04101150462,-5754.86822209592,4985.99094474275
-4419.05890655554,1863.73253741301,-6471,-2919
-5193.87407008001,1618.60101293888,3635.99002541139,-5635.27159583232
2841.87675516923,3777.67717935544,5601,3032
-5105.43594165044,949.51648430296,881.908354653543,7471.90008768682
-3252.83010768298,2232.24858031673,5636.33768856863,-3834.65649799879
1215.09093283722,-4787.07252422205,-1339.15615125222,-6413.37049719444
-3559.19657907436,-3918.96749448984,-3483.42739723355,6524.91197489882
4067.52670782802,-891.881332397461,7420.30851001919,281.428843249389
-4267.05145468573,1662.59109462867,-7488.2659051037,585.817065354102
-1742.82573522923,2187.99042593097,-2624.81632041047,5359.88900391242
3884.09805808528,-4661.9404738721,-5707.63233460909,3525.40136219448
-3213.46274703542,2930.11122340189,726.987391220034,7098.4781258299
-3633.9703279516,-4117.1307135178,5795.11981149769,-5832.78327036997
-4415.93758347089,-758.87632327108,-5528.2119866889,3976.25867327806
547.677711746361,3616.83012753634,5410.20973490612,-4757.12004012405
-3167.47361948905,1513.94417469236,-5282.46070803474,4810.53534845692
3528.38645856189,1275.94352301902,5331.72716263078,-1415.19572847166
3466.62452930594,1540.83734361576,5865.24878888863,2641.0503963602
5238.97823035844,-88.06982421875,5627.77119580035,-4778.01440235813
-5757,1144,3484.46744189144,-6221.38036471388
-4583.44431369862,-2184.16624530859,-333.2607421875,7332.12354479644
-2860.77290999784,3204.38095663894,-7493.33456380345,-334.438140321884
1611.74419000496,-4120.50658007316,2731.06514785978,7593.45446471767
3205.92297429684,4021.18143787834,6138.20876696136,-1050.38926535728
3223.74356237476,-2554.51134424983,3319.54270319353,-5688.86301097083
2467.76662414861,4436.46294257124,3571.22940636127,5772.99220766945
5491.61517421941,1520.37598341282,-5740.55944084163,5435.05442951803
4263.23316395422,2460.83395379863,-1059.16650990504,6946.11024373021
4822.8771032752,689.134276893306,-5770.82054194746,3250.68311073923
4097.50742231879,1669.34916500127,6699.47104443047,-3266.46483476149
-1812.75353589542,-3636.00900263043,-5921.25340794185,-1531.80327017132
-4568.67632665713,-3479.48505243863,-1636.49561136419,6390.68271943278
-4895.70113584692,-4912.87420009098,-1551.0957543158,6547.97287046124
-1443.16660475415,-5649.30484562328,-3895.20856727546,-5479.41724414601
715.826286713972,4158.6663295431,2226.60606569807,-6651.65265203125
-4684.51118372371,-1987.21156424134,5330.87393428936,-5835.77162044302
4185.53120428514,2443.31675164755,-1991.23325980203,-7174.91976275963
-4210.8124322382,2482.0330012382,1347.36398194216,6373.97080762346
3924.59980030781,2899.22803775615,-1875.96074441571,6071.11805767217
879.562045383608,5287.15213173505,5680.85729226252,4734.57310534026
5116.48891886236,472.322166442871,6775.33329510071,-2662.76106109781
2856.0837193579,4647.12109084987,6354.43201281833,-5653.07993567548
-4640.1408117918,-1971.06726605574,-3646.02860499413,6215.85423634912
-4668.02881690398,-2228.55091552001,6411.52473154273,-3345.73175727055
5318.83933962168,1087.45320673142,2634.46375524576,-6043.52219493507
4278.56991910041,-1232.88220667487,-4921.44633630891,-1453.93139114341
-1117.73468373167,-3937.08734188281,-5970.68226954183,6023.15943820811
4387.84170650188,-379.474047649347,7092.53898628013,-1900.35770994459
-501.917145499264,3560.35844500274,-916.708594601963,6925.79781446109
-1892.74866179208,4353.75577300977,-2141.99026935225,-6931.0963495876
2582.58557297661,4058.38745573163,-2772.90228125077,-6027.88569243062
4504.88079054961,2964.76873701612,182.998433490653,-6554.95594758057
4650.45891510616,3049.77150290485,4371.22537273122,-6050.76415215353
-2042.56749161795,4653.33242183014,5843.73306470495,4859.44244434602
-5746.44688987669,699.550498384306,1365.16032286946,-6760.20325802377
759.892322939734,-4567.04326717652,7645.83824125136,-59.0216946420607
2190.96522627141,-4278.78941598691,-5248.15192737901,-5738.44212678703
-4288.5724655399,94.6718384170135,6539.46695749853,618.827021484375
3103.90346214806,3499.46403571987,-5013.71057209339,4335.79558568525
-5655.02824654882,2166.53744773937,-329.295907939189,6141.75755604881
-3576.8974745741,-3346.61679817636,6926.03381030461,-3513.30292954459
2760.45360832093,2629.10957784089,6577.55643492758,1895.43423726019
1690.31850742586,4466.96994252388,-6033.10000858635,3984.94238950489
2654.24073897274,4077.49348611762,6643.86800680842,-1456.67041550862
-2591.79880201212,4690.49930714005,-7582.9610782754,1058.82028481423
277.800326434049,-4234.66749206221,-6749.92382825352,2007.46880643703
-4436.57712933097,-2179.58315695624,-4558.47810509193,5315.05737464075
-2368.02186344439,-4329.72677141036,1829.83664020424,7061.58199536004
3148.39147586551,4041.33250045852,642.572800143453,-7053.88693258729
2120.50205639197,4404.51693969133,-1597.22656509819,-7575.04087246937
1492.56808856715,4667.01146587754,2939.72471330732,6633.70997279569
-4530.41228398335,-2016.70974153347,1711.13507759884,7036.5315391629
-2267.2420952654,-3966.06192393261,6569.36400559883,3032.9964472299
-254.133103143601,-4731.94300052562,-4625.81487606664,-4786.29280070046
-4989.28692763679,-813.262210264901,-78.83642578125,7080.91021583072
2296.04438277223,-4158.72884933775,882.076683785692,6887.80790115452
3983.02750067861,3593.51267318428,-7085.81135345497,1467.4142886812
-3876.7398959595,1702.07811609743,-1909.50797326224,6378.1217033713
-3043.10204036422,-3623.88016192004,-486.540274492191,-7509.28940461067
3092.28871400464,3843.63265779216,1363.04241208817,-7138.03033093804
373.82475668697,-5708.66882324219,6503.53602658752,1974.42406551881
-4507.45373770188,-1108.53349625008,-5184.76078693342,3421.7997657064
-3038.24778830117,-5090.71098182765,-2896,-5709
4018.47884103526,1518.75881522783,6544.54238737744,770.614450408191
2445.2425239412,4248.9200022785,-4531.6232271475,6043.09051261435
4241.60600034077,-298.338842068427,-2984.46244795905,-5331.90088565646
4503.02875717586,1626.34369432673,5583.62565340028,-4604.37322306768
-5104.2413136754,-1508.19419981786,5669.73369865365,-5278.11305471649
5430.40855402966,-1950.88141831979,-3123.50433280815,5881.73974264774
977.44003606943,4705.56089370508,4443.97780780006,-5110.34357226475
-2959.58770173385,5740.98568821645,6021.24235591086,4829.50411838438
5136.27094406553,-1772.47169276646,-2786.24306535023,-6454.38013454955
612.923997928941,4078.08868925948,-6439.26924827099,3083.64275500126
-5436.95831053482,-9.05116182744757,-822.354542443967,-7573.8566058838
-597.359757965686,-4948.75593900681,-6826.67340026875,1338.05517745731
-1723.7620734551,-5545.86749274277,-5919.98360605432,-1261.14017887628
-600.570774848255,5032.43367308841,1309.90630168624,5705.62370928365
-4370.63849903938,781.920797363281,-6961.705830502,-1657.38686614683
-965.816250608388,5365.09526970985,7349.79135954735,-306.591114021627
-980.422841431665,5092.37815747807,5982.68788410817,5237.1933606141
4778.30235663267,-1255.73159121467,6601.21429804488,-3010.66942225496
-943.800227256144,5236.15870543264,-4315.91048071186,-5951.82153163205
-3674.87367230716,2079.90436667391,4866.50716354592,5624.0746858834
-3476.18305407945,-2901.51853532563,5221.12823236912,4168.6628338087
4823.20990900147,-1085.28092091354,4636.55294728809,5444.33689398467
4544.33564267638,1964.21378061945,-7254.32565017564,3249.53114201
-5240.26962589509,-2481.4880700079,-1366.08697822766,6731.82848303108
7218.05339325588,-2647.93526403514,NaN,NaN
-5625.42788307954,-2125.08236808787,1341.94411015286,6918.96033150955
403.856994221704,4693.6177903821,-6501.17257625375,-2813.3889389946
-308.294115645649,-4901.97855977102,-6387.35697098343,-4137.80179711064
-2480.26969122702,-4325.49180802775,-5809.4037453539,3190.12583693922
3428.47055670138,-4317.09633610477,-5905.96019391885,2160.22008858751
136.854265875908,-5598.0779839192,4914.79384375283,5610.01492908476
-2050.56608731303,-3731.86861356072,3862.05487525207,-6342.31487473393
3816.22038604195,3546.00645599728,2626.36895767343,6265.28378648629
5540.8176757357,1866.37992855617,-2937.38387582637,-5350.37131820307
4977.51860436313,1117.00296323383,5457.48744379023,-5020.8998963554
-3434.7050316604,-2684.45788069729,-3464.2052101508,-6569.71217930397
1429.03567661148,-4713.51415271478,3866.83854966887,5239.03796909653
-3462.01195295036,-1256.19864091979,-2182.62704281236,-6937.56536719472
3964.15692396278,2796.88449257171,2403.13144936527,-6805.51092433672
4943.01324745867,-1934.4961786411,-6534.10501036391,3581.16749435264
121.563460265259,-5776.53259096622,6655.43286343226,-2189.38982227455
-4030.36360690388,-1910.08403435159,-7285.99348979061,1504.34755211342
553.237119587418,4753.22141415822,-3539.77403308684,-6354.06433257794
3469.84412369353,-3855.30068844217,-5520.19514672909,-5940.87778706462
5205.85630123114,-323.787580822998,-5010.44773326572,5267.24851855366
-1695.32141280954,-4448.0226278366,3413.91506888122,5298.08332687823
-4765.95135693442,-969.225713567584,5539.84270102562,-3756.81444142293
-4813.24546592736,1466.50470750419,-276.901682823664,-6737.48328396681
907.73666487069,-5496.58500217675,-3971.32749399866,-6467.58987773135
5152.4969463706,1319.35394287109,4246.38225146528,-5823.86087343206
3870.36979077614,3503.55451453646,-3862.75427568256,6373.38496646146
-54.7448539733887,-4838.43878461977,-6938.9713545333,1562.77272668684
9.26603816105768,-3227.97237272344,4082.60845466962,-5111.25131532357
-5700.76744552905,-2050.79228831653,582.306060021683,6791.21418987279
-650.949032432155,-6107.55526335956,6232.25181596622,3455.21360779767
2570.93642736611,5001.66026624449,-729.401552714985,-7707.69839775905
1062.31468638149,-5053.26540704679,-7263.81981657108,498.003139893592
-4707.5454735804,-1369.65836329591,-5475.06979242822,4128.64009327011
5872.95011933273,1476.5370263388,-348.382386057489,-7489.83342787543
-6077.28266609461,-722.172231036815,-1857.33313991599,6205.46876500402
1779.24081609244,-4537.21294752219,6664.96554206385,-696.604067556899
-4887.6697661802,-990.8064294667,6526.41998877681,-2018.3495796286
4296.69782994166,3849.2343048699,4556.60161717764,-6294.53062505497
2472.56125433751,3064.42098148264,2349.59334138136,7058.29552955349
-1653.39809547308,-4495.45782152934,4966.43495688056,6024.12281211569
-1979.59636852827,-4224.23059835114,-5809.23502476258,2553.78248638
1868.73792903521,-3746.95292157919,280.881418625803,-5632.17206246224
5718.93305349365,-1629.85705491778,4413.73901943419,-6087.22610222451
-2140.7794817863,4877.49864094627,-6446.92276962875,-2298.32157188769
1277.73496725872,4118.30187285738,5805.61114343667,-5649.56227933667
-3616.54014151187,-3373.52239290135,-1271.47149537744,-7400.55374945906
2544.18882576175,3856.82604960873,-6547.71008818875,-2747.16074284796
279.713933396722,4612.67270079167,-1960.56790998198,-6192.17833332844
-5548.65686306669,544.11578582527,959.742499684418,6658.3368248139
-1280.41475841601,-4362.09072897932,-553.328971467768,-6877.78998747261
2929.01560046626,4443.69360290746,-1659.20424265415,-7460.37517650779
-4059.09549092816,-2625.64435378253,7143.38744220355,-1640.93441251625
3611.31416120716,-1689.93300332629,4934.66705079817,5547.58112637381
614.084330006959,-4836.15067438376,-5094.2283163617,-5606.56754310806
-4172.79621479589,-1782.90488419164,-1719.43256385318,-6487.50472283263
-5145.01140972604,-4429.77355386545,-5064.20233390776,5154.26613805024
-3804.4164636894,-4689.20555672194,3825.47119207526,6120.25132694842
-5045.71160839249,1061.47273179867,5773.0712059508,-5476.57471326949
-3720.25531786314,-3466.52246710809,5780.97039750421,-3303.63286912329
25.4327233355978,-3633.56209361323,4190.92181278097,-5876.9812334948
-1681.30389433851,4540.01088715754,7564.89602879274,-841.304677661772
5805.79233636248,-1671.83351783644,-1266.33146252821,5730.62458217542
-3572.86859395538,-2590.3998975965,4620.45094476969,5334.39341634514
62.112161272523,-6083.04049061212,-5808.44232109958,-4392.80144546324
5234.25118028466,1559.56741275427,7280.64760934996,-2401.38174809697
4491.3043288515,-1454.54733518178,7344.53970875005,28.6658731697289
-145.553100585938,5062.67862700481,3752.91711594899,6765.98808108623
-2508.24995930075,4432.33703059887,4992.44844680524,6425.01018412528
-3323.6148098648,4164.00942921462,6019.00094813364,-2002.67970358058
-2641.23944355921,-3941.79079850849,-5582.15743585969,4704.45098934046
-728.416291646531,4500.27786669969,-3518.52335233045,-5598.88838635102
4017.32341951952,3849.67348153251,643.620978550553,-7279.26683666414
-5458.51598051441,-2312.06018237072,5676.52116789235,-4202.87021225896
2700.02374709816,-4093.42003595101,-1391.11753082275,5764.41209985083
1597.68514027819,4254.86866657999,2620.76651508678,-6914.94179434438
1266.74478695146,-3380.55997845532,-5653.97671484968,4766.95884069592
-1474.55383349689,-3737.68416229727,-1481.47736033889,-6056.27308024624
-612.012288559012,3354.17735103057,5276.75714736807,-2548.81928220792
-5066.15714928058,2595.72089318228,-960.578314506625,-6769.74115386211
-567.428568899998,-5804.85535598289,-6883.03696453799,1047.18341366802
-2542.73878565216,3295.25703342225,-4295.51216532065,5504.14791612589
-7144.70863030272,-4475.43694773841,NaN,NaN
-857.194885253906,-4597.45923593415,6375.79633955238,-2208.36359304907
-2615.26839289305,4530.51891016316,6570.02321296228,3862.6225119947
-2257.64677631766,4493.00775705475,-7279.00974744458,504.504721618924
5179.36865546211,1210.95825195312,4262.42132993691,-6205.21631365544
5925.07961610606,1398.26616667175,5297.70123909972,-6172.2068942428
200,-3926,2697.37428817492,-6350.80508750146
4447.57218875557,-1056.49830964144,-7198.74277008397,1176.64398850237
3805.42863771992,2413.3805612397,-279.560558074545,-7275.5988382413
3909.00083116085,-54.4522132873535,4322.23490548171,4550.34721913507
3473.76579290081,-3049.04319096172,-3089.91566348913,-5204.18328998332
-4619,-3202,-5669.23942571252,5141.10778520726
-1494.42223459714,-6264.17889119542,4474.14015004858,6138.97175727456
-79.1708984375,-6031.69527762835,-5898.74353248118,-4202.28416506904
-760.681352126336,6380.27628164363,-5149.09190793013,-5242.29296011126
224.635108815757,4681.00502839265,1778.09765900278,7346.21336641371
375.361778546941,3984.72063142438,3375.26856618113,-6519.57153029031
3614.09194020556,3487.03123249304,-6112.07257326118,4140.05493472542
3745.89906547046,3881.19962249353,-18.5267382525504,7238.81193517115
5174.5496522276,305.737089748114,-5414.83561320467,5007.96323871011
-4073.23858338064,4245.60859229911,6434.85585821911,-999.707220023876
-5068.94113804172,28.1592477769708,1855.57451957264,6005.29506878022
-2523.83532505785,5683.57131510642,6675.49898503747,-1055.74692671114
4710.3593039377,-1623.86630089763,-3795.93477807087,-5864.812743797
-3083.42519730606,3179.73103262781,-7434.6789255185,-162.424078091106
-861.097152567602,5752.6851122404,3007.37437896942,7335.16119799592
1145.27183449895,-5663.72222081843,5896.40480596712,5132.86105928724
-4152.97148878495,-1537.66002844591,-1076.88025139036,-7373.46727427988
3077.83326293523,-3461.94532446279,-3279.83470190529,-6883.97349452745
3899.9548866871,-2808.87421750283,-4241.19773033392,-5770.63220451392
2210.29741521233,-4118.04604082282,4432.61916121313,5538.32474182703
2781.69950003305,3480.76551177723,-4493.11198571472,-4788.89670568315
4091.18732114752,-4083.26714688834,-6079.54479504568,2903.7996210489
-218.862603305785,4677.44862267936,-5244.94473847753,-5745.1781232316
-2988.11954252961,3105.38048711442,5320.9128603789,-4804.30179195255
334.845663793103,3810.01664643662,-4738.33856067537,-5780.63347616877
-4300.6000758894,-147.233677828916,-7249.5021751538,-983.255432128906
4754.36507893019,1948.05483396335,5788.77824739015,-5212.95853075009
-3255.71661816651,-3687.23795548732,1456.51199452073,6425.42169379865
-255.118863715216,4629.27092526139,3151.47654043417,5329.76196485827
2719.37785753326,3500.85637056074,-5640.4082304872,-3408.54953179916
230.381127055347,-3957.65635536493,-400.098598716101,7228.51299921115
2563.67847732018,-2908.4332283208,2825.09400694594,-6232.68392470869
4611.51278835683,-2807.1206306712,-6416.22485351739,2848.52532538122
-5012.32404612417,2710.80535028,1676.99485788368,7121.98285669622
3451.58692483373,-2924.77618524264,6881.51975135269,2771.5545331927
3693.45086712305,3943.92613930989,-3186.96259536082,6904.91591315951
221.109293607386,-3683.8066526686,-1855.93408456646,6747.84932366169
5152.96110081898,-2651.76936860904,-894.06993683366,5723.62743893527
3086.39286976493,-3116.49787097865,3251.75411849798,5564.51351958294
2466.31840059139,-4859.33057575783,5554.05909816326,-3629.61829549945
-1230.26556898746,4821.83517506192,-6552.46451540332,-3856.28884242958
5401.96854976958,3351.833766769,5754.06326907391,-5772.33035599882
-5777.58262493563,-1808.53061602836,-4769.17351871178,6024.54354199593
-3772.46623912902,1247.40737798674,-6630.76148365805,-3110.61360156623
-799.991417439779,4305.40443408988,416.107231140137,-7411.07478869432
-2589.84255766294,-4589.59323103042,-285.726753234863,7439.09984985567
-3465.85180954607,3113.94834770235,-5662.7578950762,-5954.87751993273
5175.82407061806,1823.45009032217,4851.9420762887,-5350.06543207168
-617.684807570092,-4087.49863552273,-2145.49750171554,-6176.63333419096
2116.1321474469,-4117.87943899631,1036.80192487102,-5449.70912885122
6263.52515085786,1566.20595973269,1306.47294640526,-6596.69874515641
147.696329809434,4446.09043615005,6134.44280836278,-3164.08248966708
345.20228053146,-4741.98163890661,-647.637883483271,-7348.54443528276
3115.18302250391,-5689.73502385763,-5950.22563659582,-1842.53603213028
-4805.36330032436,-2185.827569404,-6370.21154901244,2863.33763904194
-2853.17120090357,-3909.80156908806,4573.8764072156,-6556.54792350929
4994.49311465982,-2020.09482490482,104.935288396662,7497.04069714519
-416,-3914,-2179.63702632483,-4862.26571158023
-2109.40149316589,-4488.725306516,-5361.06150566884,4532.57741225161
6190.63793054487,-415.659972226615,5441.89805895513,-5980.05948282361
-3872.36879410143,-428.356133864701,-6338.50450032052,-2105.39529463864
-577.28662109375,-4076.02258166576,5957.60472410303,-3945.12688444241
-2874.42417046575,-2266.09709266034,2815.49226135283,5347.4027332261
-2172.7949237601,4880.91116397865,6157.40364901351,3435.33726921354
883.287926066498,-4709.35705414373,-7171.2621427573,192.974633862175
-4283.59605934167,-3122.45989782682,4988,-5773
2831.86058480126,3416.26975190339,4125.72154945657,5108.24040154396
-4086.25836743078,1261.26973147982,5387.62969494511,2098.10803383275
5976.72708801718,623.502757352941,-2399.65765845659,-5821.30883237448
2169.99004532453,-4116.01891102831,5999.5452951833,4458.99252676417
4260.43233834033,2891.4561578979,-1229.148908365,6795.18193862696
4758.52319012735,4348.86325754748,6537.32735740932,-3110.62630753628
4516.77297471319,-2090.32270343101,-3273.00576009325,-5762.08680916167
4669.64887152467,2514.92383711917,-5847.95224002,5476.97019354972
-14.8502968848223,4189.40473854129,-2332.54542681611,7017.55758369595
-3063.03607981561,3620.06325996465,6979.89335376761,3171.21276919237
-4004.23975054456,4419.06104872442,5104.13397241589,5085.9617100176
2978.63933604429,-4641.91850852858,-5685.48542034054,-4152.01741994447
973.775581359863,5361.24820701484,552.176250355323,6331.78334676679
5862.42288245407,1252.33153899381,2653.55968914155,-6453.83911143495
4115.78589234887,3664.28917756491,-6670.01979583334,4560.55622913256
-341.979422249812,4034.39063806303,5935.62819584681,-4270.50088128087
2399.40215206176,-4472.7165114477,-1032.04530368082,6311.85666503043
5017.24254976229,2158.22598102509,6882.20963932151,-2922.86298797386
2582.2328309616,3581.95713675734,-5668.20796250702,4884.76150841604
-3964.30970772989,3962.06577298021,7536.90532115127,-1083.57621249539
-3539.10888709615,-3760.7131832682,-2458.0577244179,6711.27279543166
3739.23238813511,-3333.4124432022,-6855.56132739417,-311.037913105275
-3805.4672632755,1823.560494247,-3207.23872971298,5635.70497550594
-4416,-3187,-5290.12988080954,-5675.46259967698
3011.74419282122,4009.65836512314,-6686.65701299567,2483.99752705816
-4652.75154262789,-1954.39951091149,-5664.68592336847,3779.68691232014
4042.64433445813,1571.28723089955,1415.40786328597,7446.75462358643
-2555.04928213347,4808.16146456613,5041.15337037765,5642.7211093752
792.519451645924,-3514.95474536834,-6610.14625683787,5303.96888456311
1267.29538373668,-4505.42580977428,-3900.02470593067,-5345.95941556792
-46.4877809427552,6208.0787728978,6299.68611722439,316.928184962854
5111.48299967721,1183.93061658058,-5244.09557800346,3996.97267860325
1792.84979064111,-5304.3957800829,-6680.7955492556,-502.105529785156
2293.22724553171,5878.6306964374,-6162.26888414379,3769.05217124297
-3476.50661244408,-3883.44355943504,-1721.67121360897,6603.72432436932
5364.29415537952,354.269731638383,-5191.78917228219,4687.05435870104
-5043.08572825951,-1877.8845079258,5633.42657802121,-5676.54555861402
396.890589571216,-6409.70109901946,5475.87160109156,5593.67485571664
-4135.98206492137,1809.39818686038,-7637.91220883236,232.160687886394
4343.92689968325,3188.16042397281,-3795.88003132042,6414.34600419275
3131.02835578028,2333.22240124196,5222.05656869518,-465.03275911573
998.499200617181,4981.2602453085,6161.77167746213,1709.04896544797
6337.2338229667,3030.18738500534,5505.03133361431,-2518.29646160469
-1028.17787676554,-5493.46050381869,-1887.72229882374,-6403.70111659485
-1469.36325789505,-4954.27842874465,-3426.75810924065,-5460.96712253482
-4763.75835488714,-2328.53384361884,6626.36284691845,-2666.64641742813
534.141900131215,-4887.06758961785,93.3171157836914,-7546.45262377783
-4922.75740023512,361.84112849001,352.540331155274,-7212.69849555825
687.736767116029,-4877.02018978151,-6130.26402278818,-5387.88274639537
-3844.52220815466,1536.60986328125,6990.9367128876,2993.38164812422
-5059.97431937987,730.554974523268,-4056.29157693997,5580.06812142264
1292.01305945453,5424.84856649314,5425.30084629199,3546.03873137708
-4100.52959670427,-2300.01276971428,-204.301185592435,-7320.72267730349
4826.11218686004,2218.56273204773,-5506.63012100347,5387.82154713897
-3628.42141489168,-448.653353658537,5045.8852330238,5275.7766580442
2987.82885758247,-4309.35266843481,3888.73714462581,6517.2626735964
2384.13107775039,4519.51145925252,-7276.87604946993,1953.70430712957
-3755.99141529983,1861.18552255543,-5364.95234767379,-5076.87656613223
3919.81569827042,-2048.92973743829,-7652.08418118802,180.253972732756
-2412.79847663072,5070.47260328757,-6342.06385909964,-4232.86063415158
-2352.80908498048,-3661.04948957111,-4560.56186268603,3880.73318926825
-376.246200561523,-5550.02007609971,-5881.08381515933,-1730.76122327951
-3984.04388648334,3934.06222949724,-5898.32385438834,-4013.94148734583
-1642.22492732558,5003.07806241605,-3202.45932301791,-5383.31044136029
-2489.40642067973,-3844.1087488831,-2728.95771888015,6784.3511992707
3643.61738942622,4653.99903261201,1590.96613047346,7126.55686643386
2069.21697087994,3959.16565064644,1701.50020932404,7332.54664256993
3555.46008116148,196.171111668818,2800.16160476848,5831.46043312728
3641.80595129098,-2977.18176468442,3869.55252954452,-5312.67835894146
70.9056314928779,4393.46607974079,-7043.94593080875,905.608345918183
6593.70178525807,-120.912397819774,-5099.74345595502,3616.92793792134
3000.39457158051,-4105.48783313451,-3537.77873002187,-5942.30799151679
4055.80514809711,-1173.7298117302,7350.33002828287,-2453.76690011245
5392.04864172943,-287.136672973633,1651.48896581865,7540.57479473895
4769.72317962234,1972.66778698804,740.902144067958,7375.71545171834
4980.10236552755,19.6415208684654,-5805.37250076779,5973.18295699731
4613.47196314864,2432.84232325727,5499.11206284773,-4547.84363853511
-4221.90201539141,961.102826101086,5215.56989011674,4973.53870290758
4050.07094527158,-418.65966796875,462.487770630083,7031.76586344999
3716.57354180342,3735.79727158827,-5039.03575053806,-4502.02671209887
-2740.94797948086,4265.06785072053,-6075.3113183223,-4146.36959345733
3340.66261924591,-3820.71972844412,-3172.66286696934,-6212.09730161431
-3821.17109633007,1203.17521039177,-2782.87053550928,6460.11793352629
2516.74520756407,-3893.54714605759,6822.23028118653,2439.9276874732
4664.30859525453,-1325.53669856709,7646.40786539176,-1350.5752056152
-3379.52307002254,-3572.41939514952,1483.12301999783,7046.33806813005
-4283.15750999593,2483.18323190532,5126.29641441883,-5240.91112423077
6010.25497034859,-249.917939157197,2204.16681479028,-5810.02135661111
-560.540710720192,-4242.3311183097,878.232134324726,-6765.73989422733
959.914118323498,-4276.51579215388,-402.055587761054,-6623.87831169446
2242.94991192697,-4853.96955446162,3570.95998139584,6575.43028419284
2745.08320666554,-3578.65901093872,6248.98976451693,4913.32958515135
-95.3708672658425,-4755.20044803877,-6153.29166637599,2201.19878322766
-2193.33747710036,4068.48809869012,6557.26398396398,-2454.22853884965
3939.00735714094,-638.632446289062,7692.97369983833,-685.599952466369
-3384.59804093878,2736.50250419875,2574.85509694771,6613.71710635338
3669.12546615567,-3474.80925705829,-136.868772661364,-6096.33847794633
5808.59523668445,-1493.48597050342,2936.90199184619,-5802.96189074317
3961.41830366107,-2616.97495275852,-1577.09530296866,6757.67024878451
-2868.70300815687,3736.68139889769,-6672.50519681514,-1639.2822265625
2153.29268292683,4147.02940959698,-1438.63146291224,7008.41062096992
-1132.43474481204,4695.07514994803,-7420.2627750892,628.260483821822
2674.4352429081,-2217.60148111979,-5825.40438567513,6335.36354139137
-4351.61001337198,1244.82745072193,5850.52366190785,-2686.8490575697
2192.60573202763,-4992.81026296377,6427.98255698599,320.344054223401
-4139.86845737401,3848.7768285438,5606.56952931876,-4622.3741472819
-4518.65622965629,-2222.68136440877,4442.8245784628,-6451.8541985801
4665.44530119518,-1089.37780982897,-6255.07603716607,-1673.79329135398
-5340.96927371402,-2428.40709198459,2357.66333279993,-6475.97401812789
-1274.61611542835,-3512.1636324965,2602.93301859378,-6587.67467932481
752.674619799983,-4628.21938016181,-1692.87365581972,-7631.31202437889
-3827.84350437173,3742.45931144349,6888.57160071447,910.379572181421
157.955017089844,5030.93263934457,-5037.40515193478,-5104.44420149932
-4084.16212861925,4263.38510305595,5799.03936627899,3049.9087436028
117.1923640146,5217.84143502806,6050.89141005935,-1405.76088182214
212.495394315794,6662.78415089639,5795.13790875766,-2408.80385147307
2744.24940788802,4146.45217943292,6014.7040149707,-5228.39866878249
4429.579524808,1977.49258375062,-2204.62337081229,-7233.57586349741
-4833.21807545982,-4025.16298193288,-4351.80205905625,6313.54472237268
-1673.42938686742,-4883.98520993472,7001.88779162027,-2073.42494092652
3188.49829621032,1044.11299960629,4079.07334577667,5776.07312165147
-3102.96118834535,-3944.57072864609,-5845.23656112739,6005.0241572581
-3589.13494095885,3379.36043534202,-6738.69267039625,-1456.10405222575
4529.59563504418,1619.41080106732,-5035.80107168982,2856.97661121965
-2884.10074425479,-3972.00888152461,6229.03342752147,-1502.97224361853
-1772.21704709423,5232.38883667346,5585.67819632028,-4242.82506677363
-3187.81852477431,970.645257357354,-5871.14441960153,2928.04653503923
-2585.01176194148,4364.4383205969,-4643.69585628264,-5847.05221759661
6246.09859336159,-6372.36036262655,NaN,NaN
-306.255278716216,-4331.9479051088,-4849.87387543614,3735.23174735232
-3688.09832453719,4006.19096410189,3453.31229794203,5467.92851025016
-3972.74331839209,3373.65924390419,-6270.68733794511,-2531.87444255418
-688.72184753418,-4356.44109603084,257.891246828259,7449.28930256396
-886.611597337796,4952.18665629593,-6864.41624799942,-1863.53923000907
-1896.04778885526,-4155.07133100428,4979.38076215259,-5777.44308425522
-357.156040468695,6057.01738390158,-6444.48021771479,-2365.58968712045
4940.44516366187,757.844236788542,-1629.88253008605,-7064.70034566814
-3710.52846304421,3953.70066318328,6592.42714714912,2172.05359556539
3183.58511755523,3930.00663973587,-7398.59211460375,2021.42636040017
4077.45917063184,-552.31750722051,-6575.82957491637,-4379.67763603358
3692.54857261996,594.996603001102,-6568.47463009793,-2803.95231090914
3163.3204414038,-3273.71266035577,6506.76041504882,-1226.08674299459
181.941186513656,-5852.46659918498,6253.52904756246,1772.70315948
-1253.5318410291,4334.11875274217,3783.30545405924,-4920.76293618082
-5700.90449017763,-93.8486328125,6942.67461853405,-1927.96972237973
2064.87912882369,-4254.74402769451,4771.42637133453,5703.39326193826
-3410.65194497493,-3552.53758935052,-1536.68673846534,-7250.47471797542
4725.14259126123,-1904.13383197206,-2100.75927521149,-6364.73731482145
-2008.40452647161,-5218.65710959443,-3417.98721537645,-5927.05339016318
3087.79035766691,-4621.0354782387,6065.04433572464,5064.23302368675
4866.37475220691,-311.5,4972.79514250481,-5674.67494345528
2737.30856844274,-4632.7068891884,-4524.69519560853,-5512.5439097346
5419.6173283868,-451.438145732401,7158.13292986909,-3701.53278330903
-3769.08098680569,1584.1204967838,-7360.42618265227,-862.674228291588
1570.79603690128,-4901.35894985575,-4514.62007104002,-5971.95454998892
1758.96508130522,3899.23488268146,-3.04771106702973,5624.41973061946
-4695.82270363976,205.175915948276,-4890.88787717525,3777.19740436382
-745.983063004324,4751.90471836623,2328.40167491461,6538.49324681509
-3248.29300111151,2578.02969339289,-5439.91025114282,3575.0632011233
-2698.49714995964,-5152.65406679325,5495.22372814473,-4579.79101475034
1219.82369449878,-4848.21568103343,955.291562570974,6817.99369087472
5860.85876970729,-513.954356393072,-567,7392
5245.20363280296,2780.32279388566,4578,-6338
-1785.02209149979,-4568.56836314506,7390.98665722208,-1161.53238598731
-1959.92377122539,-4898.13656280201,7068.79266365319,-2079.77075399317
-2527.5436586404,-3820.14813618989,6164.63837532968,4091.55354221422
-4411.12593506961,2733.35167028199,3746.34670795496,6279.41104192563
-5696.02421033951,-981.7490817732,3822.29961715999,-5847.89147185889
4445.943128546,-2380.85575223437,1658.45825296661,7233.27206482905
3346.62697200114,-3215.62945352986,-7638.27361658913,1298.61269050391
5005.32651796047,815.96635209141,-2310.17118754127,6416.35764748294
3373.25678925559,3189.74839994841,-7728.72915566943,2480.18368419278
-4287.731909201,2434.17926832467,-7253.34045401108,2487.91922214069
-3835.88028060576,1182.57568564719,-6690.52833124057,-544.812439379243
-4134.79588164341,-2162.55608628238,5528.91041302016,-3080.24083083545
-1829.36301377794,4741.38836268813,4648.70117510589,5286.62345490369
680.174684574125,-4484.07862974933,5896.9967328844,-3227.23428781187
-3269.85221791022,1298.04224956275,-6279.08891942402,-3818.91766554297
373.854362487793,4902.49777708653,-1763.84309638775,-6315.27919470889
83.6304685201981,5285.56059333943,-6660.35944216563,62.1852213541667
-6038.29321020887,1434.50914984981,-1410.8640833394,-6409.49768862984
-4928.38099429515,-1354.288602356,5575.59522057687,-5174.25004809948
2611.43788184455,-5344.85147103946,-6098.03136948676,-3354.74154106249
-2082.9282917506,5272.78177147595,6275.99662918238,-5394.00531923716
-5745.07964208866,1515.85662044667,5273.90695556288,-5838.85320861932
-4282.40798448748,-1472.47050947233,7187.91416800304,-3562.12438138744
-5317.90108682164,-879.298591697795,724.466622488839,-7035.30188098033
3369.68896065872,4072.44229525091,-2787.17490803532,6214.97682125152
2179.94033652872,5174.48284048448,6492.40426562021,-2947.78440375506
3652.69306481714,-3382.61800948656,6524.12274452332,3653.29315430309
-5468.7896934982,-2313.78043472084,-4389.9341482041,6060.31766114308
5497.25692416309,277.329540337457,7489.49200946362,-2117.78339950401
-1107.01268905954,-6129.01747141304,-4402.68949175224,-5734.54808144509
-4572.11925295939,2030.53152276313,1223.44006611082,-5863.59899722794
1201.44676871741,4116.81238096718,3703.13281392057,5788.01883186258
-4665.68122887803,-145.9375,-5946.74621175506,4449.59891791667
4663.71112729724,730.665031198527,5417.64371485318,-4398.7129090654
-4504.90298331396,2147.66190168457,5646.57526222482,-3658.96282403104
4729.15662990905,1687.77419594997,-5412.49115603519,-5613.32561473223
3310.93833546002,-1531.01175964933,6227.93603224096,-2921.39098060487
1860.83501782513,4529.21211020548,-7600.01828084657,1172.13916282118
-4307.14771246397,3117.06710132244,7253.62826058438,517.735952799299
-3342.91478643027,3960.78360121946,6338.89152066934,3321.38323840466
-3534.83231383343,1836.81882391383,-5955.23942005891,4719.96709872441
4013.89320884628,1813.7875414823,-3153.50818832045,-5676.95226737694
-3662.94870959455,235.351992760432,-6457.72640141301,-3546.68399337459
-1887.83183248867,3843.72317647294,-7483.04388413924,1053.54425963947
1467.53821317151,4362.69222798797,-1365.78380579491,-7225.15569342211
2500.45053708524,4387.83603397121,-957.934211151216,6790.85699415409
4727.87219676339,142.851566599376,6551.99547848494,-2662.08198623154
5316.13684830774,2627.77908867459,-3972,6494
-934.5,-4332.96021274131,6284.79392003666,-3921.36442572516
-4422.57364243727,1096.63887577266,-2626.25531831509,6037.32621914704
-3699.84970032298,2480.65484589268,-6442.09227526555,-469.401335632704
-4249.1796098361,1451.12931599336,3404.69813287808,4832.29011630141
-1726.61671694143,-4341.74777740354,-4523.71481411808,-4850.79642746264
2676.2348650615,4108.61229221193,-649.509451094209,6804.50915326709
3584.91091793531,4273.61852728285,-6718.81604081677,2807.18315399907
632.770541501442,-6116.09453709892,-5875.252241498,-4755.22904233032
4519.58875211583,-2867.07194750298,-5203.65444233083,5299.51154359516
148.642857142857,-3475.91435495201,-4011.27174779605,6028.33505172698
3843.93750931636,2481.11243482172,7529.49613986976,-1740.7321500635
-4547.43551669569,-2861.23350310469,882.265414798206,-6986.48064850272
2785.02414555488,2728.32819856483,6005.20223805341,2940.00683208863
2076.74339148108,-3278.90151265212,2637.81771341503,-6454.51457423932
4167.61765093039,4279.96114005647,6164.44303548297,-3807.49696718134
-2088.60409633892,-5324.04089148153,-6639.30292114443,3250.57076494856
-3736.95750380592,-3674.2882523552,295.93310546875,-6656.82343844575
-4831.38204305819,-157.093703866324,7217.88494259705,-2803.37689321665
-3774.60447349485,-3936.61658959047,-4889.72332506376,5783.55825285217
3483.39230111699,1693.78740438469,3396.79861684841,5623.38995899256
-4482.59766010561,-2209.90423336073,-2286.1840522234,-7231.79958933099
-4108.73262477662,657.802139282227,7574.68174108123,-219.565901094308
-3226.03290853405,3985.81263502176,-6066.40826913679,-5211.6586525969
-5384.85513838122,-601.469822722745,-5674.5607905669,5558.09232689279
758.210419346779,-5012.973281626,-5526.76418587916,3670.37941473599
-648.177565325345,-5355.03346686963,-6805.96151176371,1101.91937503914
2012.49447687392,-4111.82063865455,-4643.61918414102,-5205.10762059372
6000,-1808,-2437.85768379269,-5678.5906623916
5678.98112573876,70.9068073263683,-4679.45910849866,5981.43532534581
-4121.7908902489,3205.99164376872,7010.46162728915,1112.02957114362
-3578.75121354735,3395.19714738133,2816.66695898515,7316.85204897452
2462.05125731465,-4764.38751418862,7154.18579343983,-763.70920228395
-4014.03765189095,3367.6089181088,-1635.22681672978,-6823.68409683051
4934,198,5426.08764576902,-4645.98481519395
334.001762390137,4924.42700658388,-2377.70135456634,-6883.02945871131
-1910.22150199054,5166.14751849018,5466.43107543823,5220.40976544923
3288.35349131772,292.003967285156,5866.91027411902,4204.3115957721
5214.2294046819,-954.78802582351,-2911.4685366602,-6089.16673378906
3764.52016499282,-1296.90945768951,6002.28146340587,-3811.27419229041
3.27046203613281,4271.22039632052,3684.41498934807,6948.41305865485
4131.10614046838,-2777.42014580984,-3760.25337235313,-5870.04322265015
-3345.43521593772,-2288.94130997239,-4763.62340505557,-423.577758789062
-3134.18156729791,4386.03891775376,6189.07108221223,3500.65779185233
-4223.09503994014,-1479.34641664844,6193.67246024095,-2795.67233596476
-3481.92994427514,-3731.08148984681,3370.70460354633,5358.36297145136
3840.88321172171,-3847.23350460813,4441.75272833414,5373.9378811163
3428,-5077,-6688.34498679861,873.275092711271
5464.36144973288,566.01536643026,-608.364773350002,7018.69542774528
4956.26165002974,-272.622199278478,-1314.01383872361,-7400.71450417944
517.339447806354,3560.55007029652,3727.42497507731,-6837.64689459857
6374.85131053144,1513.79841356791,5634.08401848854,-4445.90109927505
4179.72367764274,2547.89434416442,3725.12660079649,5481.44643055308
-1326.76586602204,-4412.24497267083,2171.89064376561,-6898.45072122884
-584.303995842563,4066.01508053576,5232.32123088164,5601.74189075488
-4545.13109631163,-2778.09520699964,-5628.84294318885,5713.1547941974
3969.49785172884,-1666.6592813023,-5468.93060668852,-4647.65843580217
1242.11401606986,-4510.94155298922,-7810.01079975496,1961.72133155442
4611.85058309874,-2687.39002278461,-3354.3400405734,-6159.23280419957
-3759.5174457914,-2906.63401454587,-6362.98776749706,4129.97546122872
1110.3793780588,5919.07358000591,-6028.93460137701,-3212.61624203822
2832.65271805028,-4170.16559702199,6295.55587527172,3381.50915736807
-2807.54631063647,-1691.10567022508,-6295.24080310055,1726.88878035403
-4454.67311539785,2274.34463998424,5539.72599137032,-2918.21183663304
-2274.26534920931,-5690.98893831321,4320.78183466326,5478.29769534797
3751.25301068249,-1903.30877448262,1485.08529595947,-6171.40435233946
-4088.97147383096,3117.40290473514,2572.20958894946,7008.25787977873
-4647.55230072713,1571.29242158567,-3749.43866441699,-6987.88164459865
-905.213876178487,-5595.81466582421,-6182.40019802245,-1825.54846014493
-5563.46001502014,-3240.68629245331,1819.19140777302,7296.19944627506
-2805.99011764977,5322.54369204497,3775.86363295739,5983.7424787717
-3559.92682796119,2581.99931763015,7541.39235759023,-1845.10372274164
-168.68254638972,-4957.17686019705,-7219.19730940582,217.163920127937
-5209.21403815513,-2049.73023368947,5668.27568913755,-3807.73470705096
517.27572944062,-4834.9692428018,492.703335471508,7590.87955539359
728.807893809685,5119.45172182813,6664.97074001507,-2604.47810864487
-4931.41339059089,-1200.83108626146,-5653.74902734052,4599.93719436903
195.58139071979,-3742.23525210979,-1759.17381960089,-7916.82717142138
646.197678482424,-4190.35270189719,-3568.9398498227,-5579.39828787275
-5299.6063303892,1863.93273652184,540.173706054688,-5919.76592313586
-3373.70271601578,-2802.22198493664,4963.47832808022,-3759.0811411159
