complex_small_real,complex_small_imag,complex_large_real,complex_large_imag
-3343.15115912746,2393.07725575206,-6787.09332270923,-4182.8157390223
3378.72457722078,-2305.01927639092,6209.75578220505,5184.31322621164
-3370.3264360068,1151.9211537793,-1061.09494671243,-6857.20729314837
-2435.20769607956,3307.55075466403,7876.05950338328,550.983703655579
614.305743039309,3510.11028109322,-6934.26417163296,4468.02587129686
1427.64211746096,-3495.521024647,-1272.43342740485,-7486.28190113342
3291.59189902027,1361.03296422306,-5046.93988167049,-7137.74253808928
-1718.61693905912,-1566.04756346169,5649.86109530988,5446.20371048525
-1334.40350808368,1826.07551205704,3456.33705849553,-6930.27558953362
-1985.67712004154,-3023.13179059993,-6804.83346835115,5462.75653533458
3347.91894539256,4529.79985180637,1763.09925222743,-4925.82889054372
-2214.66720284102,-1566.56470577209,4482.80120251378,-6485.77829136769
-1349.45343101188,2767.84369498328,-7714.59421104991,-2839.02992670555
-2905.9580060815,2254.64917738408,-7424.35104578077,-1961.24763269319
2150.86153065205,3768.54591736772,-6768.15351633555,5149.4417482248
1718.8553692576,-2220.73711942277,-7008.23837957286,4895.11997201207
2314.34371570447,2084.51942422281,-5171.73845622985,6038.56713703496
-3412.49973468646,480.672687020923,-2354.76864604862,-7295.08489352641
3068.69674095433,-1156.98291696898,-4383.44584042386,-7072.34677799652
3765.17724203628,-1382.51189499966,6555.55854272513,4592.72979741218
-2902.56660299863,-784.784607268503,6413.20043683541,-5726.02024880404
-3277.91346973865,1919.51682111974,5945.73564105722,5446.54977808331
-5595.18939998505,-4475.7100559785,-922.880696489685,3683.31106099715
-270.838726325349,3510.68396714154,3673.98355613243,-7978.35253061529
-2135.71263389964,1153.78417932521,-7393.26340596746,-1380.63938764511
-2315.12676607828,657.312171936035,7146.23068447533,1571.74146587022
-1536.26739150692,-2888.47330792678,-5381.63568348189,6540.95869580299
-3190.62836978233,2284.32518232218,-7666.77995425529,-2563.70599416055
197.431762695312,2417.67799145299,-109.126452536077,-7657.52616302923
2276.64957198462,65.8790979117991,5281.32082523344,-6012.61174613116
-1248.53602318113,-2422.22989181064,-4155.38426983887,-6934.72365283998
-1843.87805533561,1485.72362871495,4638.39101745677,-6695.4444474191
7018.9897212969,-1245.72906759511,-2987.19136853176,672.31171324499
-2657.74920687915,-1223.40328467153,-5797.21088986058,6146.84991803544
-1281,3050,6906.80972296473,3270.48413511658
2584.34147117611,-2096.96626343686,4853.1832555396,6481.95671658986
-2408.81295850063,2801.25881347656,-6677.77545925487,-5262.98288913951
-3898.01075878902,-66.9570303780692,-3096.64601849197,-7163.59956631322
1735.32157268856,-2002.29716230016,6333.12957344625,-4921.65069257691
-517.885817294044,-3225.57176826513,-3447.67550570024,7324.06293512229
-1809.61456012915,-3563.32795258322,2270.03100138178,-8304.51504300909
-1804.0231854558,-2499.7291724281,-5098.23922381105,6735.74725257378
1619.78011919595,2380.52007217823,-4189.34251623349,-6862.12847458478
-1956.07380818354,1674.78149278504,-3569.25549759959,7009.65230126329
2805.60931749304,-872.183715613269,-6407.33104304973,-3804.31739450904
2799.49279603136,-936.574191176471,7357.75402620758,2948.86164642727
-3253.30058908335,1549.66076894948,7197.27381852597,3831.33186308388
-3311.9768307043,2929.02374690787,-6505.07620222051,-5856.26016315182
1223.90516058306,-2360.31275403676,-5789.70907830601,-6577.76249249881
3292.39292166677,-2464.06689944333,6615.53532038878,4391.97497193585
-4008.29431518758,347.319627582527,6479.49691264593,5053.13963762922
264.909762878795,-3095.55120479101,3726.57804870389,-6978.9829556771
-2558.7675670277,-382.815533717662,7643.15259016067,1086.00019185909
2329.96723740255,595.897700293365,6481.83292507621,-5367.62397170304
164.862350463867,2910.49150827458,-3309.81603047459,-7010.82290666674
2088.6403036391,2168.77690520296,3259.57799449843,6965.68697374763
1873.76898694887,1061.48905620842,-6804.25485526941,-3017.97401544827
2681.93372354721,-1756.97331787663,-6666.07213655615,-5653.06583325381
-116.342880249023,-3448.07194652552,4460.03829638366,-6439.86639570485
-721.965648067602,2449.08522884394,-3144.06970392669,7106.62062562114
-147.87345780651,-3530.5458289893,-6609.5556864067,5058.20727993978
3398.88223032616,535.822692852756,6632.2002046993,4238.27424942796
-2616.44459963763,975.791765959367,-1468.49355433273,7484.55029193522
2573.50626722518,2641.78133885809,6282.33319300605,-6075.44622423439
-2646.29255438168,-1032.06112225124,-6685.00377440864,-6194.71130404535
-601.718454309684,-2411.47252829087,-326.470282004386,-7270.08874137321
-1581.04311084747,2387.50815271146,3410.75802416872,6714.599873344
-2374.45685939525,-1567.71080538284,-5336.48001997959,6404.2384020676
-164.187873959417,-3156.96989737953,-1775.91305708138,7767.05444712042
2835.03072154219,878.136012185833,-7576.72220874376,-52.4574500158374
910.616411976672,-3048.68158506964,6900.52358772136,3342.17378662608
2020,1724,6244.25389420643,5016.10865046121
-2178.22872364598,-3307.18794749687,6416.14956482431,-6119.61280331066
-3394.07207553498,537.016683691172,6803.72971561118,4640.14903504725
3818.9666538862,-74.4934692382812,389.209164946934,7569.87431862129
-1836.2088077806,1996.9541175998,-6465.5204090197,4789.06541811827
2046.65287892324,-734.377002622106,-6010.30271389604,5503.47759841177
-2867.60529745593,2347.96386469076,-6853.67716440227,-5702.49296790903
655.509197770697,3429.73749593597,-6574.858028756,5860.1029532135
2423.46230845796,-3340.87526977659,7097.38935286829,-1642.51285123424
4347.63274270793,-2477.49939482983,-3871.66681525382,-1880.74579295125
2291.2412553267,2516.5344413418,-7245.04645212761,3585.2352945348
252.62599544861,2624.93681726445,4955.36076889107,6974.47692822005
2957.30217492967,-5234.20571676447,-2772.82552696103,-1705.51318125846
-2751.23907253974,-1109.61779464668,-3175.56621841298,7552.18519217233
-1121.01721295957,-3031.96107811407,-4044.88028602846,6194.58104667223
-555.973434298379,-2987.17463697736,4282.73347919878,-6145.96402301
2236.42682621728,682.068850034383,-4969.80300675183,6310.14076340751
3467.77688809115,-1352.45767599787,-7088.63597140652,-3518.88472491838
1453.61408279663,-3157.96140103247,1190.40698658599,7019.18406897947
1722.21041509207,-3387.40679621925,-7388.282530501,728.847233940573
-2558.65934870793,562.340394827036,-7550.43469792078,-1320.44933661549
453.890656320151,3244.14521034914,2744.61826293429,-7754.00024507245
2480.80988539919,-665.992805480957,-7031.83490391936,3926.92353721347
27.6287085602178,4227.7135895548,-6920.19984808449,4993.8522908272
1522.9628739795,-3076.96987919122,4585.14242890684,7184.26985500337
-351.636127001411,3090.74723980341,7639.59273882298,3500.83161218928
-113.736192208302,2704.25476256086,31.2527533755286,7149.10831106259
2291.25366945925,1712.87015360043,6732.3507273425,-2316.35973031741
-2251.30576350795,-1778.30726043875,-5373.95270622717,6262.27108153952
1671.18856405447,2582.1179792007,-5552.01881553175,-6878.11093362024
-4100.27476214811,1058.59395802515,-6456.80527169306,-4402.5891007993
-2479.63820028819,1390.41343688965,-7715.16659932118,-982.379672935718
-1066.94678628205,2633.45026145218,-5417.97290683257,-6969.01289952067
-31.8068569000284,-2774.28351488693,-5787.55804803555,-6643.53183737803
3266,-1388,-8343.84782177547,221.463079955447
-1197.763472182,-3138.87543509737,-3015.56461426041,7390.30238451368
-345.00427976823,2633.37161117083,2244.97924355865,-7916.69243061767
-2563.79732725347,-35.2056818226626,6604.5249627974,3992.71229537063
2544.46087163938,170.682983398438,-6536.20821492135,-5318.47543088525
2090.84402829791,2246.68134032134,-3944.95607162286,-6751.69385798264
-344.835991370651,-2383.99497038074,-6211.18622169223,-4648.60820363743
-1571.98667832305,2196.33364355002,3681.01038887976,-6950.82695057952
2537.99454709971,-836.997459272423,-5931.07372615139,6458.33055261539
4946.91764468103,4260.60583436603,-1726.05611750177,3494.15132567615
5864.53985947738,-3365.20675929443,2411.80569239432,3323.89471807346
2192.53969406236,-634.92348381755,-6826.28422147508,4267.65258489408
-1913.8292329633,1644.03313201769,6903.93075918468,-2175.76632674617
-1782.1494940777,2363.90146993921,7203.32618049889,-3260.0692024698
-2141.87525631224,-3313.78948752296,-6043.90180670387,6313.28556258295
3524.36308872527,-2034.58048768175,-3723.12590899647,-7622.45216350933
-2103.37370970023,-2063.20081376209,-7361.02161793399,-1815.74582654428
-2157.9453010246,2674.91501807677,5150.47192468048,6678.59476461049
2061.81776840515,3036.13563482481,-1011.65770102948,-7965.28482153032
2310.36628582408,-6329.16114232256,-4127.59634843805,1504.17682110254
2471.02497738734,2637.60438027775,5955.35242261305,-6404.19886876268
1445.17610710022,-2437.38435704093,-5650.15042143884,-4993.63641946646
1749.38040896101,2440.04094118835,6758.24537588408,-4504.48542504254
2831.89034520905,-1155.63460181327,7778.04928782725,1571.31847280168
-3435.47802945832,245.00002167949,-1076.5753561703,-7204.18174574744
869.059944152832,2671.63033190291,-680.275486437802,-7063.19823067189
2192.75858191762,2233.38917699537,6969.57294779913,-1012.1512190194
-2889.98273697104,-2057.16840677803,5176.03821115915,-6667.87262076672
1401.0024751491,3573.78152607762,-7157.78447731427,4561.88446844727
2617.22908648682,-840.26511663123,-6445.5431583698,5630.85730861415
-1890.86905255021,2385.93988457602,7159.63892528134,-2429.23105322544
-3680.29524883307,465.182250630387,1386.44502896754,6822.99933626987
-1116.25597098961,1949.65497305506,-2937.88135219154,7408.12167530489
-2624.76564141425,-2301.59078873666,-6501.08802567752,5786.28067153447
-3043.62885634695,2326.94972369563,-6135.76621414023,-4231.70597872409
-2344.65502314512,930.494826775305,5285.13932443648,-6525.03397363095
-7163.27983092053,1652.99042823608,2352.77798994197,-1562.50154732185
3633.16627206048,583.627419794317,4799.54682968866,6862.85311180548
3354.80389571376,1232.63006743694,-2180.73012837379,7450.98825134124
1896.26452145718,2744.77345674763,-5737.23401013633,5686.0587029723
-2673.26939877836,-4864.238556286,4675.38278134793,-4845.93567744795
-1291.74335479736,2905.5187509597,-6510.73549304094,-4573.31743434673
-2938.2838554001,-2113.71477260675,1163.99034137474,6836.74238549909
77.1702868755047,3457.85302439815,7327.51973839163,-2656.81070077258
-2008.56725333739,1470.71928615196,-1169.79285565016,7574.2519313198
-1984.45377956943,5782.42707899058,-617.541200805009,-3767.84017293878
2391.07499943533,601.155515620139,-7209.80486474745,3022.72067898224
-1835.21800132334,-593.992425618181,7104.53354780939,-719.187783396425
2276.43392384563,489.963163256003,-3082.62480581181,7134.45037641672
2559.11508912675,-2802.20024070418,-7710.35579535405,141.039273505578
2332.97584780223,-1208.37485395913,7660.5423328957,1084.40594807371
-2033.48991361898,-2963.03438816251,-1362.59907832783,8129.66102099926
-3722.38846987898,1443.76856860908,6639.53630026892,5160.02095244565
-1143.69086061848,2775.27425730714,4330.0226680525,-6282.28523287791
3320.04849486297,-5958.96242665356,3363.1323132918,2829.69596113233
-2856.01321336214,-2764.24143534287,-6914.94386709425,6267.67649525973
-1618.21171032438,-2413.31585640148,-926.362746378523,-7194.82074847551
1857.61954871375,932.066227491054,7238.26812536701,-672.160319704684
2718.84701763872,1699.249031313,5928.32152545875,-6531.05591664076
-2810.96780584609,-2205.6125070665,-7083.59953929859,4522.07686263721
1330.46690628466,2354.08046749444,-1178.8447763443,-6981.52267514549
-3387.62622801313,-2191.83781436796,-1272.03090899107,7675.23245789552
2468.2635083315,2164.57264376154,-6233.58570175058,6647.09997289551
296.246742248535,2292.59776376466,519.465454101562,7227.59581380046
1161.83248055699,1842.008537709,7398.01470632014,4245.13554616416
3195.35829381573,-4508.69455347822,4190.10079035297,-1395.21621264397
141.951202210275,2684.35723797199,3476.33928149988,-6440.53340893946
-2695.19089008806,-382.680177068007,-7329.88182756977,-3213.9515371094
2222.38271803664,3965.57123512247,-4318.61652335605,6905.90645649725
2992.06246867224,134.706660112653,6841.27227555246,3835.95569171623
2613.46406911838,-2569.96369012623,7304.13647595472,1414.49450961362
-275.336987109659,2944.98283709997,-3058.42282282213,-7235.02312939168
-240.511407396022,3096.22703472124,2922.88746531145,-7624.69913919555
2521.34517187073,-142.529914855957,7583.33842736056,2162.03264754167
-1852.49970965243,-356.106233016304,6848.14738320595,2503.60771434991
719.998521942875,-1875.57228540408,2755.01301113378,-7001.55968281246
5663.92725301708,-1518.56837201438,-1291.51481467157,4439.72655863425
-2336.42372272627,1228.81358862705,-7694.9907215324,-110.663367595296
-1273.86437395505,-2385.78880617184,3917.49675995365,7121.60490000026
6351.42085375505,2531.09794100558,2951.70467266209,-3203.46386461826
1961.77888904918,-1730.30766176419,-1287.15447530576,7399.3136011422
915.46875,2345.50316071429,-336.146016630987,7358.55010791199
1219.87825160423,-2049.21725370545,-4793.80684872282,6262.49646055794
-3002,2050,6048.32212791912,5357.73575408363
-2103.52226242869,-2873.23162752378,-6438.16794471459,5676.80868171578
3904.59799101174,-625.379051292049,4129.37035610019,6941.06564556833
2913.68626359945,1572.57505236174,6908.09658072209,-5214.97891263633
-216.21779856328,3299.78094367662,1845.08689453829,6922.1607950605
3228.64996145492,-2075.49647569521,6496.2607150443,4308.49219556886
-486.000133321235,2791.33509205708,-6237.544774019,-6148.84944055467
861.60364173163,-2472.39118830307,-6529.86875693667,5095.46793493365
-2593.34676546197,1238.31903351367,7249.68843174602,2146.60955943762
2806.27523954675,1806.93568128664,-2382.66704299483,7233.08741545974
2233.02953599453,-2683.16437914069,6978.40789454155,4404.63274442137
1015.31518736882,-3070.54580955323,-8088.71372002756,-1086.28862473349
1006.67607931251,2422.93911509754,892.387437408645,-7574.61546317042
-4011.16021907401,1742.18001509486,6908.5088412435,4827.93953816774
2306.83882490366,3157.30480182339,4641.19869094836,-6704.04141926932
-3572.55887385456,1629.89593419741,-6887.87217139177,-4816.96839171527
1500.95026684808,-3620.01896925668,-6821.1999220108,4763.78613878809
1081.88948934837,2020.36441489217,-6496.68125979,-3005.06218363761
-2816.70006397714,1323.99908435281,-6299.91085699649,-4119.52843890597
-1399.10356241344,3158.98837444594,7913.27383015017,-268.820336454779
2705.31250910915,-3098.51317577373,-8087.26962371867,-900.656119881176
-2585.49036123055,492.487632751465,7701.74009436399,2195.25662651399
-2044.22225994991,-2973.5703612252,3997.8728704395,-6642.57994034408
2601.56603768889,-2225.2381894327,-7616.68369633465,-180.80305333565
-1424.0837884728,2538.80995080346,2877.97737998913,-7231.75350204396
-84,-3819,7644.69938301147,1678.33775020544
-1218.50251611111,2629.62795933791,-6804.49842034328,-5028.42267564611
3126.80376536463,-1427.60723036092,-5935.49959851227,-4482.97637955014
-2868,-147,6154.13959628536,3968.29339027901
2061.06994144808,-2571.08101755571,4815.45302550057,7097.5614627736
2625.02308979125,-3448.29204388392,7593.96409455347,1734.45850290929
7047.49549592267,-7099.79255644605,NaN,NaN
-1471.48358071581,-2726.78593457686,1174.57311805442,-7734.43234094648
-2601.68445713173,2882.27175295874,-6470.45597620434,-5400.60960837986
3876.73843176607,413.873970715568,-262.216415819303,-7601.44380528458
-256.057170697071,-2854.42548654468,-680.953644140134,7709.80475496219
3144.64108096444,-1938.86158815258,7905.76639921358,-231.18505859375
1845.98657802659,3284.55437661589,3178.98733350678,-7270.97953281632
568.86415176446,-3893.44963919157,7324.84149562646,-3515.33427748409
192.592597374549,2611.25320915833,1654.85362702679,-8280.50938248115
3198.57256088013,-910.021926055708,-5959.66552525133,-5202.42069385657
-174.992480089217,2744.82890294722,-3992.98546814377,6306.49373320046
2962.83068255012,-319.521599264706,-6673.65474811043,-3629.93694898034
706.366685614528,-3529.79158532286,6527.44174546391,-4821.16888445524
3283.13981463554,-2053.74274658036,7501.51436451606,4106.23169963708
-2717.97672399732,-4375.43885965119,-1301.59312499035,3974.42430008838
116.039520180601,-2524.10867746171,1160.19603280142,7108.47443738398
-2067.51009099521,2117.37465688352,-4720.33724661818,6439.24618768305
-3186.04696326937,-436.274612426758,6855.5735708856,-4566.84847229457
-1548.6651127893,2909.31307553518,-3821.21203595868,-6878.68302556996
3254.62892457739,-1376.7049065535,7321.50121100927,4715.5497457316
2751.09917967208,2719.61441827603,-6799.97159101507,3695.69987839728
-2182.63240495901,-253.998941509222,-6593.38841045135,-3875.0052206865
-2882.96465301682,-192.639512751653,-6697.78713865871,5144.57008067341
4755.77691050979,-4263.02720511363,-4395.29982396308,-2200.12420187153
78.8030612662032,3834.51838421338,4614.90097445045,-6988.54726832819
2478.27047316028,2230.97224430463,-7035.25866607361,820.980366191408
-1247.41987558406,-3292.77627934128,7254.22123884644,-3928.87736199747
-443.367752285513,-4171.76162176148,3657.03257531903,-7815.26335487484
2978.12841701733,-372.709853916952,7597.36505969809,1204.88144522768
2440.40526057349,2188.63325989942,5302.16791919483,-6950.80108293756
-1901.87581921499,-3063.52278203371,6368.23776739842,-6068.66162565842
957.722691521815,-1652.14094342169,1157.65664773164,-7333.17603303265
3374.78504704369,-419.222339320657,-6550.81006318123,-3887.66735980064
-3521.32703993915,1885.13508542242,-6842.17655150051,-4262.84865815422
-3461,2753,6542.85689579182,5536.12514441037
1694.90222334253,-2765.18319952006,7310.86096002539,3375.0200856852
2856.65193418621,1483.21348747186,6484.5150019118,3924.86164440748
2553.73071877693,7378.40686359703,NaN,NaN
-3425.83796521999,603.672136527635,2708.24405414396,-7822.42806130008
-3625.36938930728,1283.68872100386,6340.34676662142,5302.46530160312
-2746.84835584263,-2457.14084507042,-1852.44841954047,7569.25111741239
2833.82048495794,512.418028206661,-6544.5966361025,-3546.80409867274
-2880.48013649932,359.56014251709,6112.59192269123,5149.25668564444
2702.97430162811,726.625650193956,-4470.41360278811,6200.30372474142
1858.43425894551,-3271.30326934656,6003.09259180381,6641.49175416999
2684,-2129,-6686.01812855206,-5894.32232366801
926.38482877524,2528.36990740842,-3011.59151131766,-6972.59482671785
2736.24648263671,-1535.07717007646,7850.79523107328,1972.50229688406
3184.10303698166,-759.599361964634,-94.3404947916667,-7440.56180010504
3085.86460189143,-341.355302132701,6834.97324364443,4231.02463584645
-6857.52710716833,925.503968137438,3424.25753766272,185.39045715332
-3137.03790584975,-1765.22795635575,6704.56395378345,-5492.63761605999
-2493.84194533865,-2131.06593132019,3.43427586474104,7497.49133187485
2440.81614396826,2595.3637642557,-7098.26457791223,2018.71276059874
-1273.49378793614,4026.57490546086,7543.03676854776,-1136.36570261995
-2649.08457911981,2435.80607338985,6238.17986900798,5795.56389683863
3421.79942984718,-1344.18332215929,-6356.33351866354,-4181.73863153456
-672.91884126692,-3150.07819447139,-7219.30207570227,3936.71833908901
-2182.56808859029,2369.35899013671,6033.76161470524,6499.98008766158
-2303.7003260836,-243.764301003557,-7600.62104360599,-1290.34735565145
2908.42840248899,1310.83630871997,6124.82721842918,5973.70530731364
1714.83584259552,3549.18549254666,-5395.47171430475,6542.84453640505
2957.38561683886,-661.881598126448,6036.7346677738,4846.07724233861
295.230853920087,2422.58715729197,-3072.1114765644,-6859.50607699084
353.612161057742,3122.77756436989,7407.08635970602,-481.673104480828
-1747.90767059701,2259.96152933995,-7633.90225609974,-1004.89253510666
2637.16165184046,1856.09573049781,6234.45000882928,4482.34828348113
-2906.05648879036,-3132.55759256828,-3704.6627867585,7354.77062913764
-1942.42264886252,-1293.98908070753,-7544.61248617529,-3021.68592707738
2796.69693201318,-4692.80265189877,3854.69393298357,933.96621546412
-595.771962616822,-2382.5681772632,5827.71141257335,6538.55649084206
-2592.50348544522,2807.58025359676,6445.94272873587,5772.02587874841
-3607.02104572753,121.309687010978,-679.001434031962,-7241.40892720198
2896.34443307112,1418.16284379676,6733.00756639367,3801.27844049288
1950.66477152403,3584.22798731606,-4670.26061419925,6577.15731336473
2584.97955682517,-2186.04853880304,-7285.6195255272,-2547.02144143942
-3353.16022223395,1337.45718448997,-7157.78218093847,-2962.6904706106
-842.471140527174,2849.88827824095,-6174.39648331593,-5686.84046984887
-1894.79802999525,-3571.88061001637,5254.83861765878,-6364.17136946037
3168.18105848152,-2428.46329754256,-6705.049748874,-5455.69041796057
-4.76872027958042,-3251.65024698056,7465.17288248892,1932.73594261311
1557.75724545919,2041.58500313931,-5991.57771072677,-5522.47673549028
-2629.40807358368,2677.91657038551,5321.4659520715,6153.46380183559
112.121633473983,-2434.54130043721,-5847.31185351153,-5504.62195686489
3067.20479998038,-890.671950997201,-6125.9461428248,-5350.92023192451
2706.29621113797,-2343.95702083599,5673.06083736432,5620.36963169615
2400.63871094848,1491.54056298472,-4094.21556973239,6474.39719724435
1776.36944139551,-2516.56712300177,-2449.16292426963,-7123.52346253939
-395.55806984694,4358.92569380413,7084.34890398141,-6087.95492523121
2984.11451116972,693.361537905764,-6675.10952056248,-4310.69173423562
3693.67954991721,-5750.00919419815,-4957.12887446649,1441.81988956623
1016.95830057723,-5102.96671093693,1109.59475507643,5634.43647050036
-2139.84974739583,-2113.14351279223,-6794.89379779105,2793.16127232143
2005.37236920055,2824.41851691685,-4590.16934493234,6545.68364543148
-1654.65686493523,-2105.67462043927,7482.95309509541,1053.8350545008
-30.9445161691161,3777.13644457514,7432.81217601708,2159.18546129071
-3157.90175621944,-19.972445063566,6760.07731621178,4745.46774799799
-1129.06404344874,-2941.51671469281,-4913.17008834785,6338.08486192431
615.699198076802,2082.36562778789,5993.22235429306,4433.54907472571
-2940.61661590342,2340.0123184128,-5971.45135619622,-5466.23688487931
-2307.62139739765,2377.39145059618,-7597.20950223982,-1914.69843339715
68.3037633576462,-4192.58294531658,6088.26412421557,-6999.76459973102
3598.22622846204,-486.882260055409,-5131.2125395373,-6938.43560170649
1705.75696280804,-2295.39954511482,5113.68028526761,-6572.96408776102
3155.47714334676,-668.502042001949,6696.44771005517,6281.77579803638
-952.548163845114,-1967.19438252131,-7051.39623958066,-3182.34942905211
-2574.63760485989,-3209.87616471471,5968.9979564691,-6129.72959246855
3188.73624770586,1496.1734339218,6931.49824895141,-3959.98631419622
-2502.7753706712,-93.0012896907093,4630.14504440073,-6762.09836387291
3496.59584592966,-976.000753877855,-6514.99719124615,-4123.85620071506
5924.02332288534,-1899.23084337187,-4077.24740027728,975.181216815202
-131.516987645349,-2999.71295737402,-1035.57219683498,7593.87950207331
2819.19369336664,69.9971249938387,7625.09418186459,4052.23017237082
838.343420476272,-2547.31243543435,-5429.12652167767,-6288.19316046072
-2036.38343917807,2208.87185476608,-7449.37244882302,-1050.08605912726
2421.83341227248,-322.61405456543,6561.63992060239,-4707.29049758411
-580.96826171875,-1990.46805297343,7077.5283627252,3136.40439880531
6201.7983696203,-2760.2926334928,-3512.00866640674,1813.21450020358
-2440.28591880872,2130.99824803042,-3533.56375382498,-7151.0233203036
-3685.94758287246,-168.205187526522,576.289716766719,-7880.99672505524
-635.520202636719,-2273.35581331939,-167.978970079815,-7750.77406236198
2185.90112964527,-2552.47897461561,-6283.95746342067,-5887.14677787345
-2195.53181770599,2742.53785458276,-3556.70524775936,-7174.32092115461
3728.03557354441,-1989.72922736086,6557.91893341721,5485.87511634897
-5205.53036049816,-5386.86258480078,-1720.91326618762,-3897.94505401831
2047.54836279133,-3022.68343056329,-6979.81901428896,-3774.00072226091
-2910.12464258969,6970.16042574662,4798.53426115045,-3383.37349291432
2060.31593213202,-6093.04465525744,-136.931007407588,3786.48265639357
-1882.02366504854,-1876.53631320225,-3001.115108658,-7007.7148166339
-2619.90692169893,-1364.13750110239,6436.25033975191,5459.08023203667
-1073.40556301065,-3660.03421770166,6264.88640293035,-5783.82405037536
2395.97295497841,-148.512879183562,6985.97385788062,-685.781117771509
-557.197820780696,-2040.43899558386,6093.42675986122,5042.73968922983
1236.52119840685,2164.48191852128,-6273.99712664635,-5899.28812871416
2510.90646156098,2804.52190040358,-2456.16988096717,8173.33532845265
-2660.35741346098,-3523.52024333791,5461.62950190238,-6630.63012676597
-3121.14352846722,1003.83399511084,6885.01576347631,6719.28125842693
-2912.31140659433,2426.30160461521,7660.31317010101,2828.65428173774
1144.5796932478,-2684.51796800148,-5175.41467509379,6214.26430351582
1531.09171454796,-2669.81690150538,-6117.99652411142,-6309.49903546912
2866.98520672465,432.07677683886,7482.57870677862,598.544093990665
858.241470498492,3845.27690242949,-4736.95261487987,6467.0949277585
1490.98398467627,3272.6441316646,-6675.36209237047,6461.36279926476
3347.03476849867,-864.121757344575,-6610.52336900399,-4849.04103906646
431.899633018069,2339.53014584998,6475.29537986202,3773.20430082793
1757.37631959436,2125.64499438979,-6977.86125057619,2077.47398001249
1525.69727526298,2569.52394091555,-1942.54947114162,-6903.844759907
1190.72900338002,3620.24460607146,-4311.41439070623,6399.49501396834
1192.84706993905,-2727.053526264,5387.56053219759,6648.45732930899
3.91448211669922,2708.90094033022,-4825.28531861284,-6561.52660727227
-3552.42744991136,-1655.61911458824,-1386.64881314668,-6914.22042341147
1843.26944431539,2122.31055601029,-7633.9950600357,676.04426835386
775.460850810194,3701.36993755142,-3910.5719724884,7035.04962443116
-2655.0917591088,-432.041911880732,5422.87304860074,-6418.17668176427
-1185.23041312562,-3238.00273887532,4392.74669187043,-6835.85747718181
-3323.61451140029,-2012.30874401037,4029.64104382497,-7538.86557916283
-1796.43369837101,-2296.00429184549,-985.183918398123,-7312.68262532115
1470.49741071429,-1349.73624838848,-5271.86598087766,6105.08143463221
-909.624533801585,-2583.67306943021,3522.54684423465,-7020.68511117847
3210.52464907524,-236.951199513561,7222.62253427441,-704.079979034993
3355,3284,4813.90808785833,-6223.94608584976
-1507.30200346568,-2713.84564145143,-4776.57021476113,-6774.0137980769
545.513082434684,2929.69328305397,-4183.22175241179,6401.54462532398
5406.80411497345,3320.83181645637,-1352.0429156454,-4779.2244122902
3292.10707791337,770.895640198011,-6380.61602595536,-4983.43649570751
2921.46170718615,-2234.11651881635,-7234.79999358909,2365.20732072542
-1143.55049615786,2319.16803102956,4055.13533884686,-6575.95866277916
1504.890625,2416.49282772625,-2434.50107413034,7645.42511014636
3095.35861366568,-4653.45225231957,3797.83658681636,-1173.08351158572
-823.246683262948,-7160.61061920331,-2045.69090868574,-2566.89695005047
2668.56446686558,-1919.56830159012,6719.37929506474,3410.69777944626
2325.44693451238,-2594.64026527058,-5941.09467060182,-5478.070841902
3212.63913396255,-3356.69977316643,-5932.51073802804,-6211.94802930824
-2860.19781158828,-1002.42024676164,-6510.57058257089,6293.05720674497
1068.34412303538,2159.01911561093,-6910.79032978106,-4195.24087135016
-2665.63212982967,1694.54721228351,7205.26217263933,2251.85606068321
1686.64234428842,-2204.16530070466,5045.78712834453,-6178.69446049845
-3590.81841039637,1812.99783096161,-6450.35375131211,-4155.21895118971
-2082.94011879627,2757.39682245696,7327.5640183226,-3154.66575351287
1430.83767943212,2139.41449516243,6215.31496470669,5450.99981479924
-2065.43974257465,-440.992878144863,6229.23143385164,4864.15525951522
-1226.66998886636,2507.94149897625,-6635.89942466487,4716.05747785358
-533.405701852864,1859.60940227665,-1491.02426966798,7581.08820552049
404.746774866462,-3162.26839625073,5435.53118686289,6663.66336657147
2885.38935654512,1278.14148205344,-6358.11742393835,5547.08205896209
3394.64440828844,-2104.68979760547,-6978.25744538945,-4666.57263104398
230.247359135112,3701.98565198416,4378.98986770018,-6308.48603706858
1993.18443956475,-2547.69396768805,-6868.07102721177,-3691.24441685657
-1776.81857438915,1971.93059632665,-5381.51989428362,6325.32356723816
-3098.13132254517,736.230159759218,7380.19571662791,4410.64489413942
-2835.42133369909,730.140137271939,-8161.33863871754,-476.006097560976
2670,-1158,-6835.35225891253,1508.2531255927
-3197.15647314569,1193.8538480507,-5856.9087476848,-4135.89941841478
2728.09642022719,-1117.14294095744,6774.94365844848,3553.67684634556
682.788826203078,-3059.37203053219,-7137.44690217653,4289.16302081937
2019.67841436228,2420.40168496162,5936.33662193408,-5553.40135254445
2707.20491475428,-1966.46001570162,6865.72658077608,6408.08906965291
1711.1769062117,2773.80568938586,1851.61702542945,-7691.11790600403
-2831.43729001618,-3320.58639998653,-6171.93518820269,6372.29955329752
-2316.3330727357,2050.7382960776,2193.90751708984,7273.61796371193
931.634335981998,3294.48530304498,-7552.98385727457,886.308338165283
2589.64086759191,725.911999821548,-4603.42239786425,6608.11060429358
3290.7501142667,-1769.07862110464,6994.08148099902,3291.26329980913
1816.21797918504,2274.03012182638,4036.65596743081,-6749.51046840915
3426.937278863,418.174146393967,6306.83619473607,6021.86278166692
1940.28511809889,2083.13835073882,729.805437654171,6882.21297243907
944.637976501702,3779.13332714485,-3478.28728338923,6937.40246615467
2369.7803163913,2627.95191969401,943.933227341571,7023.48502707254
2705.91161682031,1198.20573504934,-6635.21976285777,5656.38015057114
-3701.39084762445,-1118.56047628158,515.12065776415,-7909.16663724714
647.430641769366,3572.37665784246,-4136.00456873447,6911.33816760863
822.730087280273,2837.22448845914,-4121.8663896505,7025.43142221581
3502.55678344232,-877.892268541547,236.386414493038,7657.15008807915
-4826.4068609907,-4907.60737744708,-2972.18488494515,1253.65113737217
-4092.39231936558,5653.39810210457,3291.6824778977,2464.93498701005
4475.09857076123,-3521.59655847659,5341.9644655706,-352.956754317579
2122.71125144464,2723.56275377224,1549.62336965838,-7638.58240261689
-357.797402044282,2381.35598192635,-4267.04658114975,6505.2985666693
-2649.35994333039,1135.87354232065,-7581.7149722916,-792.413310648582
2997.99384269353,608.304083554553,6843.84124026351,-3020.24379209426
-2000.04733867305,-672.749504584094,-5963.38048526126,-4711.14590620714
-2280.09274353382,2313.85869703135,5370.36936314527,6002.15284854698
1721.03616696502,2066.35430661663,1385.45631091378,6848.53742791883
-844.125130817083,2394.10961371702,5187.25266442294,-6079.322965467
601.280312167994,2834.99748475925,-6103.8077604202,5748.85328842332
-445.790893554688,3176.21826326113,-7932.19020248082,-366.584386843424
2940.32499307584,1385.5969232939,-5948.61905915638,6338.79673450438
-2804.00736990925,-730.188610292831,6925.74641617216,-4093.40399284191
3671.32486782193,-552.358868502559,-7224.80066460104,878.852844238281
2924.08444962412,2104.19137447827,-6201.883516945,6209.72589942273
-2568.32984847696,1465.27858687325,6802.88900053866,4852.27083362708
3151.27813981709,-671.545775684475,-6792.95700390821,-4140.28109894265
2825.71309951206,-2796.36733378932,-6998.23154579021,-3593.18860006973
-2884.08047744145,823.348786145947,1053.04349392444,-7396.71588601587
2534.51707468221,864.800202224428,-4295.48986102187,6943.7838024278
-2945.82544740963,-792.898774679889,6837.47517083528,-2695.73190531748
510.181948680958,2471.8802735886,7417.72606628974,2996.49558849258
3120.71448727003,670.829191207886,-1141.80079365079,7703.89602424064
484.38333503748,3904.88621062499,2556.10125629842,-8404.12484611562
-1914.81718386223,3114.25712313989,7074.15933854851,-4520.55703928328
1490.98530730378,-2148.2434690351,-1894.00025501149,7671.38147909262
-300.602042751959,-3850.65830444148,4822.00969319405,-6432.53474926366
-2633.44855001825,376.211160468031,-6298.75705809549,6101.69808908825
-2908.22669153391,2306.63959218169,7876.95874667423,274.57387750416
3180.08186187473,691.436310016556,-6360.73962001844,-5694.84297308531
-3313.65452918858,1493.78515625,-1717.22940094483,-7801.70289155134
-3248.49275766762,-581.724598260202,7064.97839688576,-4135.27589921449
3376.08218560008,-136.703179697591,6047.04094256651,5003.79197329863
1998.08151463886,1951.13884556261,5830.67436428905,5821.06366136095
929.589463220676,-3110.26419083963,-7501.60376233089,-2320.57146902052
-632.864211124015,-2745.85573836877,-3572.0605578599,6596.17340177125
999.610039507021,2655.23820113347,-7036.23759662073,1081.38195978266
-2758.27724210522,1830.02985009864,-6385.11251812382,-4184.04863398116
2880.24294325268,1323.0117991948,3169.68474888625,-7194.06662058203
-2204.05128817594,1589.62792288967,3217.33333333333,6777.67687771805
460.283427517066,-3052.35055956686,2009.69698557273,6870.86435285737
938.887222290039,3299.31390420281,2997.07693700872,-7472.78104323535
3062.54847147783,-1654.30314183306,-7021.82945135121,-4253.67283478028
-3362.94093369664,2432.51905739256,-7262.3003132909,-3911.34844971805
1532.43479971421,-2970.86973039365,7663.02154987422,1787.10093314852
2942.56547579255,-107.337028021494,-7746.19900318083,-1164.66149453919
2203.76924641927,-2402.96763080337,-5347.44673565538,-6268.68516970991
-458.516674028269,3612.01319523193,7016.01448525527,-4371.55164985091
496.135506809348,-2464.34355381019,2775.2728471939,-7748.38503235767
-2044.78186502215,4168.75474418102,7328.54033821581,-2192.12145387729
78.7419865433714,-4101.43101915627,7128.73108992478,-3941.64971530974
-116.152017901021,-2389.40708347565,1911.40091404941,-7674.06968825066
1250.67346301574,3799.88281823742,6368.16886791089,-6460.09370482096
-2675.53674869229,-2813.62958857539,5902.49991607252,-6302.27780229611
-2306.0232759223,-2210.83524193065,3371.40521655594,7247.45937913313
2998.05389884799,-2344.92705171095,-7100.54122799446,-3888.46624180759
3648.23514338773,-1227.80304135981,5809.92284976716,6471.46321463705
-2112.03606882912,7379.90133963267,NaN,NaN
-3208.4508714781,2070.26479877599,6331.49723209209,5023.95009235415
26.299921703291,2964.54563897641,-1742.7467807977,-6902.63186998218
2519.68696553966,1299.81573691168,2862.553331185,6891.99508083303
2689.79311942925,-1940.89433947488,5355.86437385898,6313.98868663465
623.067492792162,2276.01989903847,-69.7600902828406,7487.18294094211
1753.22248324922,-2484.86380951187,6058.28847837076,5468.35934864329
-1393.64552062589,2874.51736115331,-7831.58853185973,-690.664682139253
-3059.46410203111,2576.80147013781,-6254.67423902551,-5757.38512855341
1553.48743953482,2943.68156653702,780.527133269875,-7892.02777772085
1753.45548026845,2265.45651231979,-6684.94024233183,-3940.44994994385
-2184.20151459642,-1429.72738486842,8026.64433827862,1650.60853046973
-1612.61530852835,3102.29385423034,6617.0876940949,-6529.54313100739
3281.88054929134,-647.286396144713,-5464.31223347554,-6690.2592614888
1605.3969853963,2142.47665865065,-7629.85952683306,-998.583061402942
400.837333679199,2466.33659412842,-4419.95678543051,-6796.67346961305
4407.01319523018,2248.54459585476,5079.14364246966,-3264.64826705801
2725.507908651,-1678.70953767294,-6609.92356851584,-3917.25115301519
2717.78944956602,1721.6927052965,-7191.87687747277,2592.5721810223
-2599.33163678996,-3101.84970126045,-2100.69668673306,7536.6148661528
-508.692155379823,2644.0832490113,-176.346319164491,-7648.55866457377
-1956.79216794643,2707.19913448908,-4834.97438220726,-6911.72853174996
-5897.91855600551,901.672828839513,3836.73483802565,-890.215140322285
-2963.59858079993,-2316.76581367219,5312.79970337403,-6730.77762655437
3630.46508401676,-238.743304113079,7706.49312833921,4107.25316567266
3058.19081448358,-1002.21495056152,-3175.75295357059,-7136.18789219531
826.054761713201,2454.83193203264,-7293.19599364443,-3972.06150228274
-2320.03437865807,2326.84400199009,-7283.42554194445,1326.31940604132
285.21337890625,2891.41399506782,3694.60980760609,-7460.88147303779
-6670.7516094656,-436.414070343227,-355.030532073889,2619.13234749382
-2305.9202003844,-1305.52267710702,4698.81650579602,-7409.2156307834
-3786.43679591989,-5046.867270263,-3654.54364198549,2669.86796090445
-1846.10825485081,-2053.42235392099,3028.37189931856,6975.6719989469
1964.73584372517,-2495.93427695563,1857.12629792332,7302.91173195662
-1661.80533529504,2711.34270653685,7064.81023674373,-2123.27237685885
-1383.47750380049,-3698.03567126888,-7493.81824038329,3056.51238155363
826.652018011678,-2548.0549018275,-4071.56180030031,-6806.50395812755
-2016.67387977975,2811.05842125934,-6950.47286242055,-4451.95756768247
-3537.20749793038,-1352.18901422951,-121.880939100853,-7777.9187171882
-2380.29868673738,-1041.29396687697,6982.54409350574,4056.54401399747
-2565.66372903008,317.93808411215,-6825.42041864757,3434.14872365227
-2339.73080572767,91.9179784363729,4459.24793340605,-6854.71284175531
224.872741699219,2619.98124917371,2921.03323167632,-7660.78225640255
-4007.422849297,4465.09182192147,-2391.5068284451,-3811.09984548226
-2650.13929757394,4596.71540137397,-3052.70622438038,-1642.54293942279
-158.901603721734,-3430.21957014845,3917.64127700122,-6934.92042819153
-2459.60573813376,-1576.7260601443,6843.47855896993,-2434.45867838199
-1099.57358468529,-2439.18301535676,-674.55891149882,-7258.36591894157
-62.6453094482422,-3166.83238565037,6726.45032303598,-5186.96731764792
1039.69055991167,1883.08003421505,-6140.60946054083,-4279.6128425772
3011.76775568182,1289.60770741959,1487.69156399787,6838.84598916051
3092.53635268603,579.323166156637,-3297.95984446309,-6731.15378659246
-2392.10127256545,-854.048397428052,-3447.38761071529,-6799.03664005142
-2293.02168939742,-2048.70433480331,6538.49012740303,-4475.36592172456
2794.044401271,-1600.71931152652,-6197.56292300627,-4926.68474305267
-1717.4563220919,-418.887337184188,7500.61857477526,1346.8657502548
957.947998046875,-1928.66809785433,3234.92390576151,-6911.59905099857
2149.96536035863,-426.159900237925,-6629.92063314575,4174.18823770195
2276.67841514238,2339.20694499792,7072.76018186273,-3961.95242160429
3797.77867016302,788.608289596646,-3445.38318227561,-6974.74221155938
-1451.13271756413,1660.71632297646,-4106.19063502925,6586.80502909561
-1158.11831653785,-3358.67446919005,-6449.54409677443,5888.5224845137
-1635.87038352273,-1474.70148765435,7605.74022673971,1637.40778675717
-2861.34609771923,241.832984318131,-7077.90012989469,3165.09184759309
2565.27121110059,-1595.89491385571,6711.67653763563,-4363.17343216392
-2129.99689694594,3010.42692393308,-4584.71932229325,-6880.67631018605
2712.91078334999,3231.96990309426,-6954.09256761721,5552.2463121854
-368.754135131836,-3173.1625815747,4268.83592019218,-6848.98383089907
3733.77578164894,-2964.66075568646,-3813.44678876932,-1240.14956857523
-3193.11371847756,2323.63237711576,-6717.94448411649,-5330.80215632654
-630.984763264728,-3659.80808301966,7214.21674051485,-5864.3674905714
2880.16847829291,-827.072066821614,7876.23610977092,1383.1072982086
3599.60137375577,-1043.8467069259,5915.15312409813,6318.01687501607
-2269.92305363127,1316.24198860358,1861.89056606955,-7645.75360032192
-2098.54011248747,-1745.24689478438,-4978.83531506602,6540.91504917425
1399.33686061878,-3283.65961177413,7398.28547204302,2701.90683272431
-1155.74294433594,-2622.06180244777,898.088527164017,-7947.51987432614
-3077.80492675073,2527.73859061328,-7352.81098626158,-4110.98823631719
1194.8134765625,2843.47627136439,734.897290092562,-7932.02118190078
1497.64386577848,3170.15793489933,2634.60826425212,-7770.04537274761
-2929.74743190124,-490.117315905937,-6282.78609271546,6256.2563405293
-515.582153320312,-2221.04578967543,-742.3398626441,7744.4724537739
64.6103169768066,2437.11696248083,-6478.33627923688,-4001.05357813774
-2853.98345839514,814.336024557897,-7055.48055472265,-3657.46907389905
143.084524816346,3994.34434761365,4621.38305248436,-7370.42877085598
-863.626484388716,-2436.90109345514,2450.36325632563,-7502.39030082517
-2337.68040450562,-1123.32494910988,-5163.41888940453,6237.50087304066
-3033.63565870113,254.506750601031,-6714.25216642725,-3645.33667419261
1467.35903109993,2547.27891271334,1118.13799173955,-7749.39830903661
-256.969652699064,-3118.28802481931,-3220.83776507489,7123.23203736355
2079.24451761105,-1287.15040023824,-2855.04702264655,7118.07255872993
-879.997367631633,2426.53841975746,4156.10901053769,-6662.65535714072
-1428.2268384296,3128.76201204404,-7811.4303899923,-878.272450322918
-3126.51314955001,1186.33630061311,7594.5660561387,4025.34240833029
4398.93397492162,1598.45743697601,6036.47666542919,-3423.95972904244
-1557.42350580597,3382.28539187942,-7748.25153832801,-155.910021413918
1646.45000854269,2277.20469689848,4024.96486641785,-6597.56269723876
-552.537212521109,-3160.66127615665,4908.01819204799,-6610.15898150308
-575.144206539546,2826.5694854399,4541.86084529402,-6009.84850660649
3458.92036576236,1554.07019015601,1325.26230621338,7436.01825184398
-2283.28718336198,-3642.19399031195,5052.2111676223,-6214.07420939032
-1811.37211740042,-3535.40487895211,6180.00377576366,-5867.86898977193
2235.02137589,-2979.1861039659,-6869.25553837203,3801.28230086617
-2442.53326972413,820.271634586429,6096.50345330294,-6503.09000603712
-3631.55360805519,-331.411303419061,7402.85422108694,3560.95652569422
3891.26465147183,-620.968516914799,-6562.52715789778,-5296.23751096604
-3395.3192221728,703.651399959314,-105.998814174107,-7586.57840914349
321.62718226257,3566.96009705721,3895.84130575223,-6664.94211314453
-57.9593569733375,-7512.57497679156,NaN,NaN
3082.37384813061,-1848.78406535404,7373.78918047275,2697.07485916312
1810.44640528072,3659.91776730763,-3668.52833849845,7278.7930815473
1611.49583070343,2299.57871057901,5626.65468193588,6859.99615037738
386.916461324897,2965.81345220511,-1862.72213308439,7974.35671034797
-2443.40587459627,498.129364454047,-4305.70561842014,6612.28918530431
-1529.82429385065,-3476.80439037051,-6923.5043110939,4908.27721463376
437.448317307692,3814.61088507496,-5947.91920384502,5792.44502480017
-2342.45072372535,-3084.4824274804,3156.9977753476,-6968.54247004309
-2136.70167143449,321.188539086319,-7428.05105403748,-2215.75189349616
-614.11372936829,-2829.63413313963,-1061.99876926248,7739.23602829806
1947.96795233301,3067.45537040075,-6524.61962124641,4992.41698339538
-2514.65584377484,-2899.72621415562,4656.14224165585,-6957.44466088566
1872.71432829186,-2879.90973488608,5804.38762180982,6084.72007929773
-723.711667697534,3118.45136442149,-4517.18955292695,6242.31100449706
-1635.14838458918,-1910.92418454313,-5812.31252293791,5948.45401144454
-2863.54766846077,1431.53170027425,6908.49743010104,3396.52568541
2792.79917114245,-62.4636249127595,7157.72584467862,-385.070993261797
597.330751508674,-2707.84378884407,3579.03694320903,-7199.78557926234
2500.79057600738,-1215.77871855179,-7458.5193031619,-644.171992107327
569.864900008492,-3111.89138484739,-4293.05788338177,6845.92067005927
-2349.8254255871,2344.24460385658,6368.09471209648,4219.52184487049
3119.82647988517,3362.10653459614,-2504.12638793456,7527.22495162312
618.335875068615,-3261.30565359283,-4428.10623456228,6682.39171953492
-984.071138875791,2625.23231592501,7327.61151828505,3955.11433199799
837.933959819946,-3914.2331904045,6730.90594591638,-4486.5583146285
-3322.46604391238,2402.8825735499,-6664.01921430573,-4002.7827238588
1781.35412931052,-1954.89301599123,-844.869842529297,-7246.72517839211
2830.62876649061,-2476.71517733936,7444.5295084815,2773.51200009118
-1252.73835643482,3197.69995952596,-7729.44052506118,-3177.92641461915
-1801.69254040197,-2987.54806746521,290.6720492992,7469.96567929339
-4301.49430349599,4826.05587459034,3414,2564
-2406.67203450988,-845.69646415634,-7795.8034944421,-986.573727969753
2904.29554404211,-2384.29365304488,7633.73574517577,1625.05399473425
2458.18276985479,2921.62765561874,843.234753024194,7856.9555200273
-469.144264946238,3438.46480394455,-1836.89182882933,-7278.10504223308
3086.19413989283,-1409.21397364574,-7654.42817945505,-1759.28173279043
1132.84465671249,3327.96324899656,-2440.73206444442,7521.58906310157
-2312.91803278689,671.786093024755,-495.460587523791,7558.7676961873
-2456.75576737367,-1790.49296818177,-6881.92664706058,3367.70541766946
2721.3255151292,797.80594291763,-6078.37652150263,6376.20229138295
3046.9354351929,-343.119820831249,-7638.12936031332,399.856595167213
740.162628650665,-4299.71806786029,7382.33996446533,-2702.9744319666
-109.104858398438,-3019.16007754627,2662.5195552277,-7302.17641786822
744.999779369707,3468.3818788675,5365.62427049659,-6507.72336901325
2386.29897929615,2007.23837681096,-6816.87639369927,-4290.38457167226
4050.08346295374,-1158.23703074435,6819.94201611592,4497.42935742392
802.534324645996,3073.58641424545,3606.14305237218,-7175.77365789888
618.549183999338,3509.0624480923,-7689.01623647148,-777.053439582439
2503.0057268301,2023.48445445392,-3963.2277290519,-7257.90431653313
-2021.24014452383,2335.9736840052,-7289.6524687655,2274.96772033965
3174.33915628664,-1266.38939188658,-6810.73425797839,-4339.88251990019
-255.854932838312,2821.96684439019,4258.26152012712,7141.14886235618
2665.42208582213,-1693.60804755854,-1043.31029809005,-7035.20156542091
-965.560969607085,-3653.52334055657,3222.58017444619,-7698.27862382738
-1953.86566012992,1719.27040727948,-6205.91696647538,5174.8495614672
-4032.92056983519,667.953784171334,7486.59091392372,3951.9075165684
-3995.99834767448,619.851587727584,7031.11618815973,4611.13788913607
-2140.19353520588,-2285.16935373781,-3858.3943189033,6898.97063908267
-388.460624796616,-3314.50921269732,-7171.04946096183,1898.79578794328
-2679.25944049674,2501.53204418501,7272.75872084796,2207.76851713484
-1835.32446463658,-3081.80204024071,-5768.34859102321,6658.51637849335
786.267589065264,2778.01197827771,3862.71677249109,6902.33868450427
-780.263305664062,-2945.67844665993,1224.09387929215,-7828.42489424089
607.912079015544,-3311.68035052251,-4681.26897181923,6773.54171516725
748.028916684036,-1778.91731086348,-7159.24102187415,-3033.52795008261
-595.324367794162,-3292.67717996924,-4092.0302839851,6644.93240432343
-1868.90177056066,-2984.8027189226,-3601.33941814122,6928.02253914641
2389.44574578884,-2745.24572106295,7545.74892981304,2895.60855069164
-3138.74063959341,949.820241184125,-7348.33076115367,-2734.5876268747
3084.83747973147,-528.625475681303,6589.89036587766,4047.13187808372
-2229.62743364754,1689.51337366186,-6749.34953508631,3807.58768416717
235.62039770082,-3095.95239256573,-4313.52893521947,6288.37217275682
-2313.81576747232,448.152526855469,-7288.26967106611,435.098699880905
-310.235473632812,1885.58798689959,6448.1108189349,4082.42564001215
2486.42555199992,-1035.29046855726,6805.78310047137,-4006.90701059594
-121.148254394531,2021.18288363606,-1679.72292806597,7437.79466827546
2223.31296515738,-1383.3408022109,-1259.41216835609,-6821.07670860342
463.82444428723,2902.1743813883,2167.09094581323,-8106.995455531
825,3170,2115.6890707901,-7528.04888086375
4375.9213445375,1118.12312354111,-5593.17396261986,2313.32938761389
265.602752685547,2495.08594073772,2647.22560364998,-7343.46595245374
3036.92096855975,875.180133243239,-759.813653118091,7596.88534126942
-2253.64051046953,1737.93519132338,-7031.70047586198,1607.78535184318
-189.309820187552,-3701.24809272103,-6786.9643594608,3450.64917266944
-945.536429655717,3138.78771809731,7805.10682342835,-325.705305257126
-523.944274902344,-2361.08693755468,-498.016786697289,7732.32902280185
2062.94487677695,-1259.59089773122,-3033.46625258534,7242.48422081035
2557.15192224912,-2381.49682163489,6471.75033125772,5667.18664513068
-3096.66623952982,3194.88424615881,-6285.47142220111,-5233.3127302377
-3446.89602574378,1503.01337168981,-7232.06352796053,-4459.96950602574
884.266924809359,-2351.98563292223,-4513.29994351584,6231.58458114607
3280.8603231983,-3264.61259738151,6603.52606581079,6287.18591842396
-1528.44534565465,-2628.22561720741,1989.54872422232,-7637.87607598051
3248.92083479732,974.189475574713,2833.65351020637,-8398.5695378444
-70.9294992542532,-3386.71195320476,-3657.69037240106,6973.80981637836
1880.2619692897,-2958.22868808483,7352.11454151297,3539.34586050677
535.093505859375,3183.01356827945,-4234.32403436667,6380.50865523214
-1111.40600465043,5136.90913881168,6648.22626847019,-1745.77122854431
-1121.83497013968,-2743.62143763155,-7175.18736860208,2318.73278198779
-832.206499703323,-2734.46917415869,1688.28232322325,7275.05429316896
3244.48012241877,-2242.01998304396,6928.80757288213,4411.7283344181
3305.02629277319,4578.04045790418,-3814.25304031975,251.792468451465
-450.534153884565,3186.36245682007,-6567.95640523082,-5052.0059381505
896.853567009167,2926.68586722668,798.141389060781,-8569.7865596616
2322.97424445711,2914.17008684549,-3620.75610170578,7057.57175804892
2959.99504964424,-2037.73933396483,-2985.17018532307,-6968.74152922223
-662.459465206769,-3438.26580423445,-3951.04750595019,6831.83140417902
2052.50247334399,3218.45694918553,-4204.98344462408,6675.00947511407
-3165.56563391877,1686.2737457129,-7092.75631647063,-3876.7731298378
2046.51826478743,-2257.44181918464,-6989.37055677704,3905.94990693034
-2971.99131000906,112.559879291523,3019.65190829926,-7259.22978134653
-1522.39359617426,-2895.77300268548,-4960.94262633675,6396.78673068981
330.993851810885,-2451.45331326313,-1459.56582029016,-7160.20590091139
2216.76338574804,-1678.23412311897,2121.19635964912,6943.54070587578
-818.271874749698,2282.78481315942,3506.20890660109,6769.41211678464
1932.31650338927,-2316.2886048543,3766.92058746508,6868.86160913377
-2620.97425435222,-667.510283540927,-6381.92324557619,5261.45724056167
824.847097791197,-2487.18005776104,3652.46946749224,6647.17609448803
-2712.06154994022,-124.508311717044,5906.86229047373,-5540.7520739815
-358.472701097571,3259.43156348736,-6948.41014216769,1137.98054315169
-2634.71498319744,107.40625,-6268.53189208606,-4407.70023281211
-93.7788198002049,1614.21175603347,-2418.03364305191,6958.29117516171
-3000.83010320575,-1088.63428919744,-140.048760589557,-7536.70392188023
147.460147557634,-2784.16762613164,5194.40669452078,-6133.83836073429
-4094.73483233504,-3665.41700311208,-3282.69830077805,3105.62959321678
-2276.17935498065,-589.162516276042,4186.55893372918,-5784.4672875595
1706.91290674863,-744.904038834967,-5376.50581231198,5904.55731391658
941.551168065705,2146.22958438786,-3133.8995322608,-6902.46183665903
-2547.18749704742,800.278927539816,-7028.45187294835,-3144.29010537137
2917.78107260797,2215.23830987377,-1316.39813449863,-7312.76693727832
464.280016285823,-2773.94869482934,3772.63459729356,-6897.15926474778
-2639.82456837764,2992.91491683501,-6501.27118194163,-5975.79767315039
-2702.70945698485,-28.7784914827572,-7446.32683061805,-1634.2223484571
-3455.59061286492,11.569566791077,-1245.18666666667,-7645.41125837609
-2576.11049865862,1507.15886019832,7241.79218403996,3106.1012586768
2860.40577108528,-1391.75660027387,-4845.70939305733,-7361.60160882325
-396.863243103027,-2794.93457046191,3664.95329117512,-7298.65344951464
-1324.41322696764,-2454.06874924128,3728.62140896322,6842.69195783273
-6259.84314780822,-1822.12993324472,-1123.84636415835,3313.90317048601
2186.19703904566,-2768.98721284371,7501.58675086286,2867.51759443604
6781.68686637753,-2922.14674055876,-3792.89965332048,-674.341500549237
-4453.42661877688,-5795.21413891173,-240.542720414712,4585.53147413226
-1779.29049715078,-3478.59230466533,-5259.49007156166,6485.94369857622
-1467.92175877348,-1372.48296452472,-7292.10227742881,-3224.90797945219
-2312.65126860132,-7089.42236398161,24.6867856293429,4208.91124685517
-2657.48866827673,81.91015625,-6405.83848916812,5841.57175298669
2091.01031902219,-2825.51715108057,-7416.99056264097,-2937.30995606309
2652.38371174199,1058.68077336455,7018.596706541,-1517.57751146371
-3364,420,7684.9285840098,2819.86855800807
50.580680847168,-2823.65724826947,-6817.96729507619,-3202.57057263176
2604.25381753395,-2137.20229312685,-4664.04298245727,-7103.6628522164
2044.12365191265,-2927.44800292083,-7290.91000151372,-3235.36251728221
-624.35942119868,2169.98717461355,1724.45836993523,7108.90435231561
2063.58163878119,-2145.98652231478,2357.22172139956,7119.67624736082
236.468401918317,-6697.81164933841,-3211.57653690708,-954.526243530061
-2715.17639478472,-375.790640839971,7825.45088097827,2540.62148803452
522.103373526304,3031.6072561682,2263.09341775054,-7758.20886281951
-2079.28382194669,-2241.28496281562,6845.23983716734,5504.47934341657
1683.45219192654,2816.92749862479,381.261398276586,-7522.05851444655
5356.54013760031,2647.21882976575,1914.22338426254,-3508.52101276659
-692.230526070846,2325.4508847379,-6396.65746561277,-4036.85504963306
2128.78438926673,-1894.59245104201,-3576.42251332368,-6682.84615844629
2020.63425433788,2996.2388512044,-5185.40858357166,6509.06631232347
-2295.21845461083,2766.99519700825,-7298.97289132218,-1751.16001319475
2406.25415864086,1857.576943011,-6288.25446633164,5406.69757562679
-2366.96874327812,1043.26687254581,-878.976133076181,7591.96941571513
-407.437926849664,2174.52014773463,910.053265966324,-7604.90168376363
-688.955608768395,2941.15444075386,3864.93572584081,-6670.84265192477
-221.224612253366,-7150.93523910677,2387.3635450663,1974.7018582467
1459.40798207987,-3027.22086004029,-5907.40562278364,-6877.59132748159
2479.41242211233,-332.438114618932,7557.59251479823,1997.2962608922
1052.169921875,2529.89452431813,2415.90818761043,-7791.64274152258
-1110.86821480462,-2584.56610871743,-2563.45453550092,7372.71138887923
-703.023213166591,-2470.33391249603,3073.77571842087,7218.00619660222
3122.0766383916,2158.41828203741,-312.989494123542,-7703.34002627475
-350.381957747181,-3080.93048988753,3872.66527369175,-6901.65816756774
3832.68184480231,-1189.18775155745,7189.94234288766,3432.74007523069
3014.34473844523,-2364.89625150124,6757.17363160227,4136.7487963874
-3295.08905723587,1495.34386524693,-6565.44060049901,-5172.42862723824
97,-2379,-7223.32706020505,-3051.60176993493
2360.02819761887,2553.40981663945,-4722.45806497445,6777.40138298126
-1192.07334199863,-3120.77085902243,5826.69303683252,-5772.56837545862
-3110.98779058911,1171.59164235541,2340.60631298696,7034.02974703718
2784.95999214752,103.555024999885,-7478.50732384486,-2776.29643103008
2445.98145995117,-2354.98622643476,6544.27192837224,5419.61709512968
587.403070983887,-2643.00522139532,-6538.1568288624,-6379.83916191476
-2759.67855753439,936.77685546875,7627.20765996988,2974.90993872318
-2936.4687044593,2777.49596981392,-6036.87259920125,-6330.75073041862
-2261.08286001516,1606.36078956773,2418.54686062082,6926.93411943353
885.674349918342,-1977.22584200732,-1597.61962154499,7650.25768019665
1708.00169341014,2566.96720458984,-4944.42825114943,6186.06939977575
204.120279495359,-2596.49167491394,4133.02194732454,-6356.92692062877
-1975.08225569802,-2440.96625250793,-6738.18480628753,2464.23550165706
670.46240234375,2763.2276812423,3503.80134151552,7038.95347283683
3152.1362212186,19.9409882538985,6899.24097447748,-4412.57969187753
1400.19267013071,3453.70924803351,-5671.98615805558,6440.72544475614
-2498.56387679845,2577.87218906803,-3759.2203361317,-7264.31636050445
459.405117388853,2889.0893172435,-3725.94294269487,7166.61287383384
-3367.90373507102,2748.78277420125,-5636.59367342556,-6601.37260852227
1007.06735197368,3396.26461864439,-7373.50895808074,922.074462890625
2077.31287131085,724.40625,-7373.81604258632,-3195.11908185839
-274.503828941417,2775.59268267428,-5432.20581512059,-6400.39975979058
-1817.94558809027,-3404.05871692305,3970.75362379587,-6552.17498542586
1807.9401626238,2339.69287573963,-7336.86128971793,632.934086365107
-3242.06163621425,2173.65725166142,7057.56822855133,3701.04266353743
2794.46868436325,102.609592605973,6669.56901255648,-5744.7478683898
2991.63382898568,-807.88794633476,7738.19102546979,2161.30056450104
-1236.18657289255,2246.31139209288,-3679.73029204388,7644.65648795321
-2135.07613510304,-937.068823563425,-7780.92116135643,-3124.73248175291
3459.57351387088,-4163.46327687328,-2005.64930281206,-4638.93342357949
-851.617827559255,2760.20589769702,-5533.04450590479,-6656.49417664399
6806.32341517627,846.107345948272,2625.43463611703,-3200.33401925223
-515.53125,-2649.38598086124,3626.51349074672,-7197.947532528
3552.37748483544,4401.64949950757,-1483.76928962629,-5261.42258816825
-2689.8404599766,1434.52881922377,-8039.59052744745,331.528990791633
1031.19756165649,3057.00375784678,7035.14649140942,-3104.9433534521
-907.036855266996,1605.00925412372,-5589.75888862711,5684.27085182999
1227.35710408753,1465.42729930289,6583.31947994267,3677.22499323604
-1329.2318543112,2582.0821809978,6811.37257941856,2696.13370142259
-1803.43269307338,-1976.52635613838,539.674918692619,-7431.09145657963
2679.85830511384,2464.56011758969,-399.363665355167,7778.95867745569
3068.97956761523,-1213.11842766064,-375.42555110693,7411.05432809526
-402.071849149816,-2477.18150184844,1638.97561902575,-7738.44271988169
2019.10046328,-1733.69695812975,6218.82216737808,-5708.8154190426
1798.89323999621,2629.13856675995,6933.40056801877,-888.210550749786
-2098.91807232009,2288.12537559335,-7216.08773501545,-94.3271085925448
2601.01408087793,2757.7158975597,-6482.57944516871,5817.20649876105
1114.4206141046,-2545.30260449333,-3115.66873812194,7787.80595369451
-2760.15296804657,2342.60841796078,-920.405016791633,-7147.85471547015
3120.76873096031,-1182.37293894633,5524.8877435097,7085.13343685115
-2698.01794008589,-157.331871909765,-6173.96685729924,-5721.18965938873
-1384.47837258118,-2215.70188559949,-7180.9309626315,2360.07103212093
-606.806057857976,-2683.96455277393,1094.41676653719,7253.28905939757
-871.262764296076,-3057.7054757848,-7008.97870766449,3351.3569814337
1513.67236719154,3428.46081656105,5149.99783196212,-6880.56065680716
2606.85735542854,361.464427489532,6691.66668491681,4240.7199980406
-2996,-2594,6164.85474242195,-5907.57896746922
2685.07274065631,385.270355274178,-7189.91698907433,2248.11462599164
-2941.35718488515,-6511.42037180282,-1466.71362617048,3932.43255955558
-610.419337782004,3480.3014778672,-7624.71020147639,-492.080549172418
1051.63455712842,-2644.31766386036,-5778.03871329714,5988.48129430491
-117.701929494875,2774.87119104964,-3844.32613546646,6676.14374902863
-334.379129009866,-2855.63143408707,-2097.9839950217,7776.3703983144
1113.48174659861,-2150.97522404928,-2151.87694015286,7727.14562750113
1372.18312651604,3252.26830290626,6265.22923399804,-6962.16727707449
-1974.47591243662,2348.11807994503,3688.08540323711,7032.28185834899
2416.5520518831,-2383.3655334623,-6079.63040403547,-4637.8230855267
-290.736022587237,1960.98339181251,1276.63872790005,-7798.82202716541
2258.98378303438,349.692371973518,-6587.92216576632,-4136.22646607806
1682.55954927083,71.5990593650125,7371.82052107322,1288.98966665173
1851.26443492453,-3386.32384792539,-7408.2958098678,1269.08754409946
-2540.07688930578,2092.78856097042,-6563.75291041881,-6511.35441920898
-3116.15741310623,845.361183612743,834.801356062104,7213.51108178519
2450.32023832441,-2047.02155515144,6367.03439118721,6289.56190347319
2027.54891706859,3157.7029873639,6940.8637008828,-2566.32839661962
2927.41695356214,-208.911065658658,-7398.12945520987,-3075.18159001608
-2664.26629747217,-658.631105465861,-4151.80492686626,6478.8263721939
-2636.86438171205,-890.833689931457,-6659.86860739819,4564.62246803114
-2290.08380383872,1961.13843812314,-7401.57267765939,-1622.14822384224
2030.03247891174,-1904.3168788253,-6440.07753553684,5507.24589441585
494.687282389409,2259.46318703564,6317.91612187055,4503.93715784156
-463.980545043945,-2690.48380592167,7791.71395234801,1314.7686552759
5141.65681245525,-2803.34605677437,5454.46128868997,3279.03544018082
-1519.00577280853,2714.03602645914,7151.45580023089,-2862.3075194039
-2771.09754971966,1939.61411133729,6096.5262600202,4534.16030535088
146.080627441406,2807.47827540552,2189.83710446148,7023.66622069281
-1713.89199868755,-2278.32145070838,2327.28340073009,-7130.8714966135
-1969.41495580456,-4679.42967295968,1050.19773232678,-5212.11548974863
-4595.49267566324,4607.37101540566,-3597.61438047087,-2467.62388843745
3578.09240328742,-1066.7683570909,6409.62866721434,5592.88807958208
3414.08442955536,-5695.55105852711,1157.91383259522,-2975.58380083895
-2486.2277785744,-2244.74201716933,-6995.80835993865,5139.80879783597
703.345766462992,-2405.96829439284,6565.72150300955,6699.12381367428
2115.44336063675,-2029.85171783935,-3260.07746476188,7007.60864273803
-3599.91345568197,2270.60007439472,-4210.21189346647,-6766.15519729942
-2427.45556461482,-1851.08254175573,7214.64968480863,-872.139620367086
-708.497745034719,4123.15126236345,7109.91457913057,-3289.62932155635
1553.31952100095,3526.45302879142,4592.986075314,-6370.07709730065
-2645.80770758459,389.017877787411,-6523.13180126528,-3616.16882386489
222.775198187995,-2278.48001166233,-2751.21775153664,7187.28138646327
103.311270446777,2507.02679932285,-5707.89540969591,-5745.46961538462
2864.98818755069,2362.84167581324,-6880.83605501183,5068.48963632985
3356.21641369717,1851.92937594152,1321.36680565869,7509.50128101479
3570.03844290631,-927.524414608804,6945.88639687031,4674.51318923447
-2737.19158398974,62.7254638671875,7280.16108502899,2794.1398093395
-2917.97044982125,-1805.90011594222,2674.51397450651,-7429.55021164833
-720.495746994832,-2391.70777072449,7380.16460645326,3204.69084618311
-3278.59696824327,-38.6945426522232,-6450.03701542185,-4374.20443597555
2478.98232650317,2519.37011220735,-4462.36287098396,7203.57824232598
-2122.94224520929,2771.98987656754,-7159.76246299264,-3786.03003810749
357.747950819672,-3305.85817985839,-3836.61687681574,7047.44332822082
-112.634853892856,2324.32436843522,2887.05322670397,7014.8293000542
-2594.70968391719,-2370.04221224226,3516.75824171342,-7503.19265738376
3177,-499,-6125.24761756195,-6341.07425533175
-1728.07801107674,-810.355600750014,-7646.8406134326,-1959.61042442535
-2811.18451420157,15.1515700728805,-6554.39184593852,-3729.36611358752
-2899.24541348888,1228.28002720193,-6136.05027014679,-4603.13008773009
3042.186749448,-1759.28464788026,-6731.78721727909,-5253.50159922304
4803.13163983004,3505.80375890319,1197.06810945332,-4096.74639574694
-2957.82484578753,-2375.5785939111,4027.21950983417,-7244.38512403709
3423.02541357554,-5520.83308463695,4193.21247687308,-1266.28824541037
-170.708687575735,-3677.48473244896,-6285.65868910505,6711.57139416394
-2512.67698674959,-1762.24200955193,6343.10203854388,-5093.22245944898
-2251.54767385977,-418.278042959427,4644.75062144162,-6049.30830120058
2068.99177576007,2748.08754248086,-3739.84157748633,6877.75423585429
-2749.4457094404,-2365.88071070598,3879.48332046566,-7407.0241699034
-2166.79675141093,2598.54408627295,5278,7044
-1366.98803191023,-3240.78943958881,-4892.91748734676,6667.22185740006
3016.51222045676,-679.319513306133,1796.31192880807,6964.13419618315
900.388731284802,-2175.69453011611,-3507.15883991553,6753.44017203751
3078.40702446084,5048.47907161262,-1667.50840957292,-3576.30778014399
6115.101185155,2629.26298232462,2798.66368994908,-1782.68960777898
-1913.35791051292,-1027.84299622855,6693.09953054941,4258.51942670081
-55.4397156765586,-3880.69144181554,6048.1105385374,-6530.089419492
-2519.63134765625,-585.937131795797,7723.43602547999,245.89190385663
-3384.38335298205,2154.51103844142,-5896.57531728218,-6602.57600171593
-3546.11706460598,1841.12192297194,7500.39436396846,4102.14219314969
-1223.11101767219,-2121.86429377435,6882.37487450214,3993.93991111891
1175.33258158684,2389.95731013401,3636.3039355968,6950.6671097842
1369.35278136508,1490.94638224087,7504.38278248476,2293.97562515754
-2564.60890767995,2511.32732679289,5143.19400174194,6020.94872074225
2537.34461564812,-823.025409146964,-909.602676959077,-6966.86785577784
-3358.88058270101,-4908.59011732035,343.203721096027,4615.09185904786
-2870.43213953389,-1626.52966996458,2626.96053985778,7099.08833873859
-3023.55141113906,1641.86714782979,7017.5325975232,3725.52703965679
27.4044945385644,-2391.88059511767,6269.12668616377,5005.88396199633
-2203.9134074304,-2484.58721956909,2670.4395765745,7337.82080195646
846,-2843,5754.54905342945,6518.35466320884
1888.98905879087,-3272.9187153673,6825.77588339672,-1954.20956969942
2580.77283554889,982.222704625392,5571.11089741985,-6860.23972700492
-2691.85255810893,-811.45831861593,-6704.27071471047,5927.95872711976
-3095.51355408361,2252.64882388304,-2976.86250464998,-6982.37377044493
-1972.33421217889,-3406.87624161815,-6213.35324087482,6140.65455485611
2796.42821244116,-939.727110677052,829.135124953635,7154.00195155867
-2358.07840077894,-2175.83287715549,-102.360431312997,7576.09384434105
3339.91275338777,501.540568015558,-1549.69095827043,7344.3993561317
446.134484334813,2344.57670719543,7474.40690175541,2782.67642850843
-3247.95730745738,878.966175191856,-1247.7606839826,-7323.64308757289
-696.512759643917,-2972.5,-4275.10061083148,6642.74430785167
2931.15447582176,-1605.000258547,6890.41941423578,-1458.14415973166
2714.51627014339,443.324489235345,-3589.2845386776,7735.11214415071
3013.1910617206,813.718655079603,6935.06564071851,4563.03697770225
3183.96419646267,2916.46305876261,2155.93795070391,-7850.14741052429
2433.47396961117,2470.1373128156,6728.59343610453,-5502.50565204643
3138.41865875937,-1172.3532960552,-6734.31193010904,-4310.38070057767
2166.8962720788,-617.865236725154,1439.50539625531,-7519.48996369019
-2151.16040549711,1037.23801422119,6589.3546634729,-3776.67347916649
-799.91339869281,-2533.19178024074,1404.00259796806,6832.01529020294
2986.88141291295,-5904.97408944141,-4972.94193228452,549.354034423828
-265.25,-2032.47466517857,1632.91450844068,-7382.24611879773
3651.05022724936,-5471.33717912337,-4097.59652501523,1475.48228142002
-1144.27276158819,-3130.71036115791,4236.11965512015,-7370.71117121063
-2603.6278155847,-1142.36004972458,-4453.35217877824,6272.38456001417
2295.16168947712,2666.99557588275,6357.63346013049,-5523.60015472106
3069.66125648703,-333.477084012438,1848.49316329194,-7882.90890758019
2320.30747476639,-3203.96076581928,5791.42044031086,6374.0044308803
-1932.80757300059,-1313.77832877484,-2206.0283495778,-7050.18886790789
1224.7201605213,-1873.94608050847,-955.488284966698,-7239.63133286278
-979.730321151716,2666.28604300386,-6025.89253714725,-4125.46768472716
602.612178297685,-2370.51477788365,5886.34389543452,-5875.20712438459
1938.65827183243,-2642.44038642207,2013.91120387694,7305.19548912786
-1499.86002628775,2070.66427592146,-4837.33478821913,6128.52657796871
-2927.01468721007,1684.58523874321,6420.30963558322,4313.26743367129
-7017.19314760318,1920.29062575066,2800.96803066539,-1054.0637762473
-866.30869410679,-3256.03757331108,6535.70791285375,-6264.23630897743
3892.03265732142,-83.1763626792886,-7263.83571275867,-4171.21974936246
-1778.13621757169,-3157.53580801464,5667.20056288519,-6782.2084499718
2119.22310142237,-1663.76436810662,-4364.49191571137,6556.42081991338
-2152.43967888989,-1911.41378517479,1099.49187883042,-7645.93027015574
-857.36841289431,-1676.39817230457,-6249.07058299204,-3658.20560353367
-701.35146724617,-3163.73437360541,-6909.06823553884,3248.13073071347
1395.44036758815,-2826.23919681304,4607.56160888211,6618.89127297205
2808.19651994957,-53.1570129394531,7381.41726942362,3439.85905678007
836.987903863611,-2615.38002429135,-6564.71148421139,-6544.42368258375
3337.22198647398,-82.845703125,208.117799650655,-7740.99476842399
3901.49484839979,-862.239124073351,3371.93968146253,7103.76382302028
-3095.15720455188,398.750344132142,6220.33905812834,4328.4379158669
3332.40800029596,-1474.93344160784,6339.11478821014,5037.45714086994
-3038.99064477936,153.266778359665,6626.70890345154,4507.04776637061
2192.24075915725,2424.82437703584,7653.79064377515,117.642507478923
332.257578561559,-2417.8359608235,-3419.40003421161,6847.94186267769
-1862.99642533632,2387.94782455279,6953.34239282852,-1967.58622244344
2950.43468646489,-939.077586764119,-6287.73309735293,-3974.92329711028
1535.53239528796,-3067.68437793273,-7103.15307234429,3499.70320125513
-529.876962849978,-2388.43163618608,-3866.70674555725,-6948.48539372889
-1607.91356112649,-2295.88988949483,4046.10172474689,6707.69117479495
-2935.75931923736,-1522.89939600518,-3820.49177796913,7316.36764077029
3058.15766961007,-3001.11026562575,5856.80432740265,6475.05936555202
1823.08843701122,2127.33998287736,7260.22848855402,3019.07822405348
4394.1825055897,-5024.68550456913,131.77948275035,4707.83134785563
3156.43562032837,-844.528044622181,-8095.88800017319,-1688.50173701763
-1719.84636641001,2404.81959754248,-6961.69192964434,-6557.81809748668
2152.54062611276,763.111039386798,4550.93397264771,-6143.68889901941
-2346.1849811598,70.8504916391898,6808.77409020892,-2741.57158749975
-2029.4730547895,-2678.56364011028,4083.8235179846,-5840.68087470195
-225.998751526241,-6505.62094576904,161.575278038113,-3532.79954028567
-1951.78238960137,-2607.10096292045,-6757.84498410381,4924.07677738066
6504.8463896444,-2489.39691311382,-2431.44570098955,1209.78044590871
-2573.51521043297,2990.14741281941,7400.74248132414,-2456.3367168884
-3374.14393783839,1575.20569000117,-4852.2001450547,-6800.03222226591
-679.577512512207,3452.50354163316,-7591.18332871561,105.29567667503
-3528.07395460244,73.5946207339047,5660.53992012286,6764.63712558606
-2626,2561,-7300.68048813066,1719.54663763722
-3216.9313114363,-806.255867152792,2337.23577246734,-7633.23280100398
2394.73269056321,-2676.34428827135,-7584.8036124122,768.798311025369
-266.423376032736,-2129.68967184374,-6082.87339103315,-5279.39076363428
2658.66724122851,2495.53005019409,-6279.71653782918,5958.86356826972
-6853.53036962952,941.983366615588,2449.20584704585,-2062.86916733278
-3687.98648238386,706.476053661319,-1754.06210237391,-7527.83511383845
-2645.04563814795,-972.34840336784,4759.87655746991,-6877.43486682055
-3300.28941220866,-892.548955202836,-6708.44031292158,-4499.46222067519
1317.15400692198,3039.99977456078,-4783.66040968899,6536.84264417393
-3204.66827415469,2035.48047715482,6517.22305525035,4968.22559266886
669.303394429789,-2756.32632058288,-4806.65892625778,6743.03880694736
666.30887938438,1514.13978934718,7035.05214668593,3621.21680201689
-1311.51781410893,-3442.21239847222,3742.75904616714,-7224.65642410109
-2012.39286250666,-1221.5550204997,6828.28382182867,-1788.6726380823
-1524.25180610083,-2197.25024110074,-1045.32683713084,-7071.54551630331
4278.06043892977,2209.97210090652,1757.08707912163,-4028.15167296432
-3304.66576721778,1231.39252345702,6702.23920870886,5272.17583149454
167.303515612525,-3592.9219119242,5386.15797594668,-6225.00256227691
-2165.13766318156,-2680.6124738078,647.381418865281,-7702.14564922527
670.096115668293,2588.96426927338,-2377.91510633424,7668.58664636425
799.744407727027,2789.96891565775,-4826.01889360036,-6734.31160585161
-1938.80732880502,48.125,-6399.38199276097,4676.51096769438
-2687.35602842841,-6329.71056604334,4204.81542919573,-4350.5407789345
3403.34961176185,643.667535026118,-7012.89570149881,-6580.83751039039
2385.75662922295,754.277911429419,7788.68934335508,203.573458379519
-939.14657884963,2564.56646347437,6136.26309189968,6430.91956572534
1681.42703353821,2908.04327003233,-5631.13955471916,5505.79350177962
2756.89917190685,2282.69550119305,6441.89773698101,-5772.6494335675
550.223004998588,2662.37066364215,-1116.52126568472,7908.31222640129
-2858.97800123944,-2763.39113703252,7004.96291344947,-4774.84182877773
2157.8574024345,1871.17367121066,-7587.54276647856,-60.0709115281501
2869.91848609079,-1384.50852601263,-5675.40522308086,-6573.86385047989
-1397.90165342421,-2861.69647593069,-3771.22469192984,6908.69298156796
2237.64242736802,1320.50367250403,7708.26342344225,-510.284995549842
-1989,2873,-5157.48257837092,-6521.75690535935
-1559.84410493133,-2575.79258965339,-6779.43150326004,4224.63974551122
-973.756148464001,1643.7533690907,2046.63883230201,-7418.89040813588
6313.36288409953,4509.19431268708,NaN,NaN
-1306.84431851309,-2580.26245920593,-7188.20623151538,918.156162070906
-1780.7099720415,3787.98484312967,7102.82727015535,-5050.76733601852
2332.07453803429,-3093.4839800536,-7837.7266232952,414.816573653589
2019.75015828447,907.293721493729,7256.91763337421,2755.71029046147
-508.897068418305,-2028.92117329727,1698.17918247676,-7337.90804836837
-1880.11285679556,-2477.76846871147,3597.70016517228,-6263.33370129759
-3273.00080371009,4342.17259556032,-68.9503153169443,-3873.89006576861
-1501.96491319383,3238.07933715125,7135.34616402389,-268.858258928571
-44.733885826522,-3802.4023885506,-3237.24406596273,7215.71443000674
-2385.35376971201,1565.17737129233,6001.06074236174,-5739.09680177888
-3146.02802208808,1554.9234469569,-3347.80828299137,-7188.42196179691
-3043.83854629054,556.512987339328,-6421.55644904236,-4715.98793255149
80.0339767428952,-3493.11539447445,-3882.04893546743,6634.59718577713
2378.50758165795,-2193.25981682228,-6341.13187624984,-5287.39342143552
582.578742980957,1924.53931256908,6690.7777715679,3724.60721372304
-3019.53536638686,-76.1480580185042,-7079.30022988724,2628.04805439564
-2636.17560009108,-919.781718187371,-6786.47331747338,5126.62672546485
2387.93719534306,-611.64274597168,6918.3955024403,-2870.41870012029
-1692.29890364983,-1962.66690839416,-6427.6443346919,6227.10545596722
-7911.22724972666,-431.769072990441,NaN,NaN
2171.14438791618,2448.79458259602,4926.02428715381,-6361.56949908334
1846.28046121128,-1403.32369246862,3534.17006829849,-6972.32387689877
-2266.53024223818,-401.549351574388,4424.74991471534,-6427.97158447907
2451.64994763681,1039.18106834066,4638.93365207332,-6156.47037992813
1712.74088802482,2523.45889382687,-6524.89524125302,4016.67121568247
-5356.13254624867,198.133614798169,1085.89040240076,-2636.0093591159
-2617.79790667395,-2595.01105443073,-3124.92033539684,7632.84845229263
1545.15711114251,-2108.05801927107,-3892.36503936604,7168.23338916334
-2662.53031236645,-954.127116931077,7061.82607526303,-2042.33590561152
-2690.83712259034,2019.80144179415,-3085.0266644934,-6636.78717289013
2794.60222382658,-6287.7651839265,-3493.07532447196,-1281.06429037475
-2647.33842661959,2092.99053743239,7377.35314126228,3163.10547622482
2044.02804540192,-2123.72159833754,-6372.95364795482,-4525.7329571305
-2583.10173394529,1633.31106659688,5827.7182666236,5216.24062497426
-1579.28440262176,-3020.04503475707,-4938.13326298973,6436.74872511346
-3978.77232739923,5711.21942776042,-958.359308503556,3949.16804802364
34.6112869777037,3708.29244357653,-7730.79817425621,331.025051176239
2927.23481238778,-1707.06282471119,-7734.05573029965,338.955508306052
-1635.6752004003,-3071.01290795805,-5353.4532232785,5971.3466173704
838.347312089245,2286.55021077065,7738.2225256907,2591.09197743227
1903.63872643633,2274.24649204671,-7510.34139448756,525.254849068812
1887.53638814016,-1757.9302870438,2253.20993766318,-7485.32966989599
-1527.11901825666,2389.21122905467,4320.25692556353,6735.3179323772
-1406.32897196731,-2196.55700866727,-169.87829539129,-7308.88708024827
-2363.81723971184,-115.120434125265,-8238.30650443563,-2795.69647140523
1631.95339715676,-1369.05896322854,4713.16540198009,-6711.93399954796
-1377.46647652268,-6330.22009668735,2722.6173116596,-361.261851207843
2700.331640409,823.149123877972,3911.23110239755,-7248.10744583954
1742.60706898025,-2872.62623674535,5925.16718846339,6442.38364340072
2748.46126150499,-1933.05744754948,7649.46312585101,2038.95869221902
2743.83890559164,663.894989194606,-7250.03121845939,2554.69242820441
2621.87432034642,91.1458662450276,6801.06175428664,-2980.47055026773
2093.91609255378,-2958.64103848658,-7711.06980707717,-966.124972828632
-2583.08675086091,-2561.54463264642,-6774.04225623217,5270.64104509766
3586,155,-268.226860046387,-8040.1950031685
-2125.07608158084,89.4558038495093,-3411.41401572004,6743.73606489564
-972.451523975051,-3168.81242083072,2368.43920792228,-7712.34788876691
-948.705813033757,-2840.07323136428,2164.72845080057,-7411.20393398744
2657.54519256687,-157.066092899689,8063.71204545062,1011.70453619384
-68.4798018292683,2770.59585013577,-5508.5099428405,6286.01228082531
2609.4963909844,815.976344860711,1667.89206799585,-7583.5117687933
3247.31380563744,-289.073678784666,6453.24861903326,5193.31810473386
3506.23188766641,191.236908331411,-7003.18251757206,-5115.77639015916
1498.89434591736,2033.55199365991,-6308.98979760016,-4242.49954450799
-4329.5755589667,-2387.50777431041,1137.27375755211,-3496.17997502361
3542,-829,-6793.37596163979,-5292.65271861161
2601.67550294893,352.769230769231,-7799.7444618901,-927.714443994001
-2515.05264917758,2158.27610488819,-6886.0390682314,-3620.03976712624
-1107.37552367532,2484.2114214034,4002.15791755991,6605.86224594591
2596.02380344299,-2035.74628761168,7536.02807699967,760.921487927937
-2530.75859649496,-1174.49918608804,6272.96006712379,5171.22639099318
-3681.16603298812,-19.3013490619081,1291.15874457633,-8243.08059100604
671.025375366211,3530.31900581083,-1482.02880703446,-7290.37080687906
2795.56858762204,785.035334008527,-7270.93467352961,-3495.47998213636
-2160.19775075715,3181.77838647486,-5482.67039263845,-6444.40336248782
1260.53490440929,2584.04531504658,-3687.9133138154,-7512.76597052798
1355.6165610617,2702.51637964646,7053.54467357408,-4083.91210532267
2756.94897451073,655.428479294751,-2243.9863481824,7328.26553905245
1727.90071755072,2671.25061031232,-5555.84884359314,5928.70873916486
-162.825875035728,-2752.65997042225,5379.94486779211,-5836.45146825867
-2844.2268447942,-181.475177304965,6686.04960757972,-6132.54012456742
1482.1116081248,2716.18327391041,994.711394453874,-7680.09520696965
-683.45946141828,-3524.21686466825,-2400.27562661599,8332.51451762908
-981.461311693545,2687.50525405132,-6529.79823068214,-5055.69529457013
-1994.49839224987,3086.01915598537,-3882.89670311915,-6771.39362265044
-581.017277131699,-3310.30153719564,-7587.33745542219,4265.68826064236
-271.660662558511,2897.09715893171,6846.240672513,3922.42181034871
-1725.33558568753,-1159.42055420437,-7412.84264294715,-2771.4750361674
2408.31562943994,-1106.12515676701,-7775.11970488254,-350.179875627845
1925.35638376131,593.364593818288,6396.77228828507,4705.60504966318
2734.18982034609,-2612.45868428322,-5454.18757769402,-6637.01027557138
-5763.18948805699,-3030.76736506782,-1222.1447607569,4379.74235974998
348.697856748426,-3120.6684447639,1832.06750325694,7117.88829974885
43.1805209738197,-2679.27821261145,2387.30175558654,6830.00944292253
3517.74707334038,-883.56494140625,6179.05020587227,6057.31995826095
-2878.29196509279,206.844635009766,5763.32055651871,-6069.4370688286
-1650.77305947222,-2314.84450899004,-6700.4761695121,3129.77158972663
-2324.93540569938,-833.661741343454,-4741.3913827102,6334.64294493997
-1458.46035832312,2638.18385088266,6784.24673453466,4800.81725350492
2416.61923358436,1141.07737244961,-3950.6395547667,6825.62700532949
6079.13180511259,-6317.34201327306,NaN,NaN
-2806.08704871894,1325.97777435579,-7581.12820222448,-1387.29063727145
3389.66955979683,-2587.56202886655,5846.65620407447,6970.17364257379
-1979.69483507999,2498.73837273837,6956.76956017946,-2364.79023298845
-2530.97563421517,2033.45061246905,3801.30877988541,6735.81854892528
-2893.52031354754,-1752.60598711952,988.291874894216,-7769.07980709246
3186.59180290829,-8.46283953706097,-7698.75438296499,-4905.40560584087
-3058.08381854363,-126.140411522506,6967.07269373363,-3387.93734267944
3092.45510044422,565.721966773857,-7373.02738556864,-2941.28035729133
1493.60216363125,-3193.66625730388,-7034.08131622536,3659.57391771893
-2930.35027885437,2536.24390834834,7389.46708910085,2582.8541658013
-2525.58410327588,-2013.92010402921,-2779.26111711775,-7133.62651631893
-1887.43879673887,-3112.3908893428,-5318.04080712618,6486.82767282958
1004.51761580851,-2832.93231501419,-7558.3494217949,311.959067596826
-660.244081414382,-2147.63174287185,6139.11215412469,4450.52870193326
1645.11657658101,1490.83370136366,6945.60508593163,4040.89877778193
629.235607738528,3429.61474007041,3908.21127423508,-7819.41088928353
-1385.75018886139,-2823.03708677637,-6500.38307463222,6377.81408411183
-3019.56505384559,1644.96286012323,2989.27638066439,7048.49502342811
-2629.39754936829,-1371.83778535449,6941.92351974885,3800.08171655919
-3049.42815897114,-1349.17575636188,6626.58285079213,-5231.34922312423
-3018.46975040415,488.632203202663,1829.41293002478,-7570.19401146522
-2266.52542961708,2096.41450336793,-7754.51199504317,-689.005698570859
2170.29186583247,-2637.08282401904,-7664.46224461485,-583.02865258371
-336.139309958716,-3027.38495849473,-5028.06762238052,6908.63825981988
2514.0293957422,2924.02329537676,-1966.36158299316,7538.05965201554
-622.160611523861,-2021.93939819731,-6388.50892481773,-4075.70819306466
2103.66907450346,3148.92302001112,5238.10512691411,-6603.23179472173
2401.7542067943,2058.26571960876,4673.52249259245,-6265.29871741008
1882.18502458943,-1846.53363665179,-3640.0941534011,6624.09392042999
-2522.54258036243,208.371125702464,-6090.04095987931,5748.57344900223
-2596.06694384369,-1601.41729727564,3454.8284566882,7020.74952216306
3536.13011629562,1054.36292404824,873.640953903563,7132.17519917433
3113.37296614879,-572.219078063965,-7878.8862981114,-400.43432524979
507.365361834428,-2586.40062864235,-7063.97963830506,-3072.78132716363
-560.425559900984,2821.31081683676,-1897.25366438697,-7177.77761114359
2398.97937535222,-123.964965820312,6797.04841882544,-3594.56285954441
1681.62203670968,6457.42389473474,912.038020997581,-5595.28493758881
-3107.58061833644,547.530196258696,5820.73206107048,-5907.99531629985
4.67974853515625,2311.26181813833,-4051.0784704098,6563.94890037184
3049.49160451818,-561.889586709887,6760.84856730354,5000.42500274004
6197.71744692941,2426.66430093591,2970.48212203802,-3011.90020080711
77.5942069461336,2379.8622489156,-897.112599565532,-7242.91299489807
-3459.75920168682,-209.398724420074,6238.51143664481,5098.6164201247
1820.32334236897,1997.57684125689,7551.1241816027,46.5564726202592
1071.87777014766,2240.64511189528,-1351.2186717509,7747.47164028927
2568.7653895532,726.32096811894,-6079.10893735486,5879.82207203445
-2545.24201902281,-7690.71008319,NaN,NaN
-2799.74405930733,1518.39384047403,1617.11665888456,7210.74275952658
2967.78985366981,506.240872379978,7030.04240784501,3590.80971784596
1505.78627513704,-2104.08468440006,2719.67835718763,6891.9777664485
2136.57540030747,2790.57569986153,4622.89903175371,-5675.60757824452
-3356.56389494953,200.60898297491,-350.57975528869,-7677.76708236177
3059.79522701445,-1683.90952753004,-6060.37196896542,-6265.39852119879
-308.950469970703,3143.33842282779,-1180.48861091438,-7155.41024559171
-3315.65007403899,1623.45121067348,-6016.04397111338,-5671.81952844864
-721.523963502548,-3521.27507803056,7632.39288843598,-4554.54122329836
2154.67196674511,-1501.64728228956,210.449142115854,-7616.36460617604
-2170.0226319115,851.286558992477,7175.39943462985,2106.20236831065
2411.50741447063,-1889.01456176542,-5997.52661972643,-6034.79603347605
-2764.82534825448,1729.27090656948,5369.4109947644,6476.30967695328
-3235.75403062923,-2976.76122339354,-759.815272764853,7830.2551288644
-2141.77491123861,1183.25432665813,-5595.67179454409,6269.43389485689
2869.78913522649,-1512.79429674981,7991.1226853115,1869.39527563584
656.384680533134,2489.92362732716,1526.7929713562,-8000.43941999464
2699.85824144804,536.496365907457,-7062.21076981459,3036.60875254219
-3034.36346598212,1298.46804046631,7630.20818250019,3559.81860966261
769.003126427225,3125.78590544608,-1797.78330828672,7665.99557497865
4059.26131165713,-6156.20064868422,-3920.87438713152,-469.594116210938
-1952.92219745655,-2767.26538775166,-5924.66172995186,6529.89783850382
-420.760783734333,-2733.99884292739,2823.03035286422,6952.81081519434
1342.16186491125,-2019.54366984069,6878.21856682076,-2596.0257976534
2635.52059613711,-2245.19334726693,-4626.75962062008,-6900.20573069638
-2619.95226176797,692.034484863281,7580.20301839268,448.504000000018
-1099.11474932758,2171.62243543691,-2319.7757390254,7447.06880465161
-2585.19594140625,2110.45670476012,6975.31344003546,3218.41447994551
1094.22381338926,3426.55646975334,3672.90673007206,-7309.67308798535
-2632.36663713189,-2411.30420856348,-2023.46798793125,7506.05106367121
-3337.64854222548,550.322257400049,-666.505375481507,-7016.19147180393
3476.34629088286,-575.838587517567,3762.10550710366,6765.97838259559
-656.903185082191,3286.97448811141,6906.01030637547,-2304.28686068517
282.12505385455,3363.17600144695,-4733.5464102837,6175.13056049824
787.784851918996,-3505.3972155166,-8275,77
-2883.89224040232,-160.898323001137,-2.55586533032186,-7583.21780129162
-2330.41152129042,-211.107392503133,-6989.68126321114,-3609.34838087057
-1593.3020253952,1691.1741751269,-1645.15323689478,7467.90375374623
-2565.89670250297,-2527.47981102905,-651.595454545455,-7359.79912067631
794.815729483283,2445.01016622489,5866.00557966972,5496.16842851493
2047.6649594708,-2020.08495766477,-7306.54636820181,-3038.91500106537
-2540.31960743052,2274.66897083147,-6597.01115026441,-5003.58499878278
2193.16547735742,650.8725,-7407.58838656901,-786.874065310244
-2401.37258906315,1639.61512546606,6714.28656472502,-1589.29874777492
-2304.83620373788,1143.51259483427,2313.43083101403,-7655.06293203664
-2541.61429794237,-1892.96085066826,3829.79287086522,7066.90251149912
345.58367805714,-2374.8533844248,1699.4229852631,-7846.78871451713
-3513.57155598391,-489.828009162151,-1803.68562984715,-7302.07446360392
-2452.56242305918,-1903.05178719308,-2738.57985618105,-6807.84561782499
1676.90932561521,559.335373189836,5724.10939789846,5499.01071433647
1443.01953125,2140.24314787415,134.305446022814,7350.05089480483
-2357.28359589753,2192.12391531376,6789.23028372919,6513.1510157904
-2899.12130924199,2629.21629750349,7798.80838306105,1447.32012109662
155.477445565971,2485.87708126865,1365.68477214377,6962.8498725949
-2769.04800854381,243.049996416179,-6981.12614914336,4372.21694646346
1617.56326119546,-2007.01006094338,-6584.22160709704,4459.82570972627
3119.87719691417,-1708.82486141672,4865.7991321812,6481.12690102844
3010.99946572639,-1506.90296489649,-7613.47830020922,-1685.72535351156
-1273.52045166143,-1807.74764779557,-7376.01527340373,-3134.18415796078
2265.06906235192,-685.68997048454,-4791.44309085575,6110.36808175268
-2685.81335946341,2946.70984463811,-6522.1622631101,-4900.64691652903
-2822.13235635349,-1238.35820491891,-527.708948865425,-7778.04548174434
324.581404976223,2650.48796563361,-7163.45732935381,-1805.87128102043
1313.73704551573,3026.54117328483,-4783.88714936737,6486.72953420768
-269.886637538981,-3790.10473563036,6668.11540081021,-5047.63379499154
3092.33887046927,-1359.43500074312,7263.76882144733,4265.73860932537
2462.94238170078,-1182.62408362326,7407.18353050786,2197.2086049583
-2596.89783277104,-1871.21097621142,-2816.96567342959,7843.15749181729
2579.69403940569,-794.494937258233,-7417.43546123376,-1670.96886594775
-2283.62620956594,-985.748542274053,-5897.32020861876,-4607.13714597373
-2478.5416380091,-338.473685751156,-7587.22710714708,-3011.87257188699
3937.35729137424,-785.611306342937,-5979.20069826466,-5947.94610877244
-3191.62242027471,-528.526863949294,7258.38381554178,3968.66419601827
-1548.74640423319,1927.77493782192,3528.3921627639,-6727.67853440091
3107.73028667485,-2181.53280855304,6128.20907204289,6316.07212081322
509.740485280227,1872.62119839938,6020.78244262599,4040.12812915649
2881.50183743412,-999.708765083256,2622.0179455107,6894.02021603166
-1241.12450233295,-2196.13297192858,5388.4711256111,6414.31057195324
-2609.1997445174,-1241.57560596701,4879.24141711283,6757.29036074087
3057.47304997571,-1790.6748559508,6516.97701910518,4558.82218007817
-1445.66640478759,-3123.65318243681,-7096.39439368681,3647.88514143396
-725.509586924888,-2156.77512041784,2763.12584905857,6744.28190533366
-1289.67283130187,-2653.78095750212,4886.57597071135,-5760.75300979005
1519.24186773745,-2523.63078780099,-8111.16021923976,-3338.93614212555
3478.46536528346,1103.87142615307,384.906364116818,-7866.00316842205
291.73046875,2588.34001761846,940.880265485517,-7692.48092945609
-3103.97376234263,3001.97200870514,-6178.31347760166,-5853.84270977185
2102.93172518105,2522.07287905148,-326.526649603379,7590.31959714619
2192.4922871418,-2149.96921990378,5039.40411754744,6470.04449542103
-1366.84616499893,2346.0551819424,4323.97442079963,-6905.76554838685
-3227.97165404982,-1712.0989703578,-1027.22535732824,7890.51650063568
36.4059148832809,3639.73577991437,4380.2458477242,-6900.64865336902
-860.619851329399,-2361.51791985291,-6806.39304869551,-4671.67387577247
-2126.7580195815,-586.495601430743,-6975.91038313997,2936.96361930582
-2613.39293209212,-1259.6875,-3137.87998751291,7473.99789116512
-2968.30434858126,1092.71788204315,-6109.54384433992,-5473.19740348256
-3019.00665941203,-505.683152547274,6263.99580326348,6092.8556336684
2526.02255949622,2272.73529299297,-6881.98478395399,5855.35833675973
-276.373553076799,-3817.3422580571,7562.06566077526,-2128.20298883381
-353.960412841482,2382.82055361721,-6682.00559573247,-5004.78852684656
557.879072660245,3216.61966549768,3191.88015668194,-7500.54814075235
2534.66982033497,-2893.59309068739,6257.91932531542,6352.59229568799
-179.91218755747,-2404.31677753971,2580.71787693481,-7312.24249679061
-2826.81562875816,1115.8818487334,6971.52961287649,5008.24616212999
-2642.63108206792,1657.09135152582,7385.50848149006,1969.06937643077
120.503257751465,-3660.4058742437,5484.85886715388,-6378.6973642392
380.754680309723,3091.98454801116,2096.9142465795,-7942.24513578316
-579.162076271186,3313.12912476046,-6082.38684458311,6969.33336315013
-1226.70995345572,-2210.77877485836,-1846.99336146463,7545.22607876476
2690.78078334501,2049.27032485362,-3769.48960780431,7192.5581408222
1083.85738206257,-6163.73926268037,-2245.59244780628,-2802.35387393034
3284.36571437293,-1170.52574278541,-7130.51937282319,-4010.4887715844
-995.071771904974,-1961.2468827699,-6214.94375725512,-5824.23227531558
-2778.31140757624,-831.668285683859,-3922.81084612145,7233.03754226466
-1783.4417237011,-978.934692395937,-6695.70144087006,-4298.72136518701
-2251.01825519075,2747.88673323385,-7460.94225100505,-2785.63716115847
2223.23037300354,1856.04725651483,-5374.88798669721,6685.44200770099
1638.37281381282,3727.02411498311,-4611.09739650871,6783.60387247725
673.008452233251,3508.10768046493,-6704.41819011038,5647.78053063607
-2331.13032867412,3486.35388446176,7833.39462802378,0.00586322572220865
-3494.80455705863,944.770135961775,-6404.52607168827,-4976.47515661694
-613.715799736629,2370.95684083554,5189.56430856986,-6069.75661779417
-1149.41788411896,-2308.55366646511,1031.95339610541,7060.74279075814
851.740661621094,-2318.15837080935,-5086.69084679636,6416.15375188867
3369.97295176575,-299.869203323378,7311.06022412656,4141.97407187158
-3094.55669523011,-2249.50871351438,-627.723031992378,-7613.17988974315
-1553.90648247176,-2945.24595853937,2834.03283371334,-8192.64350001506
1945.63757006564,5229.70841468651,1950.52702928169,-4596.9513454214
894.257626377308,1796.02649500919,7623.46301837773,2257.82252525643
4650.25535514434,-3732.79689601148,3519.6415520995,-2499.03788363283
4874.98638297872,-3720.92665104689,3697.97634819287,-1360.35030239201
1263.69951070596,-2670.03719190576,-6342.07504576827,5167.93642972351
-2306.67795284065,989.947460425174,-3255.46968903954,7124.31144387066
-1393.21769913995,906.671389800574,4059,-5824
1897.42296520153,-1721.82202084958,-424.328007773245,-7114.23738501132
1568.37590791524,3311.93777020886,-4393.32279582899,6434.87588467875
-906.748347035344,2814.89573740898,4791.03157075134,-6127.39772299784
-2010.92950912651,3328.78598670665,7051.98758614177,-1320.88411980241
2487.7103786976,-489.449534313934,-683.565979336774,7427.10649734319
-2042.20556737191,2230.30910405862,6283.65217729779,5282.77141482676
953.199943234844,-3064.66983292742,4713.98518610303,6639.3583884105
527.799921536532,3224.20811502625,-5020.08424369411,6597.09523568694
-3038.83335890905,804.66482244903,-8048.64087779598,-3250.86253464925
1962.33741808778,2425.41875837171,-3847.43458858607,6563.96970527724
2291.93345608293,2093.357495345,-1783.6549405043,7279.03939371761
613.93896484375,1963.18817138672,-6736.97196126369,-4013.76816565706
182.743291566209,-3566.98233156631,-6377.53007273804,6748.6269566177
-542.440654972236,2235.62906097162,3023.89347017995,-7458.53379351084
-2121.42172523962,2531.32494115508,-7135.10613055415,-3809.14513240202
-311.700309431873,-1534.36899469714,-6513.36932463978,-3448.59210160861
-2936.77303456727,913.64904553616,2913.11271318684,7607.62257298875
2040.46756580056,-3357.82712476949,-7031.09345933717,1591.40907765858
-2502.52474632263,-677.044653136556,4346.74417636779,-6553.78910678159
5019.61677422666,-4518.99689824059,-4590.48366410594,-1326.66080003192
-2193.41250729635,-1350.7873352302,-6478.33021643648,5833.33468210205
-2355.50679854866,2603.61585413786,5670.71896402444,5933.75974095422
2597.06913375233,888.566065310649,7096.82706920723,3469.18348451566
-2237.64142242285,-1765.59310190553,3867.77178724351,-7645.83696508931
2324.12301968101,-1082.49067466974,-7052.24955542986,1896.61346542793
-544.5911883674,3716.77343003409,6239.90395475778,-5634.00939768116
2638.36845055408,2213.93184166052,3026.8651273647,-6957.99512745773
-1527.33100684101,1908.12847480728,-6014.63392146007,5918.53974856542
-2100.24307804337,-2911.64523958769,6524.323887619,-5049.99007662933
1116.0752055175,-3003.4236663848,4671.33190639668,6930.89686589418
4003.03907891929,-4700.08476066939,-4156.77547426262,-1545.15624734618
342.858415270733,3577.54130671989,3980.03120670394,-6607.79120302423
-1410.29966082781,-2776.3006739601,-4225.84636779274,6057.29134085928
2145.98574608704,5285.09968270165,3213.20867798973,5757.26853469062
-1890.49218044264,2743.67322444201,6999.62225873203,-3177.22434319325
2116.06880385491,3224.19279444654,5042.46059415364,-6389.2666010507
537.564879346793,6954.28628408879,-3497.85496617673,1906.75652501772
4366.07529861543,642.722088985756,-3427.34582476705,-7623.78029223205
-502.693443824636,2759.14760607519,6295.27796061645,-5533.48391482029
1589.474870777,1954.38770047145,-596.345143784098,-6796.70787204564
-481.279349843836,-707.24799937805,-28.2210283182965,7658.99319117903
-4007.84524811111,-693.822446599066,-1130.79672972361,-7238.38583999581
-1901.07912445068,2599.24480435055,-7089.45355543478,-3445.44098286905
1833.29673516951,3093.51461649152,199.481429312142,-7766.77415639444
2028.20975412527,-36.9467369760146,-7472.72652179606,-1479.91840660305
-1489.86075080067,-2805.24378120389,-7003.63556496459,3480.73249092999
2960.27272170849,406.825679016113,-6626.39969410792,-4217.1383370919
-259.586357116699,3025.57671290406,472.796410568278,7221.68483170966
-666.906341552734,-1998.58141590536,-6788.16966547282,-4039.19946594417
-3012.44263117118,2347.90640441556,-6284.68905005423,-4433.43319685249
2507.38885617221,-1295.17222385092,-6420.43078692865,-5446.04748723177
-3483.60148268373,-2872.0900962823,1411.25850769749,7447.23118660947
863.974514803911,-6790.75143158617,3084.17924684007,1612.60242347513
-965.877549162418,-2350.56972543043,237.690423435921,7461.6435003298
409.644439154731,2959.45153069691,-3493.12462870996,7751.26081902741
450.600609756097,2879.4060920598,3925.78183316569,-6219.06202686896
2766.12738626459,103.391911431182,7142.67351609488,5083.65321230207
-3943.56021835693,315.519024553248,-7669.2809767376,-3706.85418709482
-3243.92868094281,1214.23985132109,-3021.39971611948,-6972.58799173258
2028.19831604103,2956.85778692602,-4941.13939255814,6563.08630419084
-2034.27779921192,2421.11899943362,7135.13851125048,-1595.14238150609
6353,2364,2535.9542942272,-2666.61482735977
691.830730428375,-2947.96653415694,-2670.26421912965,-7282.58735726095
1925.31117182746,2205.13026318344,1901.83207785968,7017.8423775518
1051.29554204882,-3481.40911343455,7386.41074655568,-1753.58094147095
-2459.57982245451,-961.636595059285,-6464.61781384405,4333.66139711189
-1108.33014947229,-2781.01547888077,3437.85616598565,-7627.05127288007
-2552.20645709743,2044.35338008841,7059.65303106222,-1682.50446359484
-1562.84795604264,-2972.38784639372,-5982.54615326403,6212.56822050807
-2655.29537352326,2482.21677233895,7471.73632789635,8.96503590388653
2444.49354814803,-1551.97873828576,-5632.83744420392,-5934.49174373397
-187.27462646471,2804.97233110831,3520.15623935569,-7404.40106065245
3287.29598600511,-2329.46653464952,5867.95478217843,5687.49118233879
1875.51415956352,-1008.50959869014,-1696.23561045035,7306.7946125732
-2322.64812571637,-3420.4512691841,3809.74417596789,-7361.56555785191
2028.08544101836,2530.96841755319,-3935.23672546678,6279.33905752136
873.694747901298,3037.44442534447,-5962.62380930908,6420.52369533845
-1583.24214385475,2266.45979164068,1900.55663303787,7317.34848939784
-2159.0894604031,-32.6375706891934,-5444.53370892155,6715.55524363094
920.090148925781,2201.44964596245,800.942766766457,7066.94352468097
316.252955266368,2922.97443839909,-2637.97125406599,8128.00979292548
-1861.57787470387,-486.984682755696,-7266.29046142423,-2849.08892245415
-274.051943142705,-3179.22267577782,4881.9385718085,-7025.20362530548
-3021.69494951422,-5749.96160677655,1209.755614443,-3922.55887690558
686.63698689853,-2869.55667049097,7357.1775506698,1370.52182054377
-2719.11280484206,-228.183453043953,-7794.37988301067,-2078.48528158448
-2786.37601168169,657.926394945189,6939.39452893138,3176.76925282541
-869.235631978737,-1838.72919189869,5678.8139585599,6427.50811207868
1435.62336030874,3422.4210973582,-6551.60769117522,6651.86623856707
-3154.45030818978,-6550.56627458685,-1659.85461652039,-2709.49929211354
-1777.14111775896,-3186.85763072482,6843.9523049503,-3870.91258973462
-2549.28969983305,-2928.92388372138,5567.83449389782,-6311.93311090977
-928.170916427498,2586.45168533969,7179.20724057514,-1037.40854378634
2616.87203806803,2953.55224990845,5682.71787237715,-6393.13565843549
-2465.39879280656,1616.0433853361,6844.0229027617,4850.08696930696
-3598.11461910326,3022.71934327803,6602.0317707604,6040.98622373206
-2678.09939385354,-562.368369369694,-5123.26078841625,6755.38407185881
348.35466069351,2760.64896603349,2872.38358801944,6844.46454307251
3069.03936410528,-756.979088989791,4666.73062986518,6542.91182987528
-2697.75427010567,1641.70971649829,7402.39821178705,-96.9003658351614
3288.17805711007,-1060.87867860773,-8273.27863280528,-1252.34619994579
3178.92986311239,-555.500893031402,-6259.46317363147,-6615.70064226006
-2355.54709591128,-2652.08296531503,6218.70020944389,-6910.31585912894
275.064008388345,3397.33770088886,5171.55542570238,-6735.97806292157
-1947.36038005722,-2045.81508636697,-4780.29901847507,6216.27310556679
2414.60582978898,1292.03423767451,7146.31285065972,-2765.75144796541
232.297822324102,-3607.13104271081,-7100.44923587139,4489.4515220497
2795.72376882825,-130.678715399667,-7829.38914227765,-769.77971361536
1388.25875412947,3289.86180204233,-4235.50991029416,7317.92400820787
-2502.94721573534,799.556900289017,734.61245193137,-7476.17535667888
-3373.10271609619,638.875805368305,6436.70931623035,5314.67097687684
-2671.33811614057,-438.125580980456,7949.18421980652,2756.13637192182
-2738.478743166,-792.843765088519,7301.97654010984,3970.61326529244
2064.11475605021,1386.40825755365,7894.54841621115,1367.15399443201
-2546.15541535928,2028.29512294261,7400.38571505183,2051.73068094693
1694.09829193883,-2231.71587210721,5456.2387651826,6154.34160983564
-3204.3205116977,-553.502716533471,-6813.99713114328,-4254.18728004407
688.49094609237,-2955.32095682524,-5560.74104884487,6793.17594185231
3743.32474563993,-1698.14242461877,2218.41310542047,6611.17356253264
-1201.02449998841,-7529.25053248849,-2261.33958353201,-1678.7466535629
1984.84326843285,-923.314084888763,6655.72582068316,-4548.2565999161
-1576.8695902813,-2871.258571131,-5960.50452828385,6346.00876269841
20.6767872073579,7090.43409671307,-917.491912599319,-3308.01808981011
748.784611489776,-2633.70718525875,-1907.99802480475,7700.40283579934
-1838.95476970204,-2594.49068341829,6872.52647934309,-3720.21877378162
-436.003017722157,-2579.74361035067,-6022.58332224777,-6566.16626671034
-1843.57669702875,1551.26097418744,4387.73450548318,-5848.50162628894
-2253.55373008578,-805.359666159522,-7176.97979860097,2236.63446249646
-3132.67812392687,1527.59390053559,7718.92451863066,1396.36653195807
338.394992354933,2549.90353024971,7404.97786928504,2383.68543421847
-2598.16530537835,-1037.09997699051,-6857.65597176866,-3706.35449103582
3060.5220443902,74.887939453125,1634.48695210544,6901.19746986102
-907.544223655071,2936.98477871845,-7098.59191195287,3902.17040912331
2216.43608966912,1618.38621995467,-6721.77025172167,-5169.88373512198
1674.51032149458,3246.52898844478,3546.14493398734,-7106.30862532739
-2614.25316758146,2117.28374713603,7877.98053974861,1306.40188936615
-1251.33450447145,2303.89449408657,-579.311237522429,-7182.59917249486
2564.07330980179,-1591.46937126726,-7334.6200192749,-2247.47240989681
2466.79737837575,-99.1004406793456,-8163.62760236483,-2896.49006197013
-299.520077101528,3475.84861622686,4451.37021156418,-6909.68990854977
-144.429695566135,-2702.1194409814,-3097.93316051647,7352.40599268123
-388.766075134277,2539.82287534136,2949.46845104342,-7461.72224175769
1203.87701663971,-2144.2796760786,-6201.45554348109,-5099.6772568997
252.186863687783,-2547.07625204323,7097.03691239174,3347.4608501966
-5334.40093468036,3582.85851531576,3803.31855957627,-1940.08232887939
2379.39186198632,1011.12816756089,-8248.46650344595,-6.32785992242594
-2394.73512917538,393.658367068269,7329.95946182096,1213.2311486054
292.463714599609,-3444.17922404727,-4351.2792449138,6811.46252674153
-2205,-1967,-6254.32126189015,5212.69343111157
2679.70642928219,1283.80616970208,-5653.59778873109,-6266.89351148397
-3922.43637787793,-338.742864233241,-4775.95097360374,-6953.03513907204
-1639.1309630281,2538.74971009769,-7428.21961806534,-3110.42988229633
3312.35017263995,-1326.70424124032,-6193.95903397774,-5619.5294946718
1920.95666128935,3470.32468468988,-6996,6702
835.98791732581,-1704.30434237247,5273.63988873052,-6274.65184179057
-743.799754792042,2871.55057367596,-6997.18785125007,-2852.43265394581
3249.65412621553,1156.50594414377,-4126.52891695205,-7020.90874646112
341.0927734375,2327.284678876,-2276.57044405829,7593.48932746099
-3205.96607183926,1669.74017995597,6145.59201437393,4769.18166875561
-3691.73788115447,323.417898038876,-2595.23679640162,-7757.25225059904
-1792.48253948474,-1655.40047374964,-3916.28175256628,6627.92251164161
796.761759333563,3245.5514504977,5040.41710920329,-6920.77077881174
3636.32456871293,-100.136351007386,3594.92517186006,7301.38036226109
2109.87068763796,-644.972128855449,5796.24746349955,-6452.15692695939
99.5532683846637,3529.02954798647,-7652.145642638,4179.63769336481
-147.204531195649,2703.95644537384,-5845.32697434411,5933.99380520594
1363.6225811328,2123.09913140857,-7252.53882020621,-2500.54594517247
3154.5557814693,140.691847826087,-6408.48421127834,-5173.92113735641
669.737410448097,-3521.69317135459,-7282.59952491094,2133.29852341714
-2556.27921601388,-634.96231767697,-6898.57197666259,4864.2065787411
-1807.6650597238,3099.53978354666,-7795.35456108328,-3868.29494714593
