complex_small_real,complex_small_imag,complex_large_real,complex_large_imag
3239.36435330427,6590.30112485149,-2466.12729850519,-1425.38381980839
7387.10748554429,-870.191772460938,3191.83173644007,-3835.33144595008
-2663.50893512796,-7208.67274988884,-3421.90518954574,2282.24128839262
-6514.6413029474,3816.03566347185,-2661.60029642104,-2519.92566465568
-7264.56942942306,3124.94296806247,-1579.45570840155,-1854.51087788091
-648.612731324764,-8023.73299730217,302.523446258408,4782.28268241533
4970.5980780777,-5458.82820349797,-5160.4564738143,-3445.38282594874
107,-7020.95632883863,-1928.05256945525,-3667.06715685798
-7232.48169889735,3499.58879029014,-1242.52736977464,763.266018182585
4931.89757814693,-2618.33343497556,128.01012596538,-3647.64445265778
7017.48338153255,-2734.32898511682,4672.87050304762,-55.3827160493827
79.2006374235425,-7076.94678133667,1020.62333430204,3292.43183847068
-1724.47099663467,-7598.38972655535,4911.67458249218,-851.81021234471
7214.58419425024,-1651.63497553855,394.342115563232,-3196.59561523018
3909.51004144445,6553.01852153446,932.038739046183,-4510.94583704822
3943.40063374934,7115.1336151667,-2943.41604423723,3375.75610662479
-2692.30440981123,6056.43718772295,5201.60797042217,2392.73853366448
4071.6220525237,6504.90539009708,2048.07941544358,-2717.25240234375
4147.75884406152,-5448.07502030667,-4697.85365527875,-2079.46533183373
-6842.53438110073,3737.96322474212,-3176.38568868891,-2237.05007349279
5255.4350909855,3362.05061645635,171.020344781094,5562.22382719523
6417.53068836911,-7304.33824318003,2695,-652
-503.092330932617,-7018.05843015007,-3842.63693889192,745.446315351415
6421.95048830021,-6102.64624646523,4185.41952672257,900.801631213718
7271.93015480089,1176.63645801618,-3905.80013823173,1282.05491943359
6728.0660292646,-5290.98836298015,4548.96914915495,-168.72998046875
4378.14043771289,6855.55722946608,1156.88444522284,1707.97260893299
5254.09898902878,-2027.23452955996,588.64476776123,3914.44020877716
6517.4015733151,-7497.59094777409,942.518545423193,1962.43176940706
-6384.0229142299,-2941.56265358026,-1188.38483917881,6266.50159226037
634.96630859375,6872.95908014372,4642.13207319979,2316.26373962169
7237.14118361241,-1778.71180094475,-1486.02645567619,-2049.38673513238
-566.005578704769,-6894.55366573516,6319.99742800381,190.065000517178
-5090.77488929765,-3906.02773516459,-211.370361328125,4911.38239762098
-3622.1759797267,-1705.28009068451,3644.9793557304,748.784814975173
747.001323133363,-7447.22481113734,919.096604724271,2407.36244395463
-6435.70351597461,-1419.74072813095,526.315490262364,-6342.66501426392
2462.18957834626,7597.10162095553,-3546.61764816776,-1373.2932266781
6794.88496407801,928.62860213019,-4116.21848724745,1530.08999390438
-5101.9618183316,-2485.17154947814,5816.61238576826,-1457.03502750446
-5839.40717743683,-783.324013379311,2610.02766103923,2174.99966636542
483.510701575562,-6223.1131820601,-3242.09885936715,1714.21053675022
6575.2417376918,7947.23033205764,2006.92230611115,-2820.83447171169
7777.75833380507,-367.31479368662,-4019.92970106337,267.499229431152
-5564.29730287261,5776.78220404245,3987.38684352944,715.22034115759
-7024.9321697067,541.682123163568,2148.62343912365,3101.04382012768
-5283.63744327921,1457.44112462137,2687.01894215175,-1480.57472349715
-5844.90152551355,-3822.8018011083,2580.53062142638,1444.17816310649
-1465.53271804947,-6962.07750828716,4145.9473583586,-830.178703241506
-348.708576343678,-6381.68379771421,4055.52571749833,192.484941546215
-7633.09816531669,5857.9243240511,551.483560569856,-2939.93110327339
992.803340728738,-5165.91068982263,511.885900858459,-4118.4436158654
-7389.03338099744,-7611.25237716786,117.041819619377,-3663.9594600854
40.680783704301,-7573.63329509099,-3190.08545718413,431.914019175172
72.715392426457,-6584.92299755064,-5129.68131358286,-2263.29811062182
6964.47388421533,-3819.59292040245,-3735.24316808557,-2533.56361667682
-652.640396956559,-7033.68920776388,-3255.057821843,3136.50346220064
-5314.38410190713,-1371.15248153742,-537.410202634414,-3689.0251331209
1829.18787411062,-7409.68823365897,1871.59171107521,3852.11170930492
-5898.9166123863,-2289.66226763776,1650.52819115362,-4747.40790565227
3523.6063562949,-5765.73381572826,-5970.23189589174,-1530.29211148319
5805.51866122345,6045.24135493686,2193.65804778159,-4978.56937749316
6652.75054911074,1497.09473410935,-4258.42635974105,1208.98263128449
-2169.3076535938,-6498.66921413621,-1045.86712605013,-3461.56454636135
-371.700171434682,-7070.99588266632,2422.9385285838,888.464982778416
6694.05875105064,-2916.64412689465,-4246.01782103572,307.944519042969
-5631.10300358049,3895.71648547725,4531.96473689697,-29.4210510253906
-6478.76171191734,2625.50514953778,4842.50109969306,-578.992647058824
974.591966237107,-6685.32377600413,1628.90503652408,3973.76243932383
5984.15226774386,7338.49461829697,-2365.13580855532,1642.56847621678
-5965.40822678037,5030.61165992443,5171.57675917876,495.294956046091
4807.30423389318,7564.74055062064,3806.77954639885,405.868839612875
-7016.74130383802,3710.09217751283,-3044.52257250895,-2927.41712251821
6631.14810845932,778.195947491587,-3385.95110332593,1018.35852423922
-7383.31128965081,2889.25060835381,2425.74072861376,3522.97626742697
4183.08629338903,-5589.84916053803,-5743.37359073414,-629.411981340061
7598.73157885932,-1068.23630331654,2633.66455888952,3405.34406622814
-5928.29868640684,-7055.06808501481,-869.604110054348,-3939.02129731295
-1478.3732644894,5520.80013542038,-2177.13800841117,4084.31107967278
-6099.25492619683,4275.63601109502,4133.66744353694,-27.442268371582
-7155.71885095581,1128.47869032149,2558.07192697817,2059.99098626974
-7275.40691644417,-6518.03095427378,-541.227700030865,4186.61843215213
-11.7439917023053,6681.48263141699,-5945.52738791096,-2255.6167450328
-6011.18840886255,-6514.62698182534,2763.82838299353,-850.969465746826
-5922.46142339362,954.819902243073,-1832.35715330884,-3588.32647396887
908.788152235308,7176.6814730992,3922.80876388137,1590.62539766702
-499.239730601238,5829.42673508701,1623.1419386111,-4096.23667956999
-6402.18122261387,4312.44989647608,3735.32519175475,1332.69361146028
-5322.18265398113,6584.54401076779,-5186.66083298219,-1226.93041706085
906.320712438939,-6733.25273943998,-2242.69221379194,2495.54107859597
-4862.29645871556,4887.68428055512,-3770.82409222224,-4659.56293630745
810.084871572429,-7036.38287074854,-3319.07571804048,-4414.84575193155
-6274.79642260954,5622.57489876733,-4773.08397964608,-956.425024080158
-4061.15427349395,-5479.02794693708,-4283.32980627561,2689.99400975983
-2592.97861674048,-7487.43233421897,-3487.62341930808,3483.31853655243
-7580.32592866782,-2532.03170144711,1616.03834206123,3213.38205503806
-1645.54105056709,-6989.96041539328,3959.90789172088,-973.64387603748
7129.36901087248,-261.74158083792,-332.851239392932,-3636.98240343811
-6785.4990422508,-922.675227792017,-2312.85574743223,2520.00667240126
2195.30509266955,7103.95524102981,-4197.08385383272,2386.83415047519
2058.18602039791,7136.54870686775,-3103.42816335068,688.863586425781
-7169.72413056623,2982.2567791266,5084.18410369234,576.958713723888
-3888.11440490927,-6893.58069302371,-1146.62074348027,4635.53372323393
-673.956565893613,-6808.53948837829,-922.914134737928,-4202.44070331026
-5250.66458698623,-6495.64108476857,2800.6147187513,-862.483819369612
1099.47900168333,-6823.65437644983,1569.11557569138,2681.77667634118
6486.55044040889,1849.34772821948,-4328.1999792176,242.637515827761
5926.26602364192,-1322.66021403087,2490.64698460848,-1903.89201410611
-5721.97380733225,-2463.62812767501,-1876.70775386265,5635.67065236777
-3370.92160019785,-2122.13925405941,4074.48899743099,1400.5372065548
1505.83787278421,-5783.97770221905,133.185989379883,4641.37369423374
2473.61299183287,7118.14905272864,3967.68012466433,-549.80081849564
4351.2046818021,2667.91219262359,-3348.61954374203,-594.696475195822
-858.440113988416,7291.32312086777,3291.81256392413,1182.75550313188
-525,6826.76541770016,-599.907192282797,-3994.82389299745
385.597612773884,6627.71914707375,-819.704114230507,4590.72471217961
250.548156738281,-7765.17607369559,-4278.24271372123,996.66483139577
-7215.60611123914,2006.45430262945,439.435673719012,5134.62173588894
-5875.97553722745,3956.47181039996,5111.06743634666,-176.551078796387
-2497.97133915613,3657.20579600514,816.96903919662,-4798.8365407412
-5423.36864396094,3359.59011256817,-4368.49889188689,635.717378096147
-1698.65959659618,6987.21331983358,-3255.2106746639,-1840.92361370526
6761.70110680887,230.875,-2448.37539999697,4901.07742022815
-1396.57950394062,7414.45314815401,-2201.78260183246,-2730.07280719658
-1079.3447324708,4682.31758068205,3430.16240031603,-856.193554066852
1157.48829878405,-3748.46194742271,-2232.56075315793,3225.47542590489
7139.63611408565,899.475510196797,-1211.26244354248,2772.01077574215
211.83876658684,7079.4608931108,-532.422058105469,4427.38499386721
1632.98833897633,6636.80863985561,-5435.0093940534,858.973790381684
3819.97122542819,2281.83049007043,3224.7823924905,561.230599509589
6553.85598792521,959.304241910123,-4162.05024464819,-562.741663839848
-1789.35775309697,-4776.51639985881,4496.44649266451,851.529027855222
-4203.57095389116,-6391.98437763774,-838.262622001151,4085.81704339677
3430.08425241434,6331.48345796227,157.849395751953,4678.71069652037
5851.53305730932,792.368815981613,-3714,4314
76.7229937009162,6719.57782401255,687.249495967742,-4400.27455089965
-6995.46403422683,2770.99460561764,3762.48445926312,2628.36223706417
-7457.92704173818,1118.12647366442,-2456.47109096098,-3403.29100138735
7132.98806065024,113.674451723743,-2222.70316513646,-2860.59323912276
-2086.98664853359,6238.78934677773,6056.57018337941,1724.30709971046
-4922.29671464044,-7356.01418377394,4126.09763244232,186.491935829335
6718.14614013183,1032.56715866615,2516.20962855972,-2534.35728116055
-193.707596998948,-6438.92044655697,1626.07707476487,-4367.58166478865
7474.434046315,-1205.22100127904,506.260141473067,-2379.61156591881
1201.4311679027,-4145.24123098399,-3846.3816368785,877.188775298121
-5524.91705716134,1034.76152632937,2012.64616071229,-3335.72302327974
-1321.58050537109,-5225.13537771537,-882.465495354145,-3769.62747575537
-983.617553710938,-6458.9914904332,4841.04922559262,770.424178333182
-5558.63540577849,-6838.59143446264,-4253.56681365008,-355.322237318841
-3710.30873018085,1838.52384881192,-2850.59037267659,1980.42264615786
1149.74159326688,-7187.51643058473,4000.88765300374,868.15268388358
6670.36247509321,-2842.26125777312,3456.92629678267,4205.9602259858
-1269.20740526038,2836.30668239244,-3010.54580367921,2643.37290908511
-2350.8476862885,7380.77047787371,-3529.57680393326,-209.495326280495
5634.10977842708,-3091.1008280676,3739.38678781171,-624.875637632749
5112.75001857592,4226.30081737155,-2063.00809174469,5681.10968413552
6245.89807526466,1465.32706796189,-3948.43638306914,3961.92476625912
-6382.6093236614,-1026.43050984026,4275.20706131677,-3115.25433962156
2367.07986537206,6184.59720462529,152.942352576623,-3602.84527490215
-685.14061084692,7225.64431447225,3629.516108667,3847.5216871053
-5366.96939641779,-5808.88272035334,1511.54952299621,-5802.3148593272
-737.223449707031,-7043.76666120695,5335.65322572201,1704.49013559442
6419.83581789186,96.455938064011,2590.23237981669,2462.10473913619
5331.44515449511,5139.47980339167,637.463197046926,-5705.46591930113
-4945.81905352546,-7039.19564835315,3331.64269652447,-479.845757360659
6542.85349733157,336.056977963874,770.057907149248,2316.6903366374
-5514.27469894612,-2909.26550379026,1361.90777302818,-5455.4460285845
-5176.50263189957,-292.646728515625,-2585.39317869916,3388.22429676973
4422.69418830507,6832.68617398329,3320.96744002703,2219.84601585969
-129.665609704443,6926.48174624465,2432.5096837987,-2889.8461804732
-4338.84982820179,-6322.68111613151,1117.06296624335,-3907.70783135951
6055.17608026657,822.876503744074,4573.2483377911,-1747.68049926758
3849.66470781391,-2320.98121165644,-2926.44304870014,1757.09794873412
7119.14689227525,-1283.84277058347,3892.83488800604,916.277600364964
2928.1051980198,5941.59597876626,3168.72117630867,-1741.43099032361
-5754.75758806993,-3312.84012427129,2699.17732426029,-5469.87333915661
1267.65265646019,-7165.0478098765,2424.31500998206,2129.06633285213
7203.47736463869,-1560.23996785482,2872.86524486364,4444.11068498291
7222.66526046621,6.4534366128793,1839.68157940472,2865.4181091984
2605.8735021204,7416.74422500547,2330.96808413945,-2710.02996089854
-1398.47395660004,6777.52115538342,-2243.22756700835,-3465.23912164208
-3797.5585333206,1294.4832745345,-2439.15569977462,4288.11160822766
-7440.56455142979,-108.70287322998,-2487.09889475589,-2284.04769112269
6634.5789478425,-6468.48471058242,2686.1818385305,1594.63563555961
722.312787349447,-6922.60580962909,-3588.14962114905,-452.625726582521
3859.08323347244,-4059.40318070711,3062.58225512009,-1229.94033110397
-1593.61147637235,5471.15615305791,-1002.08749562631,4248.28314436974
-3979.40600077869,-2188.4442473461,-4135.75436999734,-2899.80434939857
3090.12571026492,6907.38841313751,-3122.47946568619,-789.988230404016
-6809.39242237253,-1229.42815228341,4054.06220033291,-1655.52259732891
-7860.52568939026,1464.54231955081,-139.101408650104,-3728.965997039
2350.21568429347,-5254.89796452233,-4556.15182537899,-854.100463149734
-1007.82253298346,3495.83038200782,1984.54972938359,-1702.7786004244
-626.02752545558,-7062.3775876572,957.176796678184,-3419.37281394273
7471.65366227125,-365.967461141328,-3992.02958132628,-1082.62286132373
7094.93670530507,-2846.0689067754,1908.11540183015,2559.91932555839
-7050.61732135968,4605.67773899297,-162.129219055176,-4275.70321789052
-923.594311070655,4981.2543798671,2824.96410001805,2534.49210664618
2671.09549073787,6551.60714702436,-2213.60028239678,3753.92232504535
-2392.70346362973,-4466.10316066347,4878.15311105887,452.714368147721
-4840.91522537081,-7757.60440591873,3391.88203443525,-233.597870248417
2601.52380934416,-4697.21717465503,-194.123962402344,3893.51572478287
93.9478149414062,7274.20834123421,-2779.97603288337,-540.473004882157
6377.12243065181,1374.82529224577,103.817047295308,5408.33891013638
-7075.99188304898,-484.166507586313,111.5,-3135.89150270209
-6542.04348603232,-964.821374510474,2387.16593331191,-5877.12417268158
-7523.74016382248,773.419750216349,-1771.92901722498,-3666.51125413251
5012.82898206813,325.590026743195,-3670.46383930844,2036.10788554754
-2127.02301727082,7064.76532540123,3715.69913487453,451.607880728585
-123.58203125,6239.53721785292,4109.73334504481,-56.7311355915475
-6485.80207168719,-1699.60686108761,2460.07057087391,-6260.60447664079
-147.083710283216,7253.16450097876,-4346.22766098223,214.281235090649
1041.31615356322,-7093.3773200801,3875.08211652288,-734.943753854601
6762.70839807159,-787.807661869461,2400.75734722175,3718.6161385498
1174.12326356106,-7119.37289161227,-4405.75034196179,-822.933037576899
-752.744090664504,6816.5116559254,-783.725525369053,4225.85614755129
-4434.85182511687,-7657.13526464388,1870.83722563683,3119.21234500244
1833.89067318323,-5851.86566466746,-5648.61520833631,-2400.23955798437
-4100.86948771499,-6425.64072368203,2174.84648288871,-4764.39101847018
4133.29465787977,-1873.80114130837,-1081.2299223196,4027.40379549593
-5348.60362650838,-7820.19637573897,2958.98836852004,-2443.04101894196
1526.13265527588,-7348.5310684646,3995.56013235379,765.81878115862
1677.69158161813,-5528.75727899693,-5579.21298967127,-2198.8648135824
-2325.80753914687,-7108.9069827202,-5148.86537250964,-1085.60225510597
1179.50557494393,-5713.19803400354,1304.04698255351,3427.29733256805
-6277.97143138774,-1255.93524842443,-2766.40269808902,4134.99903626499
584.390258789062,-6671.63616570226,3890.69394479443,840.63215013587
4745.05234742407,7257.35025810205,1109.16503806021,-2928.15084457013
-3426.73387888211,-7324.19877384889,4889.40251183062,-1039.04421391708
2173.90091272547,-6995.05651927895,-3011.1510725945,-2423.22231730565
-160.698985868553,7042.92747707688,3318.99590872829,-1508.95131523991
559.041936158886,-7243.64002404687,3429.02492289415,-1079.60014226628
2997.8039115739,6386.27760902283,-2665.64246717706,-810.027517318726
-6681.79943901481,-62.8540344238281,-1765.51960427752,4035.91755972414
3563.34736053423,2769.46112903242,4394.43888836488,112.899457424602
5955.8984707736,-2317.21632283416,-1928.28524861395,-3274.32020041914
-2497.55706714576,-6756.37885778439,-4775.97351551842,433.816107818895
1800.32916815688,-6915.39363287495,1665.120561892,4307.01019032073
320.716918945312,6759.62183028519,-3592.33866103739,-881.666015625
-1916.05437912307,-6992.27367198409,669.45518587931,4306.42762822443
-7928.18779781485,-4454.44499184288,-2564.00263718117,-3101.5704839459
5131.89582437182,-4773.1157276052,-5961.7283370084,-1285.91698413006
-6821.61676847075,-1.19891783301512,-1381.34931891175,-3705.79154052798
-2228.11986999334,4603.86583699155,-2792,4604
-2316.9396511758,6734.89769044976,2372.14089533417,2985.55182572076
6879.87226804518,3372.14692945969,NaN,NaN
6325.27691497259,-1191.80605381166,-1825.24880944304,-4894.53199850844
2184.37176828852,-6118.51423940379,1729.52563459102,4849.65271695313
7426.72739210793,187.30117944197,2289.86491582705,4160.17638001078
-5671.35843885347,-5395.81703363718,-1804.87046756753,414.502058649004
-6476.75077952657,282.585381547752,-4056.47082120203,-838.004649996629
6233.85936182565,2699.18833428347,-2757.18167773801,1097.11745908986
3996.63711353403,5445.60679576241,-320.406489701705,4812.10625030234
5604.10560435727,1723.01918468941,1891.82435996498,-5708.48348661914
7037.17621855162,1687.914342235,-182.747735772482,-3761.3680399585
-5992.04806594414,-1326.89510817013,3790.31622524818,1310.7162969798
-4623.04720418015,-492.644522831358,1071.53161972725,3155.88238567914
3785.7191809343,5132.24620532555,-3064.23831965996,2337.10448563806
-6445.68913986814,-5808.02185785602,-1830.08085226363,2676.00447940102
6609.86045917135,723.065734863281,2767.70357383459,-4112.11235100525
3630.96165156912,-5375.68621795339,-5777.19529643224,-1564.59155115808
891.254431203634,6539.7147632451,1036.09125,-3797.04541800126
-6989.30710064217,2470.11384622242,324.353706359863,-4745.85926784718
-4875.41078687406,238.979704394695,2005.12892133169,-3851.14228747692
3630.53232990318,-2566.72864399178,-2180.50174148607,3910.28624122615
-3983.44042651172,-6475.75136255967,1978.78080194253,-5043.10223926073
4997.09795747069,5266.80604216886,1398.63616068646,-4591.3974252236
-5093.29836520437,-3176.8869674213,-1191.6800776143,5361.8973758994
2346.79841839826,6163.52162021375,105.387639840444,-4640.96835283303
-7092.16820689197,-2060.68588108711,-1442.89926892146,-4139.48207812211
-2273.29327428857,3788.0017547806,-2153.4330025001,4333.89244824003
-178.890028672867,-6450.12896730873,4734.81625217468,2407.92809930444
-1237.33203125,7642.70228350325,-3685.05476608449,-1174.32501004649
3653.07900910289,6067.08995808279,-503.030855136598,5218.796495001
1739.75982213855,7232.16674244826,2748.92692895773,-3626.48647669783
-4648.04249601582,1358.2662412993,3978.7911770464,-542.053450956123
7828.39370926407,-4818.55624515402,3060.47155669617,-710.234053762336
-7010.22586485271,4030.86778175141,-812.827835940345,4699.97041156008
169.015625,-6022.9205184258,-1294.30853058019,-4073.02438298745
1226.49395751953,3871.86377587249,1147.93288730373,3314.87225923547
1929.74235443352,6839.54698582147,-3194.41063934867,897.103999091751
1943.50656603661,-5520.11680666873,-5650.13314091138,-740.056058440574
2517.80471415555,3560.1262299467,-4499.32717019139,-1709.0648072536
-7797.41290448919,1190.65083712818,358.605245168585,-3632.46337747004
7283.90732496995,3170.23517864557,418.365798718412,-5460.78350010148
6743.56717332067,-2216.15472986383,NaN,NaN
1675.8893625566,-6557.21927384476,-2807.49174528302,2307.2478726757
6071.81407031482,7369.54485139155,1042.13262548326,-2506.58715436318
2908.69494665852,-6467.27067171317,1819.74955453363,3509.13820372647
3178.97685033981,2539.88168646743,-3472.92989061856,-2369.33878614177
6365.53149445309,-3280.79269691274,60.8275140349866,2253.68248092765
-7416.73955089734,4634.79266062819,196.40771484375,3520.5811213868
6537.45005893083,3042.04814299058,1431.6252908975,-3033.75843105468
5904.30445002525,-2848.03506886344,-4489.80795902382,375.701423584946
-7810.72637362974,4142.82114909934,-3507.83661526558,-1712.9145535272
-6762.38667257242,593.437561035156,2459.40980375558,-4505.48848304414
5767.28031645976,2024.75305773308,-3637.83351736012,313.840774684033
4902.69996847717,1286.75537538021,2439.36813531468,3156.20509398107
1443.80095073884,-6379.63962610693,386.065016208957,3790.83180911693
5119.457986561,-4537.57962849125,5359.23383730364,124.954077556215
-7219.65894457965,-2633.28569616691,-1557,3447
-1176.36705568054,-3289.23636180086,-2877.94453927342,-3647.93453576691
7322.23461412028,249.29126584742,1476.21540719236,3951.89305690785
-1677.2582381771,5848.05471381891,3109.31200296255,1968.34539087448
-5084.13000131139,-2581.29259488094,-2616.51351481918,5750.92359364383
-1136.11488681102,6371.99054221961,4098.95521964888,-370.805035846989
1293.69893220977,-7750.73137984187,2696.3197629228,-250.61328125
7680.74596399962,-4273.14583983979,868.996978893567,-4741.56729505773
5298.1383134459,214.222858391977,460.370445941655,-4461.34848037851
-6601.34000450909,-563.895467520546,-2615.38297860079,-2761.45058421466
3339.87989754763,7113.72499053714,-5298,159
2253.02736137581,4605.72287734195,674,4828
7084.8340273347,3068.99061880169,-2533.17236161334,2272.33876883055
5846.88382965555,-2883.38442593743,-5058.88238675279,-927.182056157276
2425.97343370124,7024.43281039268,1743.27800103709,-5179.42304671903
2588.18418250961,-5785.2747106041,395.708826426179,4393.94088913757
-6311.20799384407,-895.944231229486,3450.69659844665,-3817.73119388972
6826.02906485499,2579.61763804242,-2981.36275382336,1648.35996434214
7736.67220814477,355.195680618076,1068,4690.65540687989
-3553.61787900497,2572.44191065799,-3133.71993900424,1019.47940548471
570.828592905839,-7143.31714843787,-3781.28682303983,1253.01733616128
1508.88866941547,3641.1470274703,-4346.88983073934,-2375.86051719119
6282.11953659048,1905.102240896,1952.2653914935,3731.94803769149
6901.37114155502,2207.15934077983,-3247.91272792706,1747.58912682467
-7732.7919854829,4018.08320711492,706.952747624805,3079.20786541717
-3399.95957608199,-7434.56788976207,4348.16351718665,-1785.98908255864
2516.72692144591,-3348.90406747933,-2744.68332534183,2727.5753267876
3967.88675072711,5316.54733262323,-950.104962044068,4944.76474479723
7689.70447811311,1849.16808008466,-1070.11453849243,-4242.4934981019
6997.36505129569,-2346.85696817702,691.271764324311,-3650.83174184996
7788.86046154402,-1016.25391712804,-5251.13792286736,-1556.73878142896
5186.76733542584,1254.578125,3951.66109965864,-906.769086587885
-1331.77625253197,3649.45693886244,3668.48274519637,-844.366615748428
-5797.94788844707,-3479.12833707633,-2669.9332700144,2685.2061275313
-7072.19900757578,-167.222999952046,-2613.57087584538,-3160.13219360352
-4881.15149445185,-5671.86466935176,-1949.76405699017,5911.08445945008
-2348.29150088788,6583.95456822467,1337.7625280185,3676.21321539324
4027.95983634025,-5750.35279329917,-3040.97875672248,-2155.16497571285
-1236.60659154291,-5525.71158763549,-207.697265625,-3516.48262623189
68.6724137931035,6822.49180890204,63.8562504226613,4952.20296829349
3193.93872288412,1796.54759203654,1072.63866877556,3434.02566833921
747.108327550442,-7852.789363831,3612.32198545231,175.798767089844
1164.52466445371,-6125.97951476946,987.850315004381,4022.04879642029
1324.04536704067,-2539.97415552164,4575.19865152718,-1024.80629457809
-3943.22774676226,-1887.23421904251,-3454.29197054756,-2507.251135755
1718.36120111771,-6146.96475716198,308.355502518391,4409.50690246996
-7085.20187782333,321.608024597168,1489.06007999708,4245.71654133444
3281.9602588006,-7000.89747458625,-4689.63187244177,567.48880941105
6363.16967495594,-2602.77437468181,4648.72632715468,233.705231741573
-3925.60362827811,691.89994916524,-1847.70877308626,4073.06159215768
-24.5680580003577,-4251.37857799269,1952.1711338076,3513.63545492149
-2522.5863006248,6983.37799019051,-1578.74494180072,-1779.0017450231
879.509395013228,4671.0891986015,-4269.20599013967,-2368.35459323368
-61.3205211874696,-6785.46915898656,1264.5423635642,1941.98873819574
1742.33650598702,-6174.80846572906,4923.01059759667,1904.18966316111
-4176.89519293073,-2199.42426931792,-3673.32872048915,1791.30898821795
7189.67520310332,-1374.9203367506,-2547.77616893268,-1743.75853046693
-7546.40405949877,5834.47609927238,668.747835010593,-3292.82192934159
-2831.73734992337,1856.78616010855,2504.97390507495,-3860.5259580491
6217.11806811882,-388.500397012718,665.227310180664,5295.25103727679
-5883.93196328743,-6163.73038678547,2617.75995415742,-2510.9601861254
6.62495783745399,-6733.61378834519,4328.93609489943,725.038553189286
-1615.59364568375,6467.0890959412,3325.95851943035,-2537.55951952409
6808.60083038862,2429.66606571064,2669.67778075883,-2331.16967786233
-6656.77032540106,927.040540729291,-375.218006298739,-4600.92776072141
7379.24133110036,-1479.29718788824,228.982182382902,-3490.64600565811
-4104.13679769103,-5454.55621633591,4524.26827167247,-2481.40277141259
1996.81294713653,-4735.73178748562,-2062.93601123795,4239.87485859396
-1177.0101671739,-7990.24622190542,-1543.30499712001,4030.54316898074
375.868721008301,-6432.06191725945,-2695.07766622137,4575.92581312238
6773.26667798959,-218.934394836426,-3913.56683776631,-766.72337962963
4419.90279223248,-5343.29974630556,NaN,NaN
-2819.93460122814,6704.49210503679,3781.16583058735,532.586772480656
6956.29535386994,201.496187250665,4484.18707045038,1966.3351765057
-4962.68529751899,113.953750894822,-1935.32153397695,4166.36089203155
-1341.38185263088,-5363.25166358702,363.535891492713,4997.47634879762
4473.52499268509,-3000.59585445329,-3951.96648044699,473.488895516354
767.904796800387,-5605.4962258436,3981.791015625,1792.3306755709
4105.81188576967,-8057.35084649623,-1058.85693682522,2077.05270342704
2287.10636135642,5226.23180946814,4245.83984265109,-834.016791221397
4660.93375886567,695.010719929483,-1516.01226929231,-3567.14366007194
-5911.62940346122,-3223.33426800363,-5414.32597127777,-776.398586756696
-5679.46269415365,-2546.05295809966,-4703.84006867019,-2100.37585797757
6116.72159808005,775.166919498382,2161.27429420884,-5333.9022300574
-941.913642669393,6646.00508330939,-404.306709375489,-4887.45955508805
-4553.42074870193,-3715.45207581521,-926.556168527966,4895.01821448896
5416.59744449998,3431.9514502699,2034.32906719261,-5885.53514808994
-6335.00801699779,2940.04217087514,3568.6159175345,3203.86449826092
2358.03737902133,-6920.6869344467,850.911830706031,2816.77841934007
-1089.69573509916,-2621.37271440738,-2199.17818780192,-2884.7600678079
1241.5078125,-6157.6894326696,141.717765968163,-3984.22932912656
4670.42392938755,1690.75691887317,-877.232200567233,-2601.56986453342
4302.75266149683,1650.79908613881,-3183.02785955404,1900.21469907407
1878.80321259809,-6163.76114616497,371.052805735592,-3818.88465170987
3189.76703454068,-3998.29773855418,-2839.87427932821,4180.09607729224
959.879025244835,-5260.86195010816,-4413.51350178775,-1569.49953811954
6673.03482874218,-5352.99750432731,4118.53262909585,1215.87717656081
3137.20215905845,1852.91595801905,983.141237212554,5000.61756546984
-3640.0101627361,6485.45124391251,-3595.71013516473,-1744.90031260653
6195.50367427269,537.434238257728,-2684.28698831919,4106.21803536113
5191.21790984529,-6534.50244079805,4693.0373748065,-283.243189035376
-6052.21083593696,-1255.92054417179,-1012,4345
-745.237724829966,6214.63786674351,-1963.11384534334,4553.91802024482
-6733.4553573437,3158.39461987528,-4119.58189557277,-1959.41390132716
-1801.99299917988,5474.87519052759,-2443.80727483892,2933.93782157171
-6944.57348412056,-1236.76605114812,4316.03611309521,-174.150405883789
-7303.3703384514,2548.01603196657,3164.19989531787,-2132.50199515865
-3670.21270378425,5630.04283958831,1252.50816947058,2901.70825164855
5060.26557696284,1859.23635508987,-746.441427219133,4229.57389882294
-6166.62195128214,-1346.41181365516,NaN,NaN
1605.53294863502,-2978.72002173388,-3152.00457918648,1008.25370715574
6838.19852559509,6588.00182434361,-2602.93231570305,-1543.90940836432
-2694.44421441898,5108.22387406766,1825.16274051821,4739.33185666687
-1314.79499586856,-5745.9599147481,-141.178100585938,4718.03985285187
-5736.82400910152,-2375.91604999957,-597.759207567339,-3962.37579299812
2954.68135921356,-5774.9195568753,-711.987286757907,-5346.72482770047
-4676.23550586038,2910.18267871094,132.482776163299,-5079.0041706501
1986.205540597,-1774.12963040824,3669.13546519095,-3406.49558399112
-550.166152589636,4150.46209849901,-4313.65865739494,524.43310139974
-2474.68638143454,920.047350130322,-4529.59987796635,1080.23672768545
-5116.82570951372,-3449.90337350583,-2574.07517976213,2837.59171387097
-4967.04012679412,5399.04247927367,5352.84390165724,1482.47618511062
-2238.89580770418,4405.03989429907,-4119.99627356971,1030.8628320007
4950.65077165338,1135.20429347302,165.008799667499,4474.28419759036
5329.29899619818,-4306.57601979581,-5652.90612366511,-1057.49603271484
6000.5147579948,-7019.27880397747,-178.036818701044,-2441.12932023348
-6156.22073485003,-7184.46046802786,127.734313964844,-3174.92726032446
362.947983566596,5158.58472788067,426.403622675038,3849.19669038826
-4407.75389959241,-6926.82538219874,-1933,2165
-6847.27750289996,-1265.14123147398,716.023783873093,5460.73967804074
-1046.59366861979,4574.16208325714,2854.51839500552,-801.609364807031
-2749.27323360832,6376.33320412709,-3024.68317229363,-2027.71132543927
3319.23092430757,-5698.99648966796,6271.05894359425,1424.73691802319
7567.05057513553,-5683.30243082276,4022.0107643538,-1898.22244106912
-3715.45632104258,5113.02687711257,5247.91553674787,1334.36348251664
3833.85314374371,3000.30358631137,-5555.36585278597,1432.83164787101
3314.89281011609,-485.154605263158,2913.7136562009,-4333.50253854057
-7336,-296,3011,4725
5576.04201114743,790.882110595703,-3748.45962603113,486.321823133457
-3800.53102865569,5083.50978646529,632.155884943627,1677.88597250186
2458.69796376834,-5585.53576895334,4059.14065822476,1935.69906400329
3986.02554461511,693.76806640625,-3802.15167844949,1293.83347229453
1115.47825934034,-4763.90779366037,-4610.8064983894,306.218331395114
7413.70726357092,485.305675474363,-1984.64332304763,-4537.10656483843
1568.83130401735,2884.43685068336,-3897.57739570013,-3016.99607209234
-1663.5383618907,-2979.27150207481,1465.80808841259,3057.48834048205
-2697.40092329254,-7398.10114003957,1760.03766249321,-2784.3662676782
-2214.03098518076,7536.79192637372,4718.5703200544,-841.385055541992
-6322.11056896662,-2709.29492915325,-2494.09428742364,-2661.39485150709
5209.15743572148,-6411.22114423332,914.445518425314,-1766.65908808452
-3489.41613051471,-7055.06685432926,4826.26279502386,-293.051658694604
5273.96510853034,2848.19597454344,2732.47166081065,2840.29394640596
-7073.0472512107,-2762.74094756013,-2553.4722526593,2935.36403379568
-7931.90858926484,4874.71253568232,-2565.98417742274,-1094.37838259518
-1286.99317953381,6023.59596536196,-3675.98864955501,-2234.95718074043
-993.469880754689,-6458.17390118943,-1895.40852416442,5106.64403062398
6535.44418287191,2657.21700321607,390.335258270775,-2928.37465760566
-1767.65262835404,3750.56152821225,-3815.8776463964,2268.23101711246
-8056,5455,-2902.34829348461,-1883.63706650516
6415.77450377907,1134.54999542236,-4806.74013842021,-273.703698848222
4098.2707756847,491.3203125,3700.42441190159,-759.409554854629
-4770.04655675184,-2943.06863683205,3013.43538369853,-1785.12450988956
-2002.60169640012,2473.11295495725,-4236.57060640475,3294.75933814454
6719.50084675833,3260.31123366013,1579.63902698864,-3958.7415308116
-5270.60538597896,-7611.16581695935,-536.778883481584,3999.19153737883
-6227.21687282028,6921.51195807239,1488.08904841596,-2050.23617634348
1867.63214067641,1636.24131647584,1665.75420353144,3204.1535647901
-6082.43122506834,-392.954496872373,-1368.76626027223,4437.69003387248
-7716,-2749,47.0715213840291,-4106.62757150616
-1713.65642997733,3814.17788875991,3552.33509911051,-1873.10557888242
550.366293131447,-27.8952441356896,-4850.77414432138,-878.423249185668
4040.34976289634,2411.67612368352,473.861335754395,-4587.43291846602
6497.31259837719,-2607.54062485171,3899.28304321669,821.535621173104
-4028.35988688654,-7082.24455098783,-4605,-519
7249.91147247248,-5843.30406277822,-2238.94902947068,-676.263056894367
5134.28508114782,3420.22872037561,3804.92153423885,-2333.37445664009
3676.33611723053,3511.85951536223,4331.79067602019,-443.133695909581
-3370.66006341464,5119.23055074063,-2536.99610957681,-2646.73546144364
-38.03125,6422.32471814839,-3960.15784323765,-1232.96466489206
-2732.37972798936,5822.43433434971,3672.3924844702,-2496.4099470193
1070.08203125,6101.18719752114,-174.009914491806,-4897.80902240676
-5811.32338042838,5866.59630259046,-3342.10272949762,-1828.30931702286
-5330.76853740182,-7758.5553256463,-2452.99041524663,1797.55297053111
2046.71063744066,-6050.72012092224,3547.24318397359,1371.01054047938
-6262.16948344009,-2251.65223215903,1439.67036024213,3910.17565321221
-6254.64177221809,-836.984274880408,-2597.82000861388,-2485.33579736952
-6518.59853126398,-557.300170184226,-3203.91826565448,-1688.86116757013
-6575.6704781956,1908.61228257361,-5072.18722942574,-884.257166558437
2529.38337193975,1103.86035380599,2443.64330413016,4027.96886531365
-6946.89742405391,-784.985414235941,-273.960426330566,4701.14960767783
7221.34175767501,-5781.2398150556,2204.58620287024,2761.7879000756
2256.54379392202,-3484.49373822781,3605.31830846934,-3275.66734392298
5644.29444160038,2458.48392438807,120.925363811624,-3409.86461195835
2603.70135075869,1045.10628196408,-1201.00596944633,-3833.95837280472
5037.60986767363,7019.29011993437,-151.443458415844,4234.31693916176
5682.68416592576,7369.8745287374,771.970245944467,2675.55996419699
5194.56990056977,-850.899579445045,-4939.2174082987,-180.066212467363
-7160.76867968893,-1583.13616629584,4016.96169082367,-2633.18567405015
-5595.19557773981,-1233.50225062645,-82.087466798039,4538.61798662669
1797.04597495449,5888.37769425378,-680.880236229791,4241.17813763378
5164.4628920256,2223.65646922323,2794.24764390887,-1331.4044489725
-3832.99696650057,-5792.69147133112,3068.23539540343,-3656.48491277699
-2305.28252509494,-7167.19219933382,2091.2945757415,-4781.91441123954
-4037.40645160364,-4572.68083295871,4912.86811482945,-3079.62773847771
5851.29856759849,3238.59372965495,2989.64284209431,-2686.37386794857
-1592.17606948069,-3860.15414789502,4494.79486626281,2043.02098893873
6545.45205898224,1328.21331787109,-4929.1579646945,-877.37796425036
-4947.91315573277,-3226.18690519249,-2975.63319090516,5551.74737835586
3801.87579333681,-6049.38686042543,-3006.17909224348,2029.6682735661
-4232.55869917119,-2096.39658711508,-2359.22288072725,-3031.56638269826
-3567.04413942513,-2827.16246030005,-168.770855538389,4631.35603590156
-872.747754152236,-4019.55691149187,NaN,NaN
2120.91274451016,3020.34196539395,-2486.46748751574,-4361.56404821903
-2647.52426405388,-1873.39221690081,-3658.11056737706,-3821.14734893864
-2812.8210282155,4612.40756961845,-2351.63417254467,4888.60853081545
2759.42734076648,-509.883549425851,NaN,NaN
-5015.8016575338,5343.84839286729,3983.15110853717,2532.27666841098
-6566.77177765922,5383.06258610065,-1954.75032806396,-4003.75871176596
-3368.58307694669,524.875179301353,2336.50151419975,-4039.97489334899
-966.923040457234,7482.07269053767,3747.06685166566,-778.599963284278
6577.34994302386,3064.89761001506,569.70880846993,-4211.91556841393
6269.99511957257,-222.022865853659,3628.13851538017,1773.74208792185
2557.45391465631,3931.19604831544,-3806.26563538436,-2320.48399664349
2588.46342547413,-6221.51633700897,974.186538527373,2901.04890749133
-602.713199742635,-7383.60420561796,3345.82850849207,-251.33472442627
3909.46191660888,-4286.74746270763,4904.12665880319,706.548045146292
-3952.986168882,-4283.65055008808,-826.576486164148,5305.97132129062
2791.42326800804,-5124.90833610353,3685.78604236738,3688.58683733547
-3208.03634140924,2864.94027131741,2584.97270411696,-4802.89010291381
-1637.66947654945,3963.60841360304,3816.74202614707,-883.929784462494
-3770.51338731385,6283.54971026366,4766.16738674134,-430.825912578382
7541.32897567466,-6444.96196942774,484.907743318035,-3064.42872887818
-6769.81171956259,-3146.83510884063,-2225.13998890943,4785.29421622183
-5813.66439195986,3611.81583146084,5163.08204358484,801.899617205774
-5929.09539979497,4576.28485610956,-5135.62157778069,-2232.85913658752
4929.3608898325,2495.6045617486,-5070.18056054837,1925.8837375907
-6211.27712850455,-3272.08292759839,2865.95765774493,-870.160819761401
-1137.4398429568,6113.76209742413,-182.116201252955,4299.82328484418
-3640.22385871761,-7220.47858006831,-1308.13353308134,-3305.07678374461
-7480.88151435082,5236.07890195328,421.558011766207,-4023.07833268355
-2166.55666734582,-3161.59993012178,-3310.92046650513,-3713.16068321926
-2861.92063888368,-1705.78817112779,1822.01713754757,3927.7010031254
-6657.98333958577,6115.53700940662,2970.24589689003,-1447.63617733421
1647.02146083335,6577.8172457002,-3483.76138301505,3965.05652056642
7573.87941047973,156.387968697276,4508.32655307036,879.11882767623
-6268.76901776778,-3425.01105933343,-1944.39439441977,-74.9652572139617
-7250.17672079351,5361.75219709257,-2168.19882454037,-151.769607543945
-4134.17795895655,5100.86637499531,-2885.12573224723,-2048.82669932807
-2689.9997660835,4514.74941354773,-4969.08050839581,-3133.60101870201
-5504.23483575559,-1050.95498889006,-3021.43913291763,4786.48430816758
3594.24488733521,6151.08645674348,-2134.42409348546,4936.96268424356
2550.28251621358,-4479.28614567069,692.957228466817,5388.28047598409
493.389843086668,-6838.25605940925,2951.11872559955,-2854.21974640262
2109.60952365931,-6286.68028882763,3800.14001969553,-783.572534570886
-5707.56251766971,-1944.17986111578,1192.72705245677,-5300.87135007812
5698.31614777801,-1636.18417801838,-2700.73622115398,-4254.10586120646
-241.465984275124,-7066.57982532036,1998.52813320577,2862.35145998095
6886.87847836369,4436.84951798476,1702.80217093333,-3537.0960689898
372.908321765189,-6212.43031792204,5545.09042573615,2647.03972211356
-5383.70682112804,1669.96937141231,4779.48934008731,248.380785205696
-2133.67499442086,5989.69159248051,-857.371750529497,-3644.06129295123
2298.73677466336,6682.54429659923,3136.67951477478,-4794.0271299927
7086.97582497619,-4589.66506365432,1028.23766287247,-2791.70893152421
-2159.71719368276,-4609.19906423972,-1241.26765089262,5220.37638182786
6568.40035461626,-1411.84476715048,2054.37545322435,2329.31122617079
-6180.21360127616,-1309.89580415081,-3805.7612301801,-231.050538367832
-5160.08423458084,-4073.62579243237,-3232.18384421347,2375.96216156699
1320.09174505123,-2072.19461830168,4221.93300236759,-1324.84350013029
5598.92184865343,3092.35069891575,-4377.45405622711,1626.49360604751
1538.1453305721,-4456.55052350008,-888.818236083984,-3700.56962195667
3592.72799091298,3062.86390999682,-1077.58860544656,5198.85268867983
-3739.14418031907,3859.74744747305,2872.95692002252,-3754.32602464125
-6734.4504032223,-1382.95015428046,2466.8806149736,-2949.76196738959
-5803.8838372136,-2599.36574684179,-960.194569905599,3906.69339186343
2658.95160307101,-1299.45073168375,3468.40283229775,-911.855380394782
-3812.39561874516,1475.47909720938,3395.19708359759,-4601.29317510263
-264.977478027344,-409.515266956701,4433.34210143157,-1731.98422737968
-6082.76028715713,-2951.26428809489,1321.21107011052,-2971.47920704283
2157.2590203503,-5097.27752644404,-2994.74266023263,-5159.5816061805
1403.6084242379,-4872.17901047012,-4737.85279426276,-1650.83994040756
3831.9331561714,-3530.80223452531,1449.59163152451,5294.28483232006
2683.90540150112,-4473.91283100967,3052.65753728296,-1746.29155218601
1007.62538604481,1504.03150935552,-992.439657245903,-3940.03751252797
6203.53041776883,1656.18341992617,-2636.85608644204,4540.45595861785
2815.38062906814,-2937.78860983491,3828.86610672372,-2735.27501928225
3003.41238346587,-2123.70952566974,-4272.91293717477,2525.8330239902
3187.41341107672,-2996.97554678978,3428.46458900381,-1691.76317190552
-3425.19196604087,-2052.99233468498,-3538.9000858466,2641.53350373077
-1484.43372225348,5390.96518245214,-5062.92981983692,-3259.60666230611
676.032862835786,-4015.56375485751,4424.97885207366,-285.999984741211
-5731.30456950543,6604.80459306031,NaN,NaN
864.701774400606,-6595.40040153126,3426.93254688089,-1337.2405749942
2140.65302288825,-4981.3740407547,3141,-2731
4174.8428138979,2969.48439392006,830.314391914051,-4892.16154078664
338.945510864258,1903.60577967875,721.45088390271,4927.86072327613
7162.10109271835,-311.365459873088,-1259.15106410021,4098.06369905713
6692.5464177539,4237.73078532999,-762.959223850697,5495.00018712547
6935.13431823874,-4947.27131076765,1308.46635673825,2102.71485328674
4152.17353032758,4270.32990303942,-3328.23410535008,-1935.18204501861
1779.62982177734,-5006.20522278415,500.487322815099,4724.05164256133
-6886.20415515936,698.775330396476,4958.6758235167,1792.69377258324
738.586700439453,4729.79818198201,-189.701171875,5058.08664126317
-7963.60371568523,4687.15285849185,-329.305462959853,-1840.28848876063
2932.0897796426,-6986.85854952727,1721.64230778343,1155.5514898011
-6960.08808288632,3833.13522845646,594.07366462831,4542.47989384675
-3323.90353809603,3338.80738596009,498.211982063729,4895.76059109936
4481.95600274969,4165.58364957133,-2452.41195006464,2849.86884667969
3255.00327073012,-1179.34559245065,3088.21061744874,-4251.64496012436
6086.68452704664,809.640504567138,2600.26089044966,-5421.68200936456
6506.66590439432,-2818.59128328641,4672.28833179299,3553.27298710458
6834.44860140107,-1609.37950363288,3793.6262466658,2887.96354818507
-2619.75278185821,5805.34639982601,-3699.29534978308,-1090.34652838718
-6493.50318970926,-3231.14527535946,3079.44895276248,-1950.48767219014
7953.28284626768,-357.598470865885,3149.44234851704,-1945.8420835343
3568.15345031163,7674.3784576596,-2148.68491190463,-1476.33356407899
4569.45851979472,7190.36444933184,1967.98980930299,-1651.39152314032
2550.53252541108,-3659.94677046563,-3582.68576596404,315.087251598697
-4957.43717946734,-2855.77168837312,-2919.44003929392,618.836196899414
-3438.43876953125,-3079.71492144784,1608.45899600317,-5027.89165528586
-6772.65991515385,4284.93105549353,458.640174249758,5053.31478543123
-4754.98086627582,149.901730874521,42.0590385824947,-3680.59730787222
1953.43214567645,-4158.96476841145,1284.71019094827,4361.44826027825
-5880.03694247534,-1827.17356701077,-3736.67428706465,-998.30592395643
-1454.89667421496,5914.0239658105,-109.557402348617,-3936.07103092298
7608.19992814402,-4723.49600017304,2811.69875032322,518.789316827143
7050.65271356232,-845.606103764325,-904.258230230245,4763.44758920466
996.214606353591,-5493.74006482348,4419.97048163861,2051.73357309001
3590.7945688325,378.714250255671,3747.62000896402,-2605.86196243361
-433.072319030762,3029.2515646035,-4479.13228562238,266.056617736816
-6390.14295549663,-928.182979504518,4213.78435220025,152.173828125
3087.99245057744,5477.90099216435,-2268.41164060909,5013.25291291864
-1512.5366280608,-1295.66102496733,-2517.24110934633,-3877.02366922203
3297.55948645971,382.563177467712,191.586379201789,4151.74412351961
-7333.59430292232,712.314086914062,3175.01050960123,3651.16809834394
1887.64165098017,-7399.30580097087,-2839.66823854322,-1724.05035940222
3721.78114874821,7548.49486047275,-388.292581275214,1671.41355035983
-337.887652090266,-7787.12112981681,3589.29864345797,1395.82998633917
5529.56626503573,2939.62542118129,-3059.01389949094,1155.57775364787
-5578.34612015976,-7298.4576096449,-216.070129394531,-2516.60043779392
4007.5389669222,2210.01834851737,874.206967987191,3903.07716598495
1762.2102264108,-324.293712797619,-4034.19840655564,1674.38828627217
-3773.61114468011,1172.96889758422,2543.54545558052,-4597.00650663471
4668.69376644789,2096.89458535604,-147.660034179688,-3434.74603776202
5550.80441236716,2078.8741737888,-2542,-3862
1867.18635450272,2614.64250427333,-2626.47099088031,-4069.80001523345
5009.35758334589,2077.58977550453,-2746.04708975745,318.91178894043
2869.35558029092,-4185.16388591398,-1632.67626501004,-4931.8774616946
-1212.91637090501,6556.72375432735,2979.61437908497,-1964.50188292812
870.967314894401,-3944.57243499375,4160.5632573649,-1026.65778399426
-2728.4912584947,5003.00643722107,-2981.71901054018,-2811.69623483183
-4721.21673445432,-7165.93568675027,3580.51316467826,-439.778578104627
3975.10180157056,7869.6985760506,3138.81249842816,2269.79068328251
697.866494431775,-4752.64056084389,-3185.70482522754,205.752281188965
7287.64248970249,-6979.74465014545,642.389904453744,2235.69022728593
-5165.53504661614,3894.64925893721,5314.28220320055,1400.44153162388
6631.09853931201,-2626.74974907769,583.875062106933,5098.00573672107
2444.81648145485,6225.93238516425,463.308837890625,-4412.6380765433
-5232.18349693538,-598.94192903428,-967.774684368969,-3431.27985628703
-7503.68524983087,1606.3497840839,-916.583768420392,-2838.79485943911
3178.47932785849,-3712.26438246535,-1477.93741654,-2552.77777239366
3353.36377249865,-4996.46388404296,874.690616413288,4869.26049546285
1948.03589398679,3938.41180524428,-3088.31403577627,-3284.4856184457
5571.97361688106,3902.95887778585,-152.46167755127,-3610.88200862132
3625.96112276399,-969.455603585219,-5037.18529986729,134.620750427246
2784.51636481194,3499.9111444823,-3650.6351891669,-3294.34473679756
4104.32330643785,4436.73766778203,1064.12975311279,-5552.36809450861
-2055.95168537609,4605.46818892384,-5037.53208619905,-1358.64786317568
-2789.13581308977,-5859.75633781319,4575.73173661683,-3324.6279891069
6143.95491675627,-1037.23126188748,990.048796745558,5711.85546800849
594.879963333412,-6152.66050024383,-4243.174348854,-134.60390625
5969.12379137287,3395.43429586499,133.345296720179,5027.06364775872
-1479.92326525906,6089.67577487141,516.285547618044,-3481.51765429451
-6173.28478515385,-940.487121582031,4600.30025514171,428.258983589034
-6706.42650219538,-61.3283521267369,1763.22598581044,3203.34817583757
4372.68232372667,1694.45754785123,1240.45147444363,-5356.19121356043
6694.34588344982,323.8125,-2268.03942700134,-2797.13460542114
-3113.52092647632,4209.58501711244,4097.31088766181,-1683.68691543229
-73.8327789306641,2950.76311077665,-4051.73133147013,391.173746735805
-172.279767124748,6666.79494384632,-2974.21802195268,3302.70778588188
4224.64882018434,1976.25258241873,375.09132469984,4154.90844545937
1387.51827451595,-2323.77159363215,-2474.0765510732,-3779.92318395859
-5446.42607262118,2310.06669302504,-1588.74182174607,-5020.77475360938
-2396.74847139327,1181.70291124251,-1181.18025615218,-4185.92237521534
-3723.2300738655,5676.72923388681,615,-5653
224.115212805778,-6476.98657504427,-364.473770491803,4096.65409991502
6095.90093598095,-981.442052221713,-5068.54775082532,-931.771961251599
-1798.31074671033,7062.78863417014,696.159221625767,-4022.37348402148
-3151.93807046049,-4211.54139669166,-156.872957722525,-5170.59919684925
-2237.03207679315,-5977.88274474692,2394.58923893623,-3521.07230153389
-3556.16109173479,4538.24727936568,156.238942265331,3905.99908801096
-704.100278827379,-6634.49492333083,-3931.70637886741,4210.55300793229
-949.214480076907,-4201.31691529246,9.388671875,5205.64183012171
896.375664903559,6292.13894892423,-2673.49267660161,4838.93532056511
-3725.35211241496,-4442.83554515983,-1690.97099958147,2945.18116629464
-1184.24876907887,-4924.12378282778,-5659.97309385348,979.430759191634
2071.63526850589,-5446.16817108289,641.665581654096,-3828.01027754174
5974.59431518401,1385.68261938967,4276.4396893188,1445.11823516142
-2052.25054697584,1964.1758142691,-5015.76214375202,2534.10999996422
990.478964642512,-5205.1612788923,5514.79502617725,692.98239759552
4318.50231763749,-4459.98913560123,-1153.38581686321,-3139.51386262061
-3887.42554916548,3911.5981856986,-2373.10835362407,4391.2953701343
350.57413482666,2460.77680185103,-222.048001126126,-4050.62358605441
-5576,-2093,3091.00474261611,-4647.85950674916
1042.6515,-5865.6095781459,-4194.52207271338,-2014.00058594071
1953.86532898988,-7753.77077736077,-4703.1237328786,731.673078005476
-7316.35246644025,4685.08672576883,318.233337402344,3255.43402746833
5685.84002160683,4662.55487219354,953.264695410552,-2876.24643691166
-370.679931640625,-1858.98450326906,-1208.33531484679,-5353.74393294348
-4765.44343364058,-650.297538277004,-1780.28571102286,5237.30795383391
574.144874739821,-5400.57598475666,532.089665339543,-5092.86221231157
-5275.7390131795,-3149.89607882681,-3923.87931041678,-354.67375834378
-4137.72937282229,3713.08674151681,-2046.50169271475,-2738.19976647618
4879.34499554825,2114.73794619598,397.905829596413,-3663.28107211976
-1579.10038234265,3835.85874515989,805.553392400257,3196.8849005321
-3945.66593633859,4272.70613744191,-4871.96195324309,26.9453125
3828.09808126511,-2519.37918498813,-3550.91839585033,4375.44830039879
-2682.29643925855,-780.631330265351,-3903.5853372165,1654.03331607914
-551.121246751122,6323.08033189892,-3772.6069036093,2373.97047925617
-792.306869506836,2986.73686018193,-125.056425304232,-4066.45691607822
783.542201559024,-6386.46481984546,-708.623500971879,4192.20627964588
5614.69638074965,-3167.84551445996,-4592.67284744287,-3132.92349357166
-3527.05640416401,-4541.16894194178,1788.48628164538,-1366.07583839842
-114.493997226417,-3540.68450377986,NaN,NaN
3794.21193715169,-4459.98661867672,-1953.67501816428,3704.41808750573
-2990.7386358122,4204.90084500215,1879.65970969897,-3504.02272217849
-5252.72773937396,7079.12185901263,-44.5824523584802,-2975.78962671488
2222.64346459761,-1088.84738485096,-4663.30865505704,1932.08980323772
-183.505654397514,5355.55258066912,-4563.03600090315,-1072.12227231631
-4517.87789731436,-1644.01164778459,1689.2961999625,-5617.02631909104
1465.37782501364,-4523.72237290217,-4039.05052733577,-1320.98552709594
-6977.29654985648,1275.3222218767,-4047.52538656983,-3694.57669924025
4029,4219,3546.57531956317,-3743.64439041478
-5799.55233730362,-2346.97235683143,4344.53671176599,-120.465343428589
2333.32366713559,-4915.41190898975,1268.45142460708,-4038.05470486642
-3976.35204965422,2460.67898960437,5211.72252533201,458.488346161491
4568.87417495806,2824.0619735813,3316.17492708221,-307.687119426093
-5370.17987206178,-939.144560002993,2362.22007102713,-4460.30162961358
-1484.80917697483,-5806.5429653063,1534.68243141719,-4567.58020258118
-3747.95455393221,-4973.92848181087,-1677.10712946378,3713.7837161941
-3419.47278204666,-990.330492837088,-330.500895765061,-4394.9419351032
-5604.03996632929,-1739.37073665254,-3386.42782802896,-3570.86659394269
-15.8599853515625,6187.82445753938,-1430.82501582,4691.05305425916
-3367.91344496677,5626.9250636453,-2077.41856552871,-3396.88712571139
3250.96944753152,4125.80353670442,-294.625940351932,-4111.32606718665
2017.2256905484,-5447.92343723086,3390.57978444037,-3429.82573851811
5779.79204932435,1141.05533364055,2463.80515072647,-3758.55152944501
-2648.0536132188,3154.77552606467,846.178461177056,4485.79144050108
-4648.46699450454,5419.07210234401,-4052.62834604694,-963.103810387461
5217.94271243722,-1678.31235458183,784.182868048055,4560.36635436516
-4730.06159995548,-3776.49971428571,4271.55553286296,1453.49915831245
-4311.29716268476,-3369.90384310482,3792.8543660228,2344.20920059274
5265.54744040034,3674.82312252964,-3023.81292304918,1381.86734551192
5545.5714545888,2150.71514700231,3883.35265979972,1035.08819080717
6522.8860289629,-2332.95168532132,-2533.96274614519,2546.86210355434
-395.68154542059,6382.70091791313,1698.2853402237,-4815.48568302776
-1054.3282555523,2098.8426774094,1705.5351846283,3682.24695291874
1341.78641133035,-3746.61888302074,-4441.859017174,-756.559529859603
6885.59112327613,2778.69923891718,-826.41282749176,906.960141117782
3573.11128039287,7375.66226564592,-706.858702912801,2521.51675319509
3079.93790986453,3195.28882292259,1762.94036730125,3663.20175642919
3564.38824320646,4579.51977330477,-2171.40742979272,3370.16238593707
-2070.83735539209,454.313456944057,4401.37892560385,-916.58463707376
598.988445165799,-6752.33533001371,-4233.36287077473,1264.59686079729
-2202.72814713128,5342.8549127927,1805.56891386072,-3908.43500759984
1234.02123558466,3709.70611784447,-4366.88505825516,-2626.68073505522
-3750.63666047034,4576.9584343729,699.028274450767,-4476.47221892789
5710.63057530072,2103.74797441986,4068.05226588997,2133.93781237226
5485.73886829781,3370.02148037939,4786.09190773767,-628.776883809637
1066.13391705413,-1506.51202669539,-5206.86383509377,400.56808411307
-5328.64844790948,-3018.31830586795,3870.65827061205,554.624188315078
-2677.38013039824,4486.19266423876,-3193.61558509818,-670.479234852769
-5369.30849913714,1729.84072580645,-1664.41098948141,-4944.12185283291
-5604.37168694225,-3170.03159534384,2556.50246523239,3217.85413973894
-5471.87001460111,-2485.03527286142,210.183499997161,-3134.63587892437
406.421875,6919.64407877256,4434.56243192546,-2026.41921835918
4486.53446848417,469.215276979933,345.572769165039,-3922.84233192357
-1815.77796465819,5560.40887417726,-3550.99425109687,-1806.02046299122
-2204.00290265229,5112.11775993942,1937.45407460937,-3657.02430214129
4077.30245241176,-2533.81535840616,-984.211012084276,-5495.43996141595
4162.13498447025,-4247.22843671904,-3210.64334585237,-4155.89243570069
-4892.09813088187,-2693.79596263014,3951.4946180484,-3457.54547090185
3654.55902875461,-2903.74209966805,1664,2905
-4430.03611528863,-7106.37550177551,2765.28524582841,1687.03585342837
-8256.87135951748,4650.80765629001,946.963062609785,2253.94713262155
4448.52512888427,2810.29790593155,2783.61722677689,1679.00806619205
4963.0444228997,312.6376953125,-4260.00548980207,-718.388359837278
-5144.32379406338,-3029.91647332461,3881.70884944196,-228.342687321972
-5610.56685697115,-1536.18013998769,-2591.57502625448,4262.9523863602
3391.17902267782,3796.19780805158,-929.679957232834,-4128.74595234837
-3038.29524361949,-3975.58404800556,4710.99564824322,3215.97221212519
7122.5102901098,-3109.22492703383,997.690292220176,2593.23248733041
-1879.09155946116,-8097.28728156614,404.693182170694,3112.38251194496
-7023.12331537131,2893.75881946366,-1453.61877653342,2240.61704188821
-560.060479266827,6219.54825492797,3652.69298071875,-11.6757060421838
5277.28014974974,-4427.39181171852,-3473.48664367404,-513.317991416393
2188.98502855093,1005.66465211324,172.3029296875,-4802.99601920821
-3257.47156645749,4983.08404830196,-3611.09203316975,-1188.36891039582
-5532.75013055687,-3358.8568217805,3634.90669292919,-822.030911202447
-3218.8662365545,-4006.52096910013,-3864.74705612701,-2524.77465820312
-5067.0701752886,-4517.03413387571,-679.157822990268,3471.13770955791
-152.08447265625,-6239.29880523184,1874.03557863291,-4711.21506873522
211.932932875763,-4745.8110083934,1096.37605875695,-4767.12302266175
-7319.20342831223,-6935.82013994916,-2238.02495986419,-1293.38626621985
-2294.16590026747,-249.646095788878,-71.9408416748047,-4460.05832768846
-3643.29385363052,-2843.26088126906,-1591.06646282718,-3793.82949866046
2479.45359065748,1650.12907985776,242.821154771653,-5105.88339360924
3693.79951654352,1202.48168627117,1178.88915125107,-4350.50107600017
-5273.92897782847,-1566.59993714074,-4429.78596696352,-387.69051361084
-3372.67709259216,-4863.43382294149,4584.8518969251,-2403.3712979704
-6180.73557600924,-1951.12292628128,1337.79779171237,-2648.37889615894
2677.77613049773,-5010.29434645087,4212.19341741199,-2180.62682920897
5525.62464882075,2810.25303444861,2677.65539526328,-3804.23333861761
415.412509038322,7219.70463580126,3813.42136815937,-212.895022813589
7074.93100184705,-2261.49279843563,-2083.88586116434,2481.04547062966
8417.54235751103,-4530.59956017286,-1079.56623918367,-2400.75220580026
4797.9782397541,-5442.5239427044,-3325.09469754107,511.090130839085
700.26097706386,2559.30263224185,-2445.98835238439,-3228.59630480315
-5464.67922520185,-884.479244920511,1155.10874795777,-3890.36666285838
-3596.80058415226,4795.6392765275,368.544467334175,4649.25154330045
628.503448486328,-5966.87356972789,2729.08925272305,-4585.91731635341
-1039.55560616208,-7186.19441127732,4948,-160
7169.95471896923,5386.62013701346,-1317.35004687255,-2075.76786591356
7303.88261473747,-3148.33060251287,2564.93098078202,-1829.63315704579
-5432.9953024435,6067.3696122603,4312.35912687647,-632.093203040683
-5480.90271500383,2619.66904447933,-385.301333973731,-4052.8892989938
-152.723266601562,-4708.92957266084,-163.168262533254,3886.47143685745
-4198.6638356071,-1932.19130347768,-2434.22863852227,4257.09209856
-563.413627624512,6128.05707703827,283.240011954183,-4074.61454312844
3377.72133270091,-2722.70528846846,-4736.92863033357,-594.829419427218
3232.65939894989,-3984.13471765082,5187.37928016074,1149.8804562622
4908.23102884142,6904.27458102693,-3696,-208
-3560.15355014801,-7444.69584728385,1874.58300199963,2188.22234044017
-6405.21999294101,3204.57670998087,167.502154104125,2349.31270118935
-1110.93426281833,1236.47390942714,-5167.5835243964,1594.94202664119
5723.50388426554,1233.13378639429,-2941.99807804134,-1236.51781869688
2715.41624791214,3774.01383820886,2255.98127195777,-1781.43467641699
-4058.53404487848,-3879.15460622381,2122.62541976283,-3055.73620125144
4918.53287349705,1912.02011731848,-2695.12466432574,4004.60039846161
3944.51471520249,4221.71387031238,-4577.87669848312,-1287.39246217734
-6467.43632838651,-1857.90290621616,1917.15730736423,4367.82612808796
-1597.91936872794,2001.69738625642,4787.28945972647,-115.244583129883
442.675383489979,-2677.27210427337,-2709.87607224936,-4231.40609089857
-1643.72824932797,-6940.58465270555,-3361.4061326538,-936.668053806418
-5155.58892940201,-7628.62075632002,-2941.35248858727,-1558.2124394373
-4406.48387174009,-8769.63972354191,-2817.74571769596,-780.61195500276
-3680.690794988,-4374.06557321516,2905.28689085837,-2999.60994253258
4819.9803712166,2333.3653140463,-3704.8424550637,-244.889130431336
-7160.06501535201,5610.0506152854,1111,-2033
4377.30911620097,7394.49132067849,-2596.82819660795,-1005.49756986595
-5224.67467404899,-856.304586566565,3357.8357057536,-20.9989273071289
-1687.06135893764,-579.800686196496,-359.398396596859,-4031.71506664464
-1476.08033927506,5729.85975245854,-3402.23914511106,2925.31717712223
-3124.22195189961,3413.88828471387,2904.65157378093,3080.1393227556
-5989.24120352631,-2015.50671339326,2331.34428199826,-3748.57090610764
-3970.35899367865,-692.023272288032,4591.944698347,-37.419246919509
3622.44868200338,-4376.64861074688,3594.05163262024,1034.82799865229
-4288.87770812258,3870.39140155266,3924.63419897949,1480.48033559417
4323.00713980211,4151.03925913578,1993.41473997935,-5667.92673743725
5263.06940126724,7481.54237128317,-70.1227188110352,3819.74921466364
4839.72436864325,7160.3840747596,-988.09378570336,3160.84316189313
2971.16434660663,7559.73719315454,2240.26879926395,-2529.58594873527
4764.08439358931,-4539.53657391049,-2869.50190706232,-4182.98306884042
-2780.03517495097,6886.77754869342,3576.44793527384,1109.82573644157
-608.291499728824,-5737.50092638218,-2179.62190934066,4551.38356389086
-2847.26389214855,-810.556943221831,-762.837066956857,4770.93285128296
-3465.24671902452,3655.37730562829,1112.54501272204,-4626.49191353352
-4054.01587361641,4796.02403837462,3303.25793240586,2016.21311133211
-5073.78736841787,3900.83022364121,4649.410041625,2470.84668866282
-3747.8500712279,5443.24428657376,374.552300086388,3784.63694093089
5234.52615293073,3968.00098857181,-1977.95970790921,3275.28544426762
4006.25580661891,-4092.96117775188,-2996.97901769069,-2242.87125185901
4448.95389714701,4339.69479887358,3225.35721205843,467.926935545252
1870.57558617853,5042.22607011077,4614.48831536918,-1943.72433678556
3535.47260397522,-4527.12074984122,-1095.86563483607,3837.59887758832
3492.10244096372,4950.58058889148,-1979.04890803007,3294.94032399088
-2464.79333628621,-4392.70448083479,3259.83814126335,-2457.287083854
-4309.99272133859,5132.54131934873,-2011.10560292289,-3633.77785467981
-3783.72573156721,-1936.06859102339,3325.22385016601,-3702.48880041898
5870.10339818695,7319.08628791087,-2657.47831534189,1013.46853718608
1907.64818960996,7131.61166557036,NaN,NaN
2347.6211140745,4465.33071103303,2880.48874787361,-2736.92133730357
-1570.91554618535,-552.319300486566,4011.19990813368,-1108.45631469778
1980.85535199277,3204.00104461289,-463.195884477025,-3951.82033505032
-1353.48071919463,-2380.66158388232,-1556.87255312325,-5116.62648288538
4653.63733157067,4460.28289799528,1734.15955964847,-3366.48783192134
-2596.68382352941,5648.98047032202,-2945.5497447723,-2591.70440301872
1519.76750193473,3699.27105411097,3986.14743468239,3376.44048778612
3853.15141670905,7376.85884387162,-2020.92060376887,904.505052257255
986.837795902757,2864.96908688055,3710.61365643346,-2503.10497407518
4253.38470947236,4562.59507338862,-3439.84779744605,2049.76334937981
-1813.03563176891,-225.672706604004,5164.07006973459,-1260.55324887309
-275.305536211699,-3740.05243004786,-4491.38514333695,-2877.44026284182
-1553.22138179983,4002.79841043881,238.810772613065,3230.82971835347
5610.95866560643,3561.7304815338,-937.266373027574,-1652.39120844576
2297.06299476161,-5006.29350002812,3686.68958475409,-2795.41457679623
1077.14780546977,-2270.20333349177,-4756.02588472509,-412.957088470459
2050.80570256247,1428.98159546964,439.930786132812,4664.7336906715
3148.98630241813,3859.23653562959,5423.93240510806,-1199.05098103379
-350.332495999624,-6886.85222670048,4081.22126252393,-2173.44054843974
4424.78826520679,-3956.62894348581,1829.30901595265,3240.92320948834
948.99146270752,6301.23279561644,1508.70396354788,-4682.77025592059
2202.62678044974,-3292.00989661457,-4620.69314117064,535.604653458458
4156.25091288135,-2914.97491852343,2057.78316277118,2640.97939287142
2143.03100931792,-2767.69981655353,2514.05440982494,3703.77274795871
7567.05674597646,-6805.56168293093,3953.428217875,351.310837203717
2127.15345778656,7301.57300859268,3138.7686175583,1788.39836635969
8005.46326171271,-3664.22327932066,3079.40696635724,465.750585694617
4475.66239410883,-3025.61650951224,-60.9274190975179,-5764.21122431004
2870.08459731595,2498.845938745,-4207.64791940387,487.63211824725
2817.78139575069,3208.42397223005,1504.8948936781,4747.32429304491
-3079.7000071015,-7446.12272964082,3210.95822345074,800.955282460005
659.963909715222,7023.65207934866,-2830.89991229556,-3175.51051028157
-519.303456808467,-7021.76126874734,-2786.86309443195,1401.27407636055
-4926.6859996088,4107.18853796967,3236.52744944401,4151.99492255423
273.856269836426,3669.78135248479,4512.22102979412,3105.27251269513
-2935.58551060344,-2237.01769485373,-179.280278846925,3827.23848453058
-792.1954944006,-1657.83563842203,776.046038262829,5316.51742493713
-409.12939453125,3734.37974354806,3.91171656773741,3648.17099777801
1163.63271481229,3972.53938987038,-4214.37600338042,-3851.14532672794
-3052.94052024113,4307.17527190128,4105,141
-7055.75238984638,5574.05092721136,1939.44607834101,2461.09982462398
-1339.28875820579,-2797.26255573675,-4161.52686397316,1730.62711595269
-2675.13120344491,4786.76454752821,-420.781732713866,3832.26192400368
955.380342505855,3384.95076656629,-331.711456197248,4305.091673527
-2085.51145937721,4902.14155174045,-1423.64487139733,3905.35570151023
-4709.84122681166,-4206.19155610975,-692.035940575787,4043.51248270994
-4204.50068936713,5218.68149151736,4001.19285640348,-998.116453988119
3994.62946854491,9.93895721435547,-3598.77258757691,156.101522005521
-7748.07071017236,1776.58607668225,1640.0250241163,1997.15797250871
-7226.30797647524,-2473.06890006212,-3820.54208070103,378.128685335392
5926.3694221756,-1267.35681007804,4692.14955352425,3707.06036685389
6155.36826158132,1026.3487298811,2554.96412872742,3819.63459096317
3387.31777332033,-5116.29286709176,-3011.36279964991,-2044.28859829777
-3452.63993648432,-4151.67252539406,1699.58724147916,-1439.52958127984
-4907.48641981718,2462.54719324376,4241.88872686182,3911.5125189431
3656.76425438849,3527.44016452873,3258.01866671226,-4600.07329283944
-4530.61471880681,1092.0565086376,4496.48200821441,307.382331848145
2603.57795573843,-1948.21476156544,2470.88132008564,4603.7570704346
7452.18028741654,-5353.72604847018,-829.292415658799,1779.09992522035
3847.66886916807,-5590.49112091891,-5446.12038895495,-1935.29288614549
-1920.98798604243,4790.999323726,-142.6640625,-4426.35659960169
539.348218009618,-2450.08686355062,4612.18567070195,-31.3367259174312
-7009.8267918366,807.902988143057,-786.902328570272,4266.06841423602
5367.33271720855,6834.62620551714,-2082.63368409295,1995.22499450115
6992.69797882185,-265.790724473091,3566.55344321515,-608.845676306522
-5967.56341738925,-2260.57636625838,-3125.11942629762,364.171935640756
2799.52034982989,1847.33447254317,4936.49227204993,-727.819327483507
-2001.77844767266,-2529.21479075943,302.030442723943,4757.3444432764
-4385.33360840014,-4297.98654376402,-1261.7691944697,4348.44503245312
3812.32297298444,4382.14664048415,4787.65181552788,1245.55000155783
3969.65164036692,-4298.54458130083,2783.15085532691,2481.95545522107
3971.15909986959,2492.08779889225,2387.01891970338,-4683.07993590426
3809.18703989907,4221.95071945723,-5863.95477652704,524.718490961175
2963.01921308084,-4303.77236327494,-686.409791461241,4430.25861155794
2066.58177274816,5714.56560896422,-2308.77305034016,3377.65562148616
-4357.16813144371,4736.41520110139,1255.72285104877,-3883.29269152404
3726.25020477649,-4447.38176128358,-3913.45701470081,-1333.16242213746
1926.45727361444,-3499.83892327524,-433.389508928571,-3884.73454371873
-5219.2031378332,764.1865234375,-4465,-1148
-7148.10086390716,6023.6199028397,-57.8253314401221,2125.36618215589
-6285.50768179996,47.2635245454489,-1836.43381911527,-3774.30132947588
3662.18051992846,1893.98227792782,-1473.52335745524,4574.89175655442
-474.226957501106,2989.11697582465,-4862.29962214581,-727.943241770675
-4699.05997198374,-1666.47445448651,-3882.2600409833,-923.230242398016
-2675.10190851788,-4446.15915257071,-2683.67268872942,2849.22222899638
2411.23154655678,-3649.41517146395,-4401.86564372339,-2417.58685677228
5194.87490725187,1551.98284859359,-3212.2557778845,3305.14041834453
4945.5538118482,2678.73882826822,4357.28037125804,-2707.20065949271
-4400.5946517132,-7816.50510695682,3242.18549600467,2094.41998971313
3782.68709309691,-3445.92229664306,2427.37339320385,-3428.82245207492
2599.50176497993,6623.06645102817,-4280.7887010947,-1968.86834984593
-769.808637407366,3279.01137520655,-3904.08681215138,-4250.99013452109
5179.98271920991,7171.78789375233,NaN,NaN
-2247.6126860758,4507.64292784149,3644.38123855791,2272.43885374783
3339.93070793488,1882.2048270266,199.8623046875,-3903.10204721889
3796.23028211891,6733.80826671235,2766.15558255019,-707.27969595699
-3242.81061716387,36.6751610954678,-4091.45216843038,4470.11764538456
-4985.56564055949,-1341.62061549159,-3630.46761687622,2032.50365012831
-1074.5348386234,4205.57883732331,4446.43518956686,1200.22516478154
2464.82845901446,4690.4141607487,-4858.07193977216,-1691.00687666387
2542.82408419594,1091.13358304436,-4853.57442002961,2949.91699839829
3780.94553449401,3298.88067125541,2845.92914009063,3446.18715591748
-2170.70373314325,3327.50117865066,4822.2129916382,1725.13948633231
729.023720607695,7205.4442974834,3774.48996600776,634.513127998105
-2982.36033619344,-7147.05972702494,-1794.76673432841,-2883.68613087208
5906.02117821815,1476.53560269056,1942.71148114624,3987.86896911449
6801.94427815282,4678.84658594586,-1384.15810599103,3308.41518489507
-1361.76092310736,4601.14719578427,-3742.06208402291,-988.495695098826
-1816.62850827575,-4502.61403954993,-1256.46474451014,1543.70745880448
-2674.38162307634,-3913.42505812805,3674.7060929105,-3054.08324170687
-4749.69800509433,-2676.85817406915,1513.36507860733,-4385.70475770371
2422.42460867055,-4729.34415416701,-4069.50163813653,-1291.65167739556
1872.13053049571,3442.87276448899,3758.73028987733,-1734.80372253259
5178.56349132514,1624.88359670431,-3475.13357425489,-2634.16254245305
2201.89453832219,1284.78013620885,-4529.46241573727,2859.26446765146
4055.97506816208,-2389.92381519032,1502.84266369659,2465.25124980013
2664.51446470477,4082.72389741689,1050.95605626427,-3748.19686887896
601.051032557489,-5737.02964007208,2579.32319058981,-3824.59428890977
-2719.70252003537,5001.73636782148,2928.11484389428,3239.76183851227
3498.78277792502,6684.67909207007,-3590.68493250445,-221.959946448781
3532.25465251553,4133.59710335837,1283.18876327386,-3345.06685034538
-2380.22201653231,-5096.67568818095,4224.3327606256,-3983.39881007527
4538.16547573133,-3376.95751397384,1409.38935855527,1588.75970498874
3975.42282292634,4024.5055739096,2943.92525819895,-2384.64240705563
-3241.43135555283,3509.59252719249,2192.85920854436,-3922.7858499355
-7811.89185366645,4353.76806557841,-2578.31879299569,689.933353735695
5375.39764314869,561.926987668154,-196.482971191406,-3993.04122539138
-6501.38876235706,7452.94126963495,NaN,NaN
-1072.26809406586,3337.27146324024,-5074.26014162779,-1461.16752427784
4512.0772302153,3062.64969591362,-4899.0438213961,742.94858675171
6848.58480803489,7014.73172900046,-1219.48922677212,-1983.18347603356
6993.41182201659,-666.710274291771,1926.06227820134,2279.9639593323
4718.50505996814,-3729.87961100672,4908.82264396353,2140.88054969838
-6101.57180633649,-1904.07067309215,2602.06045313825,3704.29970752448
-7441.25233332009,4232.41270198431,371.662011294021,-3298.78512299799
3404.48253518354,-4113.3254152837,505.102949766355,2753.71572352294
2599.12198081426,7332.34571960386,-3612.09012533498,-1355.31831093389
5219.46310666774,-2420.76084505996,4525.18176100974,1874.537916185
1485.93544565109,3981.95151973874,-3810.058048715,-3099.88275332875
311.410461425781,4311.07024082807,-611.813023050197,4223.32606774156
4748.4134165205,3241.04474857879,-2234.04084509932,-3344.36118628933
-5648.36816902894,-7131.01510507283,222.562927246094,-2484.1460707707
-4892.66874565826,-6809.93843349597,-339.108584547354,-4015.75488305896
-4335.42114902054,-6637.29861869978,-2760.44678267623,569.932910591796
-1577.0665846719,-1435.25642537042,-4443.53200490139,999.778155469226
5907.69446325155,7664.0315892241,-2738.34366971911,-75.7827886168965
5228.24875751292,3279.97860267802,72.8209786312454,4891.37243094423
1002.75463313189,6029.24307864207,3041.54539524825,-863.014625261415
-3581.74821280971,608.55509185791,4800.46111907111,-1754.3743218376
3463.44398573228,51.1290952620968,-883.839643303277,4444.19710569121
2422.89730593447,3026.42543693137,-3622.14531346712,895.122370981406
4699.44381271158,-1315.71294663328,-3462.09767970258,2575.77281010359
1821.13953671386,-4775.0928532011,-1532.52953659272,-3171.71767162096
33.6533180307568,3870.83719526504,774.021728475697,-4515.47015073389
1562.86806479901,2176.50408559138,4560.40031815423,-2799.97649303996
-972.581908416748,3067.02126619201,4429.52339860207,370.749674479167
3892.84744013145,-3217.57390255981,-1648.92253201844,-3283.44158087717
1674.51387020377,-2216.99067807846,5054.73949360628,1335.92756391883
-3932.59004018259,1752.75895325299,3827.72538427012,-2742.38843635493
5136.83213067185,7307.18929529363,1349.88227056584,2469.20730904756
2547.28631184896,-3887.15169371979,-4325.5765843414,-1343.40019584622
-7526.7161854694,-85.3835392709664,-2444.65507658322,-1738.89423342125
6990.87298668012,-4968.15076874298,1480.25644329897,-2513.39609417847
-3947.28084776108,2689.09449226248,-3158.77961709782,-3161.94318953804
-6664.37600445225,4181.30947059312,74.729807696765,3251.15259343149
6824.4464063829,-3909.54050741773,-3584.40053491445,226.241550733995
-1063.32137298584,6277.62913621516,41.4207197490491,-3830.00678714745
-4359.9930872811,1406.08133802744,-2872.06004110217,3168.31793699166
4556.84206400757,3525.30215018768,-1478.27841169377,-3705.39658615547
-3848.14109363575,3237.10450979036,2863.0967647523,1026.56622918818
-20.8749215599203,-5876.52546118819,3265.5931923924,-1456.40420443181
-4204.07438601194,-3638.36981723711,-4068.42951460701,-522.63259684296
-3846.87986643259,-4322.05739718757,-2605.13183188411,-48.9634067342522
-1557.90758919573,3559.50647100899,4715.65720079633,1478.95152676611
5445.81114675987,1187.88570669569,3061.35296169055,1805.31137535961
1806.76795121626,-7509.15162800304,2832.74702812859,2116.72820274953
6917.03343072915,4229.23273817236,-763.712567663496,-2535.99125382607
-4340.83932782955,3498.00574549139,-161.346147710627,4386.74897387055
-1245.52408544888,1975.53901376743,4992.37556683084,582.358696180956
1595.34635672096,3035.35160864804,3752.88604153051,-1216.50748697917
7283.09720074408,-3075.64831523506,1020.28856445562,-2933.64621284287
-3119.8796511595,-1564.17272849488,4159.32669287059,27.5160369873047
3426.25634361716,1022.52502441406,4529.0874893723,-233.563881462919
-3737.52812740168,3540.63347811443,-317.518382352941,-5016.88273317455
2498.52927549637,3731.14689305847,-967.290676678367,-4013.76502180217
-1418.63430514184,3624.58401432025,-177.988200388137,4152.05935569687
7313.04030736921,1371.4954754721,-2310.81797298119,2936.70403252256
-1807.87660353575,4407.15097798497,-241.613023002625,3591.02773206
-4477.00838730865,2259.91823467278,1929.83743891965,5183.38553924042
-3026.00090152964,-2165.73115822026,-881.972372597459,4176.33076285157
-4470.50848193497,6510.73082330229,-4070.41086702924,-1072.13282229978
2627.68764725754,-326.412836027383,-757.693661628999,-4063.00851469202
-3513.06068095767,2573.70267819638,-2120.88648962337,-4617.4496021535
6446.75271074826,-4780.51500502089,4411.33119522457,1220.48587634893
3793.40238711088,-6756.03775607905,3627.18734667352,-971.073085784912
-1934.59194181327,-671.536101539245,5292.46901827127,-1255.72447554801
4185.0348614034,-2201.4001122677,-2323.07027966564,-3057.48245568016
-1981.35534372897,3669.51292683757,3954.7251721957,2705.01807510496
1236.7523498161,482.475519120025,-212.67431640625,-4407.41209006788
7109.33906583379,-5447.08933807947,-1534.97981705649,1752.50119651715
-6039.56844768462,-510.952009682873,3575.1764008646,1219.20409464558
-3525.49662344051,4833.21998198666,848.398140586145,-4227.10176302054
8003.4237897533,-4571.97419139308,-1078.72916177162,-2801.74226560116
2143.81455665488,6787.22124330678,1365.83671607487,1525.27121570169
4009.86530051569,-1522.60956511406,-2069.96738558349,-3493.38634107424
1260.86522515593,4608.44895715782,4245.45471822733,-505.35546875
-2763.91838067749,-7754.15918362409,2196.58031866465,1282.09571005655
1458.21948429571,7039.85837748001,-214.840637689927,2295.91726759572
-2825.9619354921,-757.617959028062,4454.41493224102,-3100.87337954507
-3860.73873130684,2321.86001395332,-1481.39785883028,-3359.87761554616
-5315.50035230632,2028.32740246624,-3399.41388640429,-1966.42947368421
2088.2307510376,2522.28494544083,631.998530461238,-5380.95370111908
-3997.53112560814,2940.46620039973,-2133.29960744224,-3043.08694858693
4132.84456573175,-3565.83457426741,-2656.60825280586,-3848.32045844067
5162.42145937474,-5128.56547523229,4260.56782716099,-65.3797912597656
-7230.69156723371,3864.22516839133,158.087392171224,-4115.56497393042
7286.90020997131,-1834.71840139113,598.29880218673,2478.47304076188
-2125,2335,3285.31015592945,4133.37962003227
4854.12818455609,1551.15223255929,4219.3040886091,694.278353331519
4159.31337765511,-1303.28258031728,3364.92832082839,-4092.37383833896
2309.38901034159,3727.91336309824,-1461.00189970905,-3629.47575622475
793.276351516014,-3840.15891777139,-1214.3612873792,5027.41015804456
3831.67286064902,-2538.60160552418,-3717.7271899681,1624.39473684211
4674.97075133354,-2465.64372416741,-1750.06247196621,5380.22765342468
-1214.42943394012,-7630.38054980772,2779.20082877364,1604.13833032648
-1636.84914140495,-4364.6661509672,-3506.33728339028,1824.56923241669
-2441.75703412334,328.026168630093,4786.13323777158,-2335.60081797851
-4225.58646332474,3540.32202813762,-329.071001500891,3679.63043069223
7501.50727259919,581.382124647755,-610.743570963542,-2536.61153838393
7445.8472971876,-4167.05694986657,3974.82100301819,-18.925022238552
-7020.89887530603,3367.75525430466,-1850.26644884029,-1943.4420571335
-5262.7946463464,-7552.87263813695,-1042.40704060128,2726.70644594212
6797.55115687433,-5168.24357427596,-1230.80096904898,1506.68036288949
5158.3211483176,-2166.77214352427,-3151.37280238491,4588.04084025937
1384.89710255011,3597.27349165813,-2584.32906744313,-5032.51601700485
4348.39397456964,2915.59150431411,-3570.06315700616,-660.095162619108
4329.62068886486,7092.98965743304,-3730.36643032337,-110.853515625
-7267.6743056924,-1005.67975269976,-1317.15492081235,4073.999236984
-2876.94452879744,-3797.27534926853,-2563.20937317687,3588.65022228111
6313.24632349803,6626.46424815533,NaN,NaN
-1778.38323373056,-3802.87210311083,-4371.85470193332,2224.33339397023
-3300.15945446484,1317.0968168434,3571.18948443482,-1197.11503795113
-7508.73111775519,-5111.52697940554,2173.6384831418,1588.18950331872
-3755.26387896992,-4741.21701065115,1842.38440238837,-5397.03034522839
2318.72401394136,1356.12601527944,1015.11745447277,-4800.2306429043
2573.27460103313,4604.34997878215,-2710.5524728104,3088.28304790477
-3428.16020327705,2192.11659464587,-1074.36433936527,-3135.75246907545
-3246.05744371938,1711.95027554005,-885.941458054149,-4460.83495286331
3536.53525053137,-1910.88630986519,-4247.91417921033,1283.7128648973
4349.55521029768,-3906.77466020033,135.022385377246,-3175.35540900778
2230.1747290457,-7291.66877523905,-2643.17068196437,356.09148752152
-8089.97307171681,4305.65167731234,NaN,NaN
-2712.97400775184,3729.89195327709,3995.56447669046,2552.70261644587
-4922.46945699248,770.811076049805,1863.56200399005,2997.6703566608
-4364.98708093648,2421.9705988949,-1142.17025561588,-3527.49153333547
-3539.52608430832,3572.10022426584,3068.8784729893,-431.289399270344
-3441.93246535461,4800.73369875059,-4560.62892382133,2873.44996537725
4882.78034913306,6707.69671319404,1070.29859553991,-3783.95840949892
-4682.56887288469,2970.00237745834,-890.648142519664,4684.08473869687
-2056.71647807405,-7459.37944783852,2365.30012144984,1330.04662737003
872.018295596152,-2320.62078387007,5214.67726626966,937.335864049367
-2216.03525512141,3313.21472074607,4202.43956112289,2567.02064695226
2409.9886253162,1367.09741180112,266.566558837891,-4664.9974212065
694.27587890625,-517.366924906886,-861.103449686477,-5796.26928852695
-2035.53570795843,-1674.20366040412,-661.987473787966,4342.72495639129
2152.71444535651,4121.05695897984,5119.6289170143,352.888161713222
-1171.2529763971,-1133.94628251327,67.7013077855709,-4905.96871299469
-1421.03482641493,-1590.85773925718,-4171.42023438634,1604.41200926793
-4101.85554430112,1241.74582524563,4346.75057226414,-3358.38926631221
-2120.97033308367,-3435.811056012,3795.54667007077,-172.186590952795
-3475.03063861744,435.974262798726,4347.44065254733,362.059701546744
-7167.65391880783,4074.17856719445,-1610.53271793696,-839.682643878115
-5527.51655724832,-8087.66894300284,-2620.34517935813,-109.475917296513
6205.26607926856,7204.19846432536,2220.63310750692,-598.664922499119
-1409.16067019448,-8035.62513918119,-1611.31094823565,-2555.90607803214
-4244.0651160726,-1718.2709219641,-1631.11801359517,3508.54222838806
-2183.53904496654,-3322.05710162199,4113.58865679518,-1024.2675388653
-2383.16280688052,-4695.86923607047,2098.1238298522,-3957.89572338776
-658.308419291605,-135.919086373896,-4926.06972430191,246.100459468785
-2714.54218994141,-3261.45554998888,-1902.31422607184,4732.64773749293
-3850.98335992974,-8183.00435584283,2548.11605313558,1660.25447906477
1756.96485607306,2252.36980422792,3763.91233234347,-417.919960021973
-7266.17062613924,2441.53423276155,1868.77952261167,-3843.37382175204
-913.47518290379,-7912.66868373398,1007.14168158654,2754.32135605864
4485.15626343233,-3049.14012784489,-1732.2388941908,3192.96505667155
-3927.22623226777,1181.32155162549,-4345.56231066885,2643.32246971227
-261.607116699219,5417.10248315117,1703.72702221676,-3381.22818468495
3799.4599825088,-2698.21652758975,1884.7985979772,-4775.26360393342
3853.89049085896,3554.21027683531,3046.05997059841,2640.79411168877
7484.8703070717,-5687.48385979678,-2962.887053185,-350.499684495192
-3081.27434683952,-2765.17329408782,861.236516289357,-4910.92054838798
1463.22262034697,1915.16225710686,755.921274518467,-5413.41380915075
-72.265378534161,-3332.01599063963,-3461.77400564004,-4562.83986668955
3530.9344051273,-817.918387354725,3933.55131080325,-4065.95810164336
-7517.88747204082,2829.9287727978,2660.18945419345,-2559.71059674297
7570.35544031962,-6380.28418630751,1260.34876610728,-2228.75985327954
-4747.29015484428,4882.31120675848,-1332.16246267678,-2376.52164086578
5087.61015494561,2484.9953313142,-543.756748226197,-4196.70770207118
-1862.8389808423,-4421.44583119383,-842.959758424539,3677.02551190002
2370.26861896945,-3218.37101126849,-241.569331152344,3935.28755978998
-8166.70742245753,4871.14427897135,1257.06189024101,-2407.71936776158
6846.28943569822,-1217.09250558633,-915.698495346301,-1518.25957735169
-1513.52375436685,5025.19363905778,-2111.16380983491,3890.8329861794
4372.42644857254,-2777.60682281425,301.424904808007,4863.59030065309
-6532.62304018295,7014.79880537242,3648.04187341264,747.303247734139
4994.78993123077,6067.05839809852,1176.310727227,-3771.07520416637
2033.68662297653,4063.4665654621,2900.23030748052,-1583.58271117105
3561.58734087628,580.699009404282,-3894.06633695053,4099.89566391047
7350.16978960765,-5105.27966734171,-1082.6238761355,2928.49194198996
601.096342457284,6660.90575390976,NaN,NaN
-3807.89320514429,-4088.40438454155,-1292.55870541408,-2628.56359875947
615.605270385742,-4601.85990313049,-1802.19234250284,3764.29674126332
-963.103828676285,5658.41961452498,4331.73638753565,-2538.85280368905
-4214.09822387452,3066.54645504208,2024.832371838,-3405.92233283089
-7028.73454646824,3614.49962466176,241.350624084473,2855.10620916316
-2556.40856010556,-7996.33271702702,-166.255237430168,-1877.75151837799
-3235.36783077739,4339.57066461402,3348.80955789999,2301.91067325368
3632.89973294382,-273.104223038866,4239.06514032496,-3030.74602059705
-1572.36683990631,-3953.99758151048,-4223.4867645844,1264.33701706276
-6897.98926076355,-6860.00738917979,1922.57850537434,130.096850486707
4162.07331516686,-2888.07563151641,-3104.03008273364,-310.897566127997
-1646.83609385912,-4055.74718110936,2946.35395304171,-1933.78918457031
-7291.72896656244,2744.04730474585,-1066.5607223942,3782.24868318816
-5959.27999464745,-3930.17735466074,-2539.65764351196,-440.432122200941
2145.70703405756,2007.17191459777,-5298.96765119838,1490.94081135835
-3701.52469243953,-3522.56417388742,2960.98665945871,1087.9547163369
-3731.91984248395,-3816.64319522189,3949.98463681745,411.210123607091
-119.877081620066,319.137690478032,6468.99084434591,-7003.93658430402
-2822.44309884757,2948.57636867816,-4266.35515587333,-899.912154669734
1425.19060856228,-1143.22376401033,NaN,NaN
2609.11862313029,-7045.54282271059,3645.56347337053,1320.47162597656
6746.80329378069,4345.27867757158,-680.61981143403,4306.91048749574
-7310.1653882075,-167.28400274519,2511.91831015774,-292.672793074538
-1873.0965529416,-4082.80342793672,-2076.81537322998,2420.6771230223
2645.71832756647,3754.56509951733,-3582.12916451759,-175.561632879849
4673.93262516639,-1925.25998950913,530.554519958337,3564.53012915831
-7204.52288068221,-268.575765963207,80.4647419992573,2568.7178654303
-2162.88931104658,7220.31614151788,2401.81962632128,2736.96414242549
6065.56440108571,3396.48598859077,4199.34304366681,-2986.94870679342
1321.94924715341,6965.17535641269,-2107.83116647601,-2235.09822548828
2276.68419249414,7839.11065658934,162.501101231437,-2681.66640046617
-4408.8160807748,2396.04851505289,311.35531201241,4582.35134675685
-4022.56512034322,-2168.87065767671,-1258.69999211646,4036.00692332778
-3135.28954079747,-1613.97369674905,-2042.44856319925,4152.2377812697
3036.38488305251,4353.48039784925,-1450,-4759
-22.4301596114885,-2990.09179477484,-824.416211375576,-4878.5604120553
3891.12893112048,-1494.60283604093,335.723986817063,5499.5250748082
3844.44721673774,-3585.85900868639,1031.45286436007,4387.7769425649
2152.53929998734,345.730834960938,4171.92632133596,-32.9003746594005
7601.24699736343,-2809.0868291193,-1253.38971488998,2155.1337779599
-4541.60733455385,-237.187653540462,-162.039714938819,5825.28722155196
-4371.52583047453,1456.04723655611,-3920.21716124865,-2635.91648083098
-6628.93467189569,2251.40158081055,-2242.89047367928,2855.23548466935
-1839.2759385469,-7238.27670288437,-429.611240526733,1655.9174614399
-4949.00002755553,2226.87824459418,-3511.28061081279,-1022.23535749077
-4088.52100025121,-1900.61356180085,3211.41969575052,-4730.41550934219
4880.9891563488,650,4463.93491286054,1471.90398122442
-7721.01302062359,5777.78592309274,-207.857284545898,-1833.61133512965
1311.57817132589,-4825.6941131535,-4261.59877940934,-783.896635904575
3506.03611192252,1728.22882016192,-1823.80802047085,4448.37453729097
4914.37609670015,-1284.83275413513,-4339.97549609715,-1909.26544376653
7615.93733479703,692.020836980538,410.1376953125,2364.69309815389
6877.46424105451,3184.05506457137,-1743.09015797499,4343.85544118951
-6155.61419630027,-8019.71382762719,2121.62262273564,-1026.22309112079
-824.965996003178,-7686.63809340815,-2444,1990
-3504.93670565761,3292.03221140023,-4173.64726855626,-3269.84245963865
1510.1229286408,4605.38042499825,-3424.83218169097,-3030.07765388215
4679.39138049853,-1746.8573847684,3352.74336028225,2448.27525561665
-7603.17891700098,3610.95655037612,NaN,NaN
1559.53008930832,-4003.11050262326,-4866.96094297783,-1879.95838104975
-3832.39947658649,1968.59582094901,2606.33166144201,3513.96894595402
2374.34997534415,-3474.00020888098,-1038.40682394961,4064.73703001726
3568.7711856852,-2000.64307480579,3392.53060570411,-3226.74828166305
5431.04395039168,6926.91428593388,-2190.17857272327,-825.854951907212
-2300.23670613075,-2288.84514575034,4297.66977170175,-1256.38970804096
-3967.46772233327,4022.2238171045,4077.25526522953,1481.91418707573
3852.23913519564,-4494.2480091875,-5008.35489052891,284.400733947754
-8023,18,-952,2392
-4512.08700865181,4857.28368453103,1378.15924393913,4209.53704886176
-4485.29923904608,-2157.08059098534,4189.20153545574,1056.81821671854
2160.05352713786,4213.63134202171,2875.7759495807,2088.02758188361
-7131.21178225417,5597.41455748817,-2223.87618902439,324.555477673028
-7970.96410180273,3378.59185985393,-239.643363530318,1901.46633860781
-1790.60615171927,-3723.41683595876,3387.72120992244,-2268.93544410376
2940.31705120831,-2338.08414815995,20.1600952148438,3627.68101047825
5726.4624509207,1174.34672765044,-2838.77475976441,-3718.04331601899
72,2604.32197667304,763.677747780882,-5073.06655710212
-5002.41531658232,-8003.82914330932,2812.99423280768,-201.480208695598
-7960.05225272897,1007.04019859878,-940.232440029636,2161.85186200544
-1981.83278136038,-4125.91894341412,2463.48652043873,3365.27809422474
5272.32486376576,-1492.93626986149,3240.09972338157,3693.09580952451
-6890.16159453966,939.440680558144,-1545.98314420226,4130.00243268694
3628.09101998791,7403.62601312585,-2589.69888352114,2312.08110978347
-2539.72381133413,-4088.64069460301,-343.867038216561,4063.14086408801
-223.505611524783,-3983.94237907826,-2442.78786668196,-4719.15369528361
-4761.50799186389,-7295.136513143,1632.37989988621,-1718.12875520362
-2747.69652359033,7263.67442423086,2176.369605436,-1856.63199557756
1554.02769265187,4667.70352347755,3934.56145682148,-3999.83644080309
2409.56820620585,3945.11607193148,3631.77801722223,-2495.90951120816
-7266.09676433583,4825.10327906705,-3101.38921643056,-261.773492243383
-7554.04722227916,804.414662562825,-1847.0063319615,-2564.42185626743
1830.10631931277,4641.71139995987,-3559.25109568151,-2985.96974118983
53.6693757709704,358.72705078125,733.588750594702,-5121.2427838323
-7342.40573064702,4738.22645284413,988.993685645092,1932.68209242768
7266.8565569879,-4802.89822546233,778.597449596794,-3036.06286825513
1980.40150209963,7026.06802614066,853.544517837826,2525.8292463308
4196.66217662146,7197.73998798629,-3674.81874724426,-861.258099652387
-3242.76315425279,-8557.59377458215,-2396.96390503682,1025.9330801383
3585.92132956762,-3086.8388548326,2245.66577378394,2968.44412491582
3538.02793795759,4512.26436334981,-568.519708223432,3834.55274842569
-4525.13290641383,-7191.67135484108,281.379800400387,1899.52725170006
3852.78283619643,6958.47583270376,213.970238278947,-875.055505547363
-8035.05297680217,660.022317085423,545.726974628828,1973.70847617229
-3577.7200109489,260.024673892815,721.334905206384,4346.05509820458
3300.53680070089,4007.47928545284,3924.37289359353,261.2928921314
-2855.77995168509,-2353.09464616919,4490.03031039899,166.557521820068
-38.0432891845703,3845.30229469918,-2745.74886935613,-4113.3134038751
-5904.57807639862,-3960.01489916133,1428.72171386292,-837.922021656913
-357.778075620767,-3564.2204055579,-551.800619065805,4195.41472622116
-4068.37905433497,-2249.63985478362,-1061.17604223005,4575.78849609031
-5295.41393698039,2529.24691757538,NaN,NaN
6300.11491936011,-5153.99421374227,-1754.35477563468,-2621.01073369565
-1284.62461963801,111.834733342536,-5866.92778911705,724.628163230283
4218.39105377193,956.23250579834,-4254.20914486332,-2003.02160189758
4664.75311733826,-6875.15159592393,1344.99595034081,-536.613594885039
-7135.10627416773,3381.63544230378,-3202.07136735327,707.478448275862
3505.44993473177,-1826.45393765412,-250.118667602539,-4074.67642750339
570.40845489502,-7457.56132409235,2065.79374297162,3077.28580339919
-3955.03032609237,2035.35916293396,4101.73681213214,-77.220458984375
-2061.556752348,-3459.04726887584,3084.29204681983,-1794.91530796267
-1746.79538106495,-3247.20797519966,3867.72285029655,-2347.25952028936
-2588.69539371283,-4180.20567441594,2514.94755644735,-4918.32144367815
-3945.89274977762,-7815.73624569684,1175.95704480769,-2123.73237861597
3585.72250603358,3100.05015927303,-2868.41647402952,-3202.12978379014
2356.28166782348,-3837.53467864872,1164.0313648294,-3701.23786388958
6898.78699929472,-7088.32184055034,2349.36035419961,869.05445602373
3582.02037463282,-2355.2441826865,-2966.77748019872,-2807.44260176758
-4304.66876199531,1317.79697687728,-631.444241478243,4560.27714469594
3218.0906038768,392.40960707851,3759.15790967574,-2926.814453125
6214.26932751728,-6644.79223777857,971.085598176317,-1419.74629708143
6765.69371320833,-6700.14756609073,NaN,NaN
-7516.53944674835,1152.62397152837,1076.98945000145,-3368.64259589029
8125.00752704268,-2547.51500995545,-2620.24790138294,563.284088260791
-2230.1000600781,-1077.77142397292,812.110413885144,-5076.41914596247
948.211851325758,4825.1637631881,-3949.9085475088,-1740.27090324385
-3809.30355160645,2722.32450706801,-2333.19406311217,-1269.32057234784
2762.97925029991,-7029.91103078628,1522,302
6737.68175940435,-5440.13988852075,-2806.58782508157,-1094.6340222506
2843.37816534459,-3465.49706920441,2612.81196324721,-3892.51151970007
-6868.23871229541,1698.25445102874,2077.15075311914,-926.408287203628
1988.72077647226,4230.39676349638,2417.08449349188,2695.30243802513
1048.01410975748,4030.89313906809,-4301.78911884342,627.272051171536
3467.98771540036,-3022.15382363122,-2446.55063022583,-3373.00930224559
4030.91073241596,7269.38076309053,-2746.22957222117,266.892857142857
-1220.53218015902,4842.5672160442,-5041.2796500229,-159.970703125
-31.7888600014114,-4398.95644897316,-3032.48666536456,2459.88980767581
-1577.0906907527,-3394.24247362968,-3968.335855305,857.557160718329
-2337.50884799906,-2916.85239660762,-2661.08964650084,3504.46429571813
4769.90219299892,7760.45839694984,632.889327838108,-2151.21791247597
-2661.23945155801,-2123.75895207012,-1395.67203421856,4363.53299580487
4338.9300788583,3242.95898987887,-2423.15334416547,-3068.46948663975
-3128.70791815301,-1778.35429472982,-1786.25185373788,4025.68825960786
3873.40769218312,-1890.52597546177,-3353.00713846233,2840.04551958825
-4304.54316872624,-6579.59635717478,1606.47551245533,-2303.35677146169
1711.8585388766,-5219.15447993407,-4240.40125448746,2111.88909795482
2710.01823111725,-2149.29780154968,1647.20758526142,4695.75425199944
2777.98941790999,3719.1507277258,-2967.11343280983,-551.808576907966
-3011.51763188452,2484.36332544564,-3813.76339558202,-1885.65894748763
-7425.70190281277,3872.65882250117,2874.69246348113,750.745038507109
7101.28726878224,-2986.7141693002,-3566.10207612748,126.853632119011
-2982.92291570114,1742.91033262963,-4854.81214067275,-1306.18356178547
-2503.0224942294,-2138.48956916997,-1743.69729567551,4726.68732787396
-3742.07497908242,2304.1088053313,-2414.3872505659,-1459.3568233843
1211.51779134338,7099.63657535183,885.094315108719,-2459.63998431735
-1721.23717730978,3763.90965803637,1615.636554594,-4259.07291712767
-1271.79380494457,-4342.15616581976,4639.31395171972,1014.4014485724
-4557.22192259491,6331.66698581658,2243.33344191667,1986.76322909496
6984.54198104755,-4202.77731469326,1228.94608570676,-307.70873169277
3545.99559874157,-3325.9461515018,3898.34152476366,1109.52827080006
-2935.51823106077,-3190.25266186641,3589.9584534989,-4050.69382172177
-7039.85851202927,2489.6401930582,-2080.32093914231,3107.21423148456
-2533.83521714647,4351.74839816691,-4444.6235933708,1804.44591606286
-6529.87621646506,-6282.97282806073,-722.689431783315,3361.15999773568
1400.48307167445,-7303.7229357475,523.453608247423,1349.88516006496
2286.90931565085,3436.61518210163,-966.450765183691,3997.33163077027
-46.1559138209497,5921.36899816938,2239.73916619313,-3510.94378145947
-2856.08228604074,1844.09801112815,855.811844189171,4204.57285864801
-1306.6523862085,3009.27111262037,-3415.70600785852,-4369.93310680831
2763.19671202224,4001.0348260118,4531.89970879895,1760.90582095904
-4386.64286021953,-7940.8932070946,2264.4432754751,-446.573202054795
-3439.18211615587,-2416.34126384693,-3944.94406658093,-1208.34602809597
-3971.72379946896,535.67311590181,755.113785975955,-4589.89777255459
-6847.11529042636,-5716.7256370919,1278.09644480096,-181.634969695697
2459.49114462936,2226.35556239923,4099.97794680348,-3798.62336318053
-3287.32425628355,-1687.37901632794,-2009.92775748603,4517.27689431666
-1421.55786528274,-4309.8063459216,1207.28428957015,-3734.51486872167
-7506.71378659758,4351.47635717972,3158.14112283109,978.371651246376
-1970.17038393357,4685.3823271687,3937.66245345022,-692.226808783934
2385.6280787443,-279.655111633373,4680.76494754764,-168.874363297715
-3794.4377579377,-3700.34068566009,300.006113708996,-4925.19065002421
-3072.24020568071,1511.67785954604,-4886.40234596405,-401.66085180729
-3244.37784156828,1399.03946966818,-2104.65030235147,-3011.31377125207
6678.69516400371,-1723.46790974935,2157.37763551935,-1053.20025056781
1449.71574618144,-3980.1221470918,4793.81065637417,831.155193450345
-3360.40762546799,-3395.27986949971,-574.599009114156,-4175.34674414623
1383.25841927528,4348.06134871215,-3540.86936769373,-1209.79114388828
-7492.70268431888,4830.59937339468,NaN,NaN
-586.1494140625,6949.66067380145,3198.61570497151,-1842.52873354809
-2219.63856081016,384.35009765625,5045.39837865125,-1490.25230689834
-2607.34540056015,-3963.4414306278,-2737.31982540227,-1806.97374861844
-861.535153299448,-7429.2849114311,-3367.28391329679,-1072.23402240776
-7239.15503811223,1433.74225921061,-867.366514993622,-2351.63496318076
-5312.89963885328,6794.805772881,3805.82107857326,1205.83072592144
7827.28153782484,-3344.48855806265,-316.424283014342,-2548.38820255383
2710.52958469469,-2993.49800604309,2746.60620195366,4406.10848214095
-3808.85776861598,199.802366479043,-1975.15884243736,3797.97263748202
-1957.78294195114,-3081.48160457231,13.8151479321857,4485.61808786464
-1623.81175388535,7439.02326161848,-1494.72989377845,-1225.71380298443
-576.669873945552,-4912.90616809814,-1411.87925604865,4234.13125252066
1417.55156058442,1258.29677376076,4421.8977916311,157.107054961012
1680.79411292991,3144.89859353695,-3763.76730753649,-302.395898734059
-7174.81652092552,-2797.0221068519,-304.510866910867,810.844621513944
-4288.21554464997,-7578.55125361781,-1709.87404056962,1194.52445558985
3804.61956789427,-396.057431523671,2261.48953979927,-4571.74304136378
3431.85312348739,-3650.08379998214,-2769.37107006147,4259.70242275662
-764.35131072998,2857.74590459597,-249.138931302882,3565.95392975994
7694.45975438399,-4297.96762370189,-1931.42183671586,-361.919885244806
-3672.59285001749,-949.501059941715,-2814.78784448918,4364.37797725241
-2734.8123093272,-959.383847836301,1381.86868523838,-5277.86301081203
-2239.42756608409,-1439.5056003065,5161.24426572191,-1993.68246907507
-4860.74346415625,-6563.30986563167,-1915.81919195953,2514.32412388184
1839.98501051496,-3715.10557592271,-5258.17171305042,-549.38412314787
-2290.62014385459,-1488.13620546332,3570.97336580864,-320.428780724363
796.633439215064,-3811.1952074784,-4900.33049498013,-1040.64882195365
-7889.62745426637,4829.40065437156,1760.29111677189,-1730.74453501083
2228.65585034815,-1593.93244069815,4953.50401020778,-2457.25424669194
-2934.74169031275,3415.65773806026,-3493.69002645091,2904.18646715585
-4853.39900453088,2255.27684013848,NaN,NaN
1163.15549041513,3350.25627102336,1969.11319965243,-2107.42340360267
-5462.80605736954,-6656.21982051019,-1588.72192544935,2.93499072752221
2824.95621579322,7519.52633038533,-1702.99358832356,-1255.89339542543
3729.03168434305,-2121.17442752594,3303.95336258945,1395.23809731623
-2180.09928048961,-4528.15598127664,3550.78006483925,1136.94170474408
933.409102876918,3860.04029009787,-3518.31754600749,1739.67903561072
7633.13567483603,-4680.73851040953,-3163.56876332319,-111.63237671604
1779.90111232182,3143.88348979444,4059.59093676082,-2844.33269888034
3231.36002766345,-2869.3012386757,-3395.38800184554,2645.8463595436
3810.62031242553,-801.043289811442,-2468.30048189946,-4502.93343127255
-2294.59079155247,-7176.98499113476,-2477.39545903297,-1181.07504082032
3357.44345421558,-4093.28312347718,3621.84459874336,-2609.44634510136
1751.69441678265,828.530544360295,1268.89571884708,-5701.4408207538
-7228.82420627451,-1557.7868227222,82.8764204545455,-2312.25161866238
-2271.11354884825,-7459.28903404842,-1612.04512049391,1472.20008775709
-4142.5250674615,1170.77491685091,-4732.38973543742,718.287778843471
546.290475429494,-1015.84868937577,415.967250693894,5231.54346939711
1259.7494890138,370.252446982055,645.570569490132,-4775.88422204456
-7356.45088856295,2863.64925718679,1725.14412426883,732.468255751566
-3957.7388509689,1120.82581182415,-3047.25017764652,-3095.36277232175
1061.71638934889,3072.32856226135,-110.517301041727,-4747.59392999594
2585.86725800032,-7734.90865625357,2290.33047119951,-464.129629964407
5338.72599399521,-6845.02756680775,3228.50018515665,194.375379197141
-7541.31199823027,4150.5179560515,-2497.3846247663,-478.009252026286
4178.90777085604,-1937.12419111504,-2989.66008108407,426.908963072059
3869.95026670109,-2071.09726573818,-3783.19932862335,1512.84762820296
-304.766435241699,1410.19332390025,-159.365808823529,-4013.79007482092
2187.98793898223,7283.23078057482,2648.33921940461,2119.28908080227
1143.10254735983,3661.69045790828,3884.02750960362,-1488.17067208446
4376.02366466846,-1808.52807748733,1763.32428870704,-3973.0679309207
-436.822731018066,-4201.4462186178,-4983.47716079509,-1247.05365781985
3510.91962469019,433.369674682617,-3879.98003767911,3721.81086656605
-1038.97730255127,-3703.04920234185,-2934.70959963377,4283.87982830091
-3617.25800576617,487.033208724556,376.957186057905,5235.87665404131
-1920.89116699072,-459.120624110121,-4935.36522721069,1668.59540316412
-7015.46190655161,6672.04501656161,2714.74988549094,892.886702942617
7393.78951583572,-5198.15906416216,-2823.95212563559,545.278297511212
-1741.33171449458,3473.77580284593,-1676.49016340677,-3942.19895158206
-1485.24298244736,-2954.74749074454,-2765.7808485295,4954.41193201385
1357.82274552306,4111.77194782971,-3222.5645336408,3779.73939720234
-2029.88033123503,-1178.02862860429,-4683.90318542011,2291.36439964419
-3839.01623905898,2319.49229405593,164.356577184816,3481.41557186263
4046.66345262799,-2196.92119350383,-674.462443588215,3744.0063892725
2149.5740976212,-3497.20976512291,3207.79088118877,1015.10849448767
-7989.72132034253,233.903590513079,2585.31665345043,-2265.81970489112
-4169.63222712863,1051.6879971276,-3359.71644804135,-4304.28001777886
2627.645784444,-2674.49717918891,-4146.73123391397,-2152.33419604197
-6892.21088956065,2349.83039632523,-1346.00484968189,-1856.35567393459
-5875.77714221427,7342.97873432858,-1596.27582160057,-1592.38801349902
7544.25042781251,-4253.72816448854,-1340,-1330
7609.52576125443,165.281984037823,-2373.05914173583,1271.63256050359
2984.13656240654,-1576.80382618983,-2967.07584142297,-2596.1689860026
3943.81254258637,-1254.81720765533,4020.38246799745,3106.69213295246
134.981816598423,7316.65743304571,2657.24756852782,460.923828125
-6701.87253458536,393.8642578125,-1652.14046849972,-3426.84577553737
3078.09294815708,1330.79904184942,-2993.88922320307,3192.68733316149
1953.01311556715,3894.92488018239,3930.27967124012,1392.81472157432
3026.16799140741,3944.96887169712,-1192.74346351624,-3461.52733747661
-7471.53932016975,-5095.1426306089,1009.12695520598,-670.215135942517
3807.09953664234,-5742.58512966296,2851.88998427182,2461.49204420871
-4576.49919639203,178.11461617606,127.14811706543,4873.56346434185
2587.94495948399,2644.41494931249,1664.13637661099,-3642.14243402965
1304.15853611307,-4455.03103652663,-2918.56386529017,3905.48967491775
5665.61150126504,7522.97633882957,-1171.88649013808,2860.81299139707
-2245.99701231188,6313.5818548979,-2893.92419657455,-2032.82680781092
-1428.74528225363,-1490.34763095825,4526.18717698164,-144.598189270795
-7443.06086023798,4168.35044961134,3239,1337
-1574.96753311157,-353.732417164935,577.85428853301,-4771.00141980424
-4330.36908701844,1530.31187047564,-3951.03929426604,3491.55895237237
2805.85459661636,2385.16640660242,2946.57479719302,-3314.69267025467
-2501.32495914001,784.972602023082,-1703.49321677604,3550.8789171506
-4564.12559046546,2783.79965381033,4255.07079876056,248.020804509189
2989.85281816302,1152.90522478591,-3776.23115217784,3548.4919755233
4148.66324076246,-754.055146761287,-1794.7573933025,-3405.96845407622
-1277.35576606567,-4193.00656150618,-3848.43238889802,2264.1318191696
3053.13750328016,7334.139976582,1820.64017250997,2135.50004539406
-2280.09383513671,-4149.40439391919,-253.305559910765,4562.21741873849
-2355.49602165704,1859.40052323639,4473.43710490124,637.916808715674
2339.04384414578,3422.03236323825,439.517111586284,-3253.5160467963
3594.36936239326,7233.47065317995,-1930.37848269941,2619.34284596423
4354.31741305546,-1766.3632082658,-1419.12445108252,3337.42338330266
957.519901214472,3832.52761014713,2698.61476348538,-3587.34675486826
7111.38703908202,-1325.79732600169,435.354743022358,-2990.69691548942
-3700.9737236622,6822.34379698593,-890.597260532143,3180.71563812612
-2025.67225247781,2411.02734375,4362.13368016379,2240.78106040319
2007.76393211428,844.466743469238,2202.87888631283,-4891.24469390781
-402.728220228332,1440.15558990779,-1041.13559738325,-5518.15806292603
-2166.40457510883,-2111.26061104217,3318.43861341031,-4580.00656181809
1922.28849218822,-1608.75218363988,4957.35817857395,-226.884854652005
6987.16528242937,-850.871956961496,494.512848159275,-3626.05507417367
-2459.55187455156,1445.50223150949,-664.148248099425,4234.48262983672
-3578.82591103711,1371.11985480087,1195.56382928692,4679.44475313258
-1767.05131158447,434.993675616934,-4793.81352290968,-316.887835339664
-6905.98577120635,4593.46393601231,1595.02974897035,-2884.47006321844
-7119.97389491943,4332.12802920556,1613.26913514092,-1925.78759258593
-1565.0632298185,4036.98357674466,-3535.44401742288,2653.94778781673
1763.52701266479,-2531.62440469949,1286.67891677221,-4096.29291914378
-387.216512310283,7872.36712968102,-2898.25557037005,-2634.29541388036
-7303.56403069711,3059.06554488088,2333.21151461902,447.678910522445
-1580.67969365912,-1701.40656045306,-622.392847481279,4950.38952337938
4370.29813152109,242.743374034762,-1876.5497976786,-3705.11186394754
-3832.36468212892,-395.982046274038,4086.31955513144,1934.1922907698
-7285.41813434865,-1648.62405133152,2582.34595315343,-3830.33905010392
-4504.80093851673,2094.51961024466,-3929.76304428931,-1863.03415032337
-4159.23862984444,2434.25587369899,891.763236414339,-4420.13136335608
-1497.82189058551,2592.00825334065,-4899,-1683
-3040.35445199046,-1055.40076172675,3398.68736153864,-3938.44358611282
-3644.54554754985,-7896.43645916689,2066.85351006102,2278.62868193126
-3742.66478173025,-4199.09146002017,-2331.59191567658,-3658.98618967813
-1835.14822142241,-1447.7628151538,606.194774888966,-4605.53906743375
-7000.15834313425,5859.20413927822,-1742.53628649232,1077.58044900516
-7298.35315099253,2153.05630493857,-1447.0356008058,3275.4951420016
2942.98104439543,3680.4995976755,-5057.08749210999,2110.12997096816
-61.3519134521484,-4186.54385287931,-3437.25100776424,1937.3868565976
-2469.64185758682,-3238.74229390962,-3343.50278103044,2309.03303020069
-3838.20614089273,-8640.90818729699,2135.53403475124,-852.319208195586
3725.69130895873,-1996.86889195138,95.0357684235075,4439.71698908817
-580.605957941612,-2319.65273108153,-4781.77096570956,-204.589761362667
-2321.80030058906,-37.691119038148,-5230.4013812455,1321.80506742368
2400.84837645828,-2296.35438375947,-4500.24505919023,-2478.28617522959
1464.54007267629,3986.04263940049,-3011.4910398991,-1834.33988757377
-4891.28020536855,-7285.97676119118,-1940.7472311971,2485.18610534871
2366.56712519646,1961.46405916132,1424.95674128586,-3927.1031530208
-3261.21284482307,-3349.69295968076,2506.02677901511,3163.12178737792
-2711.42362709599,281.414089152855,596.967917500869,4185.54976530489
-700.135981823609,-3978.05360398415,-3569.80130802612,582.968763641572
61.66943359375,-3127.97382773903,1176.29350361879,-3635.48136699419
6468.47204120054,-1235.57215192077,1191.59975465229,1464.55738784621
-777.133027916054,-1687.13974575298,-4165.59345677455,338.943158071907
-1298.50633293917,-120.279396186441,-5131.18140374276,-2.45508819265464
7273.60505563709,-5498.45883875094,1396.43706138376,-858.913096490675
-8.3497943722972,-4426.45936984827,-3406.4140724064,1319.79800825069
-2770.83609413923,-2147.38512285701,-2935.96764143551,3497.18481789137
6568,-7087,2445.08978071221,39.5396266968782
-955.045671766521,-1221.22404035911,5386.50233666541,-577.809671498863
-1972.6437364357,3973.95342402551,2398.00586551425,-3915.88363886006
-5411.82376080049,-3459.21950703654,-2451.71915406079,3231.62233706456
1661.48915964492,1983.07452283242,-486.894284734095,4660.16665796828
-4223.45189225636,1651.96592855751,-252.911044806915,3978.32860150929
4282.88114744644,7918.46529962752,1544.27980873012,2306.86180856121
2888.21788441008,6992.83764771695,-780.262367154808,-3212.10893315199
-3444.10661880276,3194.16090869757,2272.58150302105,-3259.80691965262
6909.81007403064,-3459.38860861346,596.784313049565,-3764.30438710217
-2070.0013860512,-6906.43437728848,-3435.18705553002,-1482.82173988953
4119.53195547923,-1638.5954273506,-3968.02176319584,2619.13895190431
-3747.71295216758,1489.85322065689,-4500.33678034232,1313.05300934867
5770.69987230314,7018.10228069424,1647.06076844262,-226.723208818126
-7005.1844781117,-2538.11025613336,-2228.35340420075,2792.2688208779
-1992.34252050333,-3817.20585741492,4665,-108
1065.9869547641,4707.69314172868,3276.1576046189,1370.45637362208
-7877.68851501886,382.339052373126,1997.84769430607,-642.851561094364
3719.41367041476,-5.4229206632204,-2186.3791272676,-2830.5978020057
-602.281344473245,-4017.8336791691,4220.07088013091,-1756.01096574409
-7231.3976521558,2034.61145794185,2763.19277487347,85.5032958984375
-4045.11818438455,2013.71476789035,-1496.95588378906,3951.89051616769
-2404.47405602021,1405.35149175481,-5579.96546249748,-8.5400390625
-7843.83859400794,1569.58445786024,3031.39941388358,-217.526924133301
-3917.84367790745,219.9814453125,2522.034192836,-3333.0650953603
7300.85704568453,6677.14798354841,-1627.34667056075,538.781711940925
6985.34434449802,-4508.78012642812,1547.2924975056,-1213.77883118774
248.070991516113,4093.81533034304,4352.69405113303,1777.96700758603
3380.53300457548,-2085.10831804699,3768.09257342697,2143.41522451658
-7492.09909600133,5236.56896210968,2185.03761373692,-1618.5844256436
-2038.73846842643,2869.37826400956,-3457.00550099824,-314.811712475254
-6871.22293576178,-6864.08364983108,1094.82431777524,2443.69792851207
5156.28261446378,7693.52052471858,-2346.51077713487,-899.183909507081
-3821.23303476395,414.203710810288,1781.34181644787,3326.37113666096
1413.04273535987,4050.49875022463,-3099.39382879894,-2248.76659418665
-1939.65160491528,-7601.14906552328,-1742.53377820682,1998.92399947496
1675.26969536609,4046.06338271256,2421.08323477838,-3713.75415124237
2897.44294822293,1148.14085136694,-2278.93031093585,4223.87473034161
-6833.3732521238,-1516.26277640412,3594.19853253733,-1456.60015485402
2154.35008206158,-1104.57176941123,-4302,-148
2349.84715010426,-3385.9449203669,1663.36136704697,-4166.44647192355
2432.06270121807,-6674.17777594046,3438.61975499652,1641.42572651266
-3036.22344268529,-454.201877100672,1946.03693274283,-5327.57311150854
1953.79126759065,3162.00841445629,-3947.46809623431,3163.74179723141
1737.66199562114,-13.6607777316406,-782.439674179029,-4588.02912386746
2743.13793163982,-2459.56607271664,-3843.57365345542,-3689.08168304142
3478.82160239773,-3763.52545267209,3725.76089253549,291.885141011537
7034.5669346533,-3500.44766229502,2676.16727991449,320.127523074903
-3698.8474210223,-2720.97432762836,3628.80529341649,-2461.05922757938
3965.99605889261,-1498.39616053387,1057.99112933656,3441.30814297638
2349.92535359159,1391.9325774533,3861.71092216453,-2584.29025523181
-5431.76243100619,-7128.19878221799,1421.5430239803,1713.44999994638
6876.65202143622,-3016.87617455051,87.3076613220987,3496.89065643223
-1360.31420361945,-3974.22219904496,2715.23667951384,-1986.52440391792
-4151.25840981376,817.603008893732,969.736686495323,3711.57551817497
-2927.1778984968,-1062.02439880371,-4481.13706459782,-2549.45269499025
6756.47157097639,-4272.87528840661,1362.38385269122,862.163194409335
2490.67576725853,-2072.31626318181,-4267.92114787412,-1292.88461085985
1569.40922308965,3266.89174337441,44.8032312393188,4284.57792879516
2679.25002698249,-3222.6955899299,3275.47960233199,1299.09670569025
263.428070068359,-2985.17736765271,-979.22981054914,4620.38247393002
-1169.56423419455,53.6436614990234,-1129.52102209889,5858.55021239104
-3820.54588630466,-323.758705039102,201.78623123981,4117.73860253251
-2637.35105602333,-1018.37664560233,-2439.76488122004,5047.91865411452
2960.94698974976,-1148.32363595104,572.412859354334,3163.46356179971
-5468.59480609641,-7367.02473678033,-605.650626445909,3321.80690156883
-3013.08798750181,-2506.95856898986,-4599.57425101714,1761.76345219134
-1399.70870896338,-3863.7602708342,-2266.711804919,-1745.05181023221
-6720.63223354673,3623.43738096496,-431.763220273783,-1765.44329967469
2531.79911423279,-27.9589996337891,-3709.78846620558,-835.373341020966
-3215.76652569997,2183.44592510615,1551.72212364795,4043.69925346969
1980.65373433793,2033.9995090878,-4407.38858977461,-420.213085892177
6941.67245901887,1720.64326049179,279.671488400562,-2604.24186566675
-1997.94127693116,-4539.3287227146,2746.22541302651,3080.48993998703
-320.593071928686,1194.3734221795,-901.263376670532,-5475.14032702777
-5148.13479067504,-7439.87670011002,-767,-1756
-784.950857721986,7042.81369958118,-3198.70784891672,-2343.18059524142
1453.17208850958,4013.26209586183,1268,4835
-3715.20372246362,-339.771503357394,-404.165697332673,4240.33010101643
-6917.00370133693,3876.57250481925,-48.4961209184161,-1925.81203588662
-1864.29914398786,3714.62056238847,1742.30324365252,-3877.8548724087
2450.30978097338,4189.84002275688,755.436830662821,3937.1241253967
-542.750137329102,-7721.31170015663,-1078.81511611623,633.347405047332
3083.32760089664,442.732177734375,-3635.21603380021,-338.453581714427
6787.63215328893,3405.78815296232,-550.541184827805,-997.847414332375
7490.57558235894,-5390.18867749829,1912.04629636135,2062.09937928244
-2098.95747784493,-1705.50489750537,-3429.87783952615,-429.105543656783
-937.776961474799,-3775.10615568605,-10.6107257000812,4686.50239030621
-7917.69756509794,5955.06385501989,-1275.56928614277,-1262.54429865765
3115.75041961131,335.738313948495,5103.34879223677,-1235.0875763975
-3490.34200653249,345.183018193356,145.437377034063,4584.82132436156
2543.22468423913,7352.55408728984,-876.349184168423,1615.30595350841
945.303337590533,-3665.05559988139,3067.97055368605,4171.79208656839
-771.524856984237,-4140.90783445753,-3732.63248509151,-2209.4586727776
1330.67537087384,8326.70287182287,1176.89128153637,-2004.51695292833
-2061.71591005041,-2273.28155700131,-4123.62589366345,-291.863303488552
-2728.91549310928,2091.87828258921,-236.089485168457,3158.20665699226
-6994.40826718392,3401.85771983691,-3154.91602875547,1129.55897932786
-937.175062940626,-2719.9033443692,-4846.11993952279,645.348303518797
-3716.29757693263,-3642.31997332177,1590.29465237063,3593.59677212725
6624.76867673509,-1635.4696366156,-36.2159667467715,1668.09643018235
1460.09514942234,1882.12896166249,4043.16592199933,-75.6596527099609
6905.35144125178,4865.14479730843,-1381.83068892588,742.870367045284
-4165.74135441022,-7829.47933609024,873.975243384685,2774.93621509516
-8265,1341,-2888.08778985432,-327.514719744592
856.833178648016,3675.62997298418,381.892451246033,5012.30367619139
419.517251571156,4706.07523730757,-4537.04220146256,1210.78389483029
5936.63648583635,7387.43877655449,NaN,NaN
-650.569580078125,1695.27763920774,814.811440361871,-5827.74295373251
3819.71496500461,-123.968578161822,-1784.62796830639,-3922.61071709817
-8277.99096394789,105.362060546875,-2189.75992312921,1538.58502285865
-3633.85306731255,-242.774169921875,1321.78538937169,3181.27122578899
-1620.44646696537,-4356.447929438,-1326.81348140313,3941.79282015072
-309.024703979492,139.896118164062,-2036.38279114789,-342.710803939784
-4333.27075975589,1526.7351563405,2883.10905288039,-2688.48689083138
