complex_small_real,complex_small_imag,complex_large_real,complex_large_imag
3345.72639366297,4066.3188093534,-216.622754089043,-6334.07364284639
-5676.68750219139,-2576.69115597989,-2812.51191858917,5859.59301537544
-6002.51959860079,473.543998756219,-5107.6693755143,-2100.16853724482
5699.74023999911,-1137.90719416823,2682.55306827914,4824.80857390548
-4162.19252230579,-3080.62983227575,2108.59920853377,5344.66836854841
4660.25546152286,812.929509052559,205.914103726523,-6987.09293081769
4907.91417148306,2902.53636907841,-5340.87822386118,-3961.03360624407
3126.12868594325,-4053.81361077344,664.476190665862,-4866.48892531601
-4956.54992910693,-806.559142590962,-191.050922358802,6508.11535697974
3051.9370963377,-4214.41262216536,6589.20512842992,237.556876204396
-4212.0359340012,-1161.42408794438,133.234757524856,7263.7974982406
-2083.64384517244,5502.26382566466,-842.677263627995,-5989.4810032228
1242.74547425563,5717.61581190171,6013.49585167541,2761.92120963683
-4457.60496051084,2162.2398997469,-6142.59641458325,1990.15818509073
5110.28364967281,-2846.38045255137,-4342.24592760775,4506.75179084086
1591.04779580362,-4478.21441380711,-5419.1497565692,2590.08003799865
-1110.32737649005,4575.80006982119,6370.59659586229,1108.47372097439
4218.11169161212,1795.97922005563,5389,-5126
1177.50525813605,5461.80901797379,-6660.72898565803,-412.215688576796
2789.92182022944,-4673.17446089088,-3090.93821945185,4434.13733541129
3232.47657726596,-4169.05258967147,-412.406358724369,5848.08631158644
-5788.00831876101,-3963.4391078605,-5589.36140791753,-1197.3813674871
4289.84605339898,-1158.15510597303,-6909,-3246
-1894.63225696698,5707.93389825033,765.159336956713,5175.27393118878
5176.88665748428,-158.319486854796,6876.92056389257,-4232.85574117842
-2274.74025268207,-5858.74220915216,6235.13093893201,-518.008114292716
5353.92300030996,-3003.24327903476,-6102.97287875878,-1591.10923055803
-1932.81780438975,-4901.70018759287,-5085.2232636703,3328.86531851409
-2010.81978558138,4993.71559378157,-721.129632690799,-5985.01945993736
4273.67791842743,-3462.29015589217,-6465.01108861727,-1052.90941164181
1545.65570866142,-3994.29811845476,-5601.56319875374,906.514773430481
-3153.18322294554,-3780.42696807476,928.404772819859,-6181.75017544928
-2643.25830924856,-5563.79363018598,-5448.96837488252,-3485.95818318575
685,-3966,6436.76093541469,1227.93382232508
-5415.29228549287,-322.565124511719,-4257.49106078813,5346.22650659182
-2512.47651575077,4263.91581591156,4953.12014729452,-2720.69230623436
5230.42110289482,-2458.51115617895,-2371.01757320529,5082.00094882236
4850.22320860866,-1855.8901523242,3560.48382848235,6071.19474436404
3212.19015446698,-2487.13100583543,-6849.76418239595,-871.99217115937
-3833.16608168143,-2534.37741173212,-5101.88263887385,2476.20578886378
-422.889179581698,211.0458984375,6950.74175586855,-3157.38691035787
-4073.51803435743,2661.76922288486,1697.33754706137,5756.54452108561
4441.93982818268,-2995.97977682908,4444.45005933628,-5297.95397842511
-4127,4188,-4370.69330056355,-4185.87798211589
3071.95462244486,-4749.49321791827,-4347.43604753724,4505.40713737534
-5276.40338977865,-751.710163341831,-6504.56134692559,926.989671398063
1816.81414473684,5625.51918509142,-506.847746471515,6727.55591485125
-5205.77025000789,1684.42094282992,-6293.03924104974,278.471333470794
4035.37493777993,2830.59653386202,4614.16437233328,3539.71901016978
5583.98807601521,304.116438945485,5558.35281999986,-1317.96216874866
-6076.83269285729,417.111557684749,2623.2977170999,4810.95264137189
-210.972246912425,-5725.03108838592,-3058.04311273806,-4929.08161258698
-688.876809774757,-6934.01081384652,-2854.78215485944,-4915.12586014508
1513.90329653408,5353.32644996101,4152.91746279278,5164.29640425325
1056.83768773114,6427.9230860864,2557.24905209994,5835.05067806468
-995.442547436857,-6064.87202259294,366.243563954618,-5914.19071769452
-4031.07887274459,-4132.26012945933,6039.81879596993,2822.04245171201
2950.48674188337,4623.6747130718,1660.88667133127,-6533.0801725648
3838.84437320729,4458.55269687047,-867.61989789479,6100.72831620166
-4774.75945941536,487.03173828125,-326.062751209035,-5502.72178356995
130.992143332266,6219.85252504478,6152.94779321996,-621.578301441132
-6374.24535309217,-1975.32935218998,-5439.27610159908,1441.19238508682
-1117.08332829567,-4714.97662420148,5566.784377329,-1245.76565296816
-851.208224749649,-5279.2259578322,6305.70370787945,944.602831594635
-2498.02125819583,-4295.00982487023,4694.5584476379,-4109.81760764394
4505.90289649124,-2436.46172557246,-5358.86248021847,1465.72866647604
-721.862536182597,5944.34551299306,5016.1614908426,-2246.49264359855
-6661.22012663878,-1038.99617518324,-202.80219914363,6488.25480742296
4296.13501039953,2542.40661103622,1964.73917103972,5219.33714330249
-5526.5065594277,-1412.16925488276,5697.27971684485,-776.523099081534
4901.14555699753,-4906.49218202085,-3933.03171669635,4507.43930914183
-5160.30304744508,941.058064471234,6608.55036987553,2951.47225613938
-2885.72983806121,-5485.76316363849,-2118.51486656495,-5523.15824435061
3536.93970749157,2684.63173580423,-244.587235490293,-6194.70137820837
-6268.05908880666,-1410.44029324098,5732.80586985647,-1791.3091146063
-5143.62484731232,-1193.67872455223,-5786.4077848202,-1030.94528680099
-4612.11368104333,3033.07239106728,751.611315547378,-6545.98184095749
-1237.71765707301,-5387.2659537848,-2189.10953698621,-5738.50473652581
-2487.2374054559,-4844.19670299183,5392.90902115703,425.092036290323
5155.40938989597,-1017.76786556198,-2099.93117405698,-5780.80280914136
5757.17958166615,737.680933081585,5725.35044284778,2220.69962520682
-5341.71147549919,-475.953214123729,4728.57106953235,4300.91724909818
-1585.56685911799,-4973.98661560473,317.238122788915,-6374.41029346915
-156.523999148852,5268.61695031256,6659.2418691238,1050.08733919205
-2815.09055888384,3339.71963394974,-5160.17707052496,-4668.81134109261
3740.20354113087,1651.99803034633,-3454,-3089
-3139.25271323278,4613.48271734776,-6918.52857311182,-1176.0160208477
-3848.16715079064,-3914.85682756377,608.045016488364,6330.32605412262
-4339.962173429,-1497.29571589412,-840.531724346809,6610.03152193122
-3365.55962107113,4349.46883622411,-6035.39621122283,297.341679937189
-3466,-5371,-3581.93152599511,-4870.00788945336
-2783.19991601912,-5325.36046798155,-2476.47895055351,-5677.81072470982
782.438814238246,-5536.58067454921,-4802.95988326266,2965.35885158112
-6791.29804785141,930.611528384066,-4555.46591021498,5443.32034116269
1629.44507001832,4534.111972055,-998.796625075743,-5725.46854096718
-4429.9138702622,4715.36412718971,43.7765658396595,-5458.64150384132
764.88995264786,4991.65139239214,-5123.78992376836,4338.01360283592
-6916.67422443227,-749.673840549014,5446.76668819668,-839.039316712426
-1926.55601388742,4847.25660238789,4875.18273370916,-3318.92645883275
2994.25774277964,3847.50559496314,-6164.46056844233,1131.49481938786
4612.97655047477,1537.02838610043,2603.62825854462,-6210.26025977667
5406.07101202011,193.429723718664,-6114.48377848035,563.882012956464
-2912.37307035853,3738.96734785401,-6742.80423391389,-993.786138323034
-1978.54236737134,-4834.0102840598,-5907.33639127617,-651.873147108688
3078.98353045672,4037.91020753799,1723.51445460337,6218.04679133372
137.503868317336,-5167.0606094105,-1857.01957511902,6322.43835875779
-1310.43182166655,4252.61703410562,6218.72442727967,922.928534890144
-3709.27099872106,-3907.11576598863,-347.471947014665,-6340.38164987772
5851.57537927988,99.0805282592773,-698.495970533842,-5729.34615981773
-4651.16536488231,647.265556335449,184.309066534042,-6738.96898264381
-4573.29511899538,2689.0992080049,4907.97248816801,4592.2850143413
3374.47479561093,-3678.60133972204,5201.90638969658,4179.47161667126
-561.350414307306,6206.7259603205,-1696.21407502564,-4658.85831771149
-5581.49016128223,175.349084477779,6180.05045932297,1028.20567653755
-6440.51276407199,54.0072968174034,4644.20217211119,-3578.65118978672
-4396.14761549459,-3389.26214678444,-5255.46473001293,1224.70305698072
-224.279728214661,-6105.18304780355,5868.20959579649,735.280165251108
-4011.10244981901,4096.57214610908,-6684.26566891599,-75.9387348696796
-4387.89932692345,-3675.34448596183,131.066862323467,7394.33864699362
-652.593352509209,-4845.60866156024,6293.84268648199,3250.16843466197
-6371.59422497344,-3371.70931082417,-5555.07639654901,1171.32743532323
-5041.08692010061,-1991.6792271709,-6287.34653957421,-1288.96650009025
-465.92613125024,-5618.74876281564,-4084.991850027,4728.35709121581
-3783.91066731955,-2607.76502804868,6682.21694362869,-1941.42331457039
4963.00840386882,-1590.93468759002,5206.46536275902,-3311.59557769596
5043.17670913762,-515.213896992051,-2358.67605450093,-5930.37279661671
-997.430026613371,-6191.76649690731,2738.88931282416,-5469.15665338648
2428.89170339325,5231.762129843,3391.37309919085,4897.81012099061
-3746.5514629393,-3223.44370200191,-3458.767600046,5389.00658961169
4732.4265207191,310.001342773438,3620.61972889586,-5745.28329087138
2058.42169546603,5230.88935065331,2890.02070875706,5086.90158820574
-1925.93461242783,-4981.1522776101,-441.598606091895,-5486.28158572414
-4865.92655652435,-2283.99455967923,5515.73088348831,-122.763028914341
2692.75838785796,-6070.26966073496,-8000.69021145408,-3061.32050518498
-4872.92357109912,-910.525197323639,2881.84658163547,4526.82809778986
6817.67063648223,1881.62645303953,5544.01658819007,-1898.71296524955
-4408.24235595532,-321.076722743913,4644.82233504075,-3191.44339365409
-4480.45357708145,-3967.9555605995,5936.47664498287,3108.52725928989
2337.47711637753,4206.05670734044,1129.86615842931,-6561.23853668942
-5330.32600359586,-1762.25557468407,-5385.11856899749,-1124.05894457792
-2821.82566893588,-4427.05677225376,2712,6304
1637.27163603573,5082.94421007549,5934.95368145924,-699.720577882349
-4782.03241284719,2534.89009792504,2687,-5130
-2072.01625367297,-4331.43283951554,2787.15455991855,5707.32251008532
2771.23066538396,-4255.21258232224,6186.87506874774,-190.173225402832
-4785.07647109513,4839.47842600648,-6312.97615272912,-1401.20945738989
-1553.78352941176,4031.41365512249,455.794909660319,5413.788044802
4966.02973165217,-1917.85227059309,2195.20291582476,-6265.27385643217
4449.49839562181,-3613.83846915537,5213.82653196349,2077.25725768649
-1623.8458195095,-5857.75601364582,-335.409181642794,-6571.60994529259
-3164.55018350385,5488.16844146202,6572.48989786627,441.998703065723
-4958.25898925675,-2434.97052097894,4316.46653103321,5188.37520750721
4954.3620512135,-4728.84613799127,6000.5843818578,1075.88230117761
4666.69829295356,-1283.53089366178,-3284.646277355,5842.67447735773
-6131.44862837386,1228.49489004502,4487.34389303149,4428.8765566152
-3880.16590206593,3359.01166315838,-5300.94511733769,2164.00983044478
-5741.03233621709,-790.752788687111,-1604.89933433528,-4903.79912572333
-2710.72883666822,-3197.22459682908,1372.58952497231,5725.88379020367
-4770.54257003428,3569.76531436598,1371.86173247503,6112.92195559281
-1326.3128869969,5058.09205321967,3405.36992719658,4925.64416575205
3799.94319581819,3559.09335512908,2229.00103115576,-6757.24269524443
-5207.19555992687,39.3683421161942,882.495666503906,-6733.53530949991
2896.51927470637,-4465.27005942791,-4676.2036889149,4372.53426037523
183.154984466918,5463.71992327101,-7058.81720856613,-4.7967291363215
604.06625,-5374.83338860878,-2393.79757655633,-5279.58888862782
5358.42185300631,2104.43051988434,-1354.60539981023,-5422.85432959679
-4865.59432748603,383.36604135479,4871.93063284824,-5418.87149593091
-4613.17980245402,895.714558710121,-5103.25886018176,-429.964988708496
4924.37063502155,-1860.64169213803,-1836.00319551253,-4995.01962924814
-2318.48540981596,-4474.55454211047,-2565.27487894247,5402.05099681238
772.208675168595,-5973.74133173366,3339.18485086812,5196.02665513982
-468.688917148025,4891.67824783132,732.193069543252,5241.55747908585
820.963864264087,-5344.44799205454,-926.638748010125,-5855.69159399398
-4881.55545035712,-3562.76521453993,3870.04061773423,-5530.88798417633
5405.74958801869,1333.19132492865,4022.29324105731,4197.64685533323
3858.1755756036,-4256.48838862914,-4645.86660184741,-4712.81351325848
2389.42007871077,4792.58533416481,4984.84509462789,-2590.50867941251
-1099.38366968782,6181.12513879442,1282.35590268924,-5733.47047130892
-5194.60900858525,-394.490234375,-4145.28067754931,6246.79091430832
3913.2205735415,-3163.18483313668,4696.0106615083,-2863.62199765033
-1356.37964360403,4456.44875558778,6111.34528221149,-2256.85137565375
-4950,-4979,-4372.15456185498,2692.52319789492
5135.49393876324,2809.35347890314,5543.7005670746,506.796485581779
-2740.4089263853,-5391.34394250889,-4532.16304142869,4785.962510945
-879.68577627159,6026.77604458876,-450.354570890728,7310.94074159107
-4122.59116302394,4600.59330734995,1979.29308545155,5426.12691478854
-1020.01602482089,-5508.32391368087,3752.95880048142,-5104.84320420458
5889.96464094892,1310.36952202125,-3853.48994042168,5211.06264903857
2184.09214743206,5185.01187195355,2253.73723896833,6889.0701849622
-3671.42924971183,-3516.97130076388,-3615.48858277795,6177.07672747485
2046.82242219128,-4732.02721196417,4185.63982530861,-3498.6853652488
4791.72017561879,5035.83328791061,5386.02156484128,743.659960652126
-1882.57305675342,4728.14284897908,5236.78317222502,-2388.95577229069
1716.85265934475,-3980.17092969101,-5797.35209108248,822.965985893898
-1012.7214607726,6111.42033848188,-5012.38614941601,-3362.33820412427
-459.460682492343,-5097.33341069074,-6640.49438612662,-982.610468390529
5054.18051388558,4767.43288674666,-77.1237681785937,-6183.2602534335
-126.793334960938,5902.98817964437,-2984.67193966904,-5794.5343308359
-1912.25367258036,-5822.13487819915,6256.32991946354,1522.14799116732
-4727.89305179569,1278.79228021183,3095.98709920483,-5928.75334421571
-3671.66193242353,5835.540740087,-2722.71363126368,-5023.20664496405
4240.81969240471,-1876.78030576483,696.669337528191,5608.156569914
1017.53158320937,6658.28309406411,2615.98617562271,-5991.93706843146
2959.73095664966,4147.85680266557,-5727.6935061559,-709.360332258201
3526.41888334026,2864.0759481476,-6.27253575076609,-5873.9895707413
-2344.60148998706,-4283.79315930266,5950.83566962001,3626.36561755941
4118.73624380177,-2428.79607887393,-6515.80678457439,1905.11053791912
-2850.4973886751,4676.34921179552,-3834.58098690955,4537.6031943762
5046.44029603052,-1388.98838586626,-1572.91861199802,5650.96433933435
4540.67881493077,1469.25567740683,5533.90859014163,-1860.45974587206
-3565.21651087979,-3934.0272143874,3164.3613843429,-6525.72176488226
-3733.66859614802,3722.42584218427,-2345.81884099899,5538.59316363637
-4892.48701718675,3409.83389138451,-2459.29952342621,5996.23667133558
-4708.93490474845,-605.024047253796,-2423.3339909714,-4182.16744326563
-5420.91084699095,1961.84529829109,-5002.40829961393,2791.29099482415
-5162.09442070871,-3228.56604893843,-2465.3193052569,5722.904665671
-5117.80057396419,-724.255084712651,1113.92470519308,5745.41889857056
-3330.92852423088,3168.87105035982,-4484,3542
4910.83109861884,777.642631477687,-981.936119806199,6828.00224456455
1738.09842677022,5058.1443236005,2306.71294479596,-4761.57017648731
4561.35299954423,4780.64139641308,-1904.90428704202,6022.14131982698
4416.98425535986,-3683.66988205026,5670.81390023605,2270.98568516845
4774.10978698061,-2687.08492944688,-1746.83446836513,5525.19977866656
4884.01257663398,3283.65730280124,939.01523859681,-5879.96546251714
4884.08165600955,-3198.04993276616,3626.20482862599,-5485.73203594269
5310.1481210855,-1156.21138958408,5544,260
3827.0480620675,4287.35614019229,2064.96793038504,-6010.55930486703
-4740.84250973706,4775.64526512842,-5678.26838382821,-2089.03832295227
-4315.51334774986,-2102.94468258878,-3335.62405012959,5624.49227607423
1399.2466559523,-6399.89855789311,5105.50475626612,-2207.95880712508
-788.023993485411,-4899.87877885777,5539.6839106835,-3436.46095589935
2709.62313385801,-6136.81192552246,752.42262350167,6011.6227517751
-4293.33641207365,-1615.95478326399,1333.60796192152,5754.87963893649
-3362.6726974528,3802.11888382211,1532.15302827141,5078.5461456268
-4564.80408198847,-1298.91637828209,-2484.48464081213,-6212.24045612364
-377.687390734266,-6300.85597031108,1171.26698743177,-6452.13324305709
-99.7165662932673,4566.09234242243,6233.36794641407,1817.1856108305
4988.39078520523,-2412.48224037492,5954.59027434498,1162.49879921727
1395.03112613391,4916.73254243231,2339.76055705149,-7038.96824287766
-4406.82175442474,-307.18122016059,-2296.12249518162,6530.54078340917
-1885.38280541758,4417.56626805344,444.111963034862,-5953.92498852262
2042.69731456254,4842.5241830301,4609.13858277738,3622.53784982366
-3029.22621857655,-4622.96789176551,5783.4072933345,-2550.50107191861
217.074109992048,5566.48244131271,2387.46094908372,4972.77741799949
4416.61433206629,-2910.278434813,-8528.24361690574,1808.65395662462
4439.99932872614,-3726.4456348962,-5640.36819906831,-1840.32967662811
3699.19194590797,5045.52730337727,-4980.95539197699,-452.411374291899
220.080510232301,5007.83122904374,6158.70550602416,-805.038360850897
-2980.31110899008,4090.73517864699,524.763763597902,5149.18677207312
-1768.24384991582,-4941.59509726714,4367.32929017988,-5976.95589275759
-5306.89291832519,350.28946850649,-2877.30312400967,7716.56017433265
5012.42768540599,-250.383407100554,793.830691586634,-5944.05684284959
44.2001213983658,-5334.34869341634,397.956380246027,5050.82435317011
-1034.37607574463,4203.96963743166,5968.80726018915,2246.64911171556
-39.7931547898512,5895.65404779634,139.314746658237,-5099.01519068029
3267.08830526677,3550.02953712199,-6014.0181696906,-1111.86167202507
916.303041460725,-4407.67401545075,-20.02392578125,5717.82930067946
3885.02036435979,2476.67822879253,-2019.49579767195,-6291.42178838714
795.204914723794,5591.02841891163,-5811.48645720845,-2386.99832476198
4864.10456576748,4431.62595739018,-4694.88297847272,-4123.91293356521
-2498.00409620791,5062.2941498797,-5702.52312982234,-371.090139715375
1087.84598226805,-4411.54594070655,4028.28502155172,4708.661972151
2421.7411012432,-3189.3248775618,1876.79288556952,-4757.00060729867
5449.46367649457,-1093.00571991084,648,6732
1897.09173547567,-4710.46261919602,5604.3798797701,-1456.23934454727
544.901428222656,5204.43431556642,-4832.24288908666,4286.82756268812
272.336822509766,-6077.3561024251,-5820.20784942837,-2803.48623087474
2250.85798574551,-3515.08761789841,-5201.5224309928,-4167.0038340755
3839.39873189976,5033.9076485546,-5462.19379619416,-2116.20155663631
1576.03033223966,-4839.69949131594,-821.055668862,5627.15771474659
-4621.1046919562,-1550.92280927892,-3059.7647300814,-4032.805569413
7116.4256848716,4085.43600999403,NaN,NaN
-1873.10794366078,4861.21378315337,3423.07139408607,-5831.14318121672
3419.84378612443,4082.25854284786,2564,-5376
4257.75698875434,631.603233337402,1365.17001933055,-6825.0679855098
-5608.2930637997,-724.850562775786,3886.62176172186,-5141.11897953756
-3798.13689042101,-3015.49200805571,6368.26227994965,1028.55754892619
-4187.80269961862,-2011.66089696901,4024,1337
-2979.76796892384,3213.68664882523,5951.67765910682,2599.31203267793
4908.9720553313,-3176.71266485293,-2696.1525183738,5342.26385663059
-1429.29337749041,-4692.11482566045,-4362.71204727063,5656.35527221212
1641.80952621983,5714.9149261575,5281.10142642818,3318.14354818042
3485.87314903273,2260.41573729983,-5346.19952158533,4707.67041286319
3350.09957449777,-3756.17749882061,-296.703704971158,-6230.51238757222
5687.77762161001,1430.87617988869,-4911.32681370397,904.406508848868
4192.91592028506,-1082.11479667579,-566.354299740529,5720.42335587885
5717.12382029407,-2590.71985860107,-5651.82366514483,-1619.33970570787
-1838.3746841739,4622.61872273174,-1692.80048795129,-6800.49371980891
6106.8392167155,1131.78995846375,4272.56081627155,3130.13261129779
-902.836697714669,4514.40824151194,-5385.61997781017,1512.02950740304
-5308.48195369906,-1953.47352649922,503.369873046875,-6799.16026400049
3550.02462077702,2922.83324105399,-5437.19912415333,2270.66541562672
-4792.1993786454,-2401.0205908044,5788.27904564058,-1363.66794903766
552.96923828125,6369.79276076438,-966.935177185956,6784.86446264359
1153.15418447235,5186.95195028649,1756.0520169726,-6345.33703555325
5620.98077378657,861.647413825316,2287.70163139501,4843.69561117812
-3727.17298933975,6202.70597512991,2342,5536
-1953.29368208396,4330.86292661158,5388.44556944019,-2510.03719450259
6465.76898139914,488.399152577828,-3697.51836214441,4857.21596013844
3095.65977851229,4715.77821973571,2441.41167342315,-5935.07267431508
4078.11167426252,-3561.65097012566,-7897.91713327276,1452.9594525369
-988.431022171426,5573.69284546881,-2400.75454212359,-6227.52037617962
1870.23790028598,5677.72226966145,3892.31292056279,-4206.4210349624
4641.11101950765,-921.243527799657,-5691.80465766379,1875.56336413146
-2362.07559911361,5031.88643771549,7263.20252258688,4776.41933336381
3508.89975882053,-2823.48147693735,-2603.70396057607,-4901.03248853621
-2266.65454761758,-3682.33454559797,4563.21964092627,-3776.31270438853
1167.35110597027,-4340.58810304315,-6840.15944112137,341.41780651173
-2382.43108935811,3835.76996449427,-6538.61268094066,-2313.81750328602
5126.69375304542,-1438.74104011649,-2279.74740441106,6528.52969200869
-2814.67841100066,-6370.83003297257,-1165.99748404928,5721.69379511998
2361.70487489858,-4795.34146745102,-6194.1365093834,-3848.35349352757
4917.48866598124,4338.24293362917,2319.37722398125,5007.15408867697
-1740.88814429082,-4585.82780539396,-6524.41017804766,1295.11958586745
2675.17373667281,7158.20032112526,282.815967042718,-5336.89908521985
4825.3805927457,-43.8418969877958,-5721.24842297097,3805.95641371284
5425.66032628463,2276.43788074064,-651.960197091103,5838.52350479846
4537.40035901803,595.889335882586,888,-6641
2324.65347348727,-4929.40895201145,5099.15580366239,-1527.99481668079
-5498.82657460794,880.920066318328,6147.01339702049,2190.80160469771
1895.3110100996,-4119.96799513491,-2916.45559691057,4171.78644235186
-1191.33605082269,-5651.95116931447,-4285.34927365978,-4823.93232613375
4250.70254628365,-3018.62659909184,-6155.45291331401,560.070673646263
-5222.53231322868,-700.159068240395,-6101.96140142569,895.32949258167
1655.78442261637,-4167.7666257073,-7012.46548886919,-4181.58736065514
-5156.80872958244,-322.047386169434,5490.67219089926,-3142.42223019722
4303.27384718298,3343.9228884206,-4024.06133130555,4172.38351236633
5233.88012087232,2331.56301865853,5601.01528569519,-149.665208611562
-5447.88660253864,1367.75152587891,32.154097457022,5412.07924186319
-2505.02693866084,3908.89917967018,6375.9176829554,-761.662722669444
1349.03147784633,5578.01290893555,3667.12597065408,4400.60411781723
-4649.68735869773,969.599275883231,4464.80474250102,-4437.2004941743
-4708.77846968141,1063.87609238762,-4383.03453879306,4643.86816277541
529.241859243697,-4235.74771421962,6140.13937871806,1643.19761509869
-5211.57566211836,966.202187255189,255.889273356401,-6084.19033701719
-2385.21321962253,4476.79683115465,-1347.17434024216,-5582.23747200423
4864.56011558241,244.811668395996,-5648.72349098109,3469.93747987771
2379.31756216832,4800.31485112053,5906.24991785929,3744.55857100212
5070.47934235768,-600.559744926492,-2742.45251291304,5627.46861065276
5789.78158420886,-1715.55358688723,1856.44560049287,6001.10521024574
3313.19226170439,3095.3045349796,4621.76977440148,-5924.97282123383
-1882.47693749223,-6460.63359379924,3046.66801543424,4842.80244403125
4795.94716511645,-980.253070596518,1872.067185622,-6440.87974774807
-4948.84718614479,-2523.3254437235,-5632,678
-4186.96767698603,2944.1407650762,6888.42544095294,492.688051182291
-4137.86346993313,-3513.07588421308,-4856.32160242622,2874.20389050592
1684.43629607847,5264.45941275403,-2387.90806645674,6690.73312046697
3696.5542721973,-4360.35874985749,-6710.90008200376,-2585.67797992223
4186.54577492208,3766.49770867117,-278.551746980408,-6427.9128128423
1195.94172732621,5270.33846876978,916.806496224752,-5930.49657903264
4726.48136687115,-3262.22385934285,6107.4557852348,1892.08131858213
4209.82585131662,797.394456999642,5490.09211263074,-90.5714227185781
541.847849149075,-4910.95632749532,4620.19770136901,5133.50827585461
-4647.79121827508,-1990.3476006678,4702.86157914658,-1770.47565842745
643.555315852768,6006.01680521512,-202.528799565733,-6841.47659610995
1694.01234779248,5140.2500283313,5079.17494227779,5412.04147577136
-6249.90065887287,499.402645829276,6501.75977191603,-780.664921118091
-3859.91636132082,2790.71378719497,3876.42088293721,-5139.47538623764
-3633.94354977815,-5467.60611310025,-3835.69698918647,-4098.07632944346
5587.6452610529,-2419.77054144138,4882.10026134939,-4685.18748523343
4188.69853345131,-1373.42561772498,5943.36566521069,-224.150178784267
4325.79189900098,-2783.45677844842,-4750.7731115325,-5276.42760952892
4433.28938084302,2483.63450561523,-2160.76976531095,5961.31448393353
4354.36925837382,-3031.51778105168,-2121.1792837008,6206.49823402087
1479.82776306133,5542.68735557326,4146.68038403388,-1892.83867134865
1739.88804456092,5244.45233747984,-1509.09209012366,-6345.62058439102
-5077.44651574912,-1068.68054338887,-5357.8076734839,-29.8250430774137
5394.92943700375,-2597.54018004222,1069.06279620853,-5314.99938236574
1513.52355206136,5287.64425050786,1241.45437101178,7145.60678679946
5370.46106338473,-691.681086355408,-299.864545579245,6522.66531393441
1684.41875219716,5526.85417989667,5232.57917272706,-1713.45350581128
3381.91478335665,-4358.37375584384,-6200.55784615963,-1539.64454637725
4807.80628669093,-1798.71675692004,2542.88183399994,5763.40299614657
-3547.01282599983,-5244.15621168301,4364.83541258275,3625.86453567552
1559.02090555648,5153.93366773442,-2159.11969769219,-6142.524243137
-3350.37736645743,-4665.00006939458,5907.48524210839,814.426879882812
4872.1635803142,3916.20559027633,2419.47730673365,5134.43009666369
4345.07752610897,2673.92405354535,-4675.46017370715,-3934.84523599713
5175.86817192028,-1393.79206684657,-1690.47332378513,6297.78833571252
-1419.90438894044,-5000.80834363652,-5047.67811351309,789.111916113471
4096.71062623431,-525.177448546271,2981.23882081126,3871.09279314985
2105.59445243481,-4856.47684366328,-4535.88546441841,3137.58786112877
697.394254525179,-4795.50458832891,-880,-5860
665.104033174186,5460.88201906458,6210.16044417599,2315.13930344181
-2599.10616247248,4312.09186630603,-2333.55497075334,5961.46624999973
-6031.1309682238,-3058.37750159428,-3050.15530364131,-4676.32231109988
-4877.80127793475,1465.83978351794,246.692797855636,5881.09685314304
3410.65444320796,-4511.01562039071,1030.93380899232,5181.72121248604
1608.95585784912,-5301.62844668609,-6895.68955333578,-1391.31380562897
-4522.46066996069,-3453.02979958997,-937.668366985849,6330.69980377536
-422.30122773708,5693.94619472563,-3475.57124785383,4850.78667734292
4414.05041704476,-4363.84759140381,-4004.27836650549,4344.66371692199
2506.87963296544,-5443.45746909723,664.935675720091,-5707.75171640696
3918.25577490782,-3008.00867580565,5743.58323660444,4851.67318024142
-5610.8365219518,3408.46743447941,5872.8108501814,92.6119341783121
-4945.43363146259,1725.91593782217,-6175.93795369963,1034.71674049604
6432.22899608104,1848.71224012048,-4771.90918846779,1562.35834101286
-645.47854220674,4405.7324320453,6728.75935298787,1088.4282650143
-4570.44655036264,2214.77687200035,-5456.45410512486,-2704.81372309673
-2596.20540032291,4710.37955962634,-550.693887186263,6178.99392013504
-5085.7522698193,2661.52742072486,-6512.97345902379,-947.986618557224
3130.02508263221,5689.04357571743,5665.79699180689,4254.33640536094
3993.33332156164,-3478.51685363938,5373.52399171837,-2382.96226382051
-2946.38609310489,-6357.7230719489,-1330.57979843953,5471.69648472326
-5101.96689058645,872.499395935142,2878.8849991979,-6118.07816718241
4131.30192093721,3995.35151068031,2151.361124544,5558.32116620846
-4322.71951167161,1740.50306589202,5560.45993956807,-2348.94668642264
-2180.04903879081,4633.54046207161,6714.34696192299,-498.915281637626
414.629193787181,-5193.88673287918,19.050522021656,-6746.56098008272
5109.08355394302,-510.0340309648,-1719.84678649902,5975.87396421392
-2048.008109594,-6457.77857337618,5030.78348439528,-1325.41995861394
-5936.76290166073,-1093.58056323949,-6301.13101703888,1899.7035744503
-4233.55817662076,-2212.38274868461,4912.89882566832,343.102339895148
1660.15911061095,-4487.20612171923,5925.36459912502,-1041.10930972324
-1466.70531460908,4228.31312370321,2682.10574960168,5357.6909926707
-2611.95458845695,-4209.17074215051,3826.82774417958,4548.30064912001
-1172.2486456905,4749.61293134766,3682.75576477121,-5027.49460393569
1389.880813507,-4764.45387491687,6150.75977640641,-1929.80428710978
907.466523121468,5658.89798676613,6231.65466354107,3506.35171287076
-5824.10629194631,2412.01693094558,-2632.84285946909,5048.46288064018
4219.30742411662,1275.18942459315,1050.99261201144,-6411.27759999324
2366.62342993624,-5055.74395732278,6138,-1240
-2109.50914175695,-4507.0770380363,-1941.06528018159,-5904.26713436639
-227.159479399843,5260.64552619503,840.689577449278,5745.74760450224
-396.270931346585,4951.6964739772,1673.17431268845,6839.33588464521
-4150.20181841254,-2687.41016294757,3827.98219351506,4406.4818424846
4784.81643681122,527.825527131557,1724.52831491639,6227.61126992224
-4059.9193867087,-1771.05479239275,4803.84549732853,-4091.37689543598
-4029.25764018434,-4784.1373554498,-3309.90769616767,-4706.85267958041
4987.38006189912,-161.165106569036,1420.56881705406,6409.60255689649
2189,-5324,6377.23419359005,1871.43452273123
-4985.22523263661,-725.642368772861,5426.67876131397,4313.78900001077
76.1699346405229,-5024.08995078186,-1870.59449325794,-5777.46330674254
780.728456648296,5402.99902226629,6401.35806197099,1776.67883167259
-1057.24085391561,-4751.02958575257,-4568.38674406058,3789.77314449903
4849.24445982504,-2692.9286925545,40.8395485101744,6111.04602483478
6029.10995979775,64.4794643916837,-5749.51745122351,-917.778072132784
6607.88956921548,-2511.10652538271,3673.49201227254,-7086.87212378422
3149.3877300717,-5106.4020375656,6105.54491496966,583.534361032339
1603.16248144145,5428.94586331312,-3418.04314296071,-4338.42945221294
894.238952636719,-4431.41295082342,-5967.72802932888,-784.044468378958
-4622.09694342318,-985.775564482091,6316.82233615329,-955.51767602306
5014.57014656968,-955.076664249296,4556.22333035659,4468.49125933617
-5049.68756960824,3040.51158341335,921.158363827792,-5799.66629954013
3202.63099612252,4731.19961451324,2142.73393926136,-5226.22699835728
-5426.21284851492,-145.775645380435,-5644.53564277137,3541.11244545367
3035.39626296194,4204.01684993532,-5176.34983466591,401.341162029249
502.660682892213,5109.51676425968,-994.596090222948,-6963.19891231764
5171.39706825702,-851.446222596877,4765.03745043039,-4494.67976377157
-72.9526608751443,5401.30945388925,2680.52127540223,-6153.80370085639
-987.735331277774,5073.29589870445,4657.34945914767,-5360.43802418844
5230.83282033999,1715.10306992453,5894.16727346231,-2230.69274818122
4970.83535103104,2601.93639997382,-5876.48074635031,1522.95144548497
-4426.06064286003,5433.80469857882,-1132.08003753234,-4648.29857952346
4985.41315726299,-1966.92460730653,6089,3980
5167.97165921326,-2034.98095703125,1381.49146035467,-5959.35069670781
3400.88253599695,-2678.24697880866,-5903.59735546022,-1631.63321570357
2368.53430089049,4398.38400085107,726.097617379723,5754.24060097967
560.438635116832,5199.71732437465,2738.97943670305,-5921.16443867632
-1461.83696632994,-4997.47913746619,3922,5110
-1217.68806674197,-5842.16718542685,3088.39616120056,5843.44471308853
1421.58900644108,-4510.63834260179,-5625.13919298956,2972.7709258971
5853.69617508032,-2152.80901552309,2008.55814898506,-5366.1789626884
4562.77019702203,2349.32100146837,3110.37017334178,-6440.64740906881
165.346118520625,5108.94116083844,81.955382021049,5551.33504239422
2952.94732980919,3716.50597988602,-531.947442336174,-6041.20282544733
-4230.21573221774,2024.0638930596,6127.51823210879,192.845908099286
-4076.86651393152,2638.79487401542,4860.50960286258,4623.46049457423
2048.82580405333,-3810.56335190161,5669.61859700828,506.615377514983
-3018.91579367637,4095.65941251655,-833.217590648137,-5302.07806065119
-5351.57365598817,3057.78140669062,6359.99786621879,-656.301379206059
-4508.62342564587,-2018.74935058556,3703.67248731605,3743.04638406782
-4809.27011401546,1653.5810546875,-1657.16869778853,-6116.33479611027
2192.70986447323,-4426.47595160629,-245.421209406225,-6270.68862006291
-5972.44306776194,-1218.20072472408,-5542.3421393808,-3549.62960917955
1815.9137267562,4520.90069032636,2941.85144544385,-6383.99906057728
4130.91482117832,4284.50385008239,-5574.29111934631,641.545911949686
40.2249545788547,5298.36123717656,6716.40968279009,1677.99893014109
-5177.08457470017,-330.529792126314,247.053694630476,6059.14785018709
-4098.85823088592,3574.7610722571,-6034.27218968422,-1057.97561226119
3957.13062848449,-1409.11698284768,-5185.60744574906,2567.75953516586
2357.99239506136,5209.13104546008,-3116.48492469296,5295.57166755899
-3561.49113982797,-3637.64898010833,5629.8787105398,235.536244143564
3038.16204358953,4226.12106966347,3720.75304934459,5170.90755270136
-322.50158239294,-5825.25849445899,1341.11592296958,6133.08983281833
-3543.5128698128,3869.40425300598,378.001845793682,5717.39569252343
-5821.75520283289,-330.865443159894,-4505.1811374582,3649.61214519861
4153.89377641273,1811.8710780557,5977.17484736939,-2916.57712909645
5450.07238328606,279.776977539062,-4995.91221926083,-1296.10746055219
3478.70680792906,4181.29196521519,2388.09557733123,5651.00822977973
5832,-2158,3941,-6024
-6876.7881516734,969.586023465819,-4522.66024467377,3773.11856526692
-1601.92164412169,5190.65970928015,5145.66047929539,-2545.36219622147
-630.300824289501,5522.31264385441,-3154.59446508795,-4066.29082136088
1232.92704426606,4961.9466788736,4893.89086501029,2749.8534673688
-5064.40628264324,2402.62068109224,-3659.43077752456,6186.24520782495
4179.40916720437,-2658.54481657771,5040.49028046146,4858.29232052637
3030.91904514928,-5432.43760146434,-5928.31112956947,2078.84686256745
5926.04396462216,593.988639831543,-283.440490638354,-5910.51482685632
-4022.10122669227,-3249.76047964337,4595.39592585443,-3060.88719161997
-2505.54114768039,-4321.50171591841,-2158.07621888904,-5375.0476875078
-4602.76207291688,-3663.11081104155,-4255.05317457838,-3855.596397361
-5702.89633646587,1509.11502328415,6852,-1535
-3861.7959676148,2481.28619128129,-5603.18730045187,-2408.63135189528
-4857.04321679834,-989.818794795445,-4538.55906696882,3325.98454723652
-5256.68956702428,-1680.55082591606,-5117.22364193683,-4374.38355426778
5903.03257583443,2088.36853670544,-2264.44627795476,6332.40063099544
1099.88644681914,-5106.38445507471,-2465.60820937117,-5303.64269705364
321.973307035984,5617.37640890754,5746.28668064228,4820.88071972653
1038.50447845459,5428.09400497401,-2252.73610637624,5511.76350564755
3943.42588227808,1748.93338596945,-5712,2553
-1746.32587974663,4209.86369109792,-6478.16548949656,-1099.76986900219
-4086.10191703127,1521.85952926416,2622.86252996509,4935.30404886893
5546.58332334394,3323.35149271227,-4342.70127643617,2157.96229818736
5772.52069669491,-305.649200439453,-6388.1003634759,1631.12323993736
1153.67763554569,-4792.36330188677,5569.68974124836,-2067.96139155712
-4907.74416418453,753.614519668025,-6257.48336965308,2483.51052269862
-2571.20342381103,3705.62760464565,5150.17182023902,4538.58714533795
5545.9551643372,733.688035425647,-4735.85710573844,-2497.69528333557
3450.35696613781,-3193.64681857906,6702.60434152265,973.181125886176
-1975.10570068359,6502.56841407862,-2880.58877875778,4877.76827314322
-1697.49673463914,4925.38937156506,3431.59607908999,-5105.35943044888
-1191.53879098845,4254.85391224845,378.412814672177,6113.94952094757
-5233.98843891517,-1464.29487333523,4567.84208417338,4118.87551734293
3577.94451904297,-2541.69356721308,-6689.87410434406,1901.25572438383
-5887.2840868612,3777.2134152143,5489.10996054109,2100.74185051122
-1433.73260259761,-5045.93188194123,-773.214384191176,6300.32441937676
4450.44704328735,2323.03052503354,-5773.2138651093,5623.76301574707
4852.10417470776,1116.11371977809,-3611.68084672712,-4658.78825492043
-3066.665810791,3508.53851508803,-6340.79202104598,-849.535788257779
-2314.73130941106,-4901.23301131888,5529.11286106475,61.6776302047443
-2947.17118326273,-3267.60694043704,4685.39009774179,-5682.22882888026
-2015.14601550805,-4985.98009840013,2419.91831553407,-5352.37397330595
871.900980787273,5562.61334382229,4337.14659197339,4593.91355460031
-2805.2647979859,-4300.75454387428,-1782.43501080175,5207.75790918986
608.033529376279,4783.66993861905,-4021.77242336715,5110.28757799452
-5381.27617805947,726.148935827823,-4391.3031703709,6093.47670095911
-168.896814404432,5601.1730244538,-4854.92536931928,-4779.46295675745
3759.17945284994,-4179.45507550595,6359.79553523088,1604.77365751118
-1184.85895721925,-6431.77951982294,4350.45801106722,4228.21703886218
-3332.62330047924,-2509.91564325622,-2987.59273477042,5693.4124628704
-3940.57646070916,-2489.91380630913,-5761.79644835376,-494.261829207042
-6172.29437750328,-1310.985868752,-5918.38401418537,-2781.70942809369
15.7516860961914,-5509.67558579363,1573.72832618147,5641.49506442865
-2341.54048155404,-5016.439744742,2711.12262524363,6744.93255132488
-2685.44327822911,-4887.25368263006,-3148.47620737092,-5530.79746235933
3304.6908320656,4144.46511463446,-4724.081088617,1291.42230858351
-2409.00222306443,4308.93885966691,-1283.8685501333,-5540.19554820143
4821.88168295353,178.54330869804,-463.024648574775,-7131.11298493387
102.58960723877,-5684.95846779236,-5956.69551504129,-859.261380733165
-635.938429572862,-5697.55769180141,5557.98581857344,-2558.5163708023
4379.59454862129,1093.42344892464,-4385.66042327464,3637.83186651328
4217.66370613499,2582.09541483488,4279.92870183256,-6217.85371557824
-4700.19187345132,2340.48104258259,5614.65937500677,3729.03178064006
-4184.45230627128,-1695.64114567475,-5338.60975398791,-387.762093363581
-944.395030832848,-5267.51436218954,4893.04185843898,-2609.14749987573
3972.60719601735,4311.40270210182,-707.060254900157,-6686.53407576503
2062.51331496786,-4196.52540892882,-5545.1943606829,764.032917820143
5033.99371386757,512.397965140965,3137.87863716409,5397.17044317275
-1885.20483166593,-5908.24136790941,-5251.2196616465,-4019.34948785618
-1517.19145002135,4977.39644632489,-4349.76485388912,-5303.8401388426
-4332.54529235675,-2462.60517285575,5731.10448950438,1434.47830069307
-5045.62874461273,968.268258967408,-4908.3010116122,4326.24287521623
-1642.65522554546,3403.0273740088,6969.17191865543,627.888528138528
-3816.15039265816,-2971.01585594953,-933.332721562824,-6037.54548792551
3529.67831513509,-4532.26398079329,6042.73835326543,-877.279240443827
4773.55241770241,1868.48880010176,1018.76083860272,6998.67639399266
5900.5764235941,-578.967145901652,5150.05714363953,2162.52369616214
6070.76614035426,-480.05110624239,6474.95315636155,3090.45942347628
-4910.7463122232,-3929.80206162809,-429.86686694895,6230.41101301115
-3809.75902875329,-3279.80188056727,3658.44474651362,5355.4586820581
-2712.22187658441,4004.68624794767,-4378.77654091132,-4829.12716189396
2860.47908351452,5580.8153218707,-1463.31750593032,6108.43106927299
5763.14049347935,-335.122657775879,-4735.09988958321,-4428.70638950188
-2969.91458870349,-5315.85176033593,-5235.02655007782,-3115.32176716005
-1896.12924714947,5051.46942737084,1992.47685291402,-5433.04623338426
3483.35520870977,-4358.26385214111,-4642.35907094404,5240.7281275127
-5688.00344283156,-1788.66911807331,-3757.6329916741,5009.13491681108
-6031.86388271044,1488.15847296804,-3737.40637834051,6037.15607697474
5008.65997612186,-2131.89383495788,-2735.15754000374,-4818.12666022015
-5661.62288234838,-764.814789517828,-6079.34106015175,222.434516575025
4114.01319450817,2019.19132373322,2955.17748185005,-6656.62301291286
5806.78406332552,-1672.70200910646,1744.81862730684,-5850.6063111023
4584.35484371558,-3021.87455494294,-5828.52554413765,1639.83759647076
2051.09615481774,5256.86020309111,-4413.24424498694,-5296.77559027074
-76.02884441361,-7185.33943606423,-248.363497435592,5709.23899371069
453.891192881503,5929.88206345065,6356.04118751682,4716.70363562076
1212.4375222707,6002.48428434029,-4762.69156972611,-4270.95475689922
2423.35468789472,-4312.15333135853,4644.02132495506,4728.19770140617
-843.582236842105,5548.01638899607,-71.7245381922203,6316.51759111055
-5492.45262076464,-4249.84523533781,-3326.40188603531,5010.54788476449
773.382804342109,6021.66421548777,4556.63198149139,4780.06144997903
-3907.97065929126,-4146.03170752724,-1924.07713325239,-5448.70008674596
-2641.69143546261,4686.134697217,3297.92667567731,5240.91106438515
2401.7298600783,-4293.97460014113,5548.55535716293,-1784.80488363664
-4962.00033549359,-1214.15360761008,5512.41583511202,-2618.5622927416
-4998.87235130385,-3579.73819182131,-5750.55694047722,-382.072276181953
-3685.52076691915,-3915.3186201932,-5728.38148958109,-1903.04749407382
5234.06924877266,-2131.13462079428,6189.61172326991,1740.99307741542
3599.03114622024,-3859.39092446374,1163.07476357381,-5679.70986423172
4873.10491494703,-2643.46064509554,-1973.95333895924,-4788.87142232801
-5129.85282836943,-740.380030994247,2497.31982614022,-6700.12972843733
-3631.9635746384,4675.47851865003,-6299.60732881393,-4048.72873921972
-5610.91994959378,2630.06289735719,-558.104446883332,6536.65310097319
810.380656084677,-5260.88014690233,5823.42384003966,-1696.40137936437
-4130.59987995408,3521.70002967207,6588.87877601166,2307.19909023818
37.6725807189941,6480.84318453924,-1404.93562804045,-5063.86711119386
2459.84650085519,5881.40601484505,-1499.21276380918,6451.76347127255
4707.44896238596,2593.1621670121,5166.47803182958,4913.80420763266
-772.420759287338,-5135.48627066891,-5575.93885364974,-761.976259689922
-4933.34498235062,3226.05869108635,2121.58536409455,5017.31798160309
4486.03643506814,3612.67789545473,-3582.66483890406,-4485.59226317794
-2072.34071746803,3901.3821144104,-6577.42590221027,-1196.13374324919
3178.29763212093,-4102.7474231585,57.512253708213,-6136.55805131344
3767.0109738501,3018.51840660815,-3475.71348143614,-4160.68351373136
620.457763671875,5061.2311187084,-5667.61213200306,-4556.73146161237
-2109.59183982089,3755.79896073698,5640.75504716788,3712.00925874256
-5374.36223640823,1769.99654808734,-4747.20669215715,4763.26577997008
4925.49978430854,-2615.52825324019,-2820.90504876649,6335.34019749064
-1512.09117513827,-4856.37640700112,-41.7137196637261,7248.7419904492
4726.67549743841,938.270252494352,4435.25236316999,-2178.8292451503
-5759.48805985527,-2939.91534309874,-4521.41177468692,2573.49258019225
-4512.89454116605,-2915.51861378923,-5009.01267229432,-2195.48610872836
5413.37814262235,-668.981280554248,5245.00060682209,1662.19426624897
-3455.43527034595,3071.78930973402,2564.94672098499,6272.3844042675
-3576.78614996135,-4977.41275117416,-1525.96576859805,6177.45341208631
2014.48104491987,-4723.33461196574,-5258.82685081401,2619.92437577119
5172.91097863662,-679.19771860881,2166.53088529359,5721.62052261075
4782.62790299861,1633.40517925409,-5266.69170466807,-5126.43913314777
-1860.08903103596,-5098.40633523117,-3656.72019993858,4814.52358964715
-3388.93183964295,2879.47772618691,6224.37240077655,-2024.53541591885
-1619.89953553802,-5123.40501337549,6376.1995900048,1207.62672776442
5653.50730288671,321.759628754171,-579.513263665595,6047.68695255529
2334.085375,-3703.63557245552,-5585.2796229111,-4197.0281888846
-1343.13014327247,4492.26009604817,6704.23418463484,-22.2412616994121
4230.72091800079,4495.01795183259,-5392.92622911535,-409.401307596513
4016.15698554632,1788.91276535451,-802.428247141284,6488.69475356565
-2466.36566207804,4054.18499814432,3945.86782716925,5684.37507544046
2212.71995488793,-5458.92566150566,-4831.11470932404,2009.63446499601
-5422.08068942168,1329.92543021239,-2015.41422434914,-6019.15587333902
-2525.64008409533,4276.03107238809,-4981.14228160299,3305.45082982722
5810.22600891579,3621.93091441124,-2958.05688979299,-4231.02948729916
1523.87690486894,5725.28739013532,-5641.09766741596,-3513.4984015984
3570.75019174434,4946.45710117194,6145.70801109177,2573.99504469433
-1310.09712722298,5218.72220220323,5999.01271080319,2224.06947649951
-4805.0280573575,2997.91569513171,5645.74208660447,3574.94979213846
-4539.77361916666,-5093.74573664036,4719.17901204514,1070.2938209853
-2046.89240689811,-4930.50116363697,-5498.59294461616,-2001.38415577489
-1708.70255723128,5949.50887785416,3082.41220948453,-5407.0131081452
-1536.27439481212,-5846.22293570035,2371.18794553241,4703.8674125714
-4048.69466038115,-2617.32788776748,-652.341744814369,-6534.15287561216
5650.26453627713,-593.653824316989,2035.70066168811,-6380.76640783733
421.1904296875,5401.07683908344,-121.800381136641,-6217.85653206545
-479.66302585876,-6201.43441226071,607.38262763148,-5845.00719937167
4039.66581056261,1650.1324510155,-1141.44131469727,6044.42807519257
4399.97796571619,335.817495350778,4895.62818621263,789.344990735811
5544.69753908165,-1164.99082533372,5981.48827107774,1335.95671235778
1245.97846798337,-4585.4235190844,5612.15479422017,3354.20686541863
-3156.90136099727,-4097.04042914804,3957.94007499119,-4125.57198311087
-1250.73018926262,4330.50133966187,2430.01957761331,6180.26211154328
1577.83516649401,5686.64780790583,6099.64816258425,3841.0558998745
4378.69861477245,2055.6770008822,4629.35166396104,-4075.36123223262
-6547.91322327404,811.362190297511,-5241.58558743223,2574.01237177324
5091.64683071248,-2037.07132787022,-418.42668844664,-6201.64251490219
-1418.15070783682,-6202.4875728923,770.070731860898,6982.2727978042
-4207.03059142673,2317.66308132529,-5227.31523618763,2793.01892891317
-1559.00009425649,-4828.41184503542,-2795.30364716169,-5601.65188116732
206.430438701923,-455.448184491247,-826.12976359686,6976.0287156861
-3756.41197782564,-1128.13231948491,4639.24058374472,-4137.95812051043
-4377.91182998571,2583.33574695122,-3111.83426820075,5413.87052949924
-801.37561774013,-5682.23980697421,987.522285379389,-6414.92694428893
-5028.92753432764,1183.29716389165,-197.702116166038,-6751.626459422
723.863458352027,4241.910580686,-2229.7953508548,-5329.91131810867
1788.72583591961,5693.48083880358,659.780848115537,5904.65399869235
-2659.1051966827,4513.38257925122,-2897.90415825472,4791.68921868285
-3500.55924298576,4693.26987556133,-4303.06844243009,3143.51648052414
-4715.68773073409,-920.092274765428,-2216.64811544204,8141.94521522071
-5057.03328904349,-3033.50559638127,3126.38367057696,4255.19174330179
-5127.54959425681,-1137.1819734355,5859.47970335236,-495.800596033355
2832.68574254897,-4245.9769568281,5372.78930709127,2599.77696254305
1266.15890599869,6336.52694568111,-979.859075070984,-6152.45900688928
-1675.14385318073,5501.58791047473,823.169977248313,6766.04887900296
-3389.87497136071,2782.63446661852,2031.45867643497,5516.93177023214
-758.003208517101,-6222.99183140428,1323.45998476723,5528.15934915327
5178.72303189101,1065.03672841521,499.694673539697,5385.72438561334
1776.64532153179,-4408.40980852907,1274,-5772
3993.14034826723,-5104.74043927874,5478.20610649005,-1674.34098108833
1148.24941023131,-5127.1467827326,6465.36408879794,2734.66420075831
3578.2261774938,-3310.00378738903,5205.67342275943,-2333.83274916374
-5532.79154635086,92.5769444226227,5682.72853386734,-1821.45858865713
419.366378804236,5218.71616580553,-5772.60446871139,-4098.4551037414
-3496.12152511366,3734.34613048323,-5815.20182311895,1821.50158871674
-4777.78132750067,-388.756089920221,-4910.56366037601,3648.30917142644
-243.775507827021,-4974.1026805449,-5076.76294967086,-5539.48040587995
4454.90857510678,-1894.56069034364,5896.29177355921,-3436.95531130669
6105.50380244955,-613.086103306981,-2900.56736493379,5569.47377024838
-3378.49633154562,2180.75162479933,5956.98906794121,2020.53790246435
-2069.69308243937,-5740.69265840683,2011.65914265846,-5476.92900283753
1011.39397804921,5261.00099145938,-4882.80514204422,4869.14170810475
1727.52678768512,5917.53322466474,-6158.41962572044,509.296231826759
2423.20532968511,5478.79914387685,3574.06428427975,4637.79347030335
4385.95967059367,-1380.30461013973,-900.753596556785,-5675.86992843667
-1760.506630384,6290.38594277778,6128.61996332893,1349.89010403603
-2418.20317776622,3762.69262947829,4763.34574498044,-2428.36758209315
3690.88203984964,4283.97752827614,3114.75553165667,4748.30947786572
4056.65470974362,4335.87302999012,40.0638952758618,-8054.63921032309
-1621.82203969751,-3632.6112517341,5102.65706644781,-1965.14088573445
-5256.56904407874,-610.79025254704,5254.51858892869,3932.66190714297
-5081.72638545019,1546.53833007812,756.557257735684,-5475.43029562175
-1035.46739839253,-5572.9323994109,-1444.45207268997,-6124.56146045441
-2422.6779037913,-4069.96666917252,4561.29784328655,-3962.94002130366
-4174.89184794239,2328.96111890884,-5149.61377995724,-1271.62484019886
-4495.64262818869,5550.28161236328,133.089863638549,5166.14283387416
-2887.89258609764,-3768.39066431611,5693.68849357811,1537.3230301452
2870.8803385072,-4355.94259561655,6643.59976401768,527.927029430789
-2944.7552104157,-3967.31812224165,-5920.64142445042,637.718362636934
-4973.91911280608,1575.13954190351,2382.78885697585,-5582.98612823036
-2086.84831084539,4016.9893819413,1820.10435166403,6432.36181035304
-392.387878417969,5970.11761821097,4101.46936499001,4558.32994924445
3119.32541978118,2261.41866166954,-2505.01447725376,5951.4548744299
2141.99534244374,-5139.09092198654,3971.4951329992,-4126.27533148184
-1729.80073073631,-4092.20744196944,4046.0884959665,-3411.98107350656
4670.33374985737,-1278.19092884026,-5222.75517099667,2237.31599903963
-3198.48358779865,-2922.83054462229,-2464.5676772977,6095.28084463657
-4560.43362665951,-3834.63107404097,5302.69250361306,3284.93151327935
-1918.60806799762,-5342.88886632226,-4717.73152894226,-3558.38651065583
-459.688172718605,4898.66128462809,-6218.97985746177,1789.84404535282
-424.539307441524,5119.81487068182,3100.95076548073,4264.2116115887
-5117.11257313842,1460.49857416368,1788.22440123835,5254.33396658813
5606.64237596515,1053.12569156293,-1892.16056388452,5826.54696696328
4007.68172177628,-3172.52544674059,-5895.65643697818,-91.4044532408197
5813.38728143184,1781.61415596242,5161.84252730955,-3906.93493967204
-2478.56235677915,4275.74902708875,-6512.74336145293,-1084.92993200178
4427.2869913485,-2990.23771391882,3333.23422695401,-5233.23239845191
-5234.2875448915,630.753845214844,-3507.03787773683,5174.26215895766
-4763.85698741171,-415.968633901318,4353.28742391322,-4809.11163185554
-5507.64161497845,1428.24286362612,-5862.9666588933,-2247.56183594744
1054.61604857383,4485.6698203991,-3287.67530716277,-5673.85566919975
1894.37768334918,-5870.3718199995,2751.60639977735,4894.55365725012
-1682.5938097388,4220.98299977848,-1352.23444486147,-6117.17547155176
-4422.45120536576,3353.32612110155,5935.38091561682,-671.66466515575
3866.33699700386,-2475.55132192771,-2414.21883119249,6484.38223711026
-5369.22689172542,3053.68227100789,6033.83378762521,2250.46304622263
-3342.84867568815,4357.77936475102,-2223.43412666691,-4687.3035765944
2264.57658391985,4256.25992739426,-1159.89226861949,5826.20962783924
1552.85334114997,-4155.26532972092,-4145.72983990983,4349.90735522034
-3527.44334624475,4380.36244746969,-3826.32644658152,4319.35286279636
-4896.2602182647,-1980.19547154737,4359.53710992703,3694.28065076824
4843.39804879739,-756.235205082073,6289.42464741312,-2062.16143858902
2042.22346254776,-3912.76400299951,4448.78054570743,-2543.49822785138
3479.28607690601,-3807.46158476578,-6636.05555142459,-256.568212014427
4263.98478098926,2722.74984821387,-3999.20151767368,-4337.11514553807
4514.55694517005,-1061.31309968706,457.119680222731,6880.78508808972
2335.17215887315,3708.84020035139,-5359.60185215639,569.393199833957
-2879.99783235781,-3926.58420132245,1048.55227972572,6312.01710928426
4685.09522815254,2211.97750117695,786.013086427606,5361.15342003239
-2573.2077276792,3160.65389021158,6228.37662904377,-1940.87856292453
6683.81330802479,-3.07889755373079,-5133.65850376833,-3202.3621088543
-2155.99020993137,3961.97374331789,5623.40327434641,-1790.36971042595
-5164.16005406061,-1285.78922695416,5383.08852843477,1795.73490349022
-61.24169921875,-5191.10784458666,341.083974065624,5201.23259835299
4644.60248633914,-3949.65009412013,-5106.56476437397,-4677.82039391675
2417.78978959962,5403.00695807326,4061.20556738249,4902.80116913659
-1411.04840541681,4121.97550697262,3381.64944794753,4990.21566084811
-2066.58735651142,3947.01093669184,2561.36643789199,-4345.4775516597
-2451.09479852386,5070.73745935885,3262.35045876215,-5335.02757897171
5637.13748686856,-615.693518797843,3707.25983654238,-5852.27715337829
3854.0641961695,1962.29401084185,-3588.10908491911,-2633.55553862208
4064.36501288344,-5672.15231167739,329.348978896213,-6071.95850351502
1719.68775939941,-4225.23590839323,-5819.32157826421,-1755.05306913338
-4211.82544871599,-3820.54515803197,-5842.69756107998,-1081.73990241098
1142.33454318695,5130.60272628282,4335.31787773779,-2962.47230354677
-389.174937538121,-5708.21503510328,4437.0830504071,-3318.33158915184
4582.75231820941,482.996870869134,-432.633220809885,-5781.18344464763
5185.59888432065,-886.537577439801,6142.84357042459,-521.521818283691
83.4928864091088,4493.67594186878,288.545033703736,6714.20574984546
-4694.21388535768,1848.68135152288,-6096.80733039803,-267.714491213606
-1992.11694482745,4366.41004969774,5300.4548080116,-3015.82706329663
1859.14306285982,-4055.63506735303,-2520.19747125118,5235.59225590187
2874.40683626211,-5519.46884143645,5469.29523929908,-1981.21128995527
-895.874596296038,4287.23599385633,3076.23409273546,5525.55976227694
713.746213702228,4414.07956124854,-5165.48235833273,2137.20814883046
-3856.39457812442,-1435.35018382353,-5355.83686082464,733.673320391627
-4871,-4783,-4422.97495178181,2498.82540181614
631.82492908235,4940.66596930854,-4182.00193859687,-5256.52980834291
4384.08749347237,-2595.81112671262,2597.82533795646,-5120.89361138395
51.1703115936774,-5381.36504638436,1389.25540866742,-4889.02240595982
-4728.14228529475,-2910.35951530867,5245,3590
-3759.75799435196,-2159.29823569352,2760.98873996979,4706.09304243935
894.189335527538,-4680.9143604527,5821.36266870303,4856.63832531439
-2633.7457925758,4717.81714298071,-5903.8170305426,-1550.20190864997
-4380.23890114841,887.837889969349,-1868.39165208597,-6466.39028015697
-2123.31599832277,5694.90472743508,-156.421499024411,-6110.01295864942
-4350.39333185165,-1315.14290701205,-1400.20903787077,-5224.43142416729
4456.69631439217,-1891.12349545715,-658.5769129171,5131.1544922985
-384.6396484375,5334.27173379697,4778.76871226758,5218.7791394909
589.899249748896,-5980.45929085545,-622.736766822041,-5937.85019761586
-4929.99583643648,-1033.70949122955,3428.4987171303,-4907.25275871156
3320.28410871639,-3914.69591350555,6767.41892952433,-75.2157699277737
-1734.8929778185,4703.53594486998,-6219.77447082107,321.090196164318
5219.84763942067,-46.8736495186224,6044.48267106597,-597.895013770931
-5295.11263252223,525.58420012871,-5103.81782441094,2142.98929202523
1781.29962819968,-3429.89545347717,5648.03116263978,-629.564683598204
1828.39727125996,-4351.59180964499,7111.14126094291,42.3244240651162
4125.20609022459,-4001.91331678844,-5684.74089964754,2884.80413550613
-5481.32763891732,-363.333621632991,6292.64777239376,820.958687697785
-4681.27503062092,2728.81100650916,-478.553903048156,5454.76594265428
769.436655577495,4600.27078234212,2487.44829601806,-5884.48212023312
6249.9807890935,-1592.74891165404,-4606.74004508549,2398.91737614693
-3951.26371944363,-4466.85863110038,5044.59000715692,3215.96148599897
-3004.92826239062,5349.92474034421,6485.85016262575,2442.68032268461
-4124.03951974646,-3978.29379590858,747.442752000762,-5989.08779160567
-2634.59640127513,4107.78506849362,-4302.03109833651,3879.18194071915
-1374.05278273824,4037.5235340986,-2673.48520831092,-6044.17757042276
1303.8756886904,-4202.49118875202,-1501.29998810758,6382.94560743227
-2058.16999880703,-6575.85620486779,4767.60047937802,4302.34315852263
-4796.8683609032,470.203897980331,-6196.51060730148,1716.94125640176
-843.15340090769,4336.8563070159,5786.38943662256,368.146221432915
5303.8922278285,-626.603255498077,-5164.16907724211,-2487.33614228531
-3642.14219495036,3743.90034536974,492.172287940979,-5675.58666108273
1437.81255503375,4646.89648114709,126.629150991487,6749.23506812167
4208.26969889193,2021.47955834238,-2829.36414940716,-4930.90569790307
-2315.74877522387,-4697.17440321218,-5283.68124793502,-596.266705857689
4704.83702440901,1108.48240196335,-5483.68671594358,2105.45223691234
6103.03662987269,-500.29167175293,5558.92495737039,-541.241743103209
341.505095163981,5207.69039568483,5578.9693606937,3254.2117780946
-5196.97463239232,-405.608662471734,697.41207058259,-5653.08521825069
202.837886572812,4147.43506825659,4819.31034766434,-2323.8453497921
151.168876647949,6617.46645853973,5999.72383372434,3296.12979223897
-4570.17383257489,2828.13890228089,3850.58482696907,-3736.64124632909
-1316.84081471323,4708.06439626068,-6395.9392687442,-2318.13614986941
-5403.16550501696,1790.79113086925,-5194.01918976546,3239.5333364377
-635.823246768831,-4010.42877310285,-6552.84794593921,1178.88330779973
-2067.4802897361,-4454.01413638388,1537.87554816989,-5762.24808090346
-1576.12660388703,-5169.40887380919,4797.80830510894,3838.62779246805
6.17137145996094,-5978.85713990474,-3536.96478397455,4425.01862691732
-4189.75930869712,2638.0840349498,6740.21610341694,2146.41822924568
178.103701003054,7282.17568705251,NaN,NaN
5610.32697997921,1548.10559888088,4716.35296080187,-6475.66037050258
4159.59169216449,-3572.90134356733,3027.28463362095,-4896.61133580931
-4138.74477324095,1548.86483650581,-2230.13892102592,-4968.59122995862
-4640.6774609784,-1179.10215366329,5428.59964008962,2809.43339998104
4869.26615431922,2690.27596280853,771.439209097719,6613.37648635039
3926.99992275845,-2529.28306745502,-5893.25209795149,-1649.11046401515
3970.78741188635,-3178.29911914833,5357.04225499047,5059.01912644889
4126,-3012,-4776.41250702269,-3450.63068679976
5548.86769769111,-2506.28304675129,629.429565283804,6272.68755365534
1472.83603269758,-5447.3327278842,-5722.27970518482,2415.12650531579
-4073.21161765371,-2976.01345716861,-6187.72645090331,1763.84452525356
-4886.38319893681,-161.880416989638,-4296.64057071895,3575.98580856825
-4621.49249575325,2399.94601887995,-1540.57842300926,-4803.06052164276
5179.8974988181,1227.42298127106,-5899.05624547944,-426.478882789612
3108,2495,-421.484225781558,-7133.24382076506
878.486412801499,5296.88705570317,-1118.20539678358,-6034.65166474861
-5268.38634379604,772.345718876008,3224.31275237959,-5276.85928519172
-2591.85429260143,-3477.05913218374,474.887680348087,5906.92277927862
-5372.27525163636,12.7185872973162,5280.12717356811,2326.22166949391
1457.05241195203,6039.6790265952,2464.02871894906,5586.58000938912
4714.28041393026,2877.72289691942,4082.29922787317,5124.70894885851
4365.20586212392,1946.22777514568,-452.561950683594,6540.96745477545
-5030.27907695861,1331.38930294826,6525,-264
-4019.67425990668,-5839.41346804087,-3852.18623514099,-4438.47300288578
1917.93910491229,3681.91840891031,4589.02457285437,-3191.18074223139
3821.39350136095,-3393.22285078145,-6878.04466520072,-1841.4395308956
565.059765579109,-4931.80483557237,-3559.97799365369,3905.97749426273
-1018.81660438097,-5152.49957473671,2056.83511669806,-6063.79732264967
2439.68634863664,-4281.48222441357,-4194.24893156421,-5015.62038473376
-1819.75901900647,-4830.0330434803,-856.338487112863,-7157.48548467016
-6029.39371584924,3254.10250728468,5535.33459831651,-2974.04487943247
4888.26196871462,-574.745126302723,907.083378524946,-5486.08570302475
-5734.21447428942,-1507.90307698077,-5417.11456522903,-4218.04004265324
4478.62776819495,1466.360745412,-3793,5282
-5574.29846100913,1509.87714818032,4527,4080
2658.14899154837,4505.25457787793,5038.8121434663,2649.54863760404
-4197.42638942949,2394.6338188324,5025.30128770488,-5366.02309767649
4429.98106515278,3111.22325812587,-316.043187074218,-6075.87350374231
5320.46373563637,-167.224759319341,-1653.87361178593,5370.10231507993
2409.1171733654,5511.82696890275,-205.984216391982,6243.0859497492
-4635.7276468933,2168.27393624006,5870.82630133705,3538.71372070167
-4961.48145520942,697.785928957505,1779.01949271099,5044.45192012028
4878.27680884477,4995.85399992938,4762.66853269101,4579.35298102931
-3901,-2517,1812.33762372179,-6726.5538847186
-3814.2610920766,-1971.90190774748,-4454.49875556462,4982.17311064774
-1835.79472310553,-4456.22272876699,5412.88821594029,228.237367928746
4029.93277144439,2355.70905659753,-886.681363492399,6272.00964074638
-2624.58632999041,-3604.52995793226,5462.33737431634,-5285.25365362369
2893.83581997164,-2947.07104629075,1768.32502011897,6372.77748182007
-114.852556848222,-4465.37718129083,2236.51116911321,-4794.33570417782
-4.28082275390625,6459.05130206441,-2614.82887612363,5306.32655645171
-1648.9783635852,5709.73141241577,4857.37116219255,4990.6613351774
-2198.10031857855,4484.3595306199,5129.75303726585,-3539.02940046625
5159.993864148,509.17466914736,-1183.81809734718,6122.43550426298
-4404.63313819918,-3216.33503743653,2647.69950102447,4612.57166243676
-1686.0182400553,-5416.5580528622,-359.941506005227,5662.0659155261
732.945825339935,5029.82885583909,1251.21168605452,-6983.45892279855
-254.816929480992,5140.49589355806,3214.65067036174,-4122.08543322549
1876.63802048256,-4469.54597059062,-3105.62822418864,-5429.4409456542
-2352.90815807128,4617.99782345326,-2038.73916478845,-6038.90759821139
4758.51378271185,554.300039018903,-5968.91734555035,-2293.95641132339
4317.65065966188,2351.20236025824,-1617.7384739889,-5436.80706386504
2334.8957888784,-5322.72229115104,5165.14353659075,-2611.96308448403
-4264.33387616498,2425.83800163372,335.444464163357,6292.46315140161
-4099.60847028346,-2283.12810736366,632.167849109652,6194.46551000629
5520.82541074903,-455.75,-1149.77543487373,5137.20666687791
-652.591343536613,-5651.67309574679,-3482.2227403473,4414.81850298713
-3747.10372866108,2250.82260808007,1688,-6396
3924.95547740715,3318.77487595173,-1892.38475884016,-5600.9531568205
-1698.54018622336,-5276.93953825097,-2201.69506825678,5077.19167741893
3754.84086819751,4439.92742152375,3997.26409584603,4101.00174269929
3691.34095221227,-2719.57488153707,484.232230606775,-5650.30618105443
852.788538517996,-4564.48953016489,-4258.38997353868,-5357.09252234066
46.2126078086324,5467.41963644251,2616.00532594768,-3902.00630028951
3214.510490858,4078.6883074737,3002.08423894027,5788.78786652737
-5456.79950369263,-1032.46501995558,-936.235632133501,-6629.4911747419
-5153.69349573223,474.157442287708,3092.83797792653,5288.45153690507
-2044.01010905641,5062.22165734605,2336.66353676267,-4157.96472340542
-5820.65868410261,1008.3606865336,5876.54424228313,696.747127147203
4804.71666935333,-2364.82897027067,1845.40358439064,-6275.42919707497
4642.0549989809,-1706.77990273221,7380.05542015528,-426.494778900579
-4921.8135821651,-1595.33094435013,3979.45880804309,-6580.99979391278
-1901.0565426397,4039.83696719839,-7036.41936390118,-2.04876957493698
4135.24580946426,3626.40728079667,-1882.54331341912,5951.74743094437
4581.28658150656,1447.81310329647,-3524.99973520128,-4468.97382133264
5878.03938980089,387.093978881836,2131.05625472829,4542.25740763355
-5031.76003925042,606.386870394296,4080.00012120548,4712.42058469444
5758.06278345091,-833.713594303524,6428.12579525774,815.153406513811
-458.650377412684,4781.91322153149,-2614.98225436864,4348.0865802553
1018.33914209115,-5435.51733851802,287.888881706218,6119.77036784921
3099.43010413075,2979.68414868795,1846.62805514585,-5760.91541462792
-4064.62429931676,3199.02353236883,6099.32048197846,1464.46168590845
-4049.85404752828,-1154.11158790612,-4629.61539207443,-2835.61778264175
-5635.85630788779,-1425.77816069742,544.229912179007,6069.96205246061
-2774.46952931955,-4276.8850231921,1461.8747109595,5743.34339067279
-4242.05305943222,977.78389742319,1320.78553226279,5917.84268759671
-4583.05674542417,470.013771057129,-787.837636138334,-5302.74953325322
-4924.94427110026,2916.70079230504,3808.68032435202,4908.75988623811
-5429.26528440895,-429.344308911897,5651.6347820952,1319.87492646346
-1642.13674898636,4378.10482096944,4088.0471362929,6007.55280626337
5319.87197630006,2721.94079300425,-2067.26164754064,-5127.72689922083
4836.18369128951,3528.25565298919,-5206.48925963869,-2763.49232298136
2910.5,-3720.27039508632,4922.29388491808,-3031.45440129796
1773.71196979025,-4321.90920141844,6294.50286225464,-1309.53974688856
-5893.02665638764,-734.664264224889,-4469.5741034521,3515.17380048015
3001.78575527903,-4328.33135084657,6216,-1865
-1112.63488950959,-4844.66942145608,6652.40795958277,1755.63591875989
3603.1614256538,3631.99064114214,-4163.60138616807,1637.27994459445
1364.38480987306,6481.5340149995,-777.064253329326,-6253.43019615896
-315.518693783251,-4926.3894361413,4848.54434095145,-4033.49294480697
2562.16360727597,4455.02436269544,-5575.54779797879,-1696.85540956439
2123.92146723265,5008.54620168875,1976.81249050384,-5087.3931306524
3377.43663987073,4377.30133230555,1334.65263799574,6413.59848343961
4730.63055720721,820.488298289803,4561.05495120205,-3364.23511750377
-1001.27334299966,-4303.52923755431,960.834093639906,6366.58439315809
2844.54821544561,4991.5387484726,-4726.76098051905,-2580.04766820529
3998.6209510729,-4552.65541326893,-3785.17093588945,4070.15928728661
-5399.67352172626,883.254463409031,-4962.11873658853,3441.46755051237
-2149.96398406229,3452.07743555536,6204.319078135,2493.76414520556
-2455.85283140332,4137.66179917116,-4503.48886571807,2983.27466414373
-1281.7081607623,-6558.3698288751,-4353.43741351554,-4858.30709467476
-1286.16396654229,-5182.53682026515,-910.061821371822,-6900.80079684274
-3252.759253807,-4770.87590941384,5625.12907397322,896.047592409992
891.953655818748,4568.91018244648,-4881.01018519154,2510.85871666966
3320.51307420367,-4715.27241088903,3636,5293
-1236.17738544941,-4505.36213566255,6923.94694508992,-272.475135885781
3452.83801723973,3202.62165700813,4904.55706000598,-4778.43705754916
-1624.93699292813,5016.34228917844,5217.10005830068,4317.58894017377
-1316.34664757627,-5844.32291924697,2282.97346509015,6053.81741411733
-321.182975769043,5081.46614559863,6230.76126778635,142.596217589532
-4034.42475128064,-3141.65192189492,-2315.08685287516,-4893.23927206889
2032.74750347687,4868.89488913864,421.413789895586,5732.07215528751
-3336.53738597858,3127.6550123173,1560.80322554169,6281.90268927301
-3161.3481591204,3924.07097981809,1265.10943763944,5500.16189398781
-810.289004515336,-4515.22022482639,6126.7200744804,1515.81005658436
3589.47357324493,2708.28600536249,5464.21919237187,-98.0202941894531
-5354.79366139979,-488.536559466019,-4693.07850013322,-3714.88679569043
3879.25233974953,4337.0588995525,4983.47899989558,5118.97510504949
2089.26001541062,4633.50803677706,1409.01989386785,7243.59354357596
4600.39507724253,-4455.58701421176,4636.56352350434,3566.59961533082
-2880.62706241975,-4528.74822427509,5641.6831096007,-1492.09303376895
2024.55961942278,5606.30320312456,5242.88189514852,4884.08251953125
2196.43552408075,-3485.74412322511,-6235.51744625851,680.074167781129
-5256.27847971882,1163.28821915265,-5325.85963622627,-1915.15074409078
-4454.35854960685,314.957227763192,848.002152552674,-5871.25586419682
5362.80213579394,-1893.36504523539,3548.96995677757,4346.93177836495
-1247.55946107075,-4115.0087677741,-707.276284427966,6231.94605468366
-4984.23226246133,1844.43381055427,3606.31678228696,4038.49082197071
3250.2539634843,-3536.0290858848,6687.38088555455,2008.86671767657
2072.10468165515,-4552.22993660015,4347.86570799999,-3169.95777270114
-929.259056091309,4704.23913687299,-6657.58040316911,1503.64198387947
140.017457197639,5067.11025460372,4329.19674881283,-2694.01821758518
-5506.69921825124,2120.82175878674,-3827.36127234734,6110.20866965061
-1935.89357752773,4698.43309026876,6124.79227396469,2850.65343481003
2263.92095830308,-3143.46992187695,-6740.45121270977,-1187.98262109955
3528.60860112639,5435.12484584925,-4846.37851133711,-2805.46033672606
3155.6842227175,4478.95712972865,-226.116188049316,6692.61092712773
-4094.36602477636,3545.75270559604,-4780.41972797695,3282.57605331402
5361.20635303937,1892.51037389837,5837.4179839922,-1628.75399320312
4005.05913718952,4271.99264471487,-4147.02739000244,-2909.16736381025
-1390.68411048854,4504.94244407683,-4680.19707178041,-5135.72775782751
-946.049214071856,5142.62800967766,5020.18747839945,-1906.86151255245
3969.84834551025,1982.30824596596,6297.99982572191,-1862.90005484
-3715.01613459101,-2806.85340120066,-5344.72212124587,855.496389136218
187.218627929688,-4667.09798487748,3235.03987763227,5600.30097303093
590.943359375,-5946.75439849978,-1516.47310996016,5371.40992280084
-2961.54143869929,3708.64253394211,-5420.80783469018,1446.44013403096
5376.50539604289,1779.96742236355,2210.7038958661,-6316.22445261894
2150.4551582438,5124.41386021666,-3769.75332962304,-4585.90689210075
1120.1568387881,-4664.28452875347,-1852.08417130258,-5556.88646358328
-3793.63097905996,3491.32126313273,-3262.25645330549,-4307.27546170339
-5953.60932984383,-1871.49529755605,5210.87543090586,2692.32136536297
-1858.9509776255,-4799.85551320297,5273.29038063062,-1442.79532851557
4649.23973177704,-652.453499741316,-6663.53110591072,1959.48249365809
3178.25270732558,-2469.79561915651,5465.68435487449,7103.21497162925
5190.75236468444,362.886003584138,826.794501130343,6248.56871253076
-3837.85210865099,-1453.18808129344,-373.26994573955,5958.49976334001
-690.681078136168,4421.79319441946,5243.08118556914,-1885.50427788906
-3397.96103793988,-4493.02582837206,-1620.67949796239,5764.28823470934
337.970459380065,6358.05831861486,-1844.85076291169,-4906.90644134274
2464.5977092072,3201.08435683832,5276.53360092071,-2771.21081906678
247.445190429688,-5435.23055426676,-5695.17303847314,-2933.6595353264
-5078.63025490858,873.08549873275,1278.99320467052,5556.02910566159
-1834.86650556193,4627.12383611629,4776.22703172158,-2013.964761508
-1058.93729577321,-4971.25552767303,6274.6552010676,2547.76568255801
6920.34531892012,1390.13229502831,NaN,NaN
4220.43543084466,4572.32580664851,4063.093958265,-4813.75310580118
4232.34337694062,-753.899084846936,-6441.38595159457,1016.38595237584
919.095847870446,-5010.44368370505,585.853575498811,-5141.09864986706
-4019.285299805,-3147.24224853516,-28.28786227424,6311.23651908112
1198.08084210064,4472.0048363144,-1222.29228303865,-6473.25587113609
2252.07387612697,3150.23650976567,-6073.65326353561,1609.69749013931
5274.97660826127,-569.671933507949,670.003044695142,5904.58563114858
-2301.64237573756,4508.49790646655,-5610.59570070005,1458.46654192241
-2233.90849906736,-3528.36664503724,-1682.49105223614,-5605.29157813317
-4918.28467687473,60.4401993047996,2772.04025262679,5454.06334771793
3478.07211352942,4247.47284156235,4571.54747505397,-2641.12803972382
-3872.60956335619,-3532.58514764944,5983.2060700991,-448.191100370537
-4725.03938313397,2779.78783121792,505.994380556423,5483.45971147686
-3274.79535214142,2353.11221688926,5550.98579183082,-3275.82946626464
-3908.02751023274,2181.23093462795,-4386.86378978666,3142.81122913442
-6834.70626945013,231.143189791975,1773.26204610376,4874.06706603447
-4592.53558578823,-995.61408390411,1017,6421
-297.00193661575,5514.57357774531,382.6189686194,7141.06597339935
1165.95976343575,4911.62120637841,-5148.20912120367,1044.56697468692
-3116.60741497542,-4719.6788894401,-4615.53135104309,3428.13595387671
-2517.4642662961,-3685.77379453445,-1437.15465029287,-5656.27760583842
5128.80370180715,-1099.08163111685,4575.30450293732,4665.60601974915
2404.01679765818,4686.1963043986,4544.40690752181,-3093.46776687198
-1396.57387360434,-5240.43297668202,2672.16629434837,5423.59699187849
4245.06984913409,-2608.84145231892,-5508.0801351366,2205.65270686717
-57.7265625,-5110.34761298163,5543,-2935
4583.61821880238,1868.20465195579,-4817.40692906467,3364.39171846021
6706.57359620177,2428.6945137509,4011.38298472155,3874.45121057394
-4687.45280564286,1560.35110447437,-605.736369481478,-6128.72483740557
-239.575691223145,5293.34224786134,5305.23254560079,5599.43466415922
-509.717321777344,-5020.312727233,-2478.53952351479,6024.20069329985
4831.76386670437,-3446.5055568914,3102.7294649852,-4725.18258157547
421.92550125989,-5074.67863495995,-6137.95226652019,381.338799670562
2919.70850672738,3693.64186144628,4604.00518171525,-2133.75398903767
4854.814685502,388.540708280457,1487.13857526261,-5729.88313968418
4678.99755519375,-1533.06636126797,5433,3893
-653.609869195358,-5324.80124939631,6187.88968382555,3640.71080220462
4221.42880669817,143.688874825419,160.922501361628,-5779.16871458711
-1075.66850961994,4670.19378242412,6073.34334923678,-1966.05947800125
-2568.8267214694,-4459.96054335352,554.087392392832,-5654.72091950182
-1865.25444398512,3877.35967883216,6342.94517172089,3593.83203761967
-26.9388208840153,-5156.95493603775,1368.00013795846,6309.82823746928
-16.9026031494141,-4812.05348012557,210.40376092782,5918.41407969481
-482.308145696467,-6145.39349444211,-6138.58080809382,-1353.80785617511
4345.6409277955,-442.848893096029,326.431281417477,5530.74671806152
4062.92752825516,3954.62602088052,-215.484317625459,6033.1254726924
-4063.46592414661,-2658.52141027751,-248,-6237
3475.86845073974,4439.27045310551,-1795.82613837888,-6142.06084421815
-1298.74784524582,-5066.78336571618,4824.80848482584,4632.39634197477
250.318693772457,4773.26514978325,4411.57695114737,-2277.58540986975
4964.15239683844,-389.030690701531,399.422871156908,6341.88240500554
4144.29527072453,-2572.91778470413,5844.04729080748,-1384.66244541691
-4081.5642024387,-4170.66124891474,-4353.36214234434,4615.4209855651
-1019.2455512815,-4786.79765445814,-4584.18654075896,2823.42581006277
-3687.75243136439,3056.40686780022,-2174.63913581279,-5820.6390284279
3150.72818827905,5051.24018679242,4824.09397128568,1457.97503270824
4617.03937995268,1134.81800745854,6157.83098535145,-1985.08928378704
3812.25221258606,-2428.92352694951,-5913.09591026679,2889.4192383735
-3952.00808728591,2065.69039340173,190.579291487899,-5841.90607585988
5604.32932980013,-937.177136931887,5596.08214964228,-6784.861965977
-436.851942493301,-5079.87821088518,5246.56382596069,2534.31153270462
-5162.83924866864,-851.967142170175,-6127.6109851883,1873.19024083919
3393.65615813278,-3767.60570243038,-2031.71019814163,-5518.26707182537
4455.48403847806,-2735.08995988311,-5685.02580639866,1954.89777162035
5940.75164557953,-1335.02739098412,-3079.78129523326,-3902.8964128829
2770.95331423573,3597.604535465,-1615.21194540316,-6222.32601280746
-3966.61688317038,2448.72417660654,-6023.21198943604,-464.548856808188
-1258.3681984899,-4938.79539417285,-4980.04189158517,-3558.05555802473
-175.825169563293,6289.92604071137,624.111453927678,-5488.69854626409
-154.603277474777,4488.81122309579,-5301.93506314678,-2877.57890446981
-1351.2335436022,5425.87744093311,6430,2951
-4720.61730211393,3442.92701810134,-219.569308442514,6107.43373779858
177.69140625,-5523.73242772169,-5308.84663322272,-3810.14297128834
-6814.25285591537,4427.59729210357,NaN,NaN
3957.58924406335,-2410.41756871235,6382.88126504388,528.426218472994
-4705.72276657079,-3191.54150609237,2764.5558801711,5453.20214812535
-2095.1081004712,-5135.26985231228,549.746070123488,-6414.65019937743
-4076.59473572732,4664.31147935837,-6040.43370170066,-2345.32330314896
4656.42466182553,-5052.99213802864,5669.16308412723,-2074.49938618058
-296.273666727753,-4522.62320877912,6138.44581323193,1748.0397311847
-4906.76272667346,-2938.65381345299,-4968.78588041605,-1784.41900946624
365.748238378496,5000.89334674839,2661.67003436635,4909.02694120291
-955.142845183611,6081.57691430109,6148.24384538734,1926.5495825262
-4616.69115379674,-2246.63344988345,-2702.63531041879,-4541.34007467475
-4724.85482324049,-3980.08406681326,5367.40042561376,1041.87240392206
-4431.72015820587,-680.724859163103,-220.768014071288,6550.42428923165
-5284.19360471142,344.468426442975,-5768.52917729259,1216.64512792682
-2096.88711884812,6912.3714037273,-966.696258744383,5337.13340388304
-3934.85445946421,3997.56244187289,1087.98363654436,-5246.17709679734
-4774.18785041438,703.988437821172,5876.04098009832,3517.53693099588
-4308.89215451944,1839.52354522202,-4441.47094826851,2981.70160992504
-2305.99973877651,-4689.18070202896,905.155157035843,-5853.59562688839
-1757.75370217386,3454.27298409761,-5272.1722095934,-2972.15814445587
618.118508831119,6354.95396450219,-3719.3132952798,4241.66328472499
-517.77285455813,-4920.50441012709,-17.5382246983914,-6706.65609178942
-2553.7119748503,5173.73105943067,6091.51479523188,-1246.37150772722
-4326.44900096871,3203.8867841863,701.269306341106,-5278.65940011158
4417.90223720346,4223.57135537457,5855.90920034335,-1882.62759643917
5215.58206446763,-764.019852135816,-4672.61390154334,3582.96903799105
-4144.10469038149,-1477.22153731952,1427.48949828951,5654.16618588526
-6154.14895572534,-398.338502667614,5471.34209379693,170.93934474094
-794.033364420352,-5809.03057589325,2600.69068208654,5337.19136251033
-4268.30670284326,1645.10606184875,4865.29834944998,-3905.30956823792
-5806.17077312461,-2399.18327138936,-2720.55747615481,5318.03172449018
5339.97790831503,137,-1912.70044030076,-4559.46463555301
-2983.78011683558,-2938.14403686104,-4026.11358114636,5849.06498099332
-4827.76277929042,-469.975500431592,6245.31959899991,-1664.03222349659
5442.42463459196,2247.52225860178,205.794158935547,-5654.49714428465
5475,4881,2144.12090673815,5732.03018095117
-4675.09779908663,-2564.43720189764,-1120.45543541403,-5674.78423616109
3637.2680481304,2978.11000268227,2129.67332121896,-6444.3462423151
-4419.21043492117,-4470.35079194413,5518,3358
-262.758210850587,-4555.91907865512,2593.57932033054,-4398.87296105029
4946.60896104538,1056.13679800119,1630.38490486145,5898.30598455024
-915.585937696935,5033.30433799786,4683.71103940911,-2369.89946112102
-5344.86876298888,45.3968192397207,-4399.99897139452,5302.03485424784
-3025.4518342676,-4923.84077024034,-1182.64588447204,8909.53157490407
3163.39749459256,-5508.10421185415,3931.83872579076,-5005.25569955946
-4577.22285336671,2906.54238698753,6610.98587403226,-117.755293596492
3398.97955321907,-4285.70341471085,-483.469030695062,-5593.78381732216
7426.18087834862,873.264909510425,NaN,NaN
-3556.35265793528,2733.17059566524,-5638.17651391613,1428.89400844887
2500.72661519826,4144.67816802685,2019.78464341677,5732.04876343919
-3629.95128962958,-5885.95266659011,-258.454484897499,-6522.43830100329
4172.25629951379,-4010.04802507002,4185.973228906,-3513.32333111709
-4333.66081266583,-1331.68603377952,4839.16654337932,-5257.05988817646
4342.698695375,-2928.79000476127,-3466,-4387
1000.36117159292,5816.00385787058,753.985537109375,-5094.37381476354
4123.11033212679,721.96586334298,-3097.31980559901,6085.42737509617
2380.80930710382,4459.28027551953,-2008.73086139759,-5497.01666388315
3097.72507859508,5218.49345536748,-6268.8256171394,-311.91227165671
5352.21365320006,-596.300782507793,-3374.10969654843,-4185.87838015158
-4906.75805684328,-1390.9211932157,-5230.77468366741,2552.66581430291
2017.46655989086,5035.75447728596,-6007.82467187137,-2130.00038765491
1417.45564332262,4998.73346432033,161.838009295925,6148.46140438767
6764.28519837367,-600.172960058272,-6101.9319393503,-427.602215059636
920.74722700619,5537.46977752552,-4817.57981667656,4587.2918894475
-930.287906882643,-4832.45034136789,-3142.88875668147,5832.59516894026
2990.37322902546,4022.32630193481,5360.86305117389,854.398945058105
-4245.7929644391,897.434092380447,-5807.61201330901,-376.747741699219
-535,5883,4625.57864068657,-4556.88412355548
459.382913502671,-5557.14945902978,6090.24669888656,-1541.98173727811
-1008.88570031833,4450.15232234948,-3325.18778773889,-4669.23515987172
5376.97455554543,-275.635648126472,-4398.386881505,4251.56096495681
1389.53866998743,6336.41275620614,5949.10858350014,1223.60565429516
4833.12286030935,527.436749679252,-6372.239232117,1235.59079967974
259.814094532174,5328.01560949898,6444.16200331075,-1472.44425068927
3083.32415326621,-2760.24824988717,-4589.3901425603,4909.66569546122
-419.835260717992,-5490.71218871211,-2489.20258540071,3993.37466992973
6306.51818190499,10.7742117928143,-6222.07589837266,-1731.22243140645
2634.98092811017,-4015.0953916548,-5481.87954908988,-4633.13581302413
598.395311645225,5010.03125996383,-5256.29914232152,1231.63518554321
2068.15447022593,-4211.28088656773,-2097.89191112218,4936.98131785094
-1953.49454564436,-3869.15142751771,4167.65549757612,-3388.11100327161
-370.33348113555,4791.190430059,5884.79807905516,-1374.01578464123
4603.26039422874,2365.51173184358,-5241.58785913707,-1353.10579584686
4811.48889088573,1929.06700587509,2851.1555201489,5000.73128049832
3017.47753406871,-5206.37056850678,-2734.17853961336,-4473.14917670303
-3425.26516047193,-3808.36607934975,-143.947686017018,-6964.28761759521
-5380.07254895408,1584.92223474801,-3291.48877920254,5943.77129856516
-4312.85418247409,1522.1043893266,943.145235079362,5666.4376216109
-3510.14430121259,-2666.3332529121,3599.27227737731,-8185.62147642306
-2786.24457013962,-5155.61683630387,2915.98391150958,4719.41749774884
5209.19529439067,1476.89614292468,5664.11684414019,1663.17361534308
3574.33901613424,-1903.35208738128,1324.12208084435,6371.56369766571
243.873794555664,-4883.86687770197,-2023.49400854449,4251.07996821286
4400.53846629157,3375.23693669792,4042.02600132247,4367.30676028868
-3957.42394605147,2419.23368279254,6022.24767893122,3730.1171354359
1475.15943120006,5015.34928044914,-5535.26169924684,-64.9124586814958
1682.01178779986,-4922.80041634439,-2453.67808326545,4761.2748326381
4157.01555588333,-2742.12547090059,1953.03824684423,5450.90843812112
4239.91389301355,2722.74135654148,-360.050783167516,-6438.95266470166
-1998.41971535975,4547.90429078925,2030.22549292332,5722.45793946892
-956.554216169354,-4641.2882327552,6367.59827468531,-1468.91861393698
-869.81080975323,4645.96877049036,7110.9461208791,5339.08721938775
5851.09474951118,-1167.87824275511,5732.21773847561,-800.88966410604
-704.15533831941,4422.00788681346,-5325.66393800871,-3476.99273881207
-4366.53998018113,2226.51120835739,2770.17901561958,5319.77681238511
-1604.93397243143,5125.96554353599,6155.13287096133,-1394.80312051804
5386.26945121331,-1090.70787422123,-6306,1751
-1772.73958048603,-4950.60119637435,5547.06887967219,1596.70154864191
-5201.85902357854,1544.37533900018,5312.38375114534,4492.38339986891
-5112.3924740046,731.711969986297,-6412.92231036013,-2857.6194584752
1251.24096133288,5385.89526423577,2595.95549830414,4840.23272360936
-5717.2481530229,1616.31976297903,6262,653
4596.03965887405,1346.17937498619,-4965.17701018462,2661.56177392353
1050.5020718232,-5470.850834233,2100.8708963166,-6031.69671936035
5454.42938741883,-1254.2695479142,4781.40528220967,2518.61029483912
-4321.32148753769,3107.03689505565,623.520859700803,5460.4592694397
-1453.08563659166,-5831.31105524209,2778.62191549879,-5524.77287618297
-5656.28517632159,-17.9916778564453,-5660.51006738376,-629.331275628538
1836.1985543671,-4402.28611843599,2779,5144
-2653.13623596248,-3697.59891064572,5250.06665590261,-1510.52545301242
-4706.59159279609,2480.93646546256,6046.77372156867,1176.71484985352
4329.77828902536,-2046.31253399944,-6082.67641143003,-141.335315452515
3695.05681880357,-3071.20677116567,-197.413050588501,-6234.74226390634
-480.510040283203,4781.72907080096,2064.06333275005,-4266.14558592621
-4048.54018205088,-4601.99038298869,4878.04412119749,-650.638308902843
-4352.25497071625,2661.14723499933,2821.09083174776,-5282.45442555078
3886.23179454921,2356.78372433468,-2526.79940398393,-4903.38341278549
-2774.66671225611,-4903.86526760006,NaN,NaN
-1350.94372271744,4340.3145411191,-6078.68483334011,-618.714928420093
5550.54999566147,2755.85746948265,-4373.67045529158,3623.93099638661
-2011.60862610503,4392.53499786361,-6538.74066253687,332.02567532359
-1537.3450700878,3841.58028975044,6188.88940982235,843.336110151934
-3875.3668016708,2839.6354135564,6130.4529302304,2839.13089582781
4774.25666747366,-3312.74918774929,2434.70457560074,-4702.39621761871
1669.78595759951,-4375.75761596154,5790.57606837652,-1912.50801698795
-1524.26786672352,4554.86913239798,-5822.46434675989,-3819.02602086585
4796.05615738291,1697.4036879533,5360.73039490806,4425.26009287913
-1295.01207255056,4136.75867567958,-3526.36856617647,-6886.03135846348
7219.58629716166,-93.9576475490439,5476.57509393923,260.124279811751
-200.26114654541,-4921.80313507636,5115.53652673066,5008.79749008089
320.063187562114,-4888.70212486264,-5072.07400429107,-3573.1202803815
1035.84810187757,4955.97513137044,1896.73212447821,5452.98990842657
4303.9565223145,3425.23650809399,-4158.4143935196,3596.00156502934
7225.90295172479,-2213.2425197146,NaN,NaN
-6416.20226137876,1850.24274592893,1420.98072750468,-5476.84774684443
4682.89110454213,-1455.30165786185,5189.97106164938,3920.45793862244
5690.24234852072,-1318.86052274624,-5245.28615174808,-3727.28379608294
3656.90964821727,3080.00705190788,6579.35332178324,-2507.84551163443
-4250.27063424714,-2775.67236662107,129.180420353982,-5960.90792670814
4834.64900523903,3063.4008704572,-6615.47350036816,725.830545620102
-5363.95568912613,-1273.23018495488,5604.49541844122,-1785.41209089742
-2695.93112860698,-4345.83858811433,5359.31532820612,-3669.90918060482
-5417.58508320637,1528.60897540872,-6152.03253078326,-130.532877522595
4654.06225142454,4845.69199129977,6007.33182171115,754.5
-5340.50704084843,2401.79795433747,-3505.20852091657,-4776.01346393081
4491.01011027289,-4899.7935261167,4790.78743761254,-2348.73638721886
3370.44731585014,4071.06181364089,6482.99182944209,2034.49497156041
4306.88619630386,-5984.30464621856,5707.99847803235,-1587.49650169748
5275.82965756097,3150.91461258695,6127.87173346759,2770.97700520399
-4823.12767795139,-1929.22368421053,-1084.43659004368,6329.77236257352
4718.48859606957,-3088.28312118867,-4478.98576675869,3821.90332257601
-2469.41437717612,-4413.05391315488,73.0006680488586,-6073.5617792578
-765.639136539143,5745.78407524267,-5223.96216891897,2874.53089435807
-1226.26163594393,5155.77257451982,6909.62997072671,-330.948747837472
-865.362578394373,-6275.88707063903,9.25854522053457,-6037.08849152804
-870.801692739523,5502.13933841073,-211.143108330151,-6647.96424484367
-4620.3414228259,-2729.88200086682,42.7652059582246,-6044.34518402148
-5587.44806479651,-2795.13599657301,-4790.62055878761,-4176.51189706742
461.107954545455,-6336.24782692951,-5598.34158049327,-3926.33916909384
-5043.46323312919,-725.523163852313,2227.93561016407,5218.40563856703
-1479.45709205663,-5398.06739275551,4885.61668328909,-5634.86043453648
-5449.6536705041,-1110.07279153553,3570.25563561584,5323.33149166826
-216.381738965265,5548.97186745181,4548.64434610921,-4789.63340863532
-4820.32216832111,-3923.00847748584,-6457.24909272396,-994.378993814642
637.97686387076,5257.9939114747,-6021.34842909797,1262.85886289937
1190.29620541406,-5579.57922876319,-5653.90691269149,-2162.96672075214
3831.70558065154,-4633.98202677224,6498.50922638155,-145.254518072289
-3888.91409318702,4712.22791250389,5675.44944717479,1665.3630051538
5310.41402434832,185.285894800954,5133.00358834207,-5784.818954559
2517.63920101231,5430.72615605146,-1407.81617075602,5758.24017819482
4745.54126003693,4891.81239549798,-6173.49681074312,2043.88743090296
-5473.89783355968,-2196.36409925861,-6217.4350452983,47.1591942607861
2643.87194675589,-5172.64060329861,-5286.72667266925,1835.09732162849
3855.91444143389,3969.90280639589,-5519.77985620779,3443.90927780824
6130.68445264366,-429.01865096831,-4647.91599774091,-4589.87648657142
4791.41763176896,3633.53747604741,2059.33978633802,4970.58688429934
5531.40078655903,-1254.09283594032,5179.32403344104,-4166.53085698683
-5026.61448662095,-1207.9565385949,2375.8717182083,-5525.14276637099
1851.91326786471,-4856.64559175458,-481.890129573171,6379.95933821514
2300.91214620656,-4311.0882592322,2238.61059222653,5283.11359947883
1817.06897953213,5876.67084686848,-3987.79521737308,-4969.09682765382
1856.87405448556,-5167.83713450986,-5725.0699222981,-865.905603788019
1757.03604979807,5140.22922583992,2690.71561206785,-5612.80209151376
3828.31666996441,3714.43788907629,-6526.45583183248,-880.76436074932
-20.2358841976877,5881.99106869052,2688.35725448093,-6138.68453116468
-5766.53870974139,119.568434884568,4808.68638928964,-3569.10968883838
1741.03286141257,6384.61275708057,-4988.18923808432,3630.56730165672
4485.05958655199,-3458.07861024663,2202.43145262968,-5140.73772674557
-3150.65526653835,4897.05191594045,6041.25005608701,1488.05380577203
5425.51707865889,-716.883877840909,1062.86074389952,-6628.25379724466
-5050.32195031907,2189.37650365593,-2870.85540894161,-5482.43484548277
2827.56607089695,-3944.25611414089,6726.49019376,-514.680755179935
-2982.16312167362,-4835.57666054735,5031.72943711843,-2639.34616244458
-5715.79101226463,542.794974252687,3567.31011024508,-5420.59906264076
5916.75090734082,3237.3844743443,-1567.1965476088,7371.73404390353
2774.38061614831,-3029.22115828133,5078.674258814,-2177.62198252015
5087.57168299703,-3082.55525454156,-3126.5068849974,5238.86898411672
-4565.16930416867,-514.754117764989,1489.48270592742,6098.26641422277
2702.04562125632,4675.48964517225,4326.95445522868,-2894.6297093008
3539.40264157297,3125.68284852152,5879.40888214384,256.821284889003
4455.92987710162,2453.55236555126,-2227.1511204234,-4904.61966400376
6453.97082170021,120.719886909097,-4054.44185497145,-3267.70101025492
1694.9464697308,-3986.10744131678,-6130.25387500635,-1907.86594496696
-4239.12697451831,3380.03856116632,-3605.27825159951,5647.00882347357
-2349.50937119215,-4584.37313346892,979.637986502284,-6284.02523137847
2164.11226757842,4953.32041717368,-3315.24481980504,4508.06263869732
5215.73298423407,-1852.47467631931,-6217.82089450081,1951.38405643823
-1675.79972115326,4043.7048835066,-5664.5567090963,-2785.03314099673
1156.01606252714,-4333.05749552942,1895.59329667676,5915.50338477025
-5495.75182586442,3227.35858168836,4769.36820072246,3465.95484108145
974.590580613177,5158.80713935449,-4696.96457254593,-3488.73978864093
-5075.68926770919,-1935.00290900357,3663.7406449248,4192.16166842526
2470.46013354591,4493.76708737506,-5382.29990134599,3742.59574740451
3176.95253939858,-3636.50729286038,4803.47367266478,-1391.57213895321
4043.97776263339,-2812.40743757321,5058.1439545128,-2249.55240277777
-5421.7259599237,-2785.26077761775,4537.60826610791,-2326.16629158137
-3954.26502362524,4396.4275291768,1553.60337852242,-5066.16777406991
-4446.50135461891,-3224.06892277139,5930.38805377121,-899.46318791182
-2319.45615759981,3455.32561663969,-6454.60419975233,-2126.53440930006
-5051.85792230427,358.109228271393,-1925.75703720203,-4758.03856345571
-3932.90431999948,-1255.01024934696,-2094.47775395123,6746.76829569563
1397.13972403897,-3874.50514287704,3727.89379724407,5838.43375670461
-4116.82247119195,-1278.73130121124,-4386.54033983193,-1642.13048218525
4290.79070382205,3924.71704062871,-3005.06603777124,-3970.56275961855
-987.968442281087,4678.40966470915,5462.95188997259,-2768.66920875873
-4844.76024252136,1241.50610670106,3997.95917634948,-4818.4743572826
5533.17668609146,-540.732978820801,5560,4100
5071.33699278012,-2332.52604401582,4811.54310640661,-3019.04836593349
-4878.74390644676,-1616.81630864985,-4982.07006560436,3028.15909055449
-5683.33810611382,1242.55300422729,371.931352091048,-5525.76358109958
832.041534423828,5329.52860392228,5196.71181001063,2974.29999704085
4858.86824450633,-3343.60340433605,6106.51860549133,-1183.13990501772
1940.40468688342,4544.75550311735,1229.9082119425,-6632.90611595862
3093.64057565157,4125.25006536926,-3850.93292160458,-4599.3088118893
3636.98313224387,-3021.83172724186,5009.0834483004,-2288.33290773511
2313.74218519686,4914.45098483946,5649.7022707095,1896.98792499926
4650.67035139081,1718.9502199815,-3540.69793286574,-3976.50961994821
-1089.28299168707,3536.36323643045,-4464.33086792421,-6896.70902211499
2495.86026000977,-6328.33680749052,6064.39342167942,5002.2027846718
-2229.94158621809,-4294.88844149863,5191.38997143733,-1198.57149579341
452.312543550811,5028.49214760669,318.249519348145,-6987.74687518909
-5917.74517610501,-167.097114562988,5433.91372037021,-4057.27799225615
2954.60140360404,-3270.98549224782,-2070.15987018943,-5866.07876639153
1724.95379406893,5214.50983826188,5290.66550686754,50.4015041090968
4301.52727589214,-2982.03045253905,-1993.27141830741,-3973.45620097175
4144.74443803539,-1784.87892974531,-1461.76262266127,-5302.66622532046
5507.68983654675,-2900.43056706609,-2359.78533866307,6233.98707723788
-220.237129211426,5174.77748438571,3028.19974042355,-6576.57399657853
-3591.47341475917,3426.76535135802,-5832.42581335297,-5180.45796613036
-180.857406616211,-4535.4499635373,-2053.95303347858,6714.64636741195
993.004970919847,4678.01151745499,6047.72636695403,-733.270163512309
536.411071777344,5945.83078151466,5635.39819030585,2366.9950370157
-4580.33764542418,3205.29282246364,2713.08874713578,4313.34657429918
5534.71287748636,-838.2890625,-2958.49170650653,4855.50206756788
-175.725668858314,6059.86938975278,5526.29746944951,-1030.62790493404
-4751.49572704193,-602.162559509277,6200.17634652154,-3063.64037215296
2951.53959782691,-4786.47488838168,4597.11033436674,-3122.22186047953
5121.35433203162,488.214102462683,1755.90424676034,6042.53818272113
4564.52240181275,675.882534824951,5019.29774167259,-6087.65260903975
5408.28817464822,-1792.61767795354,-5604.63570623527,-2257.68612277346
-4484.01289415485,-4404.38581485976,4522.88784611971,-2623.73859182238
-3563.56830878663,4765.33353365942,939.530731682522,-5526.9838078437
-4962.15339468021,-696.892162611604,-90.8936919761273,-6051.17684946662
2362.45865897988,3670.8672075173,-1669.69814554639,6408.56876623308
-2746.16081042501,4432.88516942846,-4733.60640538308,-5234.65026466046
-2781.75535659916,2970.94710742553,5731.9064601387,5288.96606340344
-2366.93740839901,-3796.06100232784,928.141313084291,6539.13637956846
-2220,4853,5957.22088268526,3879.02056117809
3974.39137929367,-57.2517087173772,6190.11969817662,1453.67835654749
5756.51198598501,-731.614631845098,4354.24291841508,-4774.04671099985
1920.55168821275,-3267.5974123224,6670.63391529331,1185.99540055927
-2921.28004044321,4028.1484420938,6461.56769596737,446.809461593628
-4536.3443048775,3108.86303826674,-5123.29745904106,4726.90982933142
4979.628906133,1500.42671809896,1596.01104861881,-6613.49318792937
-3986.65265525358,-1350.07250596524,-4805.41986126211,6043.68046050539
3381.12107765766,-3946.79764979298,1947.0296991742,4791.51927732539
648.475912927839,4933.52602644523,-2839.33906174525,4347.09040988354
-4229.56553653234,-2367.29716501644,4237.27217152488,-5244.84665111238
5719.66392646758,1784.44314659753,5010.20091764362,922.655349776456
3752.36216470582,2205.98124374647,-3722.35944634538,5721.29317611006
3326.21413330492,-3899.03547048233,5161.35860753784,-2494.42383817417
3882.38851329826,-4300.63223641672,5518.37993221425,-1864.22126829173
1433.2919862722,-5095.39944213061,863.568789014629,-5516.72502913081
5015.9023074037,233.837024236099,-2557.52739843375,-5465.72925851236
4711.53783047304,-3008.32754040924,4484.8118975246,-5654.09855778606
-2081.81265097848,3343.64558977829,5646.16789074943,7055.44288514489
-5763,-3122,4489.00143963429,-2415.43232734985
3140.3684626751,-3326.99256364478,5758.27872683558,-1064.0050863797
4282.36650363689,-3153.0163813753,-5150.68574142024,5024.22809935067
-4779.26908588098,709.280863415373,-2718.03830281136,-5331.11785041931
48.4652142820105,5058.99883189021,3775.75659147293,-6022.32526027825
360.683527053178,4580.42114963297,2762.1563863739,-6586.63704317228
-1136.46911182643,-5137.49506188746,498.953486491724,5521.57303551894
1734.14410603431,5466.08389293627,-532.175621916118,6114.20297780368
-4828.37306770517,2722.19528633322,3661.23514552443,-4813.64632337682
-3771.93333883055,-1899.40089268221,-3010.40107345405,5957.15087391104
4910.24683568203,3470.46650747189,-5054.4027561407,-1327.66896524235
371.586174180551,-5271.67184814386,4601.1573524273,-2792.25540833535
4258.81798119279,-1470.92095488357,-5893.30901317883,714.965189331617
-4966.68034539857,2970.77702704841,4058.36321788944,-4184.28312985951
-4386.59558126126,-2615.08931103103,3056.60383161536,4161.58243382649
-4981.8030796176,3263.92591884372,3792.00677529006,-4355.27296288407
4602.93208530971,1589.00662150669,5697.20329037463,-2815.49625859491
-4428.84067725291,1670.52824506604,-2594.82405256297,-5512.94194415941
-3887.581668468,-3607.54070434205,-2001.21299668418,6259.90088411979
-3647.44508160478,3858.90893423962,-2404.38112384027,5273.62039319969
-4850.81064468704,-728.772515467194,5072.42839311581,-3276.34945751965
2459.11254256291,-3918.26570984163,-3214.97846144585,3984.17050459216
-5020.76543419992,1508.2613622607,6000.19146662944,-1053.35414473148
1837.7857893702,5872.91844125016,5380.19246587427,2882.55577374178
-83.9821900121027,-4663.93956286017,-5910.45090320743,2839.50595065372
-4260.87583781611,-3265.77559047847,-5788.5028070651,-2295.98577663728
973.360076059124,-4426.59726773918,1134.16196107365,7111.38552018477
4078.31192648625,4214.49028664776,-5177.10472074468,-4236.33199812648
1822.75301485283,-5007.03647451278,5872.46552279386,1916.13258437328
-2100.1662902832,5875.20088682462,-5919.73693405419,-23.5205683703804
-5432.60210988817,-1814.07109723492,5735.58253104901,359.797376383906
6121.09368956732,-357.758850097656,5689.81412314791,4849.39664815562
-4840.11373419445,2188.97519868577,-1855.60467088696,6239.07042696941
3793.27097734599,3171.9123698512,-730.79001923382,6957.55342800745
-2222.60672207371,4100.90616990596,-1445.6635803783,-5648.39075987489
3343.31450433396,-4307.99966830504,-5564.59846727598,-2360.0606154426
-6802.64697721483,-1033.38267313124,-1241.08713887727,7216.77790885906
-5130.229692449,-1361.55557314387,6199.42781957062,2230.31468301456
-5054.19813008988,2836.53809566225,-2819.86632658306,-4898.81563654468
3893.56107684868,2933.77230337764,-5339.89159749498,1995.72129182703
255.706229506321,5919.1603405251,3658.10863148575,5552.18512948243
-4601.75765729019,4065.9915619157,780.401040335682,-5223.66643132173
-1016.67326438886,-5210.53494936736,1506.15773905116,-5810.9624362364
-4300.30264111334,2646.26142446535,-5454.67743366281,-2039.18578142814
-2799.08740099229,3493.43034239147,-6079.74059652861,-2087.98223134794
-5208.11994120586,-72.0295396692613,5826.75603171906,760.208625793457
-924.964567657946,-5036.49874867361,-721.100611657555,6725.68943234824
1438.89142838572,4801.25369138778,4086.99773121415,5143.58639705097
-433.883959739996,5254.56471258722,-1271.39492370035,5784.86097615878
-650.089296684879,-5265.25123206175,4441.64523547252,-1905.28856574951
4123.04966140188,2090.39714367064,-4320.18669535493,5993.04911228443
-4839.74584489414,1682.90584961985,3643.36646745148,-5028.42276961477
2588.63237171621,-3730.28276261685,-1968.38677522883,-5448.43492727244
-2302.78919589589,-4744.95464352244,-6042.36935630759,2887.13742866739
3822.63680979287,1882.39611837364,-6159.44678420996,2607.9130747134
5021.99582724606,1819.70890270502,4807.07025004666,3961.36794354839
1126.19747506342,5508.52721575483,5938.50096908567,1091.03397198043
4106.16725817463,4377.50397358354,-5206.8629693592,-681.119866875917
1643.67770331909,-5096.15241427399,-5177.78489480538,-5009.68128850364
-874.405441446902,-5179.75785819843,1619.38542199298,5977.66203752581
-4411.34383363955,-1426.3125,-208.025129287573,6023.92627114872
-879.28495872033,4716.69519535569,-2294.26987104526,-5458.83470156877
5065,-808,-2159.06142645799,-5280.13320730798
-4987.20001239936,397.782610357184,-1923.6189362864,-5748.06533744586
-195.802838171314,6040.4356618141,-5011,-3098
5121.54087296715,1477.83457865059,1446.00915404468,5669.75242781583
1780.76372784086,-4895.537937371,4886.59777180799,-2607.36895678951
4660.81728250837,-873.161407470703,5098.84649156269,4061.78790282068
4518.98905781284,-2712.92148752185,7002.95086686218,100.384494123788
-5158.79970744372,-1001.30407911317,5965,3598
2970.32246226262,-3813.64227836125,6027.64274585261,1179.74082445191
-3948.89128318887,-3270.15436109962,-5986.17371253442,-3102.38409725691
2006.68499129054,-4451.08937986127,-793.377775923454,5016.7253472201
-5076.91630691483,-3343.61937419126,3396.07716881382,-4801.50323004629
-4533.58323854411,-960.220515964039,-6107.3316510349,1064.01361656082
-380.168910919157,5733.55068004719,3320.28375417168,5098.46771718144
-1878.41968787993,-4609.5996699262,5042.0387403813,5150.70596928643
3510.35681215471,2441.05190878601,599.455517578125,-6854.55116395001
-2381.29807709288,3520.5672215425,-6735.18783988567,-749.116331121954
3734.07185573506,2247.88853656815,5993.70031649861,-3282.22988994167
464.224791061047,5529.66341206129,-3635.63504383811,-4402.57156853649
6014.601555095,-2322.40718689966,-5765.68908569998,1026.22697400711
2824.90644565481,-4693.68837993881,-5482.07049391005,-6190.99299752303
4090.87578781093,2126.06346493594,23.2901269816893,-5735.9320930555
971.924299730377,-4043.86127758212,5594.16619183286,-798.383496649018
-2267.77101631245,4389.34706573646,-1363,-5761
-3945.96239213805,-2067.66958047406,-6147.76772411102,1623.54228815648
855.609828115564,4850.40971646354,4508.89857797519,4119.71614273624
-4442.66089896123,3663.89967920168,-5864.93442861619,-904.363412566119
-5348.56777631117,2641.83352445954,1068.92077160933,-5535.00608894846
-3033.40566187847,-2746.65620896623,4789.10413446127,-4122.13558552817
5079.32077543939,-2360.747156731,-4003.35040035253,-4599.4693206993
3331.72248839729,-3075.5225349595,-2284.44390706427,-5166.12056446087
-4292.86615098214,1889.76866877308,-1953.51511851383,-5622.03879623395
-1991.47601718335,3842.8761412755,8949.90060992579,718.321116479901
-4482.74330490981,2367.56549381985,5265.69298792559,-2657.88137844876
-3213.24448429986,-6122.27691248565,88.1424388555091,5926.93149939767
-4089.16567231376,1766.48471382596,-176.31339464335,-5491.04765813088
-961.382486885686,-5483.50705830672,3181.01817161928,5520.86592566016
-3342.13149181812,-3205.00044408215,3770.07240543124,4942.71366661688
4983.35871057031,151.234274471507,5784.50392704609,-2647.25750852947
3906.66653820945,2361.502085763,-3759.12336330597,5465.27044550473
4402.14719061465,-2360.60411285057,5308.64514741432,-2135.24831931772
-3614,-4660,155.320251464844,5738.66782233305
-5342.95028318611,3339.71522949123,6110.22432640854,2601.74824290245
-4662.50421842126,153.635690996724,-4872.74593765466,3064.45399452899
3466.58075954902,4596.58909272643,-4952.47695418412,4813.39244838883
6413.72338574896,-4818.28005198082,NaN,NaN
-2001.52235928542,4044.31885493207,-6035.5593303055,-1826.41371910832
-4003,2994,-2241.81944709905,4920.23590820136
4556.15829689244,2755.61802727513,-5359.06613569008,-541.083595537757
255.898766934111,4652.02817192818,-5197.99233694979,2305.38622908089
143.165203181685,5228.29574243605,-3478.60926117728,4468.23182756732
3991.39378492758,4926.98657855368,4602.52535887477,3796.64145340343
-5080.89184074297,-97.0514958979779,3318.90796580554,4412.25939434612
-3660.61077308655,2661.31826083378,6287.75173082318,-404.784526392873
-2953.55349541472,3671.55496867815,-6947.82580281815,-16.5075216207418
3992.35339048245,-3457.96659625639,-2789.2868254625,5521.47313458434
-2429.90968214909,-3552.4263154937,-1514.24602883203,6431.13107810614
-1153.54901123047,4096.24382948306,3698.56140961608,4656.15558249487
5788.25272631355,655.162708333333,-998.928082506766,-5437.36304226724
3664.24259444283,-2084.45021003936,4481.10657403005,4726.1125001667
-5180.29229452458,2105.52136028341,-5777.04221764862,1921.62245579065
-4758.1394866435,-90.0732175090253,1055.91884541324,5228.1788674372
-5020.22524735399,-1074.07677504478,5770.88815327943,655.212221157626
1066.7108290491,-5342.96311023754,2158.30795628182,-5785.79143278591
2107.21413286502,3567.88246253771,-6056.7997723736,1653.44724582958
477.652790072929,5451.02246202725,4134.23285371678,4819.50583833767
2310.4787815639,3801.52739951449,2851.56109028857,5468.33177471175
5572.02744437553,-2410.48862534376,3121.77756175433,-4784.62837532762
-2207.72625051055,3935.89718597967,1861.43023668268,5579.98395765071
892.567972999652,4705.84803894282,-3242.12569817334,-5389.79799415411
-5571.28891230457,659.024206672091,5210.54365484522,-4390.08208634167
1675.72567071463,-3944.76992787815,-5987.48873174121,-3519.50730360263
521.138026739087,5002.03355109377,-5683.47787044215,-897.668221864544
-4541.98579246136,2475.33053679614,5964.47200773855,458.860336128992
4661.28344559782,2820.61101355919,-1323.33078931823,6213.98948152953
-5472.65772544274,1849.86140197067,-2822.37641050277,5157.47321547904
4522.02036993307,-1760.37443189447,6327.10282536775,1278.59130385535
1992.75477643649,-5948.42859733991,5541.05206395041,2738.52740466888
164.676108372904,-4916.02800727914,4137.81290771615,5024.35688969387
-4508.36234768563,1276.09365512715,-3619.52335895834,-4848.51230569415
-2748.93494219832,-5528.5317494492,4934.83970503031,834.94453067395
-1299.53958292117,5321.58745259486,5828.06201950743,-224.609425
2790.61386632787,4865.21588613662,4014.40918231927,4568.68486851988
-3575.32279132466,-1616.05402952772,3877.08094486137,-5998.50349848479
4444.10814836933,3353.09938240414,-909.522771259695,-6564.65577100989
4225.88450840988,-3270.83077937553,4470.0969326101,-3688.67346082056
3469.10792454015,3203.40973022769,-4488.20405286841,2616.11374960559
3562.96043026637,5096.32105773316,-2956.31197701009,-4844.63208495125
1135.58772978576,-5167.03138180057,257.3018425698,6439.95380952122
2536.67447193305,4558.07715184779,4154.05238180584,-4108.50845913716
4544.34351880853,-1735.90931269241,4762.26004038007,4403.03730337512
-608,-5678,-5085.8548758162,3437.45260733614
5154.74419798107,-573.5018961757,6562.87916513982,-2450.29887725812
-1252.63787179577,3912.18662958266,-1579.53554101378,5174.72851951081
-4993.30797450384,2949.98247811132,56.7477722167969,-5262.11136407668
-6048.96850781484,897.213385196781,5457.37979298841,1126.23889454397
4633.19184882086,1914.07286060541,2049.44590413791,4838.63479950705
-3037.30487358377,-4666.47235492691,-4462.26899211369,-3220.91296577454
-3618.003047564,-1826.6771922392,-2852.67649234533,5782.27268452283
3819.41532269195,-3450.49366009489,-2185.67657455657,5413.30738361041
-2009.20420070198,4834.97220700537,6375.39699018021,254.390242293074
4579.15723847474,1362.47725245317,-3180.76027892874,5515.37671656813
4963.87971866644,-5400.59808853091,5876.92773800778,-2277.53053469895
5900.27975093778,1327.93915946209,5863.07354622035,172.244430923462
1699.64924032687,-4445.73801230041,-5107.27090202528,-4303.20234971351
4688.28603369731,-419.245971679688,-4657.3228902923,-4949.8134831719
1048.98447826343,4800.82948075887,-4194.28320910103,4774.82305542532
-673,4460,4826.7497991932,3564.18765194844
3942.33939538837,-2872.53060494395,5771.93747123123,-1413.58306790502
-4860.61595903047,-2448.00955423801,5173.42729486127,-1428.30808625622
2743.97027052758,-5047.2182054258,-2515.88988081664,5488.19631491125
-707.855023803782,-5614.91698739131,-1994.75562025366,6510.60805319691
4888.35464467484,3022.65162116621,-5548.12521774017,-2391.45368935301
2627.08236638421,4259.79299950787,-5580.91404296875,-1112.72416178385
-4407.14439375778,1936.16674322202,-6397.62594064086,-1278.75443835078
4878.58292531762,-1812.58063801988,630.384725729837,5466.45821116416
-5872.34862894615,625.360322741559,-5052.33048130085,2589.434076969
1309.86346659403,-4758.51239357004,6521.27784314699,-1010.10946861061
-2683.69109226619,-4217.82001690924,-5227.7452143213,-759.622728924419
-6002.51695208439,226.813537597656,-5861.00012557391,189.056928108298
-4816.12771527075,1855.76472231237,-6302.04317758629,-1918.33939128323
-1122.36013213149,4961.24385754122,-4383.24531680513,4998.21894135336
-4640.91766167499,-1661.24214903865,2615.31809399469,4022.74447312236
-2458.93237384526,4738.99241082518,-6279.87158968238,21.7828753467406
4412.66880884342,-2553.34629107111,1257.12652753323,-5403.39674878429
966.539690444967,-5750.26365754701,6014.17743488519,3772.86469599446
-765.66535991183,-4567.06202793543,309.575082574176,6274.14086642011
6135.37742311576,6278.53969650347,NaN,NaN
-4901.39881701036,1637.9288795128,190.444449428817,5266.76254387844
3100.50995595705,5291.28228484718,-4987.42621404253,783.177630372626
-5133,3342,5591.72876690474,3735.07980142566
-2829.54226302272,-4113.20260907578,5032.31334296515,1712.87933583624
-4001.44439770637,-1505.05606733177,6240.53940281569,-2743.64569350016
4821.28571428571,-776.772927135678,-5436.33648707792,-2303.14106060294
2016.30707441057,-4545.7752464508,4678.37726294985,-4153.9303298988
-732.362333168562,5154.09831713232,-5231.33787091768,3425.52308334535
4498.13147416375,2114.77573130935,-960.809690077664,-5126.23699350797
5692.87821710351,-1459.21137587751,-2147.0246619048,5610.21364684906
-3186.70858411599,-4471.69581684084,4840.45319997766,-42.1791714828269
-708.454616400231,-4917.09545279968,-1207.42705049153,-6687.32814340407
-1924,6058,-2089.57911386966,-5388.76291643019
4707.76870400189,-842.569575811408,4801.04326903571,-5351.32603003915
-3900.8293641017,3657.54690178103,4355.34931337279,-2974.07543970091
401.600952148438,4722.93781295598,-3858.78930611806,4858.15739993984
-4684.42421808089,2918.51752097818,345.774824781019,6473.47612506336
-4265.99113525128,1928.73617463583,4975.63739774445,4558.33517880383
4738.05726961384,1266.00574532689,6875,-1926
4127.29404349464,2217.45211351532,619.655639062897,6116.02560445375
931.285898720594,-5922.35570819399,5522.58273452408,1480.97494319353
-1893.40758278608,5187.21777118515,5977.71222558415,1755.22163311073
4913.21583629206,-1617.88333021562,4351.22191379569,4953.45205594419
-4690.64554927903,1922.14891722221,-2030.963809269,-4571.39484936193
3382.81430985462,2433.30611125073,73.0537879697738,-6075.97434850306
4902.08095159946,-5.54474010606752,-6452.36569160756,1162.29335887392
4503.76526894314,924.370431462041,5039.29030357713,-2692.21656176816
5065.93508088153,-1114.27156629973,-1765.31688962821,-5742.63029134096
-3245.50557320217,-3419.29377753874,6531.34077164529,-370.584906476609
-4621.74158057594,-52.7624096341843,2671.27502831383,-5538.35745462701
-3118.54018758173,-4360.91844356873,-5643.50008716214,-705.88612349894
-304.398625666469,-4401.23813571611,-771.287871717639,-5651.2745040934
-4115.09744951248,3975.67353267982,1469.42267342784,5139.26360502225
211.477880348145,4590.0961641152,5080.73354757725,-239.669175043683
-2333.28072205542,5238.03173694907,-4303.06085422247,2898.17009039346
4827.44980973214,-86.4675201272741,5552.29038004838,-2766.77140786551
-4682.47348244521,1706.37289145601,-6153.73565605051,-566.748717136647
-563.620411320455,-5777.80490601037,-250.219461328843,-6934.89358417988
3770.06988103823,-2078.36643625659,-6087.9483585036,424.779867647311
249.55551085579,-5172.68550187048,3168.04055914966,4758.01583728033
5097.73874367103,-232.986826533844,4659.18677857154,3396.12378800374
-3738.61490486318,4383.88978154292,2760.43073386156,-4506.64051761103
-581.048178846559,-6020.16827379735,-679.136211615623,-5504.23574720541
6747.24078350191,4036.47694150639,4370.1608940664,4534.06594433253
-3807.03018416528,2129.55149947913,5317.51368288661,-1718.959036997
4166.03934280926,-3300.58418433278,6587.11053108931,-1373.29224938474
2216.16459485741,-3758.60570333671,2055.26668187437,5497.08773236255
1015.27771385329,5452.16988774771,4488.06193953642,-3610.06590565612
4248.95104552125,-1041.72228679977,-1384.35464047671,-6283.53734249428
-3268.27868884492,2560.32059161706,-5185.72409786347,1893.96178860687
-4779.72918744973,-1105.74059003052,-5099.72014051693,4791.09222522071
296.380065917969,5187.99909859214,4973.59529697902,3489.32065110035
2903.79558057971,-5635.98186918159,-5457.46814229311,1502.04066224647
-3907.08890907719,-3332.8312394033,-5965.17955179781,2106.02725653143
3742.6634549208,5544.39348443668,-5257.27392496542,-430.087703724806
-2773.74907897509,-2647.93159241178,5431.17599144016,-1452.730088332
5345.48957008981,-2156.92929177216,-6121.04403970009,-2916.47117532943
5032.26169341053,2146.67974361315,4866.88093369397,2535.40001669635
4224.48665400447,3147.87129967516,1183,6402
3730.77946170149,1909.17800328199,4779.94073156231,-4472.59762598261
-3695.42891133453,-4176.61026425755,5867.07354214804,2480.39298981012
-1953.2466838086,3918.16627123945,4311.06014432989,7109.16680607755
-4764.39022432972,-1998.11377151012,4602.00078928908,1910.16888127561
-5391.64379441398,1203.27954661494,921.134216308594,-5910.87624762615
4001.29928675076,2239.63155207787,-3256.75472715727,6079.78276237793
-843.516404929529,-4943.42616711871,1104.69540906814,5919.87642387221
2189.11967421676,3732.37298749407,-4584.41366984263,5411.06031021918
1036.99072141905,-5028.77370029444,1179.07536796114,5215.15873848019
-168.518867492676,-4157.20289426349,-6538.67497613468,-37.8442948236928
-3409.67668159137,-3155.99231698075,-6060.90349070492,118.255053687165
2797.05174770179,5175.67892416083,-2331.35200599252,-5180.4096113413
-411.641430606209,-4615.34005309215,5094.43241004828,-1202.50960215052
-4001.2572737069,5897.90245863971,1491.05618586426,-4456.49238462857
-2121.09233226887,4631.70753460886,3943.86698447245,-4272.6565111115
5523.92478818124,-1608.75391957541,-4939.57217357596,-4559.37413160044
-3441.77571549126,2502.17695325886,-6388.22463073792,-190.098876953125
3218.9015129334,-2291.53780228486,1807.24627620011,5280.86549905907
689.568751947647,5111.69122085666,-5481.98131808205,432.458461429474
-590.526678751576,-5235.75601637078,-6306.69548037781,-2887.29761530215
2506.58140158875,4896.30047706783,-1309.61403917652,-5355.09049586099
4368.52836053594,2198.98630538493,1997.86721191754,5428.97643111721
-4847.42483790604,842.7805456651,-1473.04485818793,-4739.90236131606
5830.11747242308,640.698181152344,2312.17347054538,-5798.82738261312
5116.7339955167,-2053.49796455403,-4653.95608803201,-4252.43277051731
4237.99732248898,1537.03335848722,-5677.32244089064,2588.7764353628
3701.93641707921,-3521.83447180029,2801.64864201554,4507.4204460271
-4151.59337645075,-535.166218489449,-4402.0412345149,3120.53472199988
2934.71154483606,2602.36286959296,-1307.99724878834,-5900.76482731486
2925.38343927204,-3555.2106140804,5969.84227149562,4111.83423303988
-4809.62342733942,1846.0188327661,1710.34724664468,-5795.06334138913
-5988.1610180185,265.071712360435,2248.25300185063,-5691.25484751502
1684.71863671689,5946.59484665455,-508.988673717979,-6175.27615880116
-763.541253574092,5103.16227093867,-5360.84001312964,-4023.77245729234
3754.39019998392,-3215.91666300446,-2132.78943567757,-5530.92171194104
1961.88901784894,-3199.16330683686,6606.96822985158,1349.49263502455
4351.42132722726,3013.58273060977,4456.90252791128,3518.50086794281
4605.38903508924,612.075277035502,-6505.84905930014,1352.10605046579
-4034.36387553891,-677.707732035119,-1799.04958183362,6017.45275155243
-1468.19101252975,-5453.12155241127,2610.72375897607,-6547.31464615572
4155.88875448392,-2563.91605125819,4385.25393015922,4004.87550320768
-273.553423117518,5104.7093570591,-5117.56463222356,1590.25070490346
-3796,-4971,3727.5172198456,4280.77563221538
-2277.9417922185,-5593.23983297617,6.999747185369,6353.97490754286
3350.73753603025,-3065.56666915311,-1098.94574025217,-6406.28581561002
808.677286716365,-4544.28506862672,2564.47408437903,5233.39090166184
706.563376405871,5324.5744212704,4571.70261343314,-3379.29430177283
-2666.56807121442,-4672.44259168322,6138.97693040373,583.523058875132
4162.673413434,2883.86381548324,1688.98404342719,5324.98058419547
-293.171493530273,-4757.42643380539,3164.64682937117,6011.16501534182
-1792.80690881766,5168.83174649941,-4610.47599527014,-3551.04777313412
3249.58344642966,3254.50820937238,-1349.92516525494,8583.31797007615
4180.99143236731,-2555.91695452624,2884.61631234712,4079.62029569892
-2288.59395614997,-4413.69450762073,-5207.52411742094,3346.95675007088
-99.9553117130114,-5032.10449444593,6041.35703840476,-1381.03135482125
-4612.2951567816,-2419.05357037402,-5548.68168571415,-204.618438720703
-2352.07069733993,4503.00248313896,1943.27314728677,5481.52146659398
5128.05585050544,2016.40725847824,6664.80391512788,-978.851663589477
-2390.56248340946,3286.36096620658,6432.21430808941,-163.745837703992
-4331.36436186039,1221.75314948661,-1223.42990640983,6226.97707833151
4979.3766301508,-2485.20838720613,-4828.63523612326,3361.99249118965
-5265.64614360103,3209.95065769527,1719.1009653701,-4950.1864743277
2192.1205960286,-4196.92237467686,293.684132860528,5660.92280676983
-1074.50374461329,-6346.84894476555,729.723070167633,5935.23371815024
-4677.16226847851,1586.5276949343,5891.74489402709,-1975.16355079574
4342.17567257114,4961.95570868156,5691.65547263886,2284.99344351344
848.891959653461,5016.6726310268,521.371684483119,-6120.18905191556
4907.14030313627,-1708.44113480515,1705.47393124187,-5965.25918836988
-1420.82317975136,4537.72671088068,-285.296316064422,-6714.82433857939
-478.523315429688,5386.87878813205,-4543.3655542426,5093.09656178463
1664.26636509499,5308.42410668513,-3413.42447816718,-4622.94804608894
5668.01887877464,-347.246699966369,-4887.32822973078,3438.203048303
5679.55349143002,-1742.75863341361,-2289.64549849755,-4586.76768773009
4027.26575697479,4214.75615153433,5796.81881793818,-900.171521997622
2592.3870560961,-3810.71221245248,6448.35993254321,60.8772952057594
-2998.72805821823,-3911.65293421473,-5734.28737258911,-40.2178529739243
3634.43942110656,-2168.43192049559,-207.125545735253,-5788.5557030945
-4308.58263926845,-1186.66710013004,-319.186312657466,5769.47162431122
3895.36814775017,2738.8900644952,2189.85185881154,6151.72586101554
2599.23943481079,3658.63877029167,5629.59652235251,-1328.4901292569
2309.26564572515,-4349.31686518864,6213.67242603305,2734.87763688929
-123.779109589041,-5409.70971467012,4985.4232388908,3889.48056177462
-3658.25922835402,4858.75799795557,5571.84884519669,2647.85634738423
5007.93307040461,-2697.20240034767,-4424.68126837019,-3781.02064029449
1083.04579853862,-4545.35967096216,-1325.67504570588,-5321.42519360686
1695.87975068412,-3823.35258985562,5941.37562682762,2096.6678834607
-5006.50771200258,-601.542320747176,4529.26860415955,4630.73550157107
334.395569796111,-4666.54494426928,-5029,5011
4027.10770976814,520.95536891867,830.149695013244,-5932.63942258164
4215.13977363086,1769.63163170885,-5076.79676463022,-4473.14990212546
4686.11711454677,-1391.39092685902,-259.994247171373,-5104.9831822164
-5123,-2155,1616.18769628989,-8575.44426698401
3836.31861492906,-3081.26366998598,-1107.82092810954,5150.72776542879
1211.53158990467,6263.27970207714,1304.82644157333,-6314.30106347282
-3904.4407075764,-1591.38409423828,-2258.80644149147,5300.07699497923
3499.36614100491,4092.53176494375,3141.5854589191,-6290.91411835413
754.563837808408,5143.49604890784,3719.66098111416,4842.3120774818
4582.21637673818,164.673526542395,-5009.81965834315,4143.85183310666
-2463.56082496205,-4048.58515108094,1958.88920444855,-5268.7306339223
6055,383,1712.46978184034,-5695.9808830427
-1156.69739256956,-5034.05523131633,-878.237366159919,-5377.1501658622
-2920.15839975686,-4917.4428696153,-4728.16833590139,-2244.29393170145
4705.52110620604,-2798.57051785163,-2474.4188033842,-4396.17252149366
4048.83028093613,2033.41809070365,-6131.55147768903,2152.01037923278
-604.225221526527,4783.43725628419,-909.364779666138,-5843.59182555199
-4819.15652373721,2060.76216061976,4306.73383224703,5428.36825133673
1731.15726532695,4900.6985739077,932.768512038711,-5800.90194242874
-4270.6004756563,2375.22231837379,-6676.49972001114,-1633.21434565148
-4357.03360124768,-880.03287277782,-6299.92227624007,-880.813390145796
-4098.70985972998,-3783.34370518554,4344.17576516592,131.474609375
1412.54101469799,6255.38831151646,6272.82600086687,4496.95538792771
5837.78568374594,-2634.08758659469,-5429.18633012169,2464.10611154644
4920.19797753402,465.427605133057,5182.1933775507,-2948.84911520014
4941.42430276641,-1084.21935942547,-1527.85630517103,-5928.08621333775
-3124.09699374112,5100.40617605247,-5352.19578456289,-3221.9832774122
-5536.60697062616,-456.824584960938,-2869.33287459083,-5353.60072252628
2073.66890600008,2871.18206584599,-1335.52882144421,-5322.21804821106
-1214.65270233154,4255.78073747668,-3083.51324606398,-6233.45141361819
4056.40190517003,2414.11002858921,2631.96652962527,-8050.37534704013
3997.71591681229,-6055.17262610167,-7932.78738147936,-2335.35943766184
-4329.80696178911,2923.13829316714,5975.93566984675,3702.7044982851
384.892209680021,6477.29755541126,2547.38469194053,5224.9178126709
4170.86561041005,1186.53968776706,438.486562677332,-5376.83535791199
2867.54360706088,3381.81644545705,1407.32676696777,-6704.98025412197
3873.84377005237,1141.53937142582,2733.70644925246,-5193.35902677833
2556.83712034048,-4349.4243801537,3029.119003038,-5083.61847784598
-4620.23836361742,-1654.05075861871,-5301.51757553579,-1936.15830517467
-4685.52441352544,1674.7396118898,3603.57194172239,4248.40723681307
-5973.45483352937,-508.921020507812,1689.08889131424,5351.29035930608
1619.35901048685,4851.43701334816,335.650048638132,6946.09049353289
1843,5794,6169.74796982766,1621.43290053482
-4842.53297213552,-972.476954935702,-4372.14258582975,-5005.24859509156
2486.63743806328,3749.62196233358,4221.04958326507,-3886.18408669416
4325.03366815709,-2108.06696822369,-6425.3737443442,-2629.05359112116
4321.8056372557,-1857.86032923119,-5831.61630377668,2071.95088438245
-2294.17421902698,3967.83306654537,-6530.46018299674,-177.472904253389
-4751.46305021394,-659.525505194865,-5568.63458461333,2354.84629217177
5201.61286733771,1071.47838878306,-1146.76874717271,6189.95503983944
3771.94435277852,-3249.62003097694,3594.61871082215,4602.19038820208
2395,3754,-3760.91348735938,3866.46750993064
-3499.54442306163,-2319.15983689689,4272.74560805382,-5374.67804830067
-367.489658273381,4600.51166903162,-6620.69711395754,383.461443811254
-2725.96079932578,-3243.22685931939,4878.61236344016,-4029.19563203604
2270.47857948415,4616.89621487461,6156.32129765802,-790.773946295539
1378.95441332708,-4121.94446849568,-6699.42560735657,558.866253396739
-2358.54137678527,-4028.12530243281,4837.44022042155,-2757.63740962374
-420.471316048808,4410.24200577683,5812.37573082328,-304.49471472999
4699.44006484511,-1605.20602052056,2730.03266310808,-5361.20344016509
-1794.47784462061,5288.5296716128,2985.0423766088,4451.66495068518
-525.17896753441,-4808.78051398795,2385.08003344865,-5577.63298948492
-7222.27636067579,-1671.60346959187,-5523.21723784452,5961.93127026221
3321.17153016361,4263.30004215125,5063.10345355201,-2008.7812914412
6841.37139257433,-3384.54819018401,NaN,NaN
4956.7881494867,1700.43569280258,757.986618897826,5541.50352989087
2427.98974397966,3873.41340245171,1796.14065011444,-7931.35074628073
-920.149500698181,-6879.83802958906,-4060.57139877795,3346.8284051939
-3407.76915770941,-3881.74345930233,-1470.09531332549,-6034.73802576198
5244.76342532069,-1969.01267219232,1265.38370812458,-5701.36875125343
-3926.59437650873,-1716.2312747485,246.198715304736,6582.9628336382
4543.44525088382,160.19189453125,2863.81124076342,-5343.2916968156
-5339.6363198963,33.6970539060301,-172.537488619008,-5714.29357928633
998.120162762991,5355.45517615602,-4397.22608593889,2249.62667903724
1940.35220960094,4749.67019221382,5089.40279850012,2213.69528160463
-1920.76749146758,5039.56140895635,-5311.38820765293,3337.56303450033
5302.15463387869,1252.71265518621,6166.80689368222,3343.16366248623
-4332.82324223703,-3334.70654296875,506.221681179033,5721.27195362211
5276.38426614744,1870.55126684431,4125.31945188308,-4335.50926563517
-4350.51663993645,-476.250213257324,6569.8893966631,-6541.93612158064
2333.64894665957,-3463.48982048816,3335.79133470495,-4302.637416556
-5711.05098133865,156.768783569336,-3260.82310196165,4974.2821839252
3169.920816641,-4789.75680287522,-5364.76294757563,1373.48739403932
731.78999124114,-4575.17084366088,3291.53076474317,5050.07348214166
-5950.97362511006,1645.25175487401,6317,-1390
3137.78364335672,-2866.53609369489,-3429.99647674844,-5263.9257055706
-5183.34370586203,318.120201475571,6564.03613845039,-1662.97737409232
-4418.71923767005,-2788.9219404846,5698.72626438404,-2166.6937723963
511.257690429688,5317.60508664483,292,-6737
-1676.14858096894,3771.11634945939,6595.60498337914,-668.171233675373
-3854.20941557992,-3657.76814443687,6775.0783887689,1830.28384894624
-2057.50842023838,4924.96445895924,4427.19197376726,-2205.0630748462
-2134.81522506428,-5378.38321576059,3343.07763420566,4187.06746255066
3424.15482269193,5014.54105901978,-4090.86930649431,-4188.99372869938
718.938928170266,4638.16568379053,1164.81234764626,-5012.46662393089
3347.72060971929,5492.4878094837,4173.43258161144,-3994.89322094119
206.071870466023,6407.87002387344,912.856115261383,5515.53769212243
5166.6467943305,-1288.3125316644,2724,-5864
-4824.03384698878,1387.05997312149,2287.45180374521,-6126.31590478209
-4936.60497367772,1387.26021320518,-953.527257023647,5378.89402362752
5680.91195022567,318.888809204102,3488.64112271787,-5396.04343813004
-5466.6694915147,-1467.13049623683,-5795.38452187613,-3214.05326983806
3139.64251252779,3454.02516565629,-6035.27322072296,2957.01410246562
-2601.74726693362,-3786.66362432686,-5381.50352529045,1039.58755310052
-3768.17630568957,-2638.44273487023,-5199.96145956307,2050.59998195035
-4318.19838611282,3461.81024057587,-5911.58057495936,-947.15156018734
4016.20999762563,-2498.97916642091,189.271521838104,-5471.40522435763
47.8448317085217,6079.94711741144,4030.52098852515,5512.18799673249
-2934.62488424341,2560.72105265669,5754.646521366,-972.4883463231
5522.11172893212,445.577678714581,-4955.83867691305,-3295.72307592121
-4492.60505065075,-852.272727272727,-4775.54525796105,5062.56684118798
-5374.72365614939,3546.07332131874,1981.40495214006,-4366.29015800799
-846.151580810547,5252.99076000573,5379.77278137015,-292.832834095338
-5699.4625118252,-195.795166015625,255.386533665835,5521.04975751287
-2313.41229162222,-2496.82595094413,6995.64260826623,-3943.05875608149
5613.55532284163,-2691.3323799108,-622.038671875,-5270.06963272446
-2490.52605294583,-3843.8631042069,-4812.95480195911,2037.86410593391
-6295.51261884135,-1701.12367665462,-4425.13133186325,3471.4795175231
1085.82414366956,6267.57466619995,-4723.39035389531,-3410.21999824566
1509.09304766543,6439.57676748901,-1659.37584828005,5044.34864785619
-4963.44044662931,-1924.48502775413,-5713.98668325319,638.712238560611
5628.94521411858,4915.37520977891,4897.11560464992,551.925212703339
-628.155515390024,5531.03953294233,5377.5036269565,1671.36489809008
4985.76606441646,728.367515923567,-1537.04235991748,-5194.65098042418
998.470416390163,4686.50973388849,-5431.80287327388,-859.914111547507
3085.03843650569,-3417.04477436854,-6424.5281885825,-1991.81357059088
-3460.35756675096,-3448.6310732788,6587.32693551262,-1500.73401494785
-895.052360818205,5965.40629707699,787.650044462755,-5232.77024596685
2898.18591322483,3689.8979020396,-4847.13344044912,-4601.45879239333
5733.60573302897,-1461.65352926902,4466.5985550769,-4989.94452373388
1674.66184379235,-5100.04302802495,-3438.4185444124,5955.9397313928
193.009266274984,4937.07294203108,-329.733530937605,-6493.34511592794
5696.99280873701,-305.903718786486,-5587.52721785838,2485.00883767074
1820.14101777024,5278.95456713029,1143.9526874947,5855.65493096014
-5252.78523897483,208.806304431352,-5157.20180386008,-4880.81046835859
1051.65576171875,-4994.34238349169,-5129.10973267922,4822.97400974032
5942.63229994996,-2850.36278630553,1926.76177595069,-6101.9546867865
-2593.55651010704,-4476.91097106659,1939,-6307
-3475.18466611416,4967.08336951129,-6075.31759288729,-2177.99765211455
3704.90702107159,-2365.06229975789,-6514.64489064634,582.935663600775
-3329.66826154294,4050.34677097096,-6016.79894009554,262.568370801974
3097.76420705214,3077.29099478644,388.580380491632,-6798.19447559595
-4261.01162720594,-2886.18373306119,-2515.21044133477,6444.82122997375
2718.97620142243,3387.05536242334,1772.34744613386,6295.24414842475
4867.36141609199,-2950.34373283386,-5776.52057564812,-2133.22242509884
-1002.0045650883,5059.44244592547,1546.4795791875,-6456.99200430688
4684.17534447878,1806.30100845643,5045.22838368667,-5503.58912044725
1756.81358837923,-3950.87233701574,-6141.41325270716,-2928.75402321873
-4879.57707668742,1317.87585310876,5761.99361073327,-3343.88708498792
-1379.88952867629,4563.59652803227,6032.48821058403,-1796.82058940855
854.990939198816,4571.75714164712,-4933.46803925192,1669.18486488317
3015.25877576531,-4297.24166283091,-2827.89744052143,3973.94006137806
146.349497185052,-5320.39190700331,-5716.22990848657,-390.049280929565
5538.31698035617,-1461.57314880622,-4019.23690733002,-2892.25270854563
4107.0130787934,3789.35626233741,5214.10048119825,-1891.04834014424
-1648.57364453125,-5972.83008439514,4700.91148440353,3426.46555544614
-3904.04758972084,5958.62069127533,-4971.30941339073,-7066.25473866299
2072.98762213509,5657.64967812699,-933.043705885014,5685.2728858965
5530.7345766763,207.247333349458,-5771.70977002731,2332.08458702851
-4264.65732367709,-1527.7278235563,635.166429982047,5792.76675371671
5655.9579371998,-485.903064026257,-6314.16964394906,47.241244701629
-3375.53078923424,-4147.05916213209,2645.94972136156,5004.53315978967
-3829.28362378868,2959.16258892003,20.8157542579075,-5761.14145038752
-3738.72246844158,2672.42855269401,-1888.28950510307,-4959.74022098614
-3777.99775982904,2878.31023512461,5954.84494968232,1583.45917343512
-1131.43545223622,4919.07297272526,-1072.37013602437,6353.2265360267
852.249162175931,4914.92557863144,-5806.53050727266,1946.2635776009
-3698,3715,6569.83299459804,1376.71770770733
788.284716229106,4525.11393043884,5201.57386379938,-2383.66117037448
464.769797188895,5101.50717722098,-1116.41681681011,6487.28483755191
-249.613844675035,4625.77229599346,5672.76486529481,3960.67993368112
-722,4463,-1020.40538567676,-6016.63292734297
-4966.79157456297,904.359792654,-4821.23035294903,-4592.61665465321
-3998.3069883919,-4162.47034320426,802.902620874225,8586.12506264723
-2687.30504859454,-4538.46054362395,5006.59777018769,1414.70642080407
3014.26062841501,4789.27738169167,-1169.05087241086,-8314.58753677233
-5251.31178787178,-1315.36236572266,-5635.05435640216,2926.26127557381
-5071.65000961255,-1882.17208166573,-204.13149283156,-6423.31942311228
-674.894259024581,4678.76636538826,-2852.4603896683,-5104.14580562623
-3834.39874142934,-3341.27243760431,-487.327160079549,6210.87272153412
-2178.40268394914,3788.93924691366,1578.86273300737,5670.13526315628
3542.07074838966,4245.17936842063,-4429.45819976081,-3435.79414139602
-4683.63272594271,-2367.90611115507,-4975.63107974848,-2667.79668856448
3169.36567022371,3917.2045296396,-5653.45163768305,-932.561075964639
4297.15291559637,-3022.69946490868,-6051.13917122477,-607.325134277344
-4063.5412588049,2081.52719544989,-2425.44959462729,-5148.19225741026
5410.92125121006,1580.23548116633,-4518.34549184458,-4178.14624031874
4161.686066161,2763.84937697388,-5055.1034188885,-3088.45186591693
4520.46991633899,-1482.98656042871,1150.00654690289,6029.68299699673
-52.625,5196.76886290176,-517.955643207645,-6646.21582064419
-2799.84077131184,-3639.77732595378,5003.74894365701,-3335.42499447395
-1691.24731508509,-5388.21446706884,-3892.23921970761,-4507.42517193232
-3010.01210810557,-2224.03063365734,7127.93219532824,-4123.43848952218
-4540.68235764059,3213.87385168216,1774.85824786525,4591.99757057482
3719.65275872718,-4159.78790681215,6356.51327963811,1462.76463038346
3764.31968595603,4690.22271704391,4606.42461275536,-1588.88020996967
1141.80761188306,-6366.13139013464,6600.88402488716,2485.96217958506
-4947.75496623151,2319.49512248137,-6378.22284167154,-1400.77695976976
518.433212280273,-5738.52024422401,3481.72365114935,5036.07514353132
4684.74730064651,-1598.75067918468,-6103.68349350902,-1130.82007203667
1963.23973159083,5255.13671509902,1887.91155133929,-5708.49144946547
-2369.37965410883,3694.75020713606,3353.07562634819,-5236.43455653118
4027.95007319599,-4729.57086859351,2098.7085625378,4818.79856259895
5455.40091434274,-678.569346398422,3848.82760661605,4738.93819271886
-378,5760,-5735.60446100764,1729.4076797145
2332.71862660279,4080.66050119906,-5791.98738938371,3962.63239204316
-2046.41282889725,-4930.56983410476,5835.52270733025,2923.44331728179
3531.20967236385,-3421.59081602195,2394.87283360153,-5908.83763118801
-4247.11129765916,1803.74299547308,2200.96771369456,4262.81114885111
154.946678020483,-5610.05018107118,3280.56528898706,4499.58785042181
4646.27469639349,-672.036252429692,5600.2903510481,-370.02669342316
-476.300028700142,-5950.00458924696,-1641.73425555722,-5583.12549448963
-1909.55770009625,-6638.68255099389,2516.06879289765,4926.80652857918
-736.76849584862,-5396.64064787463,4748.2437811987,4199.15452508099
2074.33586714914,6141.25331594281,4311.21046610696,-3047.6847471614
1542.65883284043,5339.88917815073,-4335.97003701921,-4800.28552998539
-1274.79020760875,4475.75591342751,-6546.04273337457,-600.487610831479
-1521.99796616145,3997.55470425932,-1858.61298175394,-6058.39538662725
-3252.61214658257,-4095.51355857529,151.536531074284,-7084.84925797031
298.891257331319,4936.36355911154,-6129.02632457856,-3597.87864528104
4582.22004259234,3595.27238131074,6056.51450888762,-168.515373339118
-2573.07436857576,-4565.35471305329,-2868.48087054516,-5742.1360642634
-4342.03524101293,1879.66306429016,-3422.58054558138,-5298.85697325279
374.100782894122,4916.13850938776,-4238.5237061987,-5024.91961506631
-4523.75540870695,1128.5020192597,5777.97085071438,-1168.54548488189
4433.94184088874,-1491.01883135823,-5821.92283835752,3081.36286984389
-4467.7948618213,-1949.21488883508,-3872.23210300626,4499.79899283319
3364.94359371493,-2894.20657856374,-3297.31654919683,-4360.2469025582
