complex_small_real,complex_small_imag,complex_large_real,complex_large_imag
-1765.41482580186,-2998.19098193663,-6470.06779785669,5823.44523901132
3050.67274393157,-1409.12104788547,-6929.34228246124,-5019.24093904748
-3197.55748861864,3020.55883769369,6172.34450931941,6357.27187684525
-2650.04390035635,2342.68570458432,-6168.99700426769,-4784.54121052036
-1618.85669011714,-3848.12398674531,-6506.9206065543,6590.04183119718
-244.319491326809,-7128.02458563991,2249.97197385946,1384.63578686021
1702.64871141332,-1807.13461498076,6499.30487925819,3251.22469756873
-176.184721679687,3161.19982572078,2005.66088349299,7207.22474199432
3430.38423282491,-275.863282118313,6731.63925537661,-2767.76996211258
1831.23380493589,3263.49507861211,-6420.5053322387,5362.10330909279
2032.98664092403,-3596.47075691219,5607.48406560385,6193.52133045823
-2082.49688809664,3110.00591626285,4944.19783890535,6467.35947991636
2485.8645472519,5961.98473814423,3054.16553798495,-1643.67866511126
2735.98591273599,-839.000376053523,-6433.16196012163,-4862.85135838316
3445.5997082206,-2430.32909637997,-5933.29839397974,-6453.15904954955
-97.5727887649211,3131.08652980028,2822.29346863156,7013.01111372369
2396.48115340839,-1570.73722734201,-6024.9912751444,-4864.1823637955
2597.65432376921,2681.99429582087,880.807868901566,-8008.24454810193
-5520.75529792502,-3264.5027583764,3826.52197886555,-2687.46326217802
1846.46529700625,3387.18992694191,3272.97673170907,-6763.89784223158
1009.97462645755,1920.68340163956,8019.54792897088,546.570675772129
2451.33011508018,5017.65958051039,-3421.57882952182,2901.12354179218
1176.35464883817,-6296.64416694858,4375.88636927023,-1386.67985468181
2189.48700974108,-1534.61468549888,6856.91728948451,3684.59520791181
438.88671875,2541.92782022665,2945.31026891383,-7308.00342828735
2253.98217887751,-2205.03884059745,6530.85080634203,3626.72759169061
-2946.85719851041,2221.45048436784,-6180.85652487632,-5914.70783131234
2201.77221733796,4045.52358957953,3334.17884711647,-6919.53845829963
-6770.46749901884,-4511.36039913155,NaN,NaN
-6754.77983209379,-2897.52394065901,5022.40577744325,-1491.73521088329
25.8767152780109,-4388.85742547116,411.853678115946,6843.8919635871
1898.91819864117,1197.49415920092,6179.83253759381,-6178.68925961389
1402.75295429223,-2261.02774810791,7419.78371094105,69.2788027447203
-5506.43271662159,-2125.43312903073,4651.76877676548,-1587.81252861607
-2433.47072230122,1621.96446223291,-6190.58385870153,-3923.00399774007
-1735.63536556593,-2610.19786107967,-6341.79374677583,4597.62407547723
-2994.32251829442,1195.66423919975,6196.23606114633,5869.84171878841
3823.88862122284,-3322.52777924967,-7817.41568592168,-841.45690884025
-216.570594594417,-4308.84438908391,1484.76097728447,7766.63849574431
1031,3625,5657.60956662769,6787.02189836549
-688.102542023775,-3552.74354767287,-4923.48012607179,6236.08105446291
1453.76658253004,2362.77313504523,-5689.7514537724,6019.17736222238
-2619.86933203093,1128.54424285889,-7527.87022224946,-755.04457960883
-1595.45004060632,5607.35932593317,-2180.19552344584,-3675.65122476443
-1426.96832748952,-2765.14644214691,4350.3452265268,-5986.10824011052
4017.3808290839,-3362.09524567714,-6621.0151544831,4276.30285029416
-3020.4325399069,2591.47537452681,-6676.27033634201,-4340.65128243412
-2140.7942406441,-2729.65436940506,-6257.37151784455,5714.41076647535
-2086.77256038196,3383.19465673122,-4366.10009127806,-6786.59971737109
-1499.6991862974,-3197.87896513143,-5827.31649542124,6201.50573965865
-2108.99856603903,3285.4715193316,-6365.12215049803,-5293.88546753928
2124.24034689372,6173.01117273117,-699.811208875287,-4835.63806320257
-1537.25001571392,-2043.72967529297,-7803.41703756278,-1734.72432294934
1658.18641422232,-7118.10127293824,2720.17306170886,3393.69588941865
1175.26103082073,1724.21858190297,4509.63008472372,-5982.16299353583
-1551.67908162666,170.69437300446,3143.97370852345,-5889.66180794808
2194.07263183594,-1808.74950245002,4048.52611519062,-6344.51659654714
4616.53317396352,-6034.53821344943,2485.17084882809,2853.35655776326
-2223.90393414368,1862.73779296875,6853.05585234451,3755.59514317282
-248.51632199951,-6572.43840480971,100.32731628418,4281.20374658542
2684.82536564135,-1568.63389780635,6584.06151017085,6234.48820127207
18.0956254676144,-1264.99791003185,6642.71503053418,3915.85581771026
1421.2137216977,1549.016053944,-4203.95086095965,6511.26143811412
2403.0752839335,-1235.96032542604,6942.73392967295,3744.59707507872
9.57985687255859,-2045.25568426085,-3747.8670178247,6772.71838907076
1713.30994504806,-560.597134564726,-6498.55559160712,-3749.05274574305
-2106.93479207357,2476.95640888635,666.05024964276,-7792.99203870097
-2554.40141846659,2008.29061846515,-5934.50821085533,-6803.25330634076
-6610.24207557307,660.002747037075,-5324.54161827754,-548.364490716527
-105.385810852051,-3862.93407945271,-52.8633090327169,-7396.44849644465
1814.29238626496,2676.7416131174,6692.68158385542,-5286.96064048476
632.941121548037,-6970.32422793621,1429.81675502232,4131.04118767676
-2769.05575803632,1754.91350195542,5884.87080041996,6023.09568972997
-898.210303364673,2977.56247986195,-5213.47029133943,7153.72423185614
1950.45264653098,5662.36864472477,4293.96140162245,-3031.00649381706
-2548.68891926004,675.038067251949,6078.73969650398,3167.06063977564
2054.86550381107,366.847290039062,4123.5534677588,-5785.87284042758
-1943.02716364179,6226.03594186538,3511.1349514988,32.08935546875
-2929.97463476362,2856.23616252077,6467.53134946786,4640.73346346693
-2205.77105357477,1999.20073687995,6339.69680167316,3686.57254110186
3553.77107633577,-2773.14584060584,4958.68807879054,6545.83233007107
-2424.01780173043,2054.18988321374,5865.39295770929,6633.45889195204
-1328.850393046,1704.52648883745,-6180.56083265006,-5024.49646097129
2184.75672214474,-1609.20090758787,4661.23746087732,6620.98791526422
-3052.94562833151,-2262.67321243792,6189.40683056988,-5239.24224600999
2234.91106514496,-2199.88210666585,5659.51576682757,5034.73071696808
-1835.40749777839,-2564.00120390277,3710.37975080514,6757.50541695706
2772.29174775922,2181.05877483444,6930.96017718335,-3444.4002283284
-2427.76263224814,2866.87294135156,-6593.39629540872,-3596.31485121927
2063.30262672244,-2521.1724272995,-5872.99873925361,-6692.39562806096
1857.76931478957,3473.09555805805,-1497.94869285056,7380.20713848643
-1893.57165510055,-6627.27296952691,307.461721206094,4663.54665830511
1450.29009295658,4205.02179760162,-1678.74962878449,7445.86349534789
-1950.95060508304,1700.98009351135,-2380.6051289823,7630.47893079014
-5013.67188595465,4525.1621699897,4889.59869596546,-875.441205890995
2320.07359055506,-543.11855613138,1116.69984417949,-7836.57388674999
-1230.68767111859,-2354.08195842173,3939.43991056328,-6831.41947712578
-812.625538597605,-1040.1270202728,3653.40110049255,-6201.63563313921
-2197.50510030602,3040.74005296884,-4982.24070618883,-6720.6952286747
-3320.00272646296,-2640.00227214355,6711.40875867634,-3907.82179773689
-273.986824035645,-3666.96802922423,2084.29853095543,-7409.18156692499
-2852.42906072553,2510.10372683368,6994.17360370362,4204.30875047226
1135.86986319909,6174.54743055358,-989.807540210325,-4085.12251720111
1242.46765951932,-7046.91307343268,-2547.09626561959,-2957.42005110135
1918.64871491168,1372.4064919236,-6018.40166044948,7087.8751398107
2316.82125528767,-883.256378695197,4117.66378840067,-6632.85981804337
319.128051757812,2510.69387724334,6442.22675847777,4844.37937262837
983.245971679688,-68.4248189216228,-6606.2217808113,-5864.69632697153
-984.791898182962,-2548.14614526574,-5640.75116467914,-5488.09351749104
-1360.51841114303,-2725.49296022001,140.097910290358,-7469.78453688715
-620.114379882812,-2768.10105728731,2931.2637062849,-7446.74245285953
-2645.39476345395,90.2422369193149,6852.94222731652,3480.0464731133
1419.87057204403,-3634.29935054001,332.584869142349,7396.00396529714
-1440.61360820051,2454.08618164062,-7531.78857752943,-906.002724605228
-315.682194973282,-1475.14585367078,-7457.29758411234,-3177.92976940189
-3268.47301917993,2078.01332709329,6386.40517625639,5663.67913516011
1949.56135029914,-619.200528805683,-7102.22732501227,-6346.43224271545
-142.1924127783,293.700622558594,6686.55147428201,3247.54504291911
1547.58725218207,-1132.05494569563,6674.64711841357,3463.77661657265
2127.91257411876,2973.02007798716,-3353.93091748258,7222.91457804315
-3308.6847294962,3695.7413670074,-6263.77903565749,-6238.76026146041
-2950.10308318666,2308.0462624707,-5824.28737372126,-5995.75730360487
2453.09742029432,2165.86420155721,-6941.60486736324,4318.37646097483
-2773.23026194853,3091.13962045848,-4514.09639190057,-6727.81338263115
4065.13988123527,-2394.95441478829,NaN,NaN
1521.77665978633,3333.31075295759,-1935.95599586451,7137.79953650974
-2095.14862575301,428.3533632455,583.781265413382,-7529.04737765594
-1725.07791947582,-1030.20468607792,2258.95918872914,-7183.98637969514
2874.74217290508,-3968.9324431941,3851.82974943904,6999.46887686119
-1392.41912841797,-3166.59905198882,-4021.56480955307,7005.84810276466
-2699.79050298623,918.518586480194,6472.55384217296,5299.32733644421
6807.45951866853,-394.281657242975,4922.88597460186,343.641981220386
1356.95100533666,2410.5118634739,-5809.68238288387,6516.34052767426
-6519.52810441242,-2384.17216711264,-4730.44240781851,2635.79189245653
-3534.36737686478,1335.18259440649,5735.50322414847,5917.93106810038
2923.2936392511,-188.361979147115,6674.90496126309,-4077.37568089277
-1087.8795897421,-2839.27523473528,986.60084453787,-7135.16385037056
-3614.08726667496,3191.25130686369,-5356.47330560895,-6465.16401656509
2107.93670156127,1052.80684961964,-7632.48813240777,-2717.98604517712
1432.8742316966,2270.73908754624,-5784.48658894232,6714.94732492461
-2628.03476712478,2245.27053231561,6055.01247287626,6265.64842734451
-3118.02760081786,-501.664001464844,-6813.77675137834,2676.98409145899
-6786.36141745311,-2117.45611494348,-2649.31732969875,4044.94018393005
160.62850189209,2563.56240913033,-6540.5558830266,-5575.81084545072
2895.54325117534,-3148.81918870283,-4690.88480613314,-6107.15884203044
-2789.99832045374,1741.82923047308,6540.31213051673,3021.51843903557
1647.92546573704,2912.22942893113,5712.573809892,-5713.00479279006
2649.74857324911,-1271.35580309965,-6518.76462955066,-6373.49570195921
-252.563893999372,3489.12914853531,4698.38105069764,6761.96360218865
-2569.47576821533,2906.95932145552,-6970,6226
3368.85151657058,-1801.83943366734,6999.43170621963,5713.13644897621
-366.091596660729,7023.44676362879,-621.663136770319,-3553.20599767919
-2232.79562725864,924.315040588379,-7545.96750818656,-8.77108966536053
-1637.84833108483,108.151560178306,-7398.175247375,406.935305098462
1472.88588088015,-2365.63924897723,-5229.72236918784,-6306.74698810203
2555.97414827739,-2481.40692171479,-4963.86561255145,-6547.85004578028
-2036.94500673458,1830.54399834285,-6941.99199530977,-3210.65335399966
6616.77076585339,-1057.21933754523,-4372.97133674624,-1382.68402622573
2689.48704163806,-2162.52681103976,6128.75234677376,5117.44813331513
1147.18886275223,4095.3551403273,-5669.1925830979,6617.87499352723
-983.084533186566,1457.437264298,6443.70235409522,4943.99841969068
-2299.69194534501,760.731435021321,1584.67667488322,6871.80349769615
3609.9422033994,2530.44988837714,NaN,NaN
-509.630714265183,2711.99322030481,2243.48456309883,-7328.9448760083
1158.34691203885,-3521.17370163656,786.286922572123,7205.68405774929
-2452.08835526191,1685.64466274771,-6525.50768726068,-5709.85250061885
2755.65751047991,-4440.01689118105,4125.1817858772,6657.38593874245
-695.803280512613,-4095.20469096556,-3795.08463499272,-7080.61480790106
1218.50494639878,3437.29418553347,-5514.95047580683,6173.48591131069
-2693.10839785436,2296.70403122494,2005.2043204472,6943.17988161044
-2232.94131386342,-504.09765625,7705.15245218022,1868.0474276558
-469,-7229,1635.55260960086,3949.69829916012
1039.09684464336,2981.84846568741,-4695.90349332185,-5950.83702701053
1362.26628265482,-2425.44864021317,6476.81758457257,3892.69627269272
-7090.13806095293,489.699198090377,5097.82994877205,860.285714285714
1638.5160751251,3981.07974338543,2940.22971668137,-6893.40450649783
885.029695680628,-2511.15440970814,448.762215196269,5.21502685546875
901.095105120855,3830.61145593461,4492.2532770007,-7024.73593581909
509.593077704223,1880.13634705666,7899.30632835659,1395.50227596512
-6986,1886,-5039.49061937205,-677.085080053545
2536.30016491541,-1368.27813431512,-7566.11719072692,-2054.41945271974
-5911.55135949916,-3479.68905499532,NaN,NaN
802.305089796019,-5552.71989027811,2767.64717342658,3533.16117642055
-1963.77509760216,-779.084965880083,-7149.27598350284,-3313.80102325807
-7054,-327,3846.96632500801,1508.94814513001
193.794731140137,3944.49259951728,4646.1696199227,6757.25321402057
-2311.07316753811,-2202.88108501108,4800.1200423406,-6804.31458336434
-136.320007324219,6859.06038480193,2218.62775310919,2474.21030694145
-3189.3250421236,440.060893391215,7080.37319370948,-3046.70763711827
625.556879791622,2943.97666252073,4480.51206161813,6485.77831107141
-2583.41211049884,3183.4196194501,-5157.15316333687,-6537.34914511232
-2908.66815794364,1470.21589653488,-5919.35852818313,-5992.46053467827
-1845.89468457023,-3161.42221301195,-5170.69906724025,6264.43503968214
-2379.60025836449,-1479.49613089393,6737.32582087654,-5503.90088753624
-256.790364583333,7039.99978654732,-1636.01515294562,-4162.37192529424
-3674.78850324023,1913.82398742466,6848.01222981278,5689.19375016445
-1479.53551483154,241.453113868898,-2033.65975137719,7425.57575274722
-1573.39635587993,-2323.96356144432,2083.4359433871,-7458.14785704141
2846.02324304728,-1201.9667163697,7204.09058894175,2802.51263855631
-2768.09766523253,2234.79436829449,5710.92903078157,6022.69208356595
-2949.9422835355,3034.71180205419,5557.05857473617,6353.53400029561
-5860.96451128195,-888.190327897364,-1511.59602063767,-3778.87884041927
492.34220123291,-2695.94088648414,-6699.00037132664,-4162.42368572732
-1816.76637265473,-3340.35877781308,4490.31924883005,-6580.00234359482
-3224.73885571515,2336.27312678385,6856.26934744651,5850.8893370116
-2286.29230004417,-3825.32541630286,-1788.95641180903,-6968.54760027654
-2952.89561843058,-1161.76264346367,-6826.91856812801,3252.36409202782
-1908.29120424853,-2792.76574482135,-3871.11444414398,6294.33838566698
-1881.10565001521,-3159.17234985232,5788.9407464867,-6266.271306157
-2750.29403300249,-2999.67972620522,3949.28002251866,-6815.94726885128
-774.512344360352,2307.97820933998,-2994.04557034467,7344.72842415324
4442.3959248778,5298.71621944634,-599.295082150259,-4942.71320950806
-447.596693495345,-1976.81347880644,-7190.51255279955,-4922.80154644915
942.069086535224,-2833.0570815917,2298.14200148491,-7365.65883134209
6758.9290807203,1154.35309365852,1931.84654664175,-2687.53695981739
-1346.91348687534,1528.71342602651,6915.66933825689,2184.19286312641
-2240.37529651843,-3160.74629192183,2886.51632607209,-7274.6331127459
1095.3214668469,-2110.43657252299,6606.38347813901,3365.82372446682
-416.60880081422,-2448.8715264473,-7743.47731867233,-1059.77929785345
-4980.20190450951,2616.5372280166,3529.00228530814,3527.37460404116
-4076.73387336157,-6830.86931018233,NaN,NaN
2707.33394695794,-1161.51685594215,-6592.12109160457,-3482.89065866568
-1139.35922021508,-2728.78281381968,-6668.73942283414,4293.01794329584
1957.19865398873,3087.89345249313,-6035.21841592197,6381.02333831633
-1529.60162147847,-2830.41638629167,6170.12329491831,-6649.5865334358
6890.88555252983,-1130.76488115849,4356.77972864702,1700.87413056518
3418.74630586578,-2340.92947493944,-7389.30190735354,-2510.0928299834
2362.36023555305,-6014.57412619156,4884.38434062089,-2649.25149282913
3279.36104313593,2865.23165263659,-5031.84819489302,-7270.97463420169
1361.69999694824,3181.01390322427,-768.18500781444,7319.02944005418
1387.04933886359,3179.94662107335,-3785.61531568086,5902.82532474446
-608.976091471364,-2644.46352808906,-3989.61124499046,6451.57835004921
2283.02995368904,-2479.53830763637,6348.66510142508,4044.60887272623
2676.78746032715,3585.15437783143,2717.0999801019,-7288.18155656868
6460.34368079688,-2388.80233346548,-3157.14091275322,-2593.40768962923
2737.40669116353,-1905.27748406242,5793.04295807849,6102.99862996576
1272.14630540792,-6466.6298715446,-476.723009258742,-3551.95998590643
-6962.42835001382,-1027.875,5266.38009346831,139.81328410487
-401.593970711175,1827.40911671208,7337.8313951994,2590.72856497754
3697.67612189143,-4882.59040171704,-3729.55074752756,-877.797610481336
1745.24216699794,3226.71750531498,5988.34079555118,-6789.47762742461
-1040.1133123925,-2708.3295586951,-6613.99766812393,2418.43236269812
-195.329641376729,-2258.188562233,-3369.86204464042,6967.85042750505
-650.822353244779,-1432.62802866575,4069.96411391173,-6581.50268564608
-152.819858749569,6843.16795697616,-4203.51436811982,1687.7460986618
3009.52673529162,4336.41687040739,3563.62881840242,7177.25012342184
1455.14146475006,-6366.74143936934,-2484.46073744446,-3519.29000505345
2010.80481586744,2873.76132848885,6373.84187207774,-5850.27610983915
3157.53374457793,-1987.23190715861,-7011.76030533182,-3599.99857534203
-88.7613593496293,7404.11589036377,445.710452506683,-4643.55801492696
-2763.99980211436,1413.61736281379,-7292.44573090322,-5320.9647118787
2811.04454734888,-2807.21847887563,-5188.23056229633,-5043.5201624564
271.782300558045,-1963.59708108809,-3346.9760469767,6586.17845268935
-214.294772999879,-3271.16804355256,4028.91617729697,-6517.69420772472
-2337.80360012268,2884.17404838616,6797.34146275161,4227.32891046904
3387.24727959693,-1011.52324686135,7025.67574851198,4334.8495900974
-2179.10358155582,-2976.90595948977,-5864.22966624739,6423.38147951521
-1781.87806554235,-6670.1616389637,838.746179424233,4171.94193045012
-2548.25733311469,5518.24568118475,-4159.75400614651,2911.94824324639
3450.27027027027,-3294.91665348043,-4102.28984551568,-6428.65673745182
1535.86929668906,3092.17249033175,-5981.77407942328,5249.49806575901
2401.06284853936,3302.5501460644,-4055.31941837319,6307.01826520287
2662.52504156276,-1830.06115209372,6675.35907800387,-1473.5801011116
-1913.39622914728,-2665.17224011493,3193.66593830526,-6970.16787736208
1749.63592559409,-874.734603066991,-6780.13317787035,-5035.54430966692
-3097.51631578481,-2350.79743172141,-6682.19163358358,4545.66627887971
1683.91512742516,2643.51334798995,-6260.30151466018,5710.0157919782
2189,820,7287.26216358674,2203.42672505034
1897.68765885846,-2604.85803314615,-5299.97854207075,6295.12334744464
-2881.36190673287,-6207.7228411774,3095.68852364715,-2369.84979533774
-329.088560579125,3105.84690125974,3308.47539165204,-7414.9017699456
-5191.24624281373,-2271.20465436663,-4590.64352421398,1965.22626971656
2854.32320226261,-2837.91780406967,-4520.64245870174,-6668.2990461551
2423.87152228376,-1462.46969895343,6045.03772710156,4372.04684987405
3111.95352390115,2304.85696981555,6594.09096674821,-3709.46118610823
3340.48613114432,-2558.04829884202,7405.26199126431,2078.42940786899
-2660.24897950866,-2404.85878535236,188.823243425533,-7872.12362877024
-3696.94359152526,1744.39691884461,-7369.75369622712,-4848.6416103538
-187.50390989784,-7605.00681971812,3693.26248479325,-1503.56695979687
2172.58396347255,-2903.05531542849,2142.26057748808,6882.82792741375
-164.645495219413,6922.68714799718,-956.50857431163,-3777.91725779011
-2832.39278242072,209.762236771058,7074.06336783912,4162.51352064915
4926.18744006315,-2410.82836219877,-3507.9667042416,-3401.25843047081
-2959.06081767759,2004.18893578354,6480.96032678249,2934.20735986766
761.959814581398,-2923.52562676262,-4358.12408870285,-6996.630021277
2286.76651698989,-1978.25948498769,7012.1974504524,2949.59726659913
2036.67180571685,3390.76752399971,4172.53389658722,-7074.4720411346
-557.222154591181,6994.3421584427,-458.202201123508,-3984.47575503308
727.084350585938,-2935.96165018357,-2008.58281900211,7664.05208112208
3347.34631539475,-2367.04947268338,5675.61542926383,5507.71965399353
-3146.17618971605,-281.284234097129,6989.52107617379,-4604.83578131374
6326.61240200735,2088.52176496594,4464.83316789895,-2217.14293980301
2792.72581851991,1631.20391522195,6183.92617344188,-6235.17845666502
1808.92980559242,-1733.91946606011,7788.73187582179,3302.97793571007
1140.30335894039,3575.73227759829,6745.47810573277,-5017.3957122093
1109.76819147583,-2008.35901850385,-3408.3181746554,7424.7477559048
1976.05084609363,3412.99264706614,5257.38500666333,-5857.52656715805
-7874.91057194091,-8.80479031783745,-2214.31558592845,-4144.62005372954
3415.18441928705,-2154.11501686738,-7172.77440894585,-2271.60887234978
-2113.0711608023,1061.04438538897,6892.36105853636,5696.03076192036
-3851.5944193833,2008.21113265516,7245.81669201972,5070.18693137732
-3337.50357741819,3748.52800211784,-6487.28134529451,-6563.3069383711
1160.23229411199,2712.7649698684,3512.47761288371,-7340.48401093863
2330.93088110059,1622.19417774076,6269.11557800357,-6028.33199933029
2317.82561081222,2857.75033924961,-5795.06103849963,5355.03489745627
-1089.8547430667,3452.73073247652,-2199.64557901084,-7226.31511444445
-1579.0065733703,-2851.24633609463,4989.08302922295,-6010.80055480595
-3198.19665459369,1441.06989514686,6366.87827195502,5514.9683917683
2884.02398154076,-2554.1680021748,-2300.12586466143,-7005.45902910792
2030.25572120969,-2882.25066425019,4241.29855769231,6825.65429433541
-2163.28809153564,2518.2786412001,-6854.32111504463,-3233.71985952852
645,2791.16062124303,-3448.4862423362,7107.63219157529
2716.5167356175,-391.835930408472,6829.2657384607,2771.17927106279
-7173.37910685122,578.219951306503,-4298.43184495551,-1245.24373093751
-928.140701882381,-6857.01544582058,3124.21469941066,19.4235534667969
3141.26459436139,-2107.94316924517,-6007.11565725544,-6463.45299033716
-4349.50574924895,-5153.99809904151,-2506.73264539352,610.421396425491
-62.7777378640453,-3061.66415787541,6989.52769881311,-1596.62513858093
2585.56518997943,-2117.90588770773,6520.92969460746,4085.10952804056
1369.97471713737,3482.41343286014,-2824.80966495627,6850.00970208696
-1814.60398833599,-997.50676482016,5148.45178590888,-6151.80215181916
-1147.68097110314,-2907.6729849249,-5769.22167839488,5682.41225677409
3488.12996511851,2426.04480646212,-5931.96138834587,-6310.85759992224
1899.24710482303,3409.05793598659,2969.6199031944,-7130.46542192849
214.657414723256,5147.87091940113,-7356.01779380019,5220.95981798224
-885.25850296164,3662.31975512463,1812.36935166975,-7701.34300188407
1464.71007206308,3479.66172445931,4023.90501986188,-7032.97610791244
1513.40382696496,-1515.38713743003,7124.32560303087,4137.06842757306
3334.36066579767,-2461.62190192869,-6539.77142623836,-6118.77068408343
1200.34358322462,-1454.79146107456,7694.70687110313,1969.54014556417
1957.78009257582,-1709.13356803394,1171.13776615972,-7803.5134621911
-205.687629699707,-5256.96270267268,6895.65057414863,-3849.99926149067
-1259.43332672119,1541.86548969048,6447.6434534815,5814.46198643868
2115.9438765131,1295.73690288483,6415.58797333755,-5685.81213595363
2856.70430811301,-1010.6403056836,-6537.87823080362,-4454.17273395684
156.399917602539,-6628.48753265817,3420.69157691435,2784.60156536717
2319.46773431735,-1567.21623788274,-6034.96823213501,-4380.26091862364
-901.125349467914,2828.56720233286,908.208631070063,-7298.41188515928
2164.35282049752,-1620.49337871246,-5603.67890978971,-6272.71111646523
-3588.57570267585,73.0992431640625,-7521.30114893767,-1936.45992628835
-2622.49655330882,916.429382514286,7511.50348594242,3424.69206278834
-3122.92507765746,6471.63030362944,3290.22796444176,982.300399045913
253.575990760268,-4340.88328855512,2429.71245581446,7279.73610034715
-5146.49004632562,-3890.90691430287,2937.84697205502,-1552.53477207044
0.287376758664152,-7463.11026016287,-2551.74658594725,-774.913438498403
1591.73742364287,3230.84109601387,5515.49174933587,-6550.9604668501
-1268.87038444304,2440.77735867708,NaN,NaN
-3520.08407890054,325.500833272159,-2259.58542733042,-7053.26684221565
4472.31013829613,6277.73904452102,1125.87457396046,4975.82091299598
3788.45710721462,100.618406060287,7060.69109764079,-2438.25591968921
1254.9560369635,-1457.9019317627,-7085.46912819483,-2722.18300863302
2998.71736422638,-747.381990525721,6261.25330713345,-5021.54736518739
3395.55188986223,-1726.27337949832,-6393.63731891212,-3813.3942074185
340.671019322664,-3083.63923924108,3407.11605724489,6875.50059645537
1531.48994800247,-559.577843191437,-6325.43596893983,-4670.77776099157
-1046.0456823237,-6483.11985165986,-1064.98374473125,-3566.33810068806
4146.19891815766,-6982.56677041482,NaN,NaN
-2472.30414153449,-3266.6868253817,-4350.05277252093,6494.23282348335
3126.27357276741,-1671.78144592551,6590.66775979894,4447.52961555053
3475.532822423,1776.5042986467,5748.65584385627,6432.09549927161
-2620.45023368263,543.69921875,-7293.15568886297,-2590.73747871229
606.306401406565,-2169.42297630589,8082.44563970384,1456.84171742149
-667.844511494575,2065.88069993622,-5818.31603508761,-6036.11110491647
3736.45398529441,-2776.68636708182,-6697.57252242938,-5168.86884774225
-425.89764186078,2746.30169054653,6743.82419488547,-2821.41940341329
2293.94017213,-3936.425075052,7534.6050600617,-897.530164894691
-2089.36986045666,2967.72232385197,-5040.94159267781,-6276.77625877006
-1330.39187547436,1131.61075317198,6941.26809046604,3359.24386182457
2195.51463724272,50.8985886916413,6382.24161156247,3966.28964685103
3022.51234122327,-2503.6310838323,-6685.15742693748,-3912.65061964911
3305.54922865437,-2604.363916664,-5136.53319014999,-6803.20821640037
-1395.68876125036,2776.95368931531,-586.536347457173,7665.21981764757
-2745.90790013006,2230.70422253631,6957.78759734865,3719.38048357305
1897.5378288864,2357.41015059993,4892.12478306104,-6245.84192322825
6891.06940875472,-2638.22374308251,-2804.85464224533,-2468.16837600247
-1985.82357788086,1330.67080716062,-1682.92221074908,8072.89023324207
-407.37158203125,-2302.87227844392,6688.53997563379,5303.8474658278
-3341.48358320141,1627.65413070333,7288.16473666642,5629.91799356733
2502.28303011555,-2166.26044035466,-6256.09169696948,-4392.32425212596
1015.48975609103,-614.800358283811,7149.45630523298,1495.47907827432
6498.63348463004,4048.41419385301,NaN,NaN
824.671456458838,-2539.78694882454,-3501.01927059552,7024.92874173585
3404.84359257607,-1653.99303935139,6639.60264282856,5529.39781375281
-6860.07548128621,-473.209128796215,5180.88953814245,515.941772460938
3484.55291259224,-1350.86702729883,-7643.28833447608,-1994.54281800886
2831.93942149089,2954.59765139239,6878.58147232788,5916.33004235152
-2452.18292064381,676.198224096973,-6926.3389384691,-2734.98432018999
244.876388602971,-1344.65694038958,-6528.80831748561,-4846.16970859226
-7034.68696572064,-41.8462768816128,-5661.22077794065,-276.775984664385
3120.3798954765,-481.864763431545,-7042.11717413558,4505.5722238648
-3365.10353506353,1546.58147898537,6856.23715051387,6600.68185516669
2638.4186074099,685.238104535205,-5564.32848111572,4993.50546847984
-991.488764044944,3062.16901972105,6814.38086177169,-3318.7179376882
-2666.16771632678,-2608.12606898864,6574.97926170206,-4967.72395864185
-2793.48511529083,2119.11873623311,-6194.58463117386,-6377.31095965786
-2201.277274101,-1036.66118431091,3843.45659278261,-7302.89635452654
2628.30543050879,325.993426647815,-6767.51512936966,-4427.15719968231
2738,1383,5226.86183453246,-6667.34791326013
-1490.21698298059,-3773.15595368911,-112.596613551423,-7259.00420586366
-35.6128105001247,-7435.07982118081,1144.57630621693,3912.38171094813
-1867.98342622517,-6127.41758332358,-2334.94479461887,2766.02454597752
-369.845998816591,-942.270095593293,-7041.0195753887,-3802.6125238609
-138.620693196627,-7373.91909548986,2124.38452639966,3409.03402282557
700.995087164134,-2739.50085479895,-3325.73446897317,-6798.40418158873
799.993003845215,-1326.70136433729,-3242.97167725386,6409.07090061533
-2473.35801892137,-621.453591526333,7471.13239597108,2012.18036939557
-865.778375235571,-2452.72733510169,-5661.45419229568,6136.45017303302
-1192.59257351614,-2180.07603775953,-5497.11852286202,6169.00031637254
-3927.3058155979,1715.24831764107,-7968.19170419261,-3380.43007154945
7211.23914062652,-2215.28198048773,3017.40999568681,2079.16688985581
-2224.83747455902,-2906.66604894343,6512.26167083683,-5475.82511171735
-442.299836438653,-7565.0891532579,1395.84247499667,4056.65069567421
-175.637457203711,-2368.6707791422,3743.73626363594,-6262.98966207899
1572.4375,2652.22011551984,989.658588124252,-7448.48595680808
352.595089657325,6432.08833202168,806.577913851351,3459.89108949508
2729.97917339835,-1662.84601400816,-5765.17849227608,-4973.93034496443
1354.45937905098,781.294479370117,-6353.43542338247,-4487.07072961029
2817.8707231995,2655.98711801297,-3414.81656478477,6442.44248064704
1718.41213318265,2922.48936399442,-6654.74911019963,4598.75726736677
3194.97885440439,-5628.21263472899,-3320.96427952332,-1980.47507401902
-3263.15156191871,-3376.39713136225,-6566.57416196057,-6058.40469134408
-2520.75172390088,3088.39250559853,-5230.96961491399,-6283.91065407033
-2834.58510818559,-1133.57881913638,6392.1256721474,-2242.2994094122
-1439.03200406356,-2392.33030479164,-6157.59176479497,4560.57030587457
-997.853239242755,-2126.72897745524,-5193.53018157342,6232.15990829896
2678.18789650759,3013.98287612141,-1272.1811369845,-6937.0087511563
2207.40494581961,-2434.41733225087,6306.77550718339,6197.99841650189
-2988.45707606476,-5751.79371466394,1119.55202815864,4431.42378502967
1106.56171910903,-2707.51429889539,-3086.78372420324,7327.62728468616
2402.29795771432,-1371.35091406281,-6608.27075245251,-3536.2982623654
-1493.47850156163,-7073.95810545662,-681.59086634088,4586.89714253183
-2033.39225582707,6191.61534802584,3048.04962034447,3485.52513007481
467.35848232762,3399.53930853179,5199.50215740066,-6308.81711245054
2785.19648198717,-513.718401391498,-6567.05558182527,-4873.69317462228
347.455768154595,-3328.1051788635,-2834.96138267236,6714.14360762175
-3799.66801697531,2986.1731599995,4898.22758526834,6880.03415341832
2307.60654762924,-689.663269042969,-7595.09435964382,-1923.41506511581
3919.52395879925,-3465.71450985032,5728.67859101925,6677.54462500015
-3180.88878849401,1854.30311172935,6341.31599312664,4344.89148527962
1443.42932988038,3152.41091113458,-4183.41144174181,6764.39936428965
1210.79832974093,6144.23354003906,-0.906715393066406,-5113.86478569349
-2505.16031751765,1372.98884368836,7322.87262734789,59.5344841408815
-3062.77051257539,-671.777615282545,6620.25435241551,-4225.13449711708
-925.450145780474,1092.51286478599,6431.52689310264,3859.37587068826
1161.26787536378,-5189.77555613296,3149.29538982928,3349.18697480984
-83.0863004416513,-1905.9802009129,6096.07094100109,6061.70533601003
-304.020972866571,-6153.3982989289,-1205.82984767257,-5170.06740027586
-2746.75837011142,2439.2282944005,7307.98690918312,2430.49412893515
3157.23359786012,-5419.33557820487,-2982.8813204959,-1477.27951315225
1943.35853309541,2070.64059336898,6209.09380838483,-5537.14661098995
-217.201728820801,-7213.38096121038,-1942.73063555185,-3920.86773022975
-439.895912118481,-7574.83657873066,-460.513957816377,-4424.00208855319
-1525.23473022301,-2312.76353615482,-6732.22616661744,5700.21638213688
-3435.2750431936,3950.33868261783,-5819.77122944853,-6594.92068197783
4627.05269929552,-5218.36637868878,5226.07865399323,-171.1875
4142.74534563268,4342.30330882353,-3738.71737906607,3146.79553750284
2464.16380120224,-1893.37783101425,-5724.10776130091,-6091.66433733469
953.584424225565,-7059.04381517137,-2323.83776333778,-3276.58696967747
-1556.73451592609,1192.42857191298,7473.14509290083,3903.90528606354
2413.8890510262,1005.54777779766,-7640.75162897785,170.93285369873
-3067.08069258914,1682.16346985846,6247.50855102602,5088.95857940648
3107.95723268264,-1928.40396677786,6758.55211174702,4530.98012020527
853.899639946275,2274.71874192442,6526.01837680427,5438.14893606671
1354.44937912003,-3348.99857496776,1250.58419612446,-7386.94271097042
1617.28160921948,3814.86958737826,3181.19903088837,-7051.1323442193
-62.3584319343668,-7148.18560202634,1676.6176770731,3827.46059775967
-3580.29818069394,2385.4075773876,-7632.86315480874,-2647.13448409813
55.196561723829,-3199.20183114382,-4423.59906491235,-6777.0990317937
728.903730784498,-3880.06365144722,-7335.03976380374,1565.74626865672
-730.444752253589,326.252320447263,-2520.22548862742,7553.7207487005
-2828.33970707943,1820.8031571316,6691.07992574098,3691.51410302972
802.431138796979,-3537.78486722975,5325.66045160035,6157.09808462384
2633.64687930386,-3477.38481480754,4811.09757282243,6311.52127492479
-2606.75836951387,2251.64980286046,-6775.28284453063,-3346.46904931553
-904.524531345741,-3013.49703081103,-6489.77018531597,2863.79718864051
2632.03650218605,-1948.5057966113,-5744.05676353523,-4810.74279452286
6176.44248296674,4136.44258183833,-4759.62410338849,2344.71907912728
2057.89705288557,1614.662833147,-1744.76831245845,7697.41192354882
-2059.83178544967,-777.4951171875,-7453.98829550917,-3038.81506740148
2496.88879041435,4510.64719078803,2971.8369784106,7318.00731603452
2602.61730895194,-2920.68416710627,6562.12553567768,5631.65496451352
-1457.63187783907,-3138.24091772247,-3920.64513370636,6593.27997152955
-1397.29633377259,-676.359710526316,-848.008699439448,-2756.25334182197
3000.24972092687,-1372.06561058742,-6810.6772807048,-4540.40038008437
1066.73681640625,3676.68891749073,-1727.99059166146,7665.04502894273
-6082.03729703562,-4784.2389227836,5006.35601211612,-4264.8013751589
3461.756561533,3180.80633434938,82.2220264804156,7067.2147908528
-602.748928299606,-7352.65243880246,974.696408773759,3935.01314095133
2522.7531865845,-1775.43656930691,6556.62447351361,4689.50901954855
-493.718619702246,5994.05379275524,3505.96297462431,-2187.51428287099
-3431.02011510367,570.40234375,6902.85944442265,-2937.55551170111
2580.62940693061,3485.62521800965,NaN,NaN
2868.04503646246,-1665.39187777068,-6273.62746059227,-5343.68297101742
-2154.7412017554,-127.662544250488,-4504.79482163819,6680.01666435416
-3273.00317922844,2153.00458408337,-6628.2777518647,-5871.20535554604
2941.98982065531,-3340.48937467363,-7208.58121502741,2849.40624235975
-2942.98739134093,241.006309509277,-6944.27305264418,3168.70954938857
1028,2816,-3597.3308545123,7243.9559696752
1530.51398834767,-1248.06386603551,-5405.26533827819,-4077.19683215595
2618.94998127636,-1402.21253211692,-7021.94744905092,-3233.03201335076
2689.86305385704,-3018.03228414857,-6251.41089578379,-6431.95343426415
503.616514413927,-2103.6581238098,6591.71712332083,6273.13187939481
-3002.3430339358,-5335.57922010424,-2727.13417422892,1961.52284872063
2877,-2895,-6607.43771762332,-5097.86832827807
-4833.33743183787,4398.08901236477,3301.98085177855,3584.97501292761
1066.1831332154,2536.40364304475,-3200.06482121876,6981.81599890321
1767.53108000912,-2325.71350429963,-6063.58978035137,-6775.31935333056
-676.453771184394,3113.24131630895,-1071.19549875713,8009.53439857138
-1682.05093957475,-6702.06221204263,108.216685330347,-4321.02221804462
-2912.2477051588,1812.6022763226,-6451.27407573837,-5444.52433296378
-1054.40240326053,3114.60873918834,146.137288834873,7219.58279462186
-797.207693038681,3842.25266659856,2537.49472595139,6942.70522822762
-1536.98101149933,-1703.77143435087,2984.25140426807,-7251.14644350501
6163.12463666479,-4165.33213911795,3376.297403684,1903.39437628614
-843.348998044349,-2033.63163925182,-6499.75332325472,6124.07077857437
-2832.39758798278,2180.20504834601,-7224.43167497257,-4299.71081361327
1045.4381565297,-750.187980947611,-6354.063738845,-5173.13399016987
4071.03857937231,-4932.85529725155,-3107.00275141578,-1962.9528276025
609.4680690023,3151.21093355964,-2421.39267845487,7361.06308667172
474.155926683625,-6296.45927410905,-3836.65814943848,1291.75340477196
-2801.99451891227,3370.10192796558,7311.4819721154,498.175627634814
-1744.52921186808,-2455.46748435281,6325.02358064651,-5521.92254319394
-965.80997701046,-1867.27777862549,-6431.86148376729,4734.35894749673
-1113.55726759687,2605.18102384868,-5936.14335419781,-6623.05648112841
-1829.9675816084,1356.21732026144,-6869.06995174519,-2819.18189261815
1709.74752933368,2107.83502735161,-6797.48064788421,5070.29392737017
2472.86875465469,-1294.56995466034,-5697.21996069827,-6643.34924980753
1738.06116109954,3265.51905360658,-6312.62455186384,6083.97838654141
-115.456349206349,1848.57991360691,-3291.90166679529,7427.88055082079
5393.2519368968,3438.97184159585,3613.90391563085,-3317.53129136485
2814.17885413826,-2147.80982185712,7099,-811
3033.33735367835,-3011.51413722198,6347.25165166261,6512.01482322383
3056.69108556616,1885.7382496279,-6891.90944788593,3764.62127509204
1741.86375722522,4197.13441482641,4226.79850645304,-2977.49847751438
-2626.88766414561,4424.44507448291,7766.5133821138,-1962.13774187303
673.193092157606,-6337.55811414022,-2558.76076827271,-3372.19429223053
-2785.38031770327,1965.61162136957,-4652.36921534583,-6747.74119411752
2388.1658175557,2456.30990327486,6637.19392147831,-4770.2768722631
2139.59304218584,-1370.0150921657,6467.66974728452,-5043.19435405111
-2657.92960050371,976.896002222295,7116.58524146643,2696.91866113598
271.614974975586,2040.42564506958,-217.305596890592,7370.06715431289
-965.746191912469,-2914.97727083587,-3243.1515896045,6904.39624067755
-2762.03292731783,-2377.62581177701,-6215.27644196056,4756.02833361612
375.497137348632,3782.44737713433,-2703.83830155023,-6951.67960005271
-1948.9311499689,1998.25969623939,5608.49880013614,4566.44829424364
1422.59016393443,-2790.59283613378,-4795.57313968541,-6455.20355024453
-2986.92829812211,1723.99306111159,6251.60341743567,4338.77624898308
2306.60467818645,3015.63105737138,-2191.84367017466,7224.79768928394
-2312.35693280377,2659.64961863046,6178.26746335388,3983.11758754552
2655.48920851165,2002.49915894907,6706.67058579162,-4479.38182938339
1862.02448419754,540.145906167472,2741.91370513186,6840.85438656959
441.546739130435,-2992.32157281399,-2329.69688247053,-7296.69417439304
222.383485991379,-6614.70274784772,1162.45212257682,4627.6461652603
3716,405,7289.23929610436,3039.54498080501
2915.37197358767,-3891.93684509335,3743.40897991688,7141.72873219698
4138.82059721513,-3926.69244981926,6746.85826504166,-1948.55476925573
632.429634890251,6515.36831427638,-1484.62790025984,-3466.23402894668
2127.63720714631,3041.17486099963,-6012.81670096556,5968.28897384644
2306.13328802132,5767.27924627033,1844.95095478306,1336.90926374913
-439.945061374537,-3256.80986288638,-432.424029181688,7878.32296179279
-1261.47321756638,-3215.12836150671,-606.164707912473,7044.64104588215
2131.98589547873,2480.87124110401,6361.82551190645,-5675.7427575783
3462.64865141493,-981.951200841325,-7247.30140490212,-4651.98563025085
1021.19836164947,-2992.75576923077,-3784.84748981615,6777.1137270779
1621.06086819996,2748.93520532181,-6703.72381207461,5547.61418749678
3275.66734288546,-937.631386507785,-6206.98817709201,-5966.550927442
6852.02726952906,3578.41598139552,-665.850364036,-5100.75523138132
1005.43258416957,7169.39083125195,747.75113407258,-4185.79671680979
3820.83302493293,-1723.18722876854,-7769.12331449598,-2046.66119817746
-1550.81572109138,162.494553928048,7437.474240181,2745.41091612379
3149.80145398512,-2298.76401396816,4346.99481033884,7034.07057411476
-5112.95957175886,-5352.62064919349,-3116.86692706419,3267.37392644151
-6766.87058318621,1260.42112903168,5444.11350899593,-215.80265654649
-2580.50629734675,-1186.28009961276,1552.31829142909,7095.43458322424
-2488.54771624998,1628.69080803119,-7665.09197503128,-2351.72012814267
-2800.21534802822,-3331.42726487174,538.064111279167,-7045.57029283805
2020.33060515291,-1789.75388164395,5068.33687353726,6381.60397204314
-1424.40499363846,-3749.32838037895,-1876.32115837262,-7230.4500296828
1665.99034927573,-1156.57600367336,-7153.51654153055,-3754.58840019124
-2214.16623790478,3760.36359891609,6100.30044949636,-6998.47688402079
2651.4130131583,56.0895513387827,7239.46013444891,3231.53832405311
3329.38958519221,-425.233924865723,-7479,-1552
-2707.11132430975,-1689.34094520851,6283.92373802323,-5266.22534025725
-531.525454263245,-3828.37586246396,-1075.76902427717,7371.26804831765
1111.30065247253,3626.92570073301,-2499.30282085496,7056.36606215696
-2498.97829565177,1946.40550722869,-6247.43719977741,-3991.26482255688
-2459.35906665351,-1642.76961432045,-6881.93030478287,3932.26636465014
3271.40372697644,-2428.58621486002,-7812.67120000421,-948.80614644352
2581.16239522366,-784.741528320312,7389.44468583417,2135.2444727084
3278.03447001614,-2042.85788478512,-7573.77194534266,-2660.39127723807
209.660790430661,-3165.94702896693,3072.48144467598,-6758.20853274213
-585.979756012317,-7023.98388730773,966.012250346967,4284.98668839705
-3172.61080488131,1841.48584427076,6839.27390496258,5982.48469705347
2956.40145915874,-1439.85073446253,7223.10485508489,4964.83439048921
564.7298983598,3735.62822435625,2849.13431778657,-7175.26470219323
-395.213205609384,1555.67922638861,7025.15077382207,4953.91954702166
-2853.9914136798,1607.41788729046,6433.05970152014,3869.86799744634
1453.16720965067,5265.27645153074,3523.82215475366,-3031.24001462298
3041.8729605914,-1646.45869366531,-6467.23561139769,-5532.23379320227
3181.9448467474,6064.06838197938,-30.7249891439061,4464.39774133231
2175.53189998318,1721.45523922151,6127.84025584369,-6101.36455267793
-2997.58330119491,1603.80946887729,-6500.11168213596,-3949.78880973148
1556.24530029297,-7052.60399290738,-2963.55761023452,-1809.13177125788
-279.937986393385,-3488.52228855748,4007.98618941197,-6752.26268849107
5235.67529087793,-5484.06588602241,-5508.99722933092,-65.1054912811058
-285.534489999013,-3056.74467932363,-3514.7314502148,6801.32486154801
3304.36653432208,-2459.23020861182,-7257.40352502491,-3471.47733156011
1929.18305512175,-2592.55167734379,-3740.69214006874,7178.53485768983
-6483.2285294171,2472.3006158127,5049.33565197191,-609.937936641961
-26.744188029171,-7187.18539257022,1489.9308706996,3463.99414427941
-6129.07186116162,2862.09755413275,-3440.13498352131,-2368.86784203937
2040.04591609448,4035.74963849879,2336.23240815437,-7522.31308113236
5239,6126,154.177115874127,-5468.14306851211
-3653.14377003415,430.754684779588,6386.74454526267,-4781.68343875346
-1312.62109375,-3723.46281754595,1445.65416240499,-7687.20923814498
2172.99179091492,3498.01550439677,5626.83911281411,-6007.73893200514
-3157.40010708247,3425.13877625255,NaN,NaN
-3887.62986594483,3475.20064033972,4470.02268319642,7113.67079611175
3942.85376926442,-5660.36331397505,-5232.71486745675,1840.44029921258
878.084933290481,3805.35403392137,1739.84757267993,-7826.6911708402
3424.32027319732,-2806.08193210234,4380.06347448611,7139.9831200375
-3303.35967002501,1879.14994339394,-7672.29800949679,-2804.67938151573
-2720.2301936363,-51.2408178274427,7518.26541856145,13.8776629322903
3579.80126472789,-917.09301205257,-7638.19180394072,-1899.39443687369
-680.969356357245,3313.77901997904,-2339.96071832085,7769.84079196002
382.174477290925,4373.14450851972,-3640.02323690378,7400.4034155234
4475.92869837883,-5373.62666438717,2534.02132900724,1138.1835451475
-3205.88469132572,2538.81620908375,6591.81163519433,5207.24452829122
-2583.9332246785,2164.28219648357,-6678.16974239702,-3237.83707920305
-2605.83578518147,3726.3709478317,-3865.90637257409,-6922.0491890324
-6097.53600022751,3506.27588512172,3577.23598521001,845.209374311788
-2852.03313684977,2381.35169428558,6405.91350829392,5029.16005798475
1722.01784177686,-1597.29906593632,6376.16043728822,5128.1163901972
-35.8288744910249,-6416.450150155,-3833.79761523299,1900.4039758489
2049.05470632906,3405.08173999034,4106.46991222127,-7365.99676029364
-770.251846418539,4408.36665172268,NaN,NaN
-21.3370971679688,-380.735934520429,4967.59620451528,6260.33833523
-1585.29762107233,7027.49055216403,-1355.28094482422,-3142.23528127009
-559.847305695039,-3576.92915610305,-4129.6691208679,6864.76571525022
3141.52029136598,-2736.37486135579,-6881.22031291477,5207.71168342614
322.816086739795,7079.66354563346,1876.05976710683,3295.8414862602
-1831.33068168913,2153.87529226624,-6433.65275772422,-4136.35103045885
-385.496682736858,-3064.55802902621,-3296.89439623232,6863.2146355153
3198.75756211996,1759.59020830387,-6870.79317477489,3309.04497258174
-6519.25431437493,-2936.52687035232,5082.73381690824,-1354.29429138972
2180.98445223954,2004.06602158874,5554.17375448846,-6672.33134131563
2203.39029422291,-2800.54706641193,2810.69505001504,-7397.78554764845
-3104.14293540396,1585.74002189278,6320.06280956648,5505.97015160044
-1051.77701284866,2536.23652558549,2989.47748790985,-7229.66125755762
-1276.03505237156,-3068.70700963629,5456.88212551082,-6332.07046515544
1030.23346836321,-2580.21323733363,2209.29656251567,-7561.78094642022
1656.48317432262,3386.7975776881,5444.04270593972,-6459.15718951646
-1162.72876632103,-3982.05980473376,3320.26753304003,-7229.30504957245
2308.59685859579,-3734.46722221007,-3265.39062870605,-6896.75292863069
-5286.80533882806,139.099687848772,NaN,NaN
1250.21612419601,-2506.00240906682,-4281.80959487977,6345.00980643048
1400.4184763938,3011.55660769429,-5122.55676713331,6414.89126650944
2320.94242065677,1182.97632861137,-5984.0230689545,5650.28918781306
-1425.64840237933,-2369.81311276335,5502.17495513728,-6690.07122951679
3413.35034679305,-1798.43545676725,-7324.89258104459,-3116.22901085575
-1603.8556250069,-171.105255126953,7501.62463448176,2187.44506839497
-1613.52266164715,-3666.29070898255,4584.73297383647,-6806.49844973356
1303.46964332393,-3679.10713374668,6399.45351029396,-6526.13134707779
2931.21577007528,-2231.17099997723,4699.11075978354,7030.20071388856
-2687.06193208475,-2657.84752060426,6494.95992062168,-5579.53865864912
1177.20548215473,3217.59309501858,-5343.85526073657,6417.18272351531
-3073.75318120325,-2790.55457895341,6355.72633986491,-5453.24611387143
1051.85224918948,-7121.58840830705,1529.57505501826,4057.03444373917
6998.62723460254,-1592.76234566975,-5260.76559157496,580.811199903369
2176.38622492891,2764.38021238019,7224.23286761147,5421.00610776321
1661.01368564692,2246.94385092235,1103.90667332447,-7838.5163518367
-1787.91810358811,2716.95495525317,-5141.06372915795,-6922.7106942036
-3811.68004987443,-5282.62993732886,-1733.60984802246,-4444.47612313812
-1364.52465877481,-5226.84321730353,3232.41928323517,-2934.4652312915
-1914.44903177481,-3085.84999707203,-5944.13622932877,6718.25877374367
210.511448349726,3069.78275448431,-6519.78783467114,-5825.06800742812
2133.99508050089,-3430.71290223677,3593.4038542439,7633.85695041242
1615.77414848413,3544.44154057772,-1086.82957869709,-7224.24832229162
-7045.78161398531,798.893793369556,4634.3024853668,1799.84708190441
-2299.83836506723,2133.82766305704,-6432.10373653572,-5107.00536120969
-2350.73905941318,-694.097927591988,5688.37454305996,-6438.12943875929
-1856.9892703899,-1585.07318141981,7708.5095902765,34.0627136230469
-519.843653846154,-6950.38417939373,736.359127649003,3660.0176825002
-1666.4350245848,-558.628117097217,5202.75891588752,-6735.65118983359
-2811.51273538742,240.675590647785,160.633191177693,-8031.45267568325
-1311.75439128615,-3668.56695945446,2250.273573893,-7171.9884818034
-2130.45711329227,2945.8954822321,-6921.89924431991,818.300650069963
-1567.23197040701,-6514.93406652551,-263.655738246644,-4432.0735783802
281.062120297162,3953.22677295464,757.730950479233,7231.79837855458
5333.44672527589,-729.028773732507,-4024.76955878294,-2941.45957954572
-2207.51627077037,-802.681235487616,7385.78967365511,2900.88208512171
2614.06364397008,-1901.57260308968,5454.73085845193,6636.77467508449
4674.13817113605,-2114.32976095666,3538.47573886919,3557.03241187332
997.578678856671,3783.91531449577,566.6328125,7240.25297862223
1390.56976281811,-928.211832622803,-6972.78003518709,-3231.54783460292
-2330.47444347115,2799.98532257316,4688.54627782667,6037.92772966807
-1824.29629446186,-3194.18459705911,-7052.73216355798,3416.56692953825
-3151.16015017585,2294.69035062096,6695.80147134207,4188.03247549048
-1548.45240693934,606.49952951881,-3069.52854835306,7156.48364262561
2920.50065920633,-2151.31639020341,-7886.36744564136,-1641.51544497277
-160.910420894623,-3507.41667169724,-3624.61520818645,7245.50850440467
-5029.26328524123,-4084.94361753762,4169.91713024508,-2951.78174137324
2738.08812150297,530.667282104492,6848.63334107294,4135.54653638294
3196.44510393683,-1235.52250293381,-7032.56118818176,-5188.68464350988
-4378.52036896684,-6173.89842229071,863.635789833657,4858.28636088335
-2994.36563703334,2448.67614726437,-5618.80986525308,-6043.65561841979
-3595.30711641637,5625.62071860173,-3231.56917222311,-1595.80435555676
-1437.05724425549,-948.886309426602,-5394.87745001051,6557.76701990931
-3318.68811434293,1789.1988717223,6414.61339000007,5610.57931384959
1115.25239084475,-2974.78125900888,1702.7463964652,-7935.06174857939
5954.853990818,4354.51554072226,3173.62234018478,-1601.5203655435
2137.98724545792,2907.38100172712,6655.27211065965,5434.16072492132
6286.97678296143,-4169.90021434823,-3860.25042640229,-1206.12729177281
2867.54771069692,-2640.04752055684,5331.27359686468,6611.3386331251
2662.57061095506,2874.51173563928,6040.06049384569,6666.19160541443
2542.38806592141,-2942.4871487369,-6648.95860377922,-3605.5240875042
-1884.20194082393,-2872.83247613963,-2856.46416110096,7001.47053737111
-886.67268371582,-2677.06371715481,2952.53090467012,-7281.38663835952
-2837.18500527673,1871.57028786077,4943.20542310994,6610.46973455661
2388.70950386116,3084.40294483076,-6003.88616094132,7113.25475543632
-320.276611328125,2618.3054968358,2628.42224491981,-7341.86073801238
1270.81350324758,2179.25102067956,5147.57244619595,-6278.76882651061
1353.11487579346,-3645.58148664671,-219.547333781006,7557.24115480284
-1407.92940189752,-2137.53196723614,-6802.05746418215,1502.08817427386
-2223.60459573133,-1217.31993832338,6566.68392368342,-1576.35050201416
-1399.79751039418,3028.72869760366,2840.68113620152,7117.83989566954
-2079.61953931692,339.020722135008,-6960.47808215627,-2164.67277763354
-1208.19282616285,-3467.60306825033,-5550.38023548077,6109.3376795626
-1526.20203004848,-1591.44709759066,6280.07047438274,5058.47106089223
-316.361523872028,2858.94780321778,2265.13972322692,-7165.71726162367
-1957.37192801894,2331.20293663615,6787.30417192845,-322.858681244186
-2281.57399826508,-1746.72262638771,5714.82065170686,6911.29127109787
1840.85048145723,2740.38541865117,-3880.64940864699,6309.81493680654
-108.685805221008,-1543.42566719771,-7132.95482351747,-1705.12432066751
-766.545812066996,2103.10567482453,5477.21716378944,5871.7059451363
-2390.93677666053,668.492858886719,-6989.49665877168,-3019.98693310268
2374.86351556139,-2829.321450895,-6124.89973547941,-4438.37329056462
-701.383295752556,-2182.53198517467,3493.76378756135,-6340.50909334342
2999.75543269598,-1760.9323416115,-6881.7384189485,-2477.30821837405
-2849.0015743582,2885.75579275933,5423.89190693071,6263.73454363979
792.061975413749,6345.9321831087,-635.399042386449,-3601.98071009504
2869.89576028146,-2398.0196975149,-6079.7275204535,-6219.93052003923
-1186.57279637994,1821.63697069028,-6523.36280113813,-2940.79048034041
-2836.98912961399,1946.61102887729,-5370.63876305241,-6550.37211660323
-6641.2437280782,523.989267504211,6029.45028671122,934.413352966309
-1143.3169901023,92.1253791305766,-4758.10072156557,6510.90484771638
-2594.70276923473,2653.53370801694,-5610.63132159222,-6511.70036086392
1425.92870576742,4112.48610753425,4724.37967059425,-7243.81474614837
3014.5542464578,-1940.09111453976,6722.48519655031,4027.3303011678
-232.507989698841,2920.53325066412,-4334.33312373065,6696.7510406667
3407.95947331799,-2622.36682622381,5978.63408114736,6111.2963369625
-1622.29907696932,1632.58135017828,-6670.29388222461,-5245.25559920484
-2466.80959150042,-533.777570410979,-6321.0635833934,-4659.61032362132
-5384.59328718571,4305.98538341844,408.2158203125,-1788.64383297674
-1129.10898647513,-4071.70030915149,6489.30855706417,-4575.37596372725
-311.758929483291,1845.79958240103,-7517.59837831983,-3291.38818609175
3084.20438249655,-2297.63933363302,7511.26349242016,1728.71793935795
1227.62665967933,3199.78757062526,-6774.66977673743,4942.16112911967
1732.14742015185,2430.28790799873,-6719.9895188028,5035.00748519649
-1146.67175662879,2434.24335236343,-7499.99806363476,-219.447720139686
-5423.97261751183,-4544.36077561977,4506.37239313831,-2486.75013058853
-1107.26163660557,-1606.59532752404,3312.66186676371,-7294.37935726802
-524.654248770764,-1916.07754457396,-4598.30266355659,6878.59801925263
1869.57480434048,1346.35724770268,-2652.18770409016,7549.82790275878
880,4476,2545.1416985823,7247.6617753315
1714.90509879676,2590.52978662337,-2245.34172020206,7560.81426484423
-6706.44910334283,814.017995199875,-5270.36970873824,-60.4789581298828
-2129,-2844,2514.94425633326,-7411.63326140229
3373.04635368406,-3849.73587158023,4216.92290993493,6755.07904310412
2024.31659413213,-858.775803665407,-6023.0174269841,-5628.98950002185
2720.25689671512,-634.38761552702,-1267.83831075079,7270.9871888342
3115.47199312963,-1633.79387070082,-6241.23227294098,-4917.29936820941
-6286.07681548415,-4370.1843480471,NaN,NaN
1766.8861650459,2015.58616859107,4204.30615518707,-6191.25198081415
1105.2302827693,2359.02889169619,-7336.59204577627,-559.924792261585
1313.53847946293,341.395348382046,4770.07572326376,-6400.48798088528
1913.85576542722,-1396.49475239766,4881.02574522864,-5565.01225309323
-2125.23958324114,-2169.83460777224,-5959.89517326917,5562.83670995321
-2566.36782075991,2749.06118253478,-4391.0027759391,-6423.39662964561
2553.98750231194,-1139.45207750463,-7111.89357690414,-3336.62031456648
-885.098997022285,2126.38639266848,5799.5918769089,5905.52020002757
-1121.13671875,-3490.56471624629,2048.56551274525,-7249.3180219656
-388.285461425781,3743.45566337821,2259.8452052825,7281.2631531015
3256.78575373821,-2831.92450976631,6648.16057846513,5051.77648237589
1427.76757606338,7420.18580503469,1491.86087662609,-3674.5640895888
-2732.36353169095,594.451951022559,6302.19462796134,4963.44349306093
-1703.1083280913,-2748.29832839875,-6906.04677635885,5611.67463317369
-585.309469595418,-6837.48792724241,-4282.19571098144,1713.47101330335
2170.35148159293,-2897.26746079434,4012.85829620499,7154.25041698915
-6260.54500577801,1246.90547665011,3219.27093628691,3154.38621098674
3248.80703390492,-1882.14511096247,-6751.21501780836,-4881.01144423739
-1960.81661512551,-2272.86432539555,5644,-6517
-1717.32596092141,3086.88818517201,-3466.62511702175,6790.2669817957
-2746.98245791224,-1833.82724697708,-6579.57856947824,4133.19348392673
2551.15613341599,-1508.17263212449,5014.39289876393,6584.78251991675
-946.238165236738,-6773.85906720013,-1506.1964736804,-4390.04015049083
-1498.23361400159,6091.28287842836,3847.91484037248,-217.577131050631
-966.610307031157,2206.32052782037,-7539.16057361859,-1754.67259338491
790.011108398438,2700.37384547886,-1689.90187570021,7566.21278890525
2743.303042638,3036.97696468885,5468.79570691136,-6049.77971246205
718.319803873698,-1601.49269887964,-2746.00256690849,5723.53357664174
2019.38348062806,-427.228142077095,6544.87586625036,4027.80862373117
1398.77234734611,1194.47124980267,-4994.3039840828,5414.9618388163
2148.27599187556,3938.7867946513,NaN,NaN
-1656.65060788305,-2930.48618829887,-5104.6414723695,5586.75978725104
1308.81232086708,2405.18692383766,5558.85371981649,-7361.10746693462
614.047627476756,-2772.43671486957,5560.71474053236,6953.77383673406
-3070.72188878979,1802.99216332537,5539.97402101829,6229.66846790325
-2899.13427132587,1650.82753032962,4052.33128038421,6474.26313664791
1084.00107692164,6776.50341101544,559.38491464427,3188.67600938396
-990.624045608108,-7471.10262406452,-1256.58957799166,-1901.1327107922
3387.91942709998,715.630378809255,-5776.26046517028,-6331.94642010114
5591.37721224438,4794.62643013028,3093.68763058616,-1341.74944226856
5852.11567585768,5620.00838763808,1917.24748673329,5413.13573230331
-1625.08724483367,6616.1907688149,-1137.28974998654,-3912.74201833907
409.505985487376,-2566.18091601055,-2931.97636145604,7420.50148434204
2515.22069900458,-437.144299057799,-7575.58375515915,-2998.05865361626
2803.4710568291,364.559620958693,-7855.28446857904,-2051.67235072369
2108.69321725609,1479.27703371143,-4982.70689349257,6686.45355333128
2153.81714858063,-957.615665176626,-7454.87349607077,-3313.58836061944
1974.38255541906,-2448.22643787995,6082.00753226067,5823.92216286908
6801.65775126635,-1733.97813384887,-4540.66694389729,-1173.646484375
-2631.05779628158,2569.41673502889,-7025.32469399533,-3979.41304031326
3168.48836997298,-1544.54416741173,-7296.60712226335,-2106.66660677916
2698.35759422336,-2677.03988569868,5475.98188553056,6156.89204391065
209.192648439991,-2924.79049619694,1449.2831920277,7095.24317671211
NaN,NaN,NaN,NaN
NaN,NaN,NaN,NaN
-933.707067912387,1636.5,3711.48391850897,-5584.43373576006
-1799.97219848633,-3171.7283948727,-3852.49409996903,6779.68254464883
429.699211321682,-3178.4726460388,-6788.71605129102,2709.79230222768
1799.51134075951,158.509969268508,-4265.21053701361,6225.83489504725
1481.43158922772,3778.59213142463,NaN,NaN
-1284.38826276121,-2486.02207682828,5108.57297671797,-7285.18737496749
7005.27786299181,-565.684992359946,-5130.51699916208,-529.884073135701
3552.21642480612,-3027.63201114672,-4304.9331969526,-6793.99895049613
-392.184723264449,-7313.63536369989,-451.240602086099,-4204.6598380846
-2416.64233144502,1119.71032835007,6180.62266146778,6408.52774903937
1313.97441794939,6339.31131235175,4019.28802035278,-2172.54044765393
-1925.79096672159,3565.43059868149,5491.74602462967,-6696.09475122477
1694.07385535414,2259.19615622097,-5160.62064207361,6132.58162988651
1622.67587985148,-1440.09429168701,6975.6909857721,2995.27683039766
-6779.11249704437,-1014.00871030698,-1977.68343991003,-5317.64790789382
1468.05720024406,3491.00067304657,-4827.52620086684,6161.18249194716
-2442.36172617552,179.94921875,7021.60957628718,2548.67358335175
2323.25200865637,2518.27488486957,6563.12501169336,-4635.22155351868
-2200.92610260686,-6809.09449881742,-2133.54643284304,-1135.03508639336
-3040.92308623159,1888.08808702235,-7182.61923759764,-5263.86122641502
-1013.46278065557,-3089.04621649401,-6724.54424564139,5202.11090929337
1497.35519751724,-1388.12283574796,2558.45424610396,-7265.77547921845
1306.35348063322,3542.01941441963,-3299.08045707652,-7277.65262707262
-2359.42362602889,-3484.92512810802,-524.079248317485,-6913.47946440535
1086.57287597656,-2968.02248047549,2408.8026778125,-7477.63834945648
2692.37492117159,-3488.45629294004,6576.1826575584,4890.44698139919
2107.09645836499,-3429.5828979807,3828.27678702568,7179.78847225092
2642.21594340758,-2201.19703849856,5748.30373333153,6022.55049883697
10.1875,-2536.03002560292,1630.64668412373,-7379.05417595443
1247.01466666286,2910.19945928776,-1940.57654989919,7179.70299086755
891.560135525667,-3198.73828226023,313.493194728814,6867.3628112417
-2279.89536562432,2384.78609091021,-5956.9085443949,-4728.35373741929
2235.51278494058,-5819.50241250466,-3168.27686833112,-2144.47994174009
1888.0330257835,3250.75417898811,-6744.78524909709,4658.41942164358
-2657.27858194089,1306.80628245367,6653.55497587213,4806.18387196677
2758.86258568775,5706.00936299891,-2615.57501662959,2223.61726610297
-675.96655521296,2972.35373562205,-4724.10349565855,6190.72109112151
2293.17853084485,-2577.64373012895,4176.75341012192,7499.32276387264
271.786583437391,-1699.49401855469,7993.81975799497,1035.27313071398
-2049.23377881648,-287.608870216203,6900.4279090926,2723.45078621215
1519.97810052276,3136.69417767252,604.605462964625,6774.38675356306
-7290.37720730649,356.095521294639,5201.32363755832,-1786.96097138504
-2150.7817748126,-2542.99305460755,-7017.57522970173,2019.56513088413
1026.69771279941,3333.45749828865,4075.44860731424,-7238.77401762455
-2085.11092645266,-1798.88256264118,3439.738517906,-7157.20869350307
2482.16337995131,-1710.07985590031,7617.23972659752,84.6778494136394
1220.17016642321,315.791023254395,-3217.44130107059,5853.45262337212
2479.73975616575,-2190.86842375798,-6130.1050004991,-4852.18888586362
1354.8396952377,3738.33483316857,2817.81146041469,-7193.3582899612
2896.37994462379,-1462.35675274642,-6339.99930342463,-6062.45831172928
6454.63450530674,-1359.8377782953,-3228.43521552059,-2116.28214715316
-3605.82729003879,1152.72710985417,6382.29390587947,-4955.97744189006
-6736.70935002207,1407.84743954676,-72.8136252045826,-2891.94700323105
7054.63599151844,1288.63398026257,5111.71476880834,-1798.90768953935
-1279.43534997703,2786.69735684019,5422,6734
-1615,-2804,-6476.8703472413,5294.97769677016
920.288430219792,2169.00777594418,4033.47660956048,-7212.57310169893
1763.99112096248,3574.1417917141,-2703.47774478797,7445.7516724101
-3401.36803379234,3889.25519676759,-7930.28407127901,-850.019898233607
2062.63616860347,2884.20772823966,3011.67086145316,-6819.08828651402
517.896484402206,2739.30388062914,223.804641804797,7119.9424324726
2946.80156399911,614.596862792969,7018.54874568245,-2896.3557202545
2691.76783685769,2219.06261553388,6360.87761007811,-4441.96461492598
-3254.63557632686,1725.96989393187,6627.34300266874,4683.11383237815
2707.826651485,-1763.66452997546,-6680.95893711266,-4480.85478151931
-536.028991802145,6666.63119666452,2837.06210795411,4955.14029712643
1786.57395930175,3600.92438857291,4571.66195063651,-6842.25103857166
-1965.39858949829,1100.25249671515,7048.47089873531,5036.94554917539
-1097.69892068688,-3191.65338095949,-2225.92903297231,7449.78438363514
-4647.54709149395,2516.70414917398,3523.89035635884,3510.0140662551
-1690.6985424295,-2328.1764409157,-2279.87644975331,7679.44368354244
2303.22125655805,-494.278091430664,6993.98125885378,2682.59012417909
2364.72116615936,-2475.37338404209,4936.45822804378,6699.67677755782
4622.25448972943,-5928.78367740302,-4622.35059094349,1704.4740510291
2169.31154700262,2880.70415250371,-4648.3922014505,6289.91388304959
1085.18347574096,-2642.68705528407,-2842.12836246368,7161.90855070142
-582.199885247854,-2580.49258159014,-3785.15203586397,6215.23821800686
-2049.52165972547,-3352.84256049472,-406.16311960008,8208.01661888989
-3644.45146227669,-1503.41743728598,-984.169306673879,-6894.32244944321
-2635.12808885844,2418.39708503493,-2194.73775385175,-6888.8705955929
-3258.3163532839,4075.72871454239,5129.78006120918,6627.16486078354
-3185.16628305446,-6329.48096313501,491.967506408691,4283.80997629353
-3288.34969737465,2647.23901101712,-7600.52910849403,-2682.05046742135
2143.34037155425,2406.97652091315,6657.63794441692,-5960.10284021063
1879.29076385498,-2192.23122156883,27.4025232391173,-8135.56968451262
-881.327155974349,-3302.74009237745,-5324.58339808535,6887.49838910843
-1179.20184992877,-2373.88268975733,-6328.55787550228,4872.43235921157
617.134717249468,-7412.40873541893,1652.15245795949,3467.74847137157
-1889.75294696685,2951.54583586767,-6162.33370265105,-5779.15547924733
4057.23479410079,3897.44791449502,3876.94281154116,-2736.75028912067
1136.52941894531,4671.52049712615,2669.55150351887,3353.04307481405
-1020.51187865355,3398.55972740621,2936.3648103223,7061.57311938022
-1335.61790830946,1370.31836349106,-6628.03542736663,-6561.34778226249
1633.97125244141,-2550.17366525655,-5263.34124780673,-6664.22157391573
3941.09533204149,-1928.7027265518,-7817.24572529107,-2540.24040580756
-86.46875,-3182.7070585494,-354.352457015627,-7533.4010276279
-2836.5534572849,2382.88129991755,6303.17203477197,6496.94670474487
-1933.25196961124,-3186.81114497322,5195.02468787407,-6310.43697568929
-975.914302443818,-261.901237487793,6838.75156761336,3678.11277362268
-1934.59120045489,-1171.57085627753,4704.24276225071,-6477.28029980975
648.622680664062,-3018.51478784576,-1722.90251308114,7433.00175956951
-1795.33088015996,-1345.05228584943,3928.90809816819,-6714.1237180233
-2770.35414979316,2814.40169705809,-5355.51402396445,-6218.53528014626
-2313.50887737005,2191.951840972,-7221.76973165744,-345.697454672245
1735.04599761963,-1264.88895587795,-6124.21842028115,-5068.32310538077
-4872.49908967391,-2019.11942765395,-4717.57951712527,-7505.95653985588
6639.4149175703,1388.32893385538,5478.54922772538,-1237.47050048602
-2654.48777891075,52.8350069328655,-7171.75502958403,-3655.3184280834
5877.61235666507,2619.97660144433,4851.10609038447,-2509.36294807275
-1885.08487558397,-3225.3292578141,-3651,6870
878.350426182919,-1813.6345390264,7721.9533708517,1113.88086738938
2409.58768257637,-3597.0657399165,3732.64979285194,6884.99617824069
-1676.23312262961,3795.92900248609,3677.33653556926,6659.5804704662
-2662.31355446827,1505.61539641245,-6038.72282280558,-6028.056265579
1507.47854256368,2601.97956747578,5356.26576631341,-6378.3291960478
5910.20371732416,5180.28613426611,107.016075134277,161.960270574537
-2696.31238268397,3838.30072983262,3950.38440568401,6547.6608246391
928.14697265625,-3313.37550124672,2200.86160547894,6888.11820742538
-2332.21045150534,1623.10217278819,5645.31700139889,6658.55695763452
-1002.57637736672,-3416.97830523437,5138.58570157913,-6534.70085576759
-1774.72986222256,-6427.82038647774,644.517339341693,4667.48363923862
-2643.80844996273,2964.18408585656,4553.08034451432,7031.87645121315
1266.82862854004,3688.14785989809,602.996058451396,-6884.43465613552
-2919.65486755716,1908.98311326059,-6417.43728310713,-5273.44619574741
-2066.43430568763,-2559.38573208544,6270.19547738946,-5994.94215448611
2141.35403220141,3224.64086803642,-5560.11161945382,6278.6737280773
2743.89849697523,1643.66467506778,-6976.17324775283,3361.25154621526
178.482868446653,1754.69872977937,-3247.79092871858,6992.54886311312
-1340.04742552594,2803.34767956431,4935.17407705647,6120.05230736304
2529.82917262477,-2698.11495097947,6163.84222396385,4024.98705153298
-696.945606201111,1065.23285774774,-7327.05614856314,-4795.27067126628
1813.57385253906,-124.21330876231,6331.03027514985,4182.99434849269
2641.20192136613,-651.605392227951,-6421.54811278619,-4992.657451673
6812.04807924389,-1906.14315847755,4353.52177462935,1135.88395883129
6024.25601049386,3590.07608573587,-5080.7011771664,813.43183134522
-1820.60405454871,-3492.53064037619,6479.11460922122,-3599.72848053892
2411.4817874792,-1902.72313732636,7162.01794293476,3321.32588649304
1199.07724192158,2539.36714293358,4366.37467941989,-7270.49844593343
2685.36147377024,-1500.44869399481,-6824.88491709319,-3808.30836745542
-2571.22053810603,-1420.98588569512,6429.12808694725,-5094.82572108979
1708.58272665428,2006.32633116599,3383.86383684708,-6595.42317856962
-1961.61572048933,1910.77862141489,7038.76331653305,3668.2618693849
519.809107573559,6394.91500103353,2526.15175269783,444.699003778502
1211.26764678955,-2260.46481214075,-2889.54015041548,7530.51654190763
-6683.11298144112,-4334.17994000038,2615.33455633909,-2812.02510571822
-609.10498046875,-3784.78850540506,-1327.31404369016,-7017.72340267159
3432.67013521292,-1880.50670467733,-7096.40954365592,-5832.50695685548
-2819.62808084146,1353.25340158064,-6514.17722233457,-4972.98955306918
3184.50159886648,4705.27987155662,2811.58669419965,-3386.32159298217
-599.745033329284,3773.86646538165,3116.11454285829,7081.7670915416
3833.88904716279,-2877.1153138979,-7684.94520318394,574.969109710152
2152.82601019043,1594.86431252562,-7410.67760298571,-2610.95624501283
-2998.06840558227,-1501.62810109761,-891.696425875604,-7691.22124642444
1169.38354142032,496.83081564676,2317.59831565096,-7250.61802230118
691.128824869792,-2190.23181980399,-3697.49061152232,6663.10121985691
2245.4769856512,-3188.00493884835,3302.47413946802,6651.27735865499
2568.45593120522,1948.93551237892,NaN,NaN
3086.01825148059,-1932.64805978895,-7456.37848873041,-2540.67883386174
942.605676983171,1559.80338142255,6782.74834740538,3603.95683819528
6893.64511051162,-2890.75118681234,-2207.32310504151,-3298.40613427482
2810.11581937936,3197.77299029855,466.477913481614,7078.25114957699
2657.99556609601,1874.06465167803,-7485.56945831013,-138.24960198181
2528.19174280752,-1261.83151783558,7370.85341427841,1193.68939004801
2753.07967954218,-1917.51174003742,6685.56440712287,3070.79435720466
-1371.71509806987,3257.81848713147,-6486.61349655332,3365.26439125369
-1385.61229895098,3200.16445025039,-4467.20841724537,-6927.93084550502
1395.3082439716,-2477.47740627596,3627.99668532891,-6613.31479587603
7245.49845679579,-1629.62943537131,2846.79645536067,3077.32370474926
-3667.02688136245,2577.83841457476,5467.48929349742,6784.73350378327
-2472.77056226766,-1205.29862856999,7627.66703819586,1898.31074306606
-1791.79162648519,-354.078478585428,-3984.05292781805,7200.18937012015
2953.3021917052,2686.54066218649,6714.4145585062,5030.82073251297
-7278.93238041356,-565.15625151758,-4251.98040404876,2451.80804583046
2091.69053596228,-354.500625312826,-2799.64124319878,7298.83961964249
-1402.9637870423,-1456.20490264893,-7168.45962909756,-2042.82232111005
2080.63229037567,2356.64667853035,2581.79658733979,-7707.24532457402
1751.95241172744,200.083764212472,-6494.51275523704,-3026.88763150203
2866.33838306162,-2682.18533765342,4495.32002241052,6748.51515981634
-6027.36965733467,-5645.24893628052,-1532.66468047885,-965.677999446687
-1492.35142744417,-1601.69339957417,-7211.32991199219,-4886.24014524368
-3412.94828495722,2446.33506918335,5591.74503538217,6305.42095239993
3557.18512651257,-1231.28395094155,-7267.30623149636,-3076.40670453013
3099.49523132242,-1611.99755166929,6726.12909226513,5278.47801228499
-1668.05995896092,-3374.63110381227,6172.82312433732,6253.9237923235
-4347.46801699342,-4332.4245603338,-4109.59570937971,2625.24852538978
-3046.76696777344,2763.43518347875,-6426.79347260651,-4272.25712135099
-804.69380733945,5055.24353148444,-1885.54157517273,-3117.93947357703
1156.37176717446,-269.416069921945,4537.50236799151,-2948.47523009777
-935.270945716045,-60.8802360884364,7313.55539312066,3242.48927921773
-5597.39545463756,-4565.24051814633,-4227.6253601097,2470.7711480307
-2164.0042294212,3756.36554228984,3784.03678648902,6814.20228332539
3181.4726057062,-2088.05576434114,-6394.45868889468,6272.23096095683
3158.37961810173,-1363.36398259407,-6612.48119971615,-5100.39404322705
5368.78123063525,-5252.55537696406,3138.93829254275,1289.53756361003
2215.862622893,-2602.53673103287,7187.95776780082,2986.14924365606
914.31813962114,1845.35768994525,-6269.09434817294,5391.14940129361
-2276.74036209547,2886.22037413758,6566.70380635199,4438.78301798605
-575.044584245077,-3045.65828898878,2691.87301967735,6760.58845503133
2529.71588972835,-1390.05746029252,4822.5505706853,6042.91459734731
2779.67016229138,4440.95870807864,-3414.64376172276,3921.49681138414
-268.892465285428,2626.33182199724,3228.48684788031,-7035.10627234311
2950.7067344386,744.159550544291,-6563.28268329871,-4015.39503084661
3202.02362545304,-491.155914306641,-7146.05682795406,-3422.40211576862
-36.8193359375,6826.35749723392,1059.02249891493,4254.736110279
1650.67057853822,-2408.30482126875,4920.08446989387,6464.01051466042
2773.00129957006,-2116.13697303815,-6113.42066196242,-6040.46966796297
1984.76708984375,3172.08172307249,-3611.41685790041,7094.73911249713
-332.661178879956,2305.17893792914,1595.02139081661,-8167.52781248135
-1282.43169072037,2247.1692396329,-4615.58682336128,-6292.10842964827
-480.892042706448,-2635.47698377007,-3825.90539764369,6964.67246363071
1593.08316724028,2553.80395070872,-5163.15246084099,5431.80833639536
2082.71482404604,-70.859130859375,-6801.76705844237,-3427.9755009838
-2854.13085865482,-2416.10441455282,-7281.48842529932,3452.31302553435
-1651.66855712249,2790.73484484954,-1448.7947816476,8051.77366095171
-2810.81639751235,-4775.58781814575,4115.55670852391,-3659.19382957007
-4608.06553205293,2575.69224426499,-3451.86363992638,-2502.55609322145
2194.8586747145,2557.56795278994,-6408.45924966139,5853.95585147172
1835.77662814471,2281.79495242494,6317.14810460302,-5585.51136333531
-1912.96474887463,-2558.70029277967,6151.3001226093,-5675.19339474376
-1583.96112653251,612.972107818161,-7474.3753011897,-1265.61900967031
3734.79212445314,6527.10424264202,NaN,NaN
1706.47600761367,2431.75641250081,-6710.29493503194,2064.8066670554
1854.11002563114,-776.720087253164,6456.44520417797,2769.75749366893
-2990.57951246068,3351.21015308571,-6928.27426816014,2225.47731253988
1629.0256508571,-3553.92305372456,4443.61524500159,6783.12856029229
2986.3259182435,-6116.95538338328,NaN,NaN
-986.25771459993,-2694.06413131397,-4980.09768479707,6259.61173043909
473.066696166992,2027.40247841267,-2286.56865674482,6990.01082946148
-1513.05749642852,-3915.38129036257,3869.76862100031,-7401.58469634206
2901.87162611103,-1828.5489198715,7145.55463806923,2721.78775183588
2170.69274434176,10.4689879040577,7352.78163460451,3326.58221951865
-4687.60427518768,-4590.69985876494,-4564.94542933604,2806.09182751636
2117.28697388978,4162.1057971827,-3386.43090534888,-7200.01160196561
1629.53149073393,3664.8239852603,-3332.31354506243,6987.83113815171
-1568.9572422362,-2532.93440415445,6023.61498907548,-5986.02380739118
1669.18121081191,-2748.26066558375,58.7520647121409,7367.1708401148
190.49609375,6073.38434635471,-1881.83717606707,-3493.40140596393
-1739.79570190936,-1622.28791488485,5802.08865708664,-6885.28895312313
-1420.73001861572,3964.16489261634,-3265.93899265083,-6886.8066646121
-260.310027122498,6454.56651272215,-2642.41194174862,-775.639004332267
3270.27909695138,1338.89145220588,-6870.38941965178,-5087.24897669058
784.349544646871,2130.27879034471,-3216.83019055173,7442.87366311363
6957.47082048996,-980.737187231381,-3796.71664344707,2128.3998121344
1245.43285404035,-155.660562221147,-6808.40853546634,-4332.85957255418
-1019.07624321104,1090.47185335508,-6634.90364244869,-3407.13770588607
-2767.38924172311,1411.07822602385,5728.60597997085,5224.72838372815
370.433456183961,-3461.13995733998,-2632.61175617179,-7032.96362312879
-3228.19842288983,2389.65104556307,-7566.71177342783,-2874.48468156243
-3547.96235653025,-6601.85251654738,-1251.41916329137,-2538.63669624757
-2268.28379062918,2177.93920019124,5617.56941160812,6344.4736310261
2460.7370718735,-1929.32852271609,-5766.33356440469,-6928.34654940635
-454.207666293408,-2133.84283095494,7666.49690707293,155.552551686509
-3240.37336585471,1804.26020383181,-7494.76805320971,-2760.1953061235
2484.88263288967,-3283.97186845964,5433.37148554212,6382.64808655344
-2686.12889724455,-2425.04743192824,5389.36213746399,-5989.59132750684
-2724.76215410733,2604.64992665117,-5487.64788952419,-4444.08436233654
-260.735453092135,-3529.29968157029,-1307.98996766579,7442.00427733796
4212.55208735225,5826.39758531154,4053.57359998975,-3682.88211837738
-3028.16663081606,1917.00087495732,-7313.76767633775,-2952.095318453
3089.40299839071,-2151.7750378248,6066.44030469684,5740.98733909532
-2035.88670613802,-6112.84837849176,2017.52166871393,1070.19662671911
3447.46451611739,606.991355895996,6779.71351635974,-2630.26812807793
11.7820177616781,-7251.66105298569,1005.45765686035,3637.79376204681
-1968.96445972117,-2103.85557149113,6725.98588626133,-1460.23428459334
1289.21974263026,-2514.34500481885,-6152.82471644488,-3960.20189867785
-628.51587677002,1833.12222208214,3687.71194132534,-6313.23172295219
7225.93983030574,-590.820611072694,-4319.64123288358,739.28318685034
976.218402140849,-2918.06297180456,-5652.65988462861,-6130.04056522607
1381.76505669837,3644.55260731411,NaN,NaN
3078.34459067291,-3098.03262686418,-4192.75942782497,-7036.03507369918
2203.9355159013,3320.48734490966,3328.37871563874,-7032.61396878401
1317.96494474211,3105.33610986381,2589.26528042344,6972.01956065474
1825.17483850076,-2423.41745456237,-2984.84779616484,7140.34957058429
-2088.37595917859,2837.77888432461,-5927.11164950793,-5588.9393248097
-3764.85019890099,2556.15331047181,NaN,NaN
-1726.73047359346,-2325.26584072978,6841.72596655894,-5560.06794068653
83.2271363803978,7001.15086381556,-1323.08238903714,-3537.61481656247
2498.05558957689,-2742.53832688361,-6910.16191006964,-4089.18680938612
2147.73095703125,-2383.03502569397,-4134.02121700773,6583.59246585618
2986.35170135486,-1474.28319231128,-7380.27341540712,-1011.32155810179
3582.25571039294,-1583.87750155865,-6902.61713448897,-4991.60043952271
-2332.07992386336,2034.6728040519,6815.05239643219,3338.91518317561
-1541.38552167339,-1767.95772512336,3606.80821102423,-6582.63253348152
2823.96317087499,-1879.37175701018,-6311.26959445236,-4850.57463692545
-1566.33056640625,-315.696710783302,-6715.36422712865,-4825.73622831478
-2978.10049175235,1635.39473991885,-3019.88210329047,-6948.3966012396
500.062992095947,-902.844900690484,-6770.82490616976,-4653.48107467803
-1435.66332589632,601.848850825546,6908.21113197344,4076.27079540766
-2195.54475940005,-2624.37393430945,-1529.45507796704,-6735.47996667671
-1920.83313264144,1840.99755409635,6791.94294989519,6484.63937235102
3293.68288222732,-3156.23836955249,-6255.12291387265,-6446.69438262837
1788.43598874876,-3163.34065544465,2081.35267360473,7176.74115555127
-2384.75875431165,5160.68108844075,4991.8177029069,-995.409542079371
-1109.14871409318,662.623435919233,-6785.04907673491,-3733.94224366862
-1804.22477396812,-1516.87145820112,-6505.49833101507,4552.24499580091
-1289.90438437462,903.047533434464,7181.76675510391,3823.91137037941
433.25196874194,-1780.96568879402,-6899.81053141133,-4865.89175663022
-1325.41846939662,1730.42380722199,7570.91417319051,495.269951646879
-314.583224228225,2735.44568768901,-2112.83183739325,7683.8519300694
-1705.48121929291,-2761.93642900459,2943.93809480347,-7520.43846788874
1503.82937382795,2583.87563688859,3700.85497893559,-7381.78877611056
-2935.84640210465,1548.22192914566,6477.39113860373,4245.38960550266
1997.51526973264,-549.461060919732,-5416.53803386334,-4392.02819749685
-2821.40069119849,574.23966217041,-6982.11952094894,2903.2140641261
-2385.73950828762,-6791.96101077864,1226.99496288031,-4625.12692565073
-1868.38064414232,2765.09698005881,-6772.48225220751,1580.70897618319
-1070.19527473656,3022.99038197692,1259.75573996108,7374.35351432542
-2589.48955953505,6803.72029638047,2675.78062637324,2832.88090037056
3022.01825542894,-1584.18865426619,7179.36222050083,4612.50982483583
-2695.15691513903,1933.10935247164,-5694.8384027513,-6421.53966292344
7007.8460286038,-268.113842978269,-4096.00995833095,-1317.44322467672
1808.55199646832,2719.81010345503,191.666861631016,7175.94207329751
-572.109375,-2435.42559217302,-2158.75309419578,7278.41366819335
2759.93733719396,-1106.9779282144,7082.26103756398,5834.34282856676
1467.46477251984,2993.70685893464,-6069.96584592727,5411.90908831391
-1479.02258644762,-1039.05044914144,-3198.40587328416,7301.31242668429
1952.50758089864,-1951.67796669707,1284.571415483,-8013.15751001182
-1273.46740722656,-3006.67675358861,-2856.8728974169,6695.35062336205
1777.81619578394,-1157.16935379884,-5655.17951571263,-6182.40866649592
-2053.92182827149,-1746.27203717196,5525.10156554895,-5769.1125418645
-2520.60396837294,-1442.49635534934,6685.79168243319,-4859.39832074186
-5701.33814971089,-3444.13484718105,4629.78342534889,-3236.07973582474
2582.23917045077,-3318.75610283646,-3673.68650234054,-6790.56476034682
3916.64893177446,-3245.04408917088,5767.46099531526,6445.7907620151
2720.84198101816,-3235.28810940376,-6167.69580126008,5959.83358402703
2381.00117768649,2725.55551283455,6158.46521440086,-5808.63507665785
-1689.30462999538,2034.53705499715,-6987.86374233673,-3552.78263469696
1657.52606506739,-841.423186995112,6725.2802823853,2702.23085305979
2984.41058658268,-1728.66632744817,-5744.12739562108,-5364.55128142247
1530.41964052705,3508.2924302635,-2992.75207151478,7108.40484705502
-1423.41720099596,-6300.8121832112,-1401.84861882972,-2601.50939331539
413.661598753131,-1080.80539737433,-6428.94682070633,-4748.40500791928
-1135.41122453163,-3973.60499590907,1615.94540031368,-7336.95313574757
795.804069347231,3419.30812192506,-4958.86038286467,7207.44009062577
-1163.96520405563,-4091.5301035397,5552.11882414641,6744.19906487293
2902.2231402309,-1263.54877791409,6284.69642968142,4622.02816715977
-3509.66545525688,2088.18091247383,NaN,NaN
2996.12617937532,-6739.48229178109,NaN,NaN
-6.03125,6336.39885692268,-963.962124294705,-4345.82110878207
3863.13341667339,3577.38966836728,-315.989697802198,7908.01621892328
3657.70627905168,-6187.20369287889,3356.70580541277,1496.44060752014
-2811.87944396552,17.0075197403639,-186.46044921875,-7981.75206252367
-1402.06766735253,1658.23513793945,-7123.51014239652,-3194.5874013613
6669.00802020307,-98.500244140625,4561.97879560066,-1430.41708813645
-2464.53305710899,1393.87468018914,5965.43056275229,6337.27525384695
2713.46263729188,-1596.68563279758,-6840.46974923597,-4014.54811712724
648.932173255373,2823.49966873767,-4385.9823027304,5366.22333863861
1627.71038932979,6588.36925138264,-2819.77432589722,3668.6094765004
-3427.32897142826,1592.03618169471,6776.35235026999,5712.0246655672
-1048.83854090011,2031.23773223848,1983.56155785578,-7638.68523941201
2820.89987415223,-2121.94998329794,6735.69301685618,6201.76982222832
1596.43286428144,-2026.40462164191,7759.55248461066,1487.29228904023
1692.10211903175,-761.223000966212,-6994.26295557201,-4496.01239086503
-81.21630859375,-6713.27319914425,1614.92696120367,3889.32685423791
-1272.17853390579,-2259.56953525284,3739.12804772102,-6357.50342795753
-2519.05738394125,2076.55618106618,5950.59735914696,5215.30270434889
1482.62852292994,-1691.41765977553,6576.52312170056,4142.9260234547
-2377.37767836627,2971.51995724009,-3883.14284334661,-6989.29477854767
7302.1622341928,-388.22354888916,4734.57011637101,-1461.12489479979
791.374028337505,-4165.43471956317,2778.3474141234,7168.12811733777
3623.68081425435,-2145.455049367,7525.48369452282,1544.81434678291
1441.95828435941,-1072.35923457731,-6462.85428119741,-4731.41103632871
-433.396498174602,-2319.69417665952,5388.04841903691,6785.28096058424
-6457.94384155248,-3851.27435328263,710.028866411891,5094.92457857052
-2423.912109375,3101.33666286276,-2892.75708360184,-7051.22941963622
-1546.79119460142,972.096690254822,6419.85198568075,4604.54236963668
-592.72027872164,2757.59586720564,-2857.43846796013,7018.46164306871
-2413.38729650764,1885.89236823085,-684.837488589079,-7914.29002043566
804.471101496694,3174.92199030134,1447.78888341092,-7612.5137416884
-1238.36181640625,-2273.21867941635,-3199.53310294075,6794.32259520635
-1515.78044006479,2996.82702649075,1483.63785144775,6793.30121919795
-1516.22123779905,-324.463226318359,-7316.46148831372,-4045.03423240451
-2481.8421373973,-2022.2220860321,6765.55944190156,-4771.49796677238
1714.71110113252,6519.16972757432,-977.644880022321,-3724.25371090772
1423.23989088728,2095.39028813042,5228.52618540767,-5877.72058371422
3828.35837649203,-3909.79855100313,2998.29096575081,2871.06686842577
3059.23462890625,-3015.2920569143,-7650.26784847474,-2443.16235707733
-3061.37451171875,2719.15866459201,-5211.97527390149,-6521.72436913358
-2401.21047685298,1261.11753821978,-7601.24407328658,-423.691088360148
3222.9076963322,-1957.44544946082,-7426.48853889478,-2704.88300554407
-4863.30682981815,5397.79977021912,2674.91942007466,1649.55371559465
-1069.74413283132,-1787.23086554924,7823.66864360472,990.571076765051
1625.20771026611,-2250.08330014099,6535.57536349935,5153.40815024079
-2631.50981689592,-1595.27261583246,1055.29524401858,-7052.96803849424
-5128.6307331703,2108.39319947778,-2638.43778204519,-2883.54946165713
1725.56855364371,3301.64499024716,-4532.71646688544,6800.30215374996
1542.03955078125,-2853.59471171361,3836.59253410228,6855.83516047284
-2887.18952127831,-6426.85153813352,-54.6214980831614,3658.19322191112
-2601.7537281196,1199.14640122603,-7616.13006162874,-644.008498142371
2113.61707647081,590.711402893066,7369.67620033641,145.152620289937
-1619.98217010498,1121.57633515814,-6355.11529853162,-3527.41556851493
-2433.28967287305,599.793786310645,6180.34063921761,4933.37266360273
2032.13759344062,-2443.98250916411,6664.37462351161,3654.92177555627
2694.31143201296,1598.65100293318,836.508574535663,7449.98046966873
483.144178697766,3739.72287408147,-2056.15588295345,7468.86472117218
-472.140520669849,-3114.80806459567,-465.28819245539,7134.93199655914
1875.58908856925,2248.10898555769,-4180.95060644808,7177.34862961282
-7637,1937,-3454.34015022627,102.417027612344
-3348.96791429186,-150.976108698747,7225.67130013601,-4623.47906215906
-3082.23984582049,1508.07626744749,-7122.55610147346,-3938.33433509918
1893.43557188031,3218.99925392507,-4685.76493099108,6425.64896528762
-2590.25753976487,-2595.56614353682,4964.52670269684,-6758.98898542839
-1708.68831705597,-2674.14164890002,-6674.68375400303,4600.69779770433
1619.11119655949,2990.56466193232,6361.72025981255,-5723.66860312499
3438.90687704518,-2731.26618630388,6294.06929227796,6476.09390683129
-3212.0681326801,1627.67184384307,7447.80989700963,2041.9175959537
-3168.21961653516,1613.44283864016,-6412.42991599815,-5180.34104829742
-3206.95208370063,3278.0559262329,4245.46689651892,6500.48590169346
-1959.62652940284,1411.25484799426,5158.74318629403,-6012.17959803191
1288.46350856077,-554.151386169726,7231.2609702846,4181.10392103424
-3022.05509165569,1983.68541793993,7169.04498226937,2807.08471803809
-472.957423159951,6944.88023481154,-807.594308443159,-4215.60806972595
-1246.20996548409,-2200.29667448096,5127.70680258857,-6876.94521207524
-6664.62030524877,-2634.51511332423,-4438.04603743688,2694.3503772677
2078.95866048995,-1264.41289822001,3567.02264242885,-5933.40934498833
2050.90352762008,-301.233436495644,5886.44402365571,-6215.58100255351
-1535.68371444874,960.265557404326,-1508.73866270438,7772.42675873619
-338.700998107459,2822.62159929569,-3603.25270896078,7022.60686677647
511.769940556707,-430.571334838867,6598.77038967206,2792.22982702739
-2069.6350747874,-2938.89901006902,-3879.4101000384,6397.21829636884
1333.63672637939,2815.98113610127,2516.39822189718,-7453.28940382913
-2166.60227108687,1580.95182644742,6409.90357700172,3636.69229732525
-1405.66472787973,2608.36609035365,-5933.90228304221,-6234.02398199025
1742.29915365639,-7001.75144264574,2975.18626556305,1602.79545953581
1253.74329349414,4010.47777066574,-4690.517347485,7328.30968750516
3138.9248644381,327.212080778724,-6849.95266970585,3150.0346130379
-541.429164520195,6894.4308519057,-1601.47027476206,-4362.34173988781
2657.21078230328,-1630.80067643784,4857.53403904413,-6799.75330181695
-3104.29673019624,2492.29163397368,5270.04380344452,6217.56110626718
-1332.11522931136,-3840.15416815209,2609.56445643031,-7257.03570647008
-6096.0537313713,-2447.31040271143,4942.70930062857,-1225.92663628167
1242.37844527719,-244.361579561813,-6785.97391737753,-3021.44345050786
2523.66652542372,1550.30897472751,1447.02440422662,-7712.175953821
-1873.23088701111,-2829.59411027953,-4457.49220805813,6489.02211598656
-2192.52345674788,2895.45997174838,4065.65130265031,6280.46057740528
-2726.55965337298,1929.25175954071,5910.10144816281,5351.19940237134
-970.124573836913,-3525.62792751792,-4397.59296912777,6916.10873650939
-761.442705715302,6715.21152175682,2988.1092084002,-3285.4813809771
12.2518698895564,-4112.39081269119,-1590.63279565155,7392.61792251084
2477.30258704555,-1556.3519153911,7310.67962871741,3750.66599922522
-1975.79212630449,-3159.02770353342,-68.2113489842677,-6994.71131051447
343.385227254535,2769.59235659185,2509.83398034438,-6799.8800671206
921.28125,2980.87595139148,1760.65640669329,-7329.49910718521
-2080.91364035727,-3470.53648962442,3410.1425667012,-7227.58538124885
-2529.40244990099,1214.76304378015,-6968.71746084282,-2963.02785081031
850.079888654851,7206.97548131912,353.266383797178,4372.55088676409
1459.3069139354,3110.42751926689,6046.26438744339,-5791.16872823195
2480.15538266803,766.603709276331,-7519.27254574544,-291.143842436353
3048.49905237974,-2147.47424939008,-5057.4676145741,-6720.21357471381
2210.166803324,-2144.32806756035,1933.30795138476,-8051.29783879018
-1958.37731039728,-3634.49379301185,-1669.18161829785,-7389.18847678116
-1972.89804770303,-2662.14061592269,-1196.58166378718,7484.92183246856
2945.33383886642,-2055.03912664735,5879.72467127248,6581.99769883697
-111.691993713379,-2097.03515153331,3384.80769382658,-7119.5153948256
-2727.75258398238,2083.90543538304,6165.11223179187,5208.13607422487
-2246.44177246094,3344.46157030597,-3092.798760883,-7143.6867172966
3701.95359451958,-3564.12724021084,NaN,NaN
-94.82421875,3905.94757819649,-2010.56602936921,7683.62264144949
-1931.15254888072,2695.63156011134,7284.09836843051,-579.923459808752
-467.446558743171,-2862.44068090739,-3352.33347727072,6888.13304009995
2535.97405462185,-4868.3486167629,-2503.05637202763,-2624.33122420801
-489.637311186864,1711.85349791236,-3637.38002450769,6232.61071734033
1368.90222812319,3170.23598673755,-5894.05478725842,5883.89401428963
-3040.79209519527,1897.18293703952,-7091.93618225357,-3526.49122080475
-2765.31750004078,2685.10237632135,-5132.41666513655,-7338.90716353719
-1373.88168594976,4021.63254254771,-3119.14207948957,-7023.76995849957
2418.6966112836,-6546.81784727852,3356.74949645996,1254.25756953018
1149.57960374742,3019.0337444448,3002,-6988
1194.49410777349,-884.288627669128,-5448.56865380828,-4799.51523787815
-2079.43586036735,2043.37461618746,456.59375,7437.75493595459
1690.2163940256,3014.6184624566,5535.47998470738,-6252.34394312407
748.509446810618,1738.375,7593.71901154401,766.133209536055
-2764.19218925652,2290.66670641685,-7385.63837294343,-1016.92355052756
-506.182244909107,-2013.62565871904,-7811.44852878827,275.059448242188
-2208.54854596655,751.551097749046,6957.98490561854,3028.47520068807
-2690.8677884747,2326.11569516663,-6361.28316646111,-4281.4580404713
6586.32268708268,3639.3878684886,NaN,NaN
2046.05923612016,3883.68264069221,318.600840950784,-7186.63153965027
-1426.09655862592,-1495.49928819419,-6992.61194530559,-3134.15918311195
-712.706115219896,-3962.73294005102,6270.02709746309,6595.26450136708
-1397.83732928051,2367.51434814472,-6377.22211035073,-4153.583740247
-2109.93115644627,-2124.11757919069,-1001.24617484998,7739.89279471809
2471.04033382585,2850.11402818756,-6734.60908417739,5063.53595493779
6284.84270426719,-3304.37085242229,2895.79562113885,2195.60172807888
-2164.41545547729,2134.09161217467,789.276949387028,-8010.50962511542
2238.5144618012,-3800.87378412469,3162.83460988916,6830.98321336236
1724.33045637104,-1343.23604336709,6672.78933262735,4001.09306289502
3138.05330278402,-1582.51335952323,-6632.21937093657,-6336.41109452903
2247.04641642124,-2666.47887083858,-5131.98481271743,-6312.52837228673
3016.7862152297,1621.10459923007,-6588.05866998135,-6462.01798334441
-1633.31235193236,-2981.40605647698,801.373341574598,6770.99740878961
-2836.15228713768,2507.71850168746,-6560.81671173137,-4836.99675325024
-4258.1893972932,6853.5923517909,4844.67783098084,-1991.78283870998
-2366.38741033187,1817.40893300795,-7098.61325492176,-2327.30300877942
1653.26415704874,-1694.85479773773,6404.80094643047,4086.29885308775
-98.1974501861904,2671.12789724956,-3373.03547323707,7540.95480094241
-611.523652079956,-3309.10823371073,-4240.97594197069,6655.80748415095
-1190.5657124808,-3872.58887634317,-2303.43050874833,7328.93284630035
3407.8364894241,780.922376549456,-6937.47741834588,-5597.80048340558
2944.44295277197,-1460.54852088586,6204.60028945401,5543.30536750639
-2911.90011894124,-1071.8850106873,6788.46823509646,-4817.73569466403
1452.71977461019,-1400.09608822214,6652.75404127866,5574.64146445204
-761.600206644513,-3444.92976363112,6463.02526736083,4514.45932917675
44.3895504287557,3868.01287879471,-2807.36517962145,7355.02340985817
2135.07005086742,635.341734266467,-7816.67371011618,-1822.22856106238
-713.408377256716,-917.823399697581,-4126.69214392022,6256.88133217406
1742.2555809021,-3658.12174974154,3266.22998320594,6666.21154439079
3100.22526312198,-1547.19586917246,-4882.30572089345,-6450.16498018253
2615.6672065663,-1367.189453125,7259.95712796043,3159.54744979643
1582.11080460696,3109.5217905216,-5096.67665588199,6448.35235742607
761.758566542811,1981.28954393277,4229.39769047613,-6617.06614951209
1533.70222702975,3080.49821938214,-6794.69154010554,4380.35900945744
7364.79941014217,-31.3291015625,3471.33864005089,-621.75080198964
230.479923233703,-3286.38696226071,-3790.07589344581,6708.88041890793
-3023.70823064714,3467.05346013008,6468.10660117272,-4972.96327441442
3227.86989955869,-1145.29960303723,-6470.75351616431,-4616.89953012523
2762.21491461003,-1992.82408278638,-5993.36052254331,-4951.19997864098
-481.446144104004,7084.3145598671,2262.60909483405,2794.84781195401
-1328.94368780838,-3431.1511135879,4339.46981853957,-7026.82483429843
1944.29958941485,-866.435356568697,2413.69240161969,-7567.2530057407
2594.26223266228,-1255.43276005767,-5432.85461113722,-6351.62370828818
-1908.78951863828,1236.51215559114,6364.46352285569,2802.35434752535
1296.87916580732,2795.75571720225,-6082.26201691374,4795.69000839273
3093.46090050598,-1930.2656123932,6827.93218314042,3788.12261482867
-1145.13345007244,-2144.93653610637,-6390.55379236608,6162.16191910738
5218.66861056308,-1603.88934730939,2532.63006013874,2111.63359917504
-1892.00667977044,-2300.35368050857,6062.65207557178,-6562.5529116961
2476.88489902562,2733.7379527732,-5752.60329483886,5416.55635055958
7021.96990913384,-1133.14174038609,-5225.9823909493,889.77968614461
2975.72522343222,-1597.82417783798,-6874.08057642067,-4848.40687010101
-85.7085356005427,3968.45963300758,4056.99073943817,6980.02944406482
1649.77991832265,-1409.17349420122,6836.06929312026,3908.90752196517
2455.67840914093,-2204.65564657078,5949.39163455091,6053.53822722245
-257.918014526367,2261.71083312936,2169.99924048416,-7267.05057007743
-2145.66143435935,6213.14934158948,2900.74439853181,2032.26056463204
-1058.17999123736,-2206.56905989698,-5478.66316321957,5690.89243765122
2469.53845672836,1292.57581573896,1409.27997551895,7090.1793506932
-3013.69500354101,2724.05574585433,-7368.16953802334,-3305.72775685956
-1562.55654754032,-2841.77475094432,4317.688666668,-7095.0050415167
-505.060580940489,2051.6072840479,4109.56579092086,-6504.55134544847
2070.35536537474,6350.49200496935,-881.077139340152,4366.81986913589
5738.71856073867,-3830.5604636448,3459.94229658866,3166.72172362717
-2633.5174856891,1794.0095733849,6612.17062921615,5039.52305452663
2311.20468258132,3099.15802654877,-5388.75619803499,6302.60338869952
571.838546304716,3178.4417174257,-4654.59721103957,7058.28163483861
-1277.79826378371,-6152.03178897853,-740.31185542789,-3463.65091368645
332.45488405734,1697.57988072075,-7704.61787187441,-1116.08100071832
6267,4640,-2403.73982778339,-5459.74303516208
1263.90841128751,2349.67473737255,5960.61895950827,-5993.08599071438
1518.58445222095,3543.18342638487,530.085728512264,7431.48280790203
-824.590464786207,2453.21666470147,2289.4718006961,7103.54250239735
-2711.55452908286,3595.34279148036,-4478.24282939243,-6160.42202398651
1307.36483214251,3817.28514914777,2463.15595434475,7371.41232827321
2032.35879257284,-1888.78851387622,4636.68707109971,6541.97815099436
1911.61460939697,1415.97356654561,-4467.72807090499,6816.06962904684
-3503.92104082426,2098.78914877438,6633.77092920408,5136.68369516003
2003.52720677131,295.548737529263,-112.416269938151,7307.63381641644
-3066.32884802714,2466.50222942791,-7352.3374609248,-2870.79974446343
-783.348064688361,-2075.63097364845,-5938.83108044165,5802.96711572447
-359.496205205503,1413.2214226152,6781.40865176315,3292.82652084662
6519.36272835424,-885.683990478516,-2947.81460402417,-1684.06152229022
-1276.96970740724,2788.74085182949,-6911.04299152852,3160.06138391344
-2525.22920332573,-395.758847475357,6669.67345341493,5327.26354467823
-4981,-5892,1329.8081255351,4184.59213182636
-2684.46277728665,1473.69726726389,6115.10342962089,5506.86709878155
2741.43362931633,4855.85519804911,3598.2527571344,-2238.50077582348
-1593.54849555545,2190.74512761611,-7508.16555590395,55.4161471212575
-1364.97517981508,2969.95135362298,-1271.55732679338,-6909.65010676263
-2508.42934827735,7107.561336079,-1710.53898323356,-3854.29661584503
-867.367248535156,-3192.25269869017,-1387.86858747363,7180.80639511495
-1818.06413080421,-5930.79123644087,-3408.7524477521,2621.96067802958
-2825.91955921237,-1500.31129450497,6456.73867702568,-5151.05800373531
-632.710273628409,-3846.30165752367,5923.4998620196,7275.84297204685
956.701149646905,-2238.93836374228,2491.17639580182,-8019.42911510097
1627.52005663502,2661.74747942909,-6315.36144839637,4872.12439735322
-3103.43433129148,-2631.74275641678,2854.95612044832,-7438.70630829244
759.857819928324,-2796.71588458829,7499.67008036305,-686.018769968624
-2607.17386606334,1317.65,-7706.99279643643,-831.233981492973
-3449.25376498108,1665.10631350143,6895.96675789867,4573.83720656822
1738.93057781129,-2489.09910185572,-5389.81970640391,-6942.10088284459
-131.104332023123,-6772.75033815834,-2423.3031897297,4455.35587662855
-3983.28997537723,3312.90592848357,6006.90878582753,6494.34795086653
-775.08530481481,-3121.14813207633,-4202.89020624164,5873.04603079614
-2179.68849709455,1207.03326650213,-6530.00473722852,-5193.26635842894
6239.52320627802,2219.71730011792,-4385.69507692584,942.08626647313
261.216605965069,6455.22644533922,-633.807019401999,-3659.5170262388
2543.54284785908,-2115.90661621094,-7124,-2286
2056.77728026597,-399.870483398438,-6474.34649223411,-3302.35461726627
-3327.38584624299,1727.70343612651,7865.31515347335,1527.92083017338
-748.566460407726,-6734.66356359385,-2910.8403352949,3085.00510098184
1900.7057504623,2864.91078347799,6469.37179709089,-6263.37963820208
-3.37761041064027,4104.39556339835,-4515.04651285557,-6878.54858534204
3250.26394912744,-1151.15794803385,7584.92060532249,955.07364182574
697.946533203125,-1366.17479076664,2241.65367752281,-7541.49888306826
-4380.54242306278,-5256.53488621189,-3740,3016
-487.548447815801,958.720224802246,-6696.91397805461,-4888.08810004083
2559.97810390127,-1778.13367843148,-6084.63347793039,-6172.49038597952
-3668.06241303546,1093.15354634741,7262.75721394591,4132.35354909316
-1736.13554895611,-2582.69731880831,5025.95999398211,-5971.27768384977
-2747.79395464524,1164.73666622588,-6090.50466993811,-4619.76696880091
-2343.33449547675,-4923.33735632427,2770.66011259339,-2881.09327829957
3828.33336003288,-3283.49229010252,5828.81645380543,6771.2191517384
-1577.81008305001,-638.682510986742,2391.73372946696,-7623.80069095693
-2008.12640947784,-1235.38270060221,7298.23313073724,3168.28926765987
-2875.82920836856,1548.6613874451,6348.23069131954,4018.02020246093
-1463.00718608169,1311.22405948512,6856.60695048334,5597.57674474778
-189.230060362605,2879.75927269561,-4014.54809786898,6682.16099344884
-5550.23299231315,2255.84735967159,-3609.53286140148,-2158.75146132353
1550.31621331211,2784.06677193745,6357.78726923037,-6047.26241614847
222.097113910869,3731.11397995958,-5546.41828226412,7110.64228787332
-2480.55205025505,2908.85210028759,-5375.56437124778,-5790.40303320811
-4927.17272295114,3990.56511146354,-923.401122750774,-2336.59120359418
5172.4722086138,-1148.83003961074,3107.27938846209,2026.85850765706
1423.55857849121,3470.26642316598,-1796.461604947,7617.33954618093
2300.05987207983,3375.570563827,4242.57896009349,-6846.58424275014
-1157.63797634353,-1908.63941738753,-6101.59887145197,6478.70378271932
2533.57972933723,-2340.66590661043,5735.30799601442,4925.94183033385
-1353.64025578354,6360.24781588235,-875.598727450651,2485.61619001706
-498.536880493164,-3378.63408510397,1695.12959661527,-7405.10925780369
3399.91984057689,932.597926950604,-6949.76166688064,2175.17872960284
-3390.31655251192,-1871.89250553642,-5921.99971969442,-6713.70445272795
1964.59709391915,-3107.31454689188,-4059.01004748219,-6395.97957337293
975.317061225453,-2024.35236483399,-4126.14782226918,6610.70027597227
-2195.01714969506,-1984.02406989853,-7070.8168063015,-5149.1439718061
-1594.1717714479,-752.318971068659,-1643.09798895428,7916.227644608
-2299.20567460903,987.847908501153,-6456.3670943492,-6114.32629779288
-1436.09203122185,211.23624420166,4495.5401271405,-6267.95125742467
359.755744109387,6264.11093609213,-4323.96806028691,2138.41732769071
1143.60892321744,-3555.84062986849,-2628.31401515822,-7077.19636925705
-1846.42698517763,-567.063902766068,-6723.66094978452,6156.01366738352
-749.145663540483,-2393.17058645874,-6001.59396874175,6541.65812166299
-1311.65128431238,448.509066812396,-6527.83303286619,-4005.52835141471
1998.16270348334,-1091.73307959769,6237.61583776282,3625.51457755697
3138,1859,-7324.78399371297,500.345153808594
1719.96876560117,3921.46147899746,-2184,7539
-1924.82660666501,-1922.62533321477,6147.33652451086,-6357.05286921239
-7371.38526399769,626.730144276361,5211.99168228044,528.296875
1168.38497566396,3124.488944947,4412.98828511306,-6614.72593191412
-1756.63435914415,2587.89434025655,7168.59799222841,3007.14967096566
2546.80587885652,-515.732421875,7198.10084575136,2620.90058241515
-4031.6560336692,7322.01636238062,-5156.38685524663,1469.17072753906
1758.80439344383,3197.43207018014,-5933.32019006203,6080.67320384769
2898.62884165824,430.075271606445,7287.26252643924,-405.691112424107
420.198027316532,3158.5854530532,-5181.58673343054,5993.54037519441
138.484160201308,2707.49506852299,4222.74458249706,7044.70705773298
-7338.49843924021,-890.142346272555,-2547.80747998677,-2810.15218729813
3432.24415654655,-765.712180164325,7425.42748402576,2593.02145601182
1215.97998030951,3789.62815779736,-668.306872263653,7312.36685810176
2974.57336793273,-3123.99749901318,2515.33534390533,7323.12698345047
2537.23539330559,1880.0381285708,5724.57564958578,-5177.06352029883
1753.42636871338,-2283.41544349733,-5636.51554605609,-6868.72903092767
1731.07526958069,7036.44261333205,695.783780161388,1844.86689493189
2126.63002388164,-522.972580221457,3594.19065990774,-7004.08852949134
1064.56696722094,4276.59429199903,-2959.98122288402,7034.99425561793
2258.43745891175,737.192393290639,-3658.78724947286,7496.11824560536
1998.74984676536,-1721.91087948379,7258.60200861576,1915.31868743603
-2262.14252886581,-3620.10156626682,4155.28332502133,6924.90958741159
194.736367747651,-2581.13524382821,-7453.03373287466,-231.893109633301
2524.97311305635,-1863.89923894899,5378.63416555758,6193.92440816673
-2923.96807082842,2988.64557449732,5874.68219131553,6030.24181548615
1241.92233326793,-2096.94679508701,4839.38346089425,6569.99870747386
-808.564675885056,-2159.42941649372,-4809.21336098398,5922.27151637194
-2721.06444978543,3131.66865231766,-7418.38042906637,-1226.15428590712
-6731.01697850165,249.475142294117,4410.61793305609,-766.437586905425
3434.15297354257,-1938.01164587565,6304.19932403258,6430.63647537445
2639.93186882155,-2122.33383088397,-6010.76599661424,-5366.49449294213
2296.91269423484,2650.81824180848,-6146.19048310082,5552.49383509935
-1755.39869413351,-3053.22714118118,-1655.79784564906,-7418.22896442969
-982.204321106126,-5257.33183055039,-3540.24913758664,1622.07677380245
1455.41772460938,-2677.30960964298,-1663.52707020302,7869.22473215911
-2123.55214328554,-3003.71671759149,-5298.81170905922,6042.95578331009
-368.827714007679,-2881.94848958099,3986.30230438554,7066.54425587807
-2822.48044344562,-849.867158494101,-6411.09431874246,4021.71446949869
2208.74686728248,-2612.50854492188,6392.11926042942,-6928.17134632294
2999.97592406455,-1669.68395504016,6438.20362710365,5881.7680426057
2290.5287779086,2339.24254070213,-6770.50072559233,4060.00588962331
