complex_small_real,complex_small_imag,complex_large_real,complex_large_imag
-4120.98055418974,-3074.88065859728,2414.58355002697,6558.16876448241
5748.82849067548,949.810168086946,5667.66763753861,-5987.95845001437
-4142.62800036271,-3997.55092657099,-3475.93265607083,-6103.35712704796
1033.86291048148,-4953.57285344787,-1020.00849220969,6863.92109004434
-3232.23550846633,5459.16410256217,-3308.06592624574,-6263.22551013422
-5018.57770566995,-2639.2274230957,6241.1694443905,4000.39632004797
5393.71578270196,2083.95050013025,7917.79276318854,-928.784920225335
-4141.95358635778,2586.41289276402,6607.67863302648,-4884.05631294427
-658.375001972041,6110.31946226054,-7683,853
-6225.51687459716,-645.66605611644,-3732.23745819398,6331.27496071472
6437.53082823192,116.155264089773,-777.889984130859,6856.91696801234
-5291.66707952497,-1890.94059717778,7954.08989693942,-1730.04608632765
3135.69400484194,4339.74241295043,-448.715831676451,-8191.22500671616
-4294.02449717699,2823.77922314187,6247.61119144024,2157.23007637854
-3262.22059202,-4893.6941254032,236.10612672869,-7312.60289705951
4801.03268735128,-4234.9214524803,5524.82225913644,5636.22568340414
-5173.87489379158,-1010.23311712129,7380.14184421992,-2985.57552923264
5458.99646522149,-3046.5613519246,-3678.14553391024,-6120.63138810435
6947.18541802284,1595.05918220947,3015.21349328285,5649.34526975176
6302.69769460956,1459.14267699493,-7493.36086099538,783.71453682365
-5604.86428234323,58.0292411603426,7696.51885650008,2511.3238812222
-1645.77716796798,5957.29169745713,-7367.51529301038,-951.129844767253
3816.15499913575,-2607.44191509352,-4470.95554577136,5665.32967189141
200.35009765625,-5810.88678622605,3095.64981714943,6752.8250885867
5599.15882684998,1717.16308313254,7741.94524984992,-1113.63085504986
-1188.73981455351,5722.20164014777,8144.6912856798,199.404768595838
-4879.92911480969,2188.42248219175,-7871.69433320676,886.285856774178
-5564.64146692328,-2659.66715777753,6617.5028460349,-2972.3880898907
-4249.36235911885,-6162.48701003587,5604.26209104807,-5943.91484403445
2557.48864320391,-4395.20173452342,7618.35488790293,-3048.3276117463
4003.78139162182,7035.08352405526,NaN,NaN
1916.6327557279,-5216.95203029214,-6990.47776876737,4263.1142892226
-5804.06712151473,2997.15579694669,2284.36472330121,7452.24917768235
6051.0717469072,871.320270034181,-3575.31195404482,6547.01953987412
3835.7712247404,-4143.30426531031,-4978.62686224469,-6271.67844915761
-2756.78954377565,5017.59619716227,904.263641674218,8046.01727830416
2101.97325311118,-5675.99587563469,-4551.2672839907,-5975.53350486151
5455.30606285354,1937.34086859122,4633.28966536243,-6678.26413357246
-3742.91447845976,-6101.41757056535,5065.90625978198,5407.1137735009
5760.750174029,829.907687057828,128.4384765625,-7785.37923078464
5188.55532611441,2580.52353770235,4015.18869092454,-7808.61744304853
3814.01858231097,5418.86953101484,6640.51986943837,-3302.31239983109
-1202.16249415656,-5867.5098898443,-6872.32258917287,-3627.1598329848
1550.76751373624,-5753.29044771994,6699.71672107914,1447.57760656079
6276.18310822641,-1598.5707617815,-4943.70644232095,2211.09235028116
5082.42638746781,-1671.63863952722,5841.92920788752,-4548.87821982387
2936.29824757821,5345.11527347764,642.717808563307,6455.60780839225
4408.54590093982,3543.76374828128,1143.84059338543,7584.0528773755
1935.09723964868,-4773.32880607636,6929,-6346
5809.62956487054,-1175.81906164381,-2756.75533860604,7242.20596492057
6838.38430823747,1021.16163552672,-6512.74416487143,-3500.82073404385
1146.51316378277,-6750.28695622,-2891.42653683252,-6274.25757155805
2312.01408697094,5854.37155538229,-6880.44561201717,3105.21878177904
-5747.94495518803,3387.14186288556,-2460.77083707528,-7519.89594623371
-2455.64571399553,4818.64660757819,-657.6303634706,-7858.53672328266
-4840.77412057799,-3271.74769786642,-6202.70820360912,5096.40392668578
-4653.25583689479,-2680.34796421038,7751.65359008716,702.923830578675
-4743.7852763596,-4151.36190392204,5973.68556145657,-6446.12276514707
3343.66411632237,5725.12408514292,7486.35100477275,-703.257371882174
5154.49485546899,3711.44612044795,6858.99909515827,-3671.08107409119
1054.14740978752,-5777.47397893318,6836.29253643341,-2753.22426710103
-1438.32668076855,5050.49395378784,3160.75911669368,-7176.43319919004
-4661.7230411456,-4259.82428886566,-7401.13034229411,1470.842152091
-6155.02106467711,-1434.46927611157,-5666.61291422985,4091.57680877235
6614.53064211799,851.009131187494,-5070.54092148811,-3801.28894818703
-1906.28686299312,-5451.03363838169,2057.75260358452,-6538.72328706046
3752.09546372098,-4566.6606487236,4855.36636749811,-7006.30478852889
9,4952,-4143.16768762113,-5236.74828325649
-4629.02605221728,-3625.68799037292,6496.34816221665,7186.48734628049
-2523.15327575327,-5844.96714672513,-3058.74944782397,-4794.71359368252
3043.34897096913,6023.81626974412,7261.56516379948,-1191.66748202278
-6298.27887148739,-3601.32231643713,-5622.14601515476,4588.90731691829
1196.55365457096,-5758.18981891251,2777.07789319891,6676.95055773112
-6373.18180109889,3791.06275847959,5470.26416004373,5567.73514783845
390.867402460471,7147.68319485269,-6142.40519893998,-2870.11909450218
-3922.57967834795,-5892.58026448815,5586.24263542191,-6320.66578959225
-4559.60125331085,3313.85788763877,-6475.17085379246,4842.96367244869
-2111.27460832939,5413.87214331158,-6675.33738255503,-4550.00270218202
-1317.18795977519,5437.7985341117,-3249.70909766948,-6168.41706972791
2543.82589069246,-4537.40527088744,-6637.83277298347,4523.86293998317
-4685.51616303359,3807.7915997646,-2184.43912086961,-7311.79099275626
-4156.64585098963,4351.50727577875,-5323.16707776441,7429.48971532359
-4643.05291250443,4277.99317585652,6902.18514856184,2276.39784277085
1310.4255068946,-5588.45228753875,-6352.7602161147,-6240.7594955125
5818.0381457534,3229.3116619023,-6998.02548611591,1493.54751953264
4148.70711386747,2968.28445632134,-3938.76899132855,-4990.33937070081
-2511.34207584464,5356.53399505484,4036.20391408558,-5176.40911681103
-4607.7918382884,-3033.59698461713,-3325.50372867399,-6694.04826481015
-2161.11328875782,5018.56967900933,4705.39966905604,-3905.60342756129
4856.11393773444,5126.66083979319,926.042379242741,7021.4752508457
-3154.91775130155,5009.66696686646,-6119.95805707514,-3784.89794428675
-6053.26105105866,2586.08126596304,-686.446150699289,-7074.87922199461
5801.16449210879,-1856.52384690497,3897.33955208042,6565.26954001563
-5693.01697752665,1791.46038216918,4310.08430714714,5905.44192362365
5155.50164344838,-2928.9417228082,6965.24672109803,706.256988525391
1086.88979769159,-5568.71927006287,-1310.87024730313,-7506.94709303789
-2997.00496315341,4459.16329591195,-6987.12112330772,-2361.03313232539
5488.48594887885,2480.42935328171,1857.10502059499,-6869.85255099996
-1531.5776238153,-5689.93697575284,-7391.43823034217,797.1326500388
-6434.32431283306,-2374.38289023275,6911.64135304289,2443.42258504022
-1793.45837725721,5217.69606268653,-8043.92123464742,-271.984254807692
1388.36190560318,4988.38199827485,-907.470501989634,-7490.27366982577
6216.29134469235,-2567.73683912747,4425.11625174038,-5973.12474925863
5566.14658901104,2704.22181553453,4149.7445754669,-7010.6923037644
-5185.96361006423,3988.86050971891,7169.23416908924,303.522020311778
-6192.16007659455,896.51620607501,3887.84696573554,5033.91001921797
-6018.21924958125,3411.25404306389,1895.37124113873,7588.54180482998
1565.25131985115,-5240.95136354482,-3442.50201029272,-5837.45055262131
4987.89812636892,3420.76586841346,-5309.34740498352,6276.91484950556
-2212.74100090532,-6338.21016542474,6685.52096535905,-948.52150835821
-820.456854841926,-6136.02963601069,5447.68522492593,5125.61283799697
-3150.20670673386,5042.69722155019,-7479.82770608269,-2550.81935848914
2953.75627091871,-4932.03238912011,6693.36609458533,5465.63659580286
-5425.91281938669,-1115.57762823274,7228.37782059194,-2184.33717481387
-2484.4206237749,6657.51593638662,6078.08851073206,6013.39913743018
-3617.07799443505,-4400.95928953721,7167.20935576238,-1359.62893479849
-2171.07134430429,-6024.10708884956,4779.6037025546,-3815.85714217139
-3627,5645,-3807.08514309011,-5715.92601388672
2643.44217566766,5595.90677586871,2998.8881361699,5160.25890428581
5478.88181506702,3572.14663458703,5839.05406189177,4546.54752761872
2776.76397233393,-6183.40683869774,-5763.38069126225,-3667.24342361299
-2466.88713108959,5386.93356120017,7119.15563855998,2497.24691678387
4785.37510038545,-988.055363995388,7366.70031317934,-1739.08858394563
5191.21330087564,2121.50074236545,6476.69954660342,-3065.00846618934
-4923.48707852734,-4085.11549899675,NaN,NaN
-3124.67776302827,-5468.49821744562,6775.14147114999,760.791456428211
3552.24338789383,4838.86844329179,-5939.34984058945,5430.26486096342
3878.5525909546,-5198.60733174646,-1945.73486970823,6308.49242612659
6119.37921937262,1350.79422184626,6051.06435636786,-4535.39045404564
-4406.67731756753,4563.62873558389,488.351929045682,-7750.46270083125
3239.64452678244,-4903.89776876933,-7960.1728508125,-547.073504059266
-4082.69555568643,-4772.15521696833,-5615.62944399804,7060.60969557399
3879.4835859359,5270.80657875687,-2888.46170628765,-5708.3466437689
2543.34193990247,4389.78486655686,322.240356445312,7775.56231484207
-1353.01970368343,-7007.35609754863,7273.17979905108,2203.05926946046
-4381.35312983588,2077.26396310206,-6545.76600409271,293.8858796255
-4762.42776005169,-4457.08159422692,-5620.09160958904,4933.26770531376
4810.12305026868,-3683.15539726556,-3318.17625745998,5780.55132997949
5436.23604403384,2121.27349495311,-1108.96020974707,6900.75886063891
4162.55490147376,2269.5506808893,5852.44776011356,1457.51575223653
3641.95955147558,-4053.96892124858,-7330.4270580893,1434.54857591795
5345.04839723822,-4081.12211244746,6131.45123528824,4995.02009019246
-6151.23452252967,-674.355285142745,-960.837918386409,7089.85563092699
-875.015762380337,5217.71159813349,-5506.81386323397,6233.02343484059
-5970.21302337724,-2139.00248052974,-6447.46061024026,2827.35029009457
2420.38669983127,5630.79458342403,2367.80981456969,-7187.57800104662
3973.40090421573,-3774.24147683284,-7537.4066532629,2508.30848678666
844.976778628426,-7247.08830536005,6489.9668721326,5460.29179886521
-2145.84710033977,5150.01660373941,7950.75112602858,-1525.35400423185
-1913.11624796654,-6797.95175485679,-7682.95372585994,200.9580078125
-3632.31804960393,-4519.72813997442,7253.53837326893,3268.31709877837
3346.66618161822,-5353.5400597818,-8034.93027436781,924.557169544453
3266.62170283973,5722.60247811486,7211.84426848075,-3504.94558278922
-4397.83499295593,2900.28848414821,7266.59954868875,-871.566933598854
-5617.64822885581,-3749.47685675983,-6700.24786944969,4744.96945669028
4208.08348224106,-4137.54519791228,-7691.18906694043,-2117.23632486532
-5146.95952216226,-1363.18716782688,-7968.95736705282,-668.512979699666
4196.18313361034,4804.10596117531,7302.78678129232,-2157.88370597341
-354.982600209983,-5389.59067166339,-3413.79016377054,7660.79083622064
-5075.18329656543,-2316.53538260373,-6351.90165658094,882.697173833799
-6559.95064792209,2921.42901796743,3829.62542979811,5300.09177196256
5967.76770310198,2376.38295933594,-6357.81147478101,1053.71929678293
5681.00925404531,4248.36397864272,-6768.15758488852,-3866.56203479944
5423.71639406893,1729.75853181992,2470.30841673179,6293.88986603787
2102.44751400306,-5039.49983915033,-6735.07405976734,2945.08367550218
-3080.03261865035,-3785.15269011823,5848.87089782062,3239.46443579554
-6036.38320559507,-1471.944340949,-669.11885165683,-7423.09284301727
-7036.80517263281,2268.90995112994,-5847.59460366226,-5172.03243641329
-5220.28702131836,-3381.06113552461,2441.35487626811,-6802.58605350708
5705.01010439377,-178.155906715974,5791.60434397217,6022.29487219288
-5680.21309236995,-535.494138336622,7588,-3343
4268.99731072821,-4344.72501807056,6737.15276829371,3264.75160032067
2350.23963447204,-6547.11267402474,-2038.36836468031,6586.03700250102
-5634.93116890127,922.867940761854,-2459.60418140223,-7185.43693668735
2235.18895824806,6674.20292590655,-7584.00454183397,-2038.13876157774
-6109.88056406851,281.953400728488,-3069.52063195506,6684.46378927282
-6340.31907410869,-675.05448798887,-5145,-6690
1211.57313144578,10.4274760905288,-6285.84655734981,-285.526930664063
-2763.4685523727,4525.16305947955,-5747.45593406249,6044.53835298977
-6235.58239352899,-471.51599406678,803.388229653729,7785.54783950753
2885.45137370462,-4661.24759719503,4419.05583312673,-5683.25246781855
-6420.70289111807,281.814659926471,-524.817539544753,6936.9725608009
-2134.35980235508,5789.18753704753,4330.9758054249,-3718.63364431049
1947.62136832896,5545.86314525945,-3095.55328248003,-6390.595192422
3555.86303539698,4271.94551665435,1880.98036456731,7300.8441122828
-6530.49963428238,1557.81815299451,4622.42269745049,-3369.97677235734
-4737.54858555637,-3813.10695054009,-6258.67859012265,-5765.97455136058
6195.91242978715,-2952.45763225395,5787.33020075971,-3094.51753837055
-6324.21017263799,-3338.85229632023,2468.5496848729,-6816.35482904311
5211.09644572576,1791.44050297243,-5664.66764784487,-2843.52044307309
835.814367419823,-6000.42659823012,-7337.57735398533,-1006.00572786902
-4972.75568184931,-2474.38390031765,-6176.15158960988,3876.71836717038
-6117.07782117893,-447.368969655735,6932.636456937,-1638.21237816298
-5394.57708297423,281.525381895141,6605.30741025731,2518.36776267377
2670.20236171078,5162.44721766483,6594.29421229231,4155.26602655607
2073.5053707062,-4616.62118262396,3169.14335943829,-6309.25795694795
2935.95576280874,-4794.62705887752,-889.837138050143,7385.11347831461
-4343.26114198441,-4809.40979660485,-3539.84420602023,7200.81886028404
-2034.31782682742,-5608.15478738691,-5345.38532570146,-6448.7056595016
3675.55325511645,-5671.99114291929,-3095.77835617727,-6534.91115153402
-4993.76670153933,1883.47212215439,7615.91679680041,394.824775014815
-4051.25937276149,4742.98187516917,-1958.22147689646,7336.38722532357
-5423.39787910398,-2139.9714490935,7110.10547322947,-3455.46465666637
841.972294304775,-5840.7903687632,-6138.81183061913,6004.97000301708
-5225.6596412919,-2355.25682200683,4349.41173833278,-7066.50664613305
4133.28713740824,-4521.94520247641,-5875.1198387945,-5329.78036953509
181.006379894588,-6299.47472972355,4119.03664924245,-2855.76527273354
3497.80306407044,5518.97137604845,5747.28193876916,-3271.45538194001
-6683.36453453837,274.933119847224,-4229.4107369897,-2927.38618552236
1155.69734615169,6493.14150094098,-4115.40431123759,3808.09365272117
5142.76270213253,-362.01392364502,-6981.79230147776,67.2011167005378
5321.1663443808,-32.3084106445312,6966.76473908652,-498.890197870703
-5435.36582132414,1258.40373777274,6928.70865418829,3060.50169107595
-3834.62405007786,-3857.44466820278,6009.69895921513,-3088.5871394595
3850.03716903879,4184.22231558988,407.112350463867,-6922.61596568467
-158.091259855286,7666.12886853942,-7726.24569576301,1149.64900223022
2084.04125326095,5320.85389642506,-7212.05468020841,2299.6529947747
-6505.03033310328,-2507.57430417828,5724.71020092988,-3313.02467607634
2975.01132533209,-4379.98142123808,6918.54853362304,-592.391085486198
6276.05994141411,-1411.37349432479,687.686354887211,7379.77830341752
4492.12706638902,4625.7905694678,3307.81642932532,4965.46786026642
-2428.46571257365,-5459.72605633274,5922.46507913216,-5972.05986820545
2644.48872595764,4755.55987226062,381.752426066584,7403.54954541589
-1812.24305301753,4636.15957124154,-920.15733013513,6387.45968684711
-2283.78453186531,4600.08568198249,-2027,6962
-2064.57651046887,-5629.7640504057,-2890.83542479798,6103.27002912973
5605.47013398352,479.714960248626,-6833.95485047201,-6190.73856382135
-6137.85205968782,2520.43478742547,-1704.87106496313,-7453.20250873568
5430.19295512646,1417.32724703987,6869.28772876054,-410.342231406628
-4285.86137431814,6716.90306516896,NaN,NaN
-3882.25135033846,5042.23667148783,-3618,-6640
5211.03062339839,-1755.14113943735,-6148.77295591943,1527.00634080969
2878.99237055697,-3828.09549425663,-6609.24814621925,3113.73411762354
5863.18437073971,-1298.57633452325,4332.49784243634,4613.89148202329
-5752.86923324884,3956.77709053658,-4444.40908109618,-5666.89235645546
5785.75834014225,1164.02839997757,179.532958984375,6705.51490878899
3914.74317369312,4265.28027143391,-3558.90356436365,-5746.10385273367
4901.55482969709,-4251.4542786303,5800.96959871237,4097.78998635831
4835.15138481294,1479.21621554128,-7841.5488636191,-1993.422185952
-5613.96107398949,-634.765398355523,2495.68346838705,7115.91066275153
5111.2752287563,2199.55544222159,620.43253264395,-7953.86854478397
4537.95624875768,3704.32186970185,-5222.4094231884,6943.47419397232
4791.64851137692,2384.95916499597,1067.84481577368,8062.15911417208
2058.16706205867,-5703.96190884035,7353.0787346117,1324.32013052089
-4667.20238671774,-3690.27971478791,-7468.63641044685,2554.87012002117
600.556599417912,-5593.59554460565,247.62890625,-8111.72665418685
-5717.18356114556,863.327214167668,-3936.59553839258,-6545.07474891531
-2828.64419532574,4622.9082540694,-7436.4231316039,-2873.59225207625
5521.63857470027,-2282.89357632478,2486,-7204
3715.03072748379,6145.42313347943,-6868.77444462332,-3540.16057808852
-5202.42773082159,882.027458661868,-7032.34707333213,3911.94045821033
4441.83044548337,4732.92951381015,4237.38069908815,-6403.0499167565
-5452.19449534644,-2254.33113110652,6316.96096097879,-2812.48343585988
-1424.79785420825,6899.147730285,-6747.56702615109,1420.2894222769
-6425.91988618785,-164.959747314453,6273.10045141435,-2861.51981273718
-5131.33220356517,3177.73892487529,-7066.15678329057,-1790.10334282842
-4880.48822318422,-3730.78117460003,3474.25420510937,-6299.92792904353
-3562.22562671307,4333.23552096341,3274.50309980764,-6199.28457132069
-3887.74761905334,-5216.37725104653,6311.98222485091,-2785.51002406628
6313.25166754437,3368.19581502913,-5495.80174577621,5446.27357664441
1561.54651687182,5001.71939582782,2695.4786973562,-6441.01562196204
-137.57789075869,7467.75316630816,-3185.31219816347,5581.43712016176
5725.0410796785,-254.5,-6735.23772382775,2950.24937158218
5550.47731801321,-2986.01168458455,6958.38289865994,-2404.92837151778
-3440.32153691722,4224.90094003535,-7617.76321171064,-1203.5864426776
-2747.30110180105,-5683.30967509388,5981.88221721522,4820.2400430408
-5125.57188235047,896.010699728261,6551.23635933257,3200.49216358542
3424.07866233599,5507.06137714288,7585.41875517556,-35.9714050292969
4812.05020312106,-2805.97488365689,-7689.22393463818,503.896304018045
-1555.8110892038,5781.89132036291,-4344.26388407566,-5767.91843566108
-5894.51102842456,588.337050482137,-1845.7632927485,-7710.26470513481
2797.97417042325,5111.46147334087,2750.70373532827,7153.14638217254
3481.28636758391,-4075.2852830276,-5955.79916082164,3661.71432108479
2423.24841454452,7100.73503229302,4918.99036887143,4849.63009993621
5784.82019940512,1811.26398242632,-5139.7841792232,3738.64793558866
1868.03861866439,6712.89138671582,-6407.39621893636,-1228.51953125
5232.38370567789,4246.68919517747,5068.2172952838,-6334.9601220509
-6247.19525029707,-860.906700094284,5288,-4640
5799.82671859881,1510.10363763643,3444.29029171562,-7035.01641164431
3612.11929274033,4437.92039148586,-5879.08508171937,3838.17736788593
-1472.75206683535,-5771.75083058979,6679.8970441263,-2436.3384417389
2536.22881119289,-4035.43887153023,6086.14888609534,-391.494054494086
2461.70026256301,6966.70932014343,7091.37857012374,-2553.64134931406
-755.479452054794,5803.23453865727,2824.4692893674,-5628.00123053815
2055.59580370246,5242.75227263245,-4852.00084703988,-5312.93978712943
2534.19666180042,5340.42524775375,5446.41561133629,-2737.39487568584
5442.69540294087,-3472.08727758828,4727.52890631998,5996.10832364628
700.886206721953,-5111.43587920865,4873.30779663375,-6216.76305304845
4223.51371192932,3384.14332682809,1508.07423767739,6161.91068197416
2429.70667396974,-4965.31724817112,7087.51042452212,2698.96180905069
5382.54088801868,621.090356621663,881.596504352589,7092.03424583221
-4144.90122395437,-3725.58229161208,1644.33191418283,-7384.80507474805
-2606.11282695771,4684.02917177215,7062.10379008754,-6795.95178461678
-4417.48528214115,-3013.84816775872,5356.56743226325,-6714.43836748831
-2561.43825095815,4461.25274507062,7569.14275828362,-1509.96644309986
832.664496720765,6212.12880876852,-6468.48984675884,-4320.37080387833
-2837.07060005804,-3425.27523319488,-816.413422295134,6572.82376260504
1114.93183656887,-5345.89274223193,-1530.84046263505,-7174.95148258047
1203.37189013734,4717.22211180621,-6549.61240897657,3344.96557651693
5206.88825389641,-1868.72642638991,-4950.69423206229,6508.58456498828
-4584.44123031166,3379.75024186919,-5273.58251091852,6192.1855006039
4751.36185021814,4387.11671260317,6698.01172307801,-1977.61057963282
2847.20640573946,-4423.7789146911,7143.03798519545,3649.7198204771
-682.163814805803,6403.14019620964,-6210.90886288627,-4958.11925355021
4029.79873625501,5580.63275726979,6835.98899927548,-3843.70036484919
-6528.32112192342,2174.9667147069,-21.1875,-7753.66285533983
-1517.17969039213,6215.34628709078,-6722.86128035915,-1485.60617336728
3095.04220065905,-5027.37659037247,-5372.96928418467,-5806.64700443105
-1065.56316868491,6060.009560794,3555.49657744892,-6977.63022224659
-5283.8734914083,-28.86804856805,-6322.65635669223,-1621.33981629393
4207.46341984305,-4495.81047665406,6156.11314979262,5143.82110849057
-4253.21634618797,-1918.18021752358,6025.74592112855,1931.07213220731
-5413.56095015554,-3363.32281995635,6289,-4031
6343.96684592884,-2167.71185343673,-228.334014477944,-6082.45285262104
-2909.78299797199,5126.56593372087,7618.31899835419,315.561509683099
6107.67450315633,1033.61708980206,4599.3791119699,-6812.98833465624
-2282.50113631102,-7069.91099373365,-223.154267197279,-7303.80825808069
655.38871199133,-5287.91914592246,-3048.55002221564,7033.67610824567
2640.930892192,-4891.16228357135,-4425.68519226877,4954.61495605028
6035.7156142044,3674.99617827917,1718.21421418193,6513.69864618772
-6130.66141028217,-1818.96069394413,1172.47265160523,-6177.32994262311
1285.77884509861,-6651.3330015717,6870.49418822954,2649.00894342762
5412.23693618813,245.810162787657,2971.87332745802,6026.39435728558
1692.7522822033,-5309.30134905584,-5742.84934920287,-6401.05457892553
-5403.44173652569,-2527.06108895512,6040.41973650216,-3973.48351734426
-749.004536715421,-7686.7625334818,6059.13316735093,-5008.92557621925
-1933.00998900293,-5044.52240427681,-2033.47872622481,6961.9832506995
-3659.94287270258,-5405.41323478063,-3188.74441486787,-5312.02614945318
-7093.92141757612,-1154.97863073923,5814.74250249563,-4200.17053885531
-2870.41949576833,5025.36474801158,4434.62630646037,5005.73092824418
4845.42905782486,-3594.35217329545,-7344.77463891116,-4187.90620689946
-3600.26230387467,4620.93483675073,4541.20624646982,6116.47666437512
-2635.36770294098,-5665.01575377196,-7034.7759322971,-1251.81202129813
3485.74310306877,4474.3257609263,-1196.14123036252,-7798.60857747755
-5761.42417412884,-2694.41984064119,1091.58169101578,-6153.37247166222
6302.03078649618,2274.61508631929,-5357.31337776998,-4658.89216721041
-4418.85651171685,-3257.05557855326,5568.82862314499,3761.24264094674
-4906.96743496723,-1145.95869961745,-6026.99252467855,4251.83015230595
700.424736932382,-7002.99582617379,5183.48352686861,2246.49539046357
4846.70665006791,-4411.11885938941,-5072.14329602684,-6216.25251044837
5731.01562260187,-237.279090881348,7204.26149760379,3037.71929902946
4758.14411451837,3556.27173695609,7473.3485271114,-2009.42904734125
5209.98129160484,-3321.01370699583,4872.28470942312,5134.2914599793
-3568.02041803948,-4275.35167411633,1922.70852329202,7218.85529786032
4075.35508659004,3379.82262955632,3526.28672459647,5126.58579627298
4364.30752544237,3236.70883016236,7422.13161985793,1368.42246570122
5590.12395296432,-3832.47544925792,-4861.21581043306,-5763.4318145915
5823.31295750955,1121.22256913851,6212.88264611929,-6429.01126478232
-5694.25968982802,2135.71998445221,4107.85641557588,-5506.80771823453
-3320.11165709135,4644.65882309441,-6779.34039113812,-1506.72913635754
3056.34389218914,4480.37309475756,6092.8082739564,2785.08905937676
3105.78828011049,5674.02054922853,-7619.1878724024,1254.63447315034
-4801.45842696331,-3373.50999508669,5837.1971115649,3461.4355179704
-1368.7025882473,5372.55688625411,-6417.96155520832,4547.39916073099
-2995.04335604652,4893.24071929151,-5105.91762292581,5270.06014340718
4466.39946197906,5123.52704527048,5812.09667239131,-4191.60165018841
964.461363135902,5470.39737970026,3697.91610860613,6372.17653785215
-4558.71632138369,-3678.44900899243,-4880.4325731766,5610.17964502328
-1456.18051595039,5907.34517088217,-7591.38765317068,-2463.87019371154
2177.3585740599,-5263.62799280215,2766.59752534061,6537.92507784136
-1403.04479565163,5081.08873591786,7728.8274474795,-2418.38111709088
-24.9806096057324,-6624.26036476218,-7167.06181604227,2189.91551808954
-4708.90080466599,-3331.63610908423,5771.48817445176,4261.58924963052
2453.43614019045,6346.23840797756,4234.4460618414,4946.69402213574
3631.94571942177,-4564.79396526497,-2074.29723220001,-6964.35050430792
-4706.97587182262,5030.71968342505,3125.57896705305,6530.18705624939
-6924.16462002556,138.062397812352,-297.91796875,7450.03534146672
-5975.40044225135,-2497.93510226511,4913.68288717507,-4563.98904624845
-2042.72517607616,4583.16946099637,-1040.14888059295,7089.96868632924
-2221.16834028181,5212.20177339955,-7954.03374778066,502.563622299715
-4117.241301106,-3568.53376155972,-6164.45724905062,5293.07396796435
-2053.16625377199,-5436.18317720833,-482.34502276641,-7293.99124009621
3308.14464452401,-4847.06141373359,1281.6053902075,7597.52806573968
4999.57009370204,-1877.58459319282,-7044.42409584393,-4801.96332465753
2552.482222411,-4112.10840163239,-5631.57487387974,7449.48589304448
1542.28121915071,5346.04731489804,-4469,7238
4228.22591095903,-4969.7579433283,3305.51381631742,6587.52580507313
6907.76066174729,1519.39762060753,-5767.36621606845,2433.90119686933
-1543.44566977875,4768.93785143398,-1325.6959644325,7059.1093635327
-4294.82504057854,-4300.78354836573,5354.9406487489,-5397.62458083706
-3728.71398766117,-5449.80384510067,2045.4182463884,6794.90073298344
4861.00720508894,4022.07643836537,-5549.10482818391,4539.47935863854
-3098.62581467283,-4474.05096494508,-6806.60180548291,-6585.45924175183
4774.4683386646,3119.47155990079,-1447.19312583582,7243.89759395141
-1024.30233819499,-5972.33375000856,1875.22287782285,7023.96308042945
4931.21237655818,-3867.89499130086,-4815.82765280573,-5690.08369191896
-2311.14511628764,5392.02867152819,-5820.17371866794,688.353886489797
623.745150062074,7265.39019938113,-6374.74979446067,-1328.07318411825
-1637.9368964709,5863.87877345549,6347.3185419531,3115.19816683141
4375.7499263623,3961.40351434318,-7771.30898540762,-871.77835588603
2115.72944867589,-5106.62156525013,2429.38237061579,7935.71148465362
4108.90287507811,-4195.75475691611,-6546.44469694407,-4953.40447057916
-3502.19610062271,-4680.81425250928,5907.97780935623,-6721.9216042274
-4607.17582309826,3353.95917598346,-5633.69745412334,4360.9304718357
5942.2462251407,-173.830010527774,-4077.34693736107,-4821.44256308221
1282.92768244792,-4732.7636238855,987.95422367917,7157.93057635002
-4793.0375590252,-3136.77476925539,7757,1113
2491.66032635019,-5323.65225515223,6858.55577596542,3197.82220062161
-6585.40986316666,-2233.99902624302,4675.99889281449,-6473.59423776362
-5736.77463904676,-1581.52646058307,7361,-3039
5122.08001507785,-2846.44686227326,-7534.23850154827,525.119528915346
-4447.02577121734,4681.03883186409,1602.00893768104,-6766.20891919682
-1085.71155427632,5651.14149243772,-6678.12735066113,-6650.74382397877
-1937.4614819815,5466.58985823988,5837.68576510786,-6676.26394111013
-1240.44726322263,-5347.84328083142,-825.908097631045,-7627.60399760388
-3923.19929848123,4962.2448092273,-1245.73888956697,-7655.6790666255
3604.646546,4651.72025257398,-6975.19362091492,1727.98435532916
-3638.17280057776,3517.35217199583,-7443.59373496572,2883.97734819982
5354,2668,3398.93111227973,-6889.44703897337
-4679,-3475,-7759.60408236248,1081.12304841786
-11.1067657470703,-5266.05596318324,4020.81984695305,5767.61229026642
4204.47178535433,3868.71431250772,433.7685546875,-7451.32186529326
5757.0515944455,-2002.09129451843,-5488.46930075689,2075.16730752376
5083.59465151419,1164.51788568527,7604.99903258737,-1074.69992352233
2444.08653718348,-5409.55592855328,7074.72426736869,5759.83271387113
2521.20270037736,-5349.63822695229,7658.81584229124,1819.11704911577
3181.2773216321,6004.26714011866,6423.73261271188,-198.823494362547
-6831.37304624144,-102.224855804443,2093.39546336079,-7630.78328546216
4253.41093246631,3369.06942627726,2578.30907416598,-6591.54626115826
4227.9823766087,-5011.05828500113,-6775.23152271831,-3804.47038994385
5511.33091790813,1026.8877295769,-3712.16319624285,6300.28396229638
-2806.61713574634,5308.13927438039,4076.4123197684,6110.19301495254
-653.067361976232,-5729.85284274385,-7646.67877523901,2404.03514461659
-1847.95067699128,4684.50734275586,7272.04494504283,1097.97918654222
-915.525630774184,-5747.40050693024,5896.6982107131,6119.40715307068
-1093.14654187411,-5247.96923068912,-5866.53105661358,4007.14188160913
-3337.84868496188,-5268.53110627057,-6723.75437304503,5899.89797595885
5874.91548939995,2018.69779964188,6298.59078773717,3786.16153646585
5446.44146082865,-1044.45274500084,-4200.04575622071,5959.14232833631
-3067.65603562644,4377.38198066172,-7914.48818267892,-670.95947265625
5319.41006981516,-3190.10651619899,-162.314264962205,-7946.65033994114
-5571.95166415655,1726.67486461926,1153.87294470983,7595.03371661612
5118,4630,-6370.80324650079,4058.86908797194
-6195.74999060819,2120.47529437201,-5303.24425813177,1477.9896641488
-5135.49960440535,-5128.82209422117,-4394.63391054468,6107.10689704445
-4714.2579882914,-2887.31549663805,-8208.41925619427,759.673836753365
3053.00723783012,-4646.52501084345,-6940.64267184877,-3827.96816559577
6947.06313205337,-1573.95581267098,-2648.4152343168,5397.81390450703
2702.97041227879,-4693.53588522289,-2410.51257603879,-7882.93440785479
-4756.41302511543,2245.28337528165,-7065.71360512086,2119.2685730077
4634.00356513672,-1181.57758737423,-7660.16755850243,-650.695753088663
-7026.94739517428,4122.83010733017,-6128.43622994922,-4259.05319909247
-1618.22113475946,-6413.0772999251,6984.58108290729,-1259.04871587817
-4388.78594329196,-2025.72775435921,-5767.43451458935,-3879.611745722
3489.14411300391,6341.79837065545,6674.08966781682,-2634.81617623818
4367.87529948822,2313.98352779349,-2857.06551710069,-5669.42320243262
367.085926700731,6697.13776859181,-6721.63888774601,-5249.53246116315
-4760.33567262469,3335.08373532237,-5720.81282543915,6143.01698208182
-3137.21807150192,5289.39561578241,5041.75177821094,5759.91824156444
4601.71866400709,-4188.40188569376,1334.33706281754,7650.31644181902
-4645.14523767641,-5305.16961458128,-6576.19291368743,2708.33342164408
-891.091191960946,5428.77578660353,-3068.89799859825,-6467.07096006049
4411.06336310545,3419.15136171935,-7656.57782699822,2003.63085792032
-5220.39357215844,-4004.85617185803,7368.3094608734,-1052.14710963428
-4651.17828070474,-4706.92580269241,-6654,537
5081.56623610395,2713.68508929246,-7584.90342253052,-446.529636486399
4529.8033772704,-1884.39456555766,5955.67294410512,-4038.3730565086
3880.65346941677,-5172.23766303304,6553.87443313742,882.386728589421
566.342755328017,6581.62465433089,-4471.62892565177,6834.44149084197
-3477.21933357081,-5394.268290055,-5695.46367811153,-5448.01723209478
-1696.25981727134,5397.46171174462,7718.91035907119,2702.37203720387
-3250.33742074199,-5892.12943514163,-3309.4548409324,-5406.5346340114
2442.33455902948,-5675.63368517087,-7990.75329707973,-560.607854448021
-2976.36490259658,-5297.08649789539,-7268.79249264009,-792.602598507692
-2038.34970222876,-4920.58289610012,-2612.62325256786,-6912.25614543801
2893.54208326977,6097.69230677283,-5196.56941365657,3975.62662415895
-397.204394773037,5595.53879118306,3841.29889975494,-6309.81961748349
335.551437983437,6351.09200901147,7535.32025047616,-1909.48714698196
3308.98830021951,-5540.44308214161,6392.62641194474,4380.42822814941
-4864.01284901714,4984.19615434222,-5817.35868888527,2480.91233922544
3711.17960460767,-4585.75808837726,-2682.30742512686,-6825.6370481201
-5456.57561586182,-2711.49612274571,-818.376986877287,-6611.82891131698
6181.03203324799,-3563.57578371451,5882.16409422182,6384.35388216541
4234.7524397167,-3584.19696096761,-6083.86108240228,3805.26381675256
-3298.1945750594,-5156.97991218736,493.75,7235.7305697513
4982.7592253609,-3026.50629949208,7455.09220321974,-1783.69772622021
-1492.74794761785,6602.48291626993,-6408.12523592915,535.577964782715
1270,-5080,-6733.14433733549,5879.22499323013
-2652.31689719898,4614.9323531311,2170.90978925179,-7132.58968424645
2567.69927923679,-4571.8394772933,6742.40633675317,-5559.90165920946
-5119.55630089303,-2899.93814326811,7369.9488514153,2204.02683293269
-4691.1827594843,2351.45333661628,-6832.75170956399,6135.51469233927
4760.56265758486,-2859.85998424064,-4863.649519362,-5426.88149874507
-5325.60157823463,-2841.85284552247,80.4929105777306,-7822.20381103166
-6468.61334942504,397.073569747177,2525.52582618566,7745.92805075594
2585.13735686245,-4816.93622079657,-440.270769062277,7108.76578240642
5584.54367374074,2879.86926612146,7157.23261079646,-1462.81682740467
5103.43552715945,2510.30463619815,8095.14624565915,-905.263465678312
-924.655703956773,-6424.96379935573,-1080.20725402636,-5279.70011372474
2733.698097383,-4996.91243435157,-1899.29722374755,-7704.81694979617
3909.14341862089,4920.29334102307,6600.26371648163,1330.4711853485
5932.52492052902,-2733.1206409239,-4591.13203478771,4267.59774721586
-3458.82889066359,-4307.5264469365,2256.5946866886,-7191.58255468436
6786.51883881404,-2012.96797158387,4970.47650724163,-5954.37637221921
-4859.94093070433,-3601.45430274686,7331.83261530903,801
2997.90678089098,-5417.20782294026,-6375.10408349594,-2536.06330216152
-5159.40848918402,-4071.5561530987,7102,-2994
-1702.32681147258,-6754.57137642036,7114.93446121599,995.838205973307
48.3000297724287,-6223.53867525271,-5355.65406631571,4757.70436916691
-5148.47957002236,2798.09525707443,5943.55563496276,5952.40327229466
4322.17921857854,-4004.05334372859,-4720.31562471583,2935.53518424228
5435.41480481538,-3381.56767163113,-2262,-7713
-3916.55178004117,3953.3586729103,6157.16017234144,-2906.70795631054
2720.44286284209,5906.49943543558,3543.02558436962,-5924.17197458368
-6125.31544960463,2230.69844301017,379.187622070312,-7319.71645760213
5949.29285452419,-294.025790773589,1128.36643779597,7687.88666801992
6746.70460838188,-2792.89569389737,-179.263687903277,7516.89070906406
-5785.54500880603,3090.82166241377,5958.25790996958,4751.54495526924
2522.28153925092,-4846.69717379975,6576.38350339286,1098.43173925538
-21.153291517363,5592.45385523122,-5788.7733689693,3980.86865854755
-5927.50334507982,1803.72372324789,-6.22399134223631,7433.54773399683
6447.37111979905,-3686.60349160063,-6633.26288430355,-421.345151953983
5464.4777004228,-2548.54106379616,-4483.11778609448,-5799.01733975366
-5523.07496462229,-3496.82577977829,-1039,7874
-5792.21093149314,-135.012917549894,-7231.09215112786,4132.66685594436
5907.28106224032,-4486.18719795476,6567.54449554775,6839.56853141885
-3087.01052565541,4681.23917879836,7539.3142264585,4364.73783793651
-3414.78369907514,-4219.2347023479,-4024.0498859924,6609.74284808195
4077.18077193133,-3879.88780596813,1655.15068511161,-6670.1558204601
4341.17912461289,3531.91615325982,4497.3032836547,-7301.60401933408
5580.6295062167,-4504.46355966912,-6743.90323756011,-345.465145275556
-6732.05319697223,897.94005801373,-5832.71261820414,-4202.17614586724
-4656.65425149703,2434.47791555644,-6209.15593384691,-1287.06208711512
-3913.52434057088,-4497.69201340296,-1897.05741312403,7266.21469201171
4603.13101913503,1729.6226184008,7418.73636682878,1461.98172110553
-5091.10245520643,3123.40098700727,6025.64388172374,-2589.08701015903
2179.1713959595,5327.03189084147,6107.2198967075,6029.51478091269
2373.55305172395,6173.67300190444,5818.6417054062,1365.89969658166
-2957.89067775935,5032.73726433206,7705.18772864302,-1379.4248597313
-4717.63771660092,3082.14330696133,6510.34315348463,683.730581400095
896.61102985751,6881.6020379054,-5948.55177332732,-1335.29937744141
214.287185990368,-6113.1524021708,-7252.3780152084,1131.35836576221
-1542.83137581169,5508.57645985826,-8233.41410513597,-425.305276809449
2892.87405693885,4693.13041529303,-901.189738708121,-7514.54724227366
1585.5226131524,-6410.85695562766,-6160.55753800742,-2095.62217519535
6115.14422064901,342.604481290927,3003.60028887122,6748.3671875336
4518.67896097445,-5002.14768923044,2545.72393449522,6408.89265692532
-2089.89565692716,-5206.10690425901,-5302.34512409665,3032.02409002469
-6126.27780857059,-1864.36487528027,-3412.62551791887,7216.34232237531
-5670.16592677351,2485.42877416526,-3616.27192255618,4976.06881986378
-4020.11404988475,-3238.02655177232,-819.164568073646,7317.1866880908
-4579.13620951831,3440.04821386821,3317.47040005488,-6634.37812301539
-1571.61583646617,-4922.63821178139,-756.823300439019,-7865.05011611159
-5091.26659338746,4087.49299217725,180.582377951229,-7234.77142627758
850.845555063374,6238.74436966036,-939.536726657992,-5553.91480062978
-4898.56167090873,-2940.48342221881,7799.00658569169,-1578.46896458526
2852.81435186671,-4841.49985399688,7864.52953574512,-309.448569592402
1842.59075459147,-4149.14679484136,5897.34233445735,-2415.80449595924
-7062.97197467654,284.253799577777,5700.47402667911,4749.32899402416
5580.01468101449,-2022.21980190455,-6512.1078254379,4547.01684715474
-4054.45550234358,3614.86352371993,-6351.31295578308,-3897.98199908594
4035.5399526014,-2857.50396000122,5977.631618801,-4016.25664398545
3743.18619752507,-3522.30033050878,-7309.98226034075,-1807.27338953282
-5000.917891005,-3912.71093550956,6237.82134372525,1442.98353218693
1943.43811528079,4946.89541895564,826.328562641492,7316.92449388742
5286.29717472176,2047.43551494384,6140.2134378888,-3851.70569883247
3342.25533869873,6453.22915894667,-7280.34586438927,-773.122619529306
2674.11467695572,5951.9112351648,-5887.05642546686,6081.48192124576
-3297.483313095,-5641.35205232714,-4889.61380565097,4717.0100739583
4309.54941694441,2987.42152556044,-2797.20553907573,-6285.29630846344
5131.80511681917,-1292.49188961826,-6349.14197465903,2922.51367286845
-3597.74209035088,4345.33259659301,7166.46244060881,3037.56241264004
-3313.46500874726,-5108.44199652236,7160.5120752935,-956.248703994938
-6581.81777517189,-1478.65228124964,2791.40850394113,-5889.43881180565
-2450.48944257791,4602.85577538673,6865.46351333561,-2679.1345593736
5350.82363047559,-2893.23148330922,1295.97677675721,6779.74974545933
6465.84092855261,1442.58346235183,4663.01113491713,-7158.97281606105
-260.21875,-5596.10359740379,1597.49594638888,-7481.72709727879
-1338.14083687418,-5919.06600035263,-6688.66427598327,-3217.46401493388
3811.46818231231,3730.97939427827,626.703310890746,8205.65650993106
3414.30096935835,6364.19344616293,-45.0786753010679,6724.62789812626
-2902.8981744768,5806.1220201937,NaN,NaN
-2210.01261449746,5291.72302655139,6057.12582376068,5336.44585536464
-4703.56554660698,3191.49688696028,6128.0133936979,-1017.01187030193
4242.51664333621,3594.52440381591,-7533.48179674516,1723.06771900803
-6320.92269658709,-1636.36085331927,-3799.86478367826,6950.00870859567
4938.46906877154,3628.36332686008,5978.36883548887,-3336.28645801492
-6708.93746143879,-6101.0636216015,NaN,NaN
5754.67012512952,2201.44546441227,-259.426838826211,6870.36581564074
5096.59633196854,-3466.1795092496,-6695.32399327047,-6718.64568875076
3879.67689014729,-5130.87351660047,-3560.85866510758,-6749.70339099897
-1398.34611295663,-5352.86423809,3646.73976860739,-6660.81799186813
-6251.50671761556,173.017805352268,913.702562070489,-7528.89595490594
631.728092631356,-6206.08649947218,-6788.52955221683,-2239.80669121044
-4388.96286754979,-3261.05923986102,-7755.09599348086,1506.28421053356
-6008.99598258129,2457.75020476603,-1948.94464473107,-6531.87763119431
4501.86851663132,3468.0363925187,-7725.29834876474,932.056695122637
5464.91441182413,2468.5497615822,-2053.67695063694,7094.72527746708
-5089.96975759363,-2618.68540386752,6580.04976044835,-5820.57543985112
4751.42224111142,3553.58475874776,4992.08365947918,-6964.7017096577
6249.92872916502,-2053.95788272661,-5287.91102649715,-2832.14661718025
5281.11271313878,2542.32302082886,-5454.28807428652,6792.88372705247
-4668.03192436472,2858.78332811042,-6527.01091256433,2398.18698162849
7203.60407836046,-127.324325084147,3530.22409541859,-6259.45094979097
4800.64473017069,-1724.91534750429,7156.55838241916,1868.15544117251
933.647464752197,5593.89112665616,6957.16643185596,4153.59235632262
1459.07007817477,-6154.67929881703,6865.30508319015,-1644.00554419513
2713.45641584869,5018.73255932492,7192.74215801054,3995.50886118639
-3734.49230301843,4213.98954593811,6865.19080128668,4723.3954527856
-1356.83278600905,5888.30392612206,6836.62692469452,4111.74834483747
88.0429923901191,-4408.06702646704,5752.25082908361,-4097.92255007141
538.341544347327,5104.07256691544,-1071.32692676534,-7434.91014537877
-4023.23049577902,3316.59238900668,-4260.4368998521,6586.11275120865
-1867.91619873532,5021.67430877979,-4506.00948687678,5034.65961736829
-5710.99409371085,-2767.64818430125,-3817.2833908369,6649.90377313527
2379.06632190394,-3664.96893762016,-5141.10049540248,3376.66450696687
3795.18566605085,-3387.2544633703,-6780.88970718775,2890.10149963102
-5222.10919549302,2819.89475518463,2798.93715770796,-7052.5268707094
-5908.91780510683,811.141793655475,-2139.75737873763,6943.79204732269
-3863.19680990467,3628.08815057903,-7463,-1311
-4341.13821073722,-3983.90774051188,7199.99991041376,-1109.50725983618
-5254.99720491164,-2079.78578847665,-1739.58763890774,-5316.28187768545
-7388.13769040808,1894.00527317228,NaN,NaN
-3545.80528566473,-4043.84789348199,-1398.33918881334,-7294.71007381212
-2388.62776115058,-5396.45329361134,-6115.37554799347,4731.84571777103
4902.93233630259,3161.55307982931,-2071.56550839572,7552.96612036965
6104.02663034756,-2514.533322653,4936.87565888684,-1803.3306985666
-4596.1693113618,4328.69202030183,-6847.49938005519,-3786.65652426657
2388.03561582249,5283.27084569723,6421.75193584071,-5240.11774126329
4019.40691764401,4399.15444183353,2805.30577385735,-5950.08254105282
3177.2430937166,4105.50003706191,4006.66312787698,6924.38258214778
-4205.91919678762,-3249.15426873153,-8066.1205824892,1660.94525234437
2378.24413137579,5857.56616542122,-7687.74809334753,778.098289861774
1328.67778125579,-4963.47580174002,-1144.18387500039,6603.99031159236
1769.7176590625,-6470.49535608836,5646.8434224999,2091.03090698281
3303.06174427382,-5184.51859823533,-6443.37651444857,-3112.69775510421
1866.36620071216,5489.35556088847,2149.4542623411,7429.075201486
2982.22145424515,4555.64134024126,5361.74196387298,-4826.67871828336
4935.01094963674,-211.68606557377,-7129.99218903052,-3800.32166862261
5085.48422193176,-380.051801960459,7102.20884143616,3412.91801254143
1272.26826417034,6194.65274047852,-5426.61878795347,-4994.92326791534
-3080.43690720462,4025.01899857955,-4168.33869758188,6300.48959009578
4732.08864427005,-3661.25750473681,-5668.19319117008,-6784.0695295983
6341.12614831704,935.613052590842,2736.72515504023,6660.18587541984
-5410.578583129,2637.69262689029,-3321.03492178652,6426.41182102294
-4041.89735366635,-3915.79255977976,6253.78544264609,-6535.43697279588
-4801.98728185354,-2408.20760064262,592.544519566521,-6517.85791019536
4692.62624115264,3462.71566360557,-5420.10795733288,6665.4255213369
-5543.65261881272,-1534.10470735287,5556.84482901625,-4325.88948163563
-2304.22714664714,-4529.06140213387,6267.02662942072,-5039.9082471854
-5002.21207035947,2161.00461271724,5088.62656860351,-4693.67891438932
-6346.92756102411,1820.86376703774,-5572.81490926636,-4996.01432200619
-3003.84821469343,-6145.48644034256,-5563.93288960124,-5113.79696318704
5802.08231235776,-1981.24042610477,-399.215051968026,6715.49047181076
1586.42085333897,6544.61595116534,7367.0658902037,-252.579429735234
-3158.15916729651,4916.18866570936,-3364,-7095
4060.75157414703,5495.23288403658,7375.98268535109,-2441.65056308429
-4968.73780992711,3423.28092789127,-3750.71752929688,5401.07347976221
5294.03685614107,-3684.38255193704,-123.393979119711,7458.14057783939
-1285.69933920705,4526.90843299871,-6698.26068658259,4989.43639506406
6469.87535032932,-1283.22737024185,-5375.33386000816,5972.31093850207
4842.056716496,-1721.03785845108,5842.99690275427,-4414.76430800566
5937.90454921371,1656.17108597084,-6515.14165258581,5164.46120763368
1165.95688329288,5184.12235154078,-6119.69826746476,-3667.83059343415
-5277.89158179122,-1287.29351039875,7714.2105047004,-1833.08998765184
4559.42235328769,3478.9091021337,-5871.71871153419,4521.71733316284
6314.72727782849,-1820.41375257807,881.292979413293,6439.20958492109
6067.14271647557,-2532.22011261652,-6776.11175499261,-948.671650629203
-3800.92246387308,4323.11978333866,4134.68483478573,5895.00098943149
-4280.8449253511,-3361.76818067819,-1354.32761182758,7352.28316295593
-2490.64992393783,-6086.76353795713,7223.91037922243,-523.03125
-825.78484794106,6546.51077900186,-6583.63056606032,-3068.41972367715
4507.56997472071,2573.2288738599,1091.140625,-7454.66029424919
-6602.72002670818,3348.62621261325,4178.75253217348,6565.94376631918
5041.28119869097,-3032.92409961164,-7497.28167099345,819.39165454256
-1575.95987353544,5835.55017670513,7561.67396634769,450.535925515797
1859.01107107822,3832.63612434333,-2442.50978415753,-6210.49864128146
-4676.3101708708,-3004.81728547203,-7265.46126323124,-1395.05500722604
-749.991813033911,4845.9708125734,2443.422987555,-7048.07767865007
4584.37168565314,3453.399648653,7693.90009879221,-2614.3274196561
-5784.66513647215,-594.015608245251,-5732.5000827336,4670.55890623866
-4432.16077913404,-3044.27791874873,7485.94221970523,-968.937194386911
2814.14361399069,5714.7173687231,-6416.55603019514,2427.00992748375
-2979.12376800297,4242.83399056203,1427.88626268589,7718.30581452088
-5027.5742349182,3616.55470610878,5617,5794
4353.76502274991,2102.24835533792,5716.81670654842,6940.41861524863
6365.72086285898,-1278.10190363861,-858.252768565098,-6055.16437252246
1344.26875842807,6880.14535593712,5023.2631022018,-5918.87331078286
-3673.00589161057,5622.07720567316,-6677.61352991477,-4166.26063395984
6010.18229372908,-184.395040508348,-3249.78419114932,-6626.03479136107
-4747.61150005007,-2266.11455521691,-5977.56158904831,3093.67252335621
-5095.43786570141,-2189.9847796427,6189.45800479754,-5182.04645999416
-4843.74652139775,-3533.64709058463,6667.376205517,-2527.57909753357
4145.89903827913,-3323.58054550422,7036.48690739815,2666.08343359105
4099.91623268783,-4543.94978473712,5834.89043087718,-3013.87993837221
-3616,5342,-7104.33352551653,-4203.68937869766
-3121.18844372574,-3924.25054101741,-4913.34306314421,-6127.88675396137
4947.28521351277,2070.19932145859,-283.906557968949,-7269.18748757497
-1897.02577221474,4941.90059385864,5885.86892742066,5493.2156458571
4563.6133554015,3811.14359870556,-1585.4447615584,6376.79638982618
5790.12972399788,413.260228987365,7268.70460432041,-459
3391.6806172116,-4780.21192126553,-3331.39529617416,-6673.48622393445
65.9972498090875,5047.2921019717,7238.3908932622,125.865127563477
-5028.36681204793,1669.07053857214,-6326.54285729331,5489.54736143069
-4917.51692564908,-1074.30729032215,-7272.05283753705,-1502.18843841553
-956.874715010943,-6767.66451390703,5555.9525541043,1811.38108612177
-3053.34051108547,4656.57170009401,7241.96180773759,1938.65889214957
-1559.78030402443,5310.97053939844,-2582.10082045107,-7881.39532187551
5608.452156784,-1967.56671729917,2132.48393350306,6468.36053566366
5055.13497993068,2981.19667957829,-4523.2280933277,7005.09831297466
-4677.26763398979,-2033.00165906555,5949.48494862996,4728.98613221884
6157.84008685269,-1215.63111798376,1511.17074915705,-7111.73946525009
1689.76792800448,5502.01414984933,-5869.75181487192,4359.74818394157
-6077.24097899677,-1106.16252147312,2889.01814690797,-7211.57231158787
-4580.31460085475,-4216.53898518184,5085.12586035746,-5935.91327401234
5126.74228994346,-1600.69084447714,-7136.39154577762,799.467858345337
4867.92298209234,-3354.36622439588,-1275.91237825753,6125.17930634825
6056.44539679211,1383.18413052091,1079.82733178544,7949.41991606222
4348.09037915062,3985.39124057821,7071.03070140471,-1591.08024288639
-5765,180,6267.10908280082,-7090.17332036758
6407.34212703418,42.9653887001165,1304.51654696693,7559.24424237269
-4169.51770327924,-4525.26867175832,-6792.40964757868,2293.05339321329
-1253.95942655358,-4696.95189795107,-4510.45484592155,6882.79459844812
-4208.84768485511,-4168.14005315413,1280.57977607537,8144.65257141999
2741.85404566879,-4348.96106413224,-7076.08636543696,-1402.78151706137
-2993.93785118414,5951.00855906052,-5275.55274907712,3257.08236410958
-1269.4826289736,-4977.77985908473,587.264212455801,7966.29674472141
3333.15134336053,5206.94996878067,3454.49258219618,4610.96622833643
4288.82576344828,-3964.03779861794,7140.83767227704,5208.51824050672
2119.58887144635,-5402.46458302573,2587.89055503068,7027.31128555722
-6043.00319186867,1563.65485150904,4867.91913309171,-2113.31244521206
-5714.37684685927,7176.47542180407,NaN,NaN
-3205.90432882375,-4943.24953758314,7174.59630114821,-762.038601285229
7448.98378069862,-752.407652210833,-1895.75387846131,-7198.84596732811
-6204.86173353373,1609.39344018435,-6379.15866990594,-1824.33136381406
271.42138671875,6635.27532932267,-6483.45104125764,-638.187649226425
-5047.74772074433,-4066.00800674133,-6547.76872141045,-2191.59258295271
-5234.30324670276,-2478.96954798626,7399.88531359624,1069.31005859375
-196.762372050659,-5117.11391905062,3844.68241079073,-7091.55541596666
-6640.41896480055,-859.982236945027,5142.81145647985,3084.52349149264
3489.7930173809,-4949.38413316204,-1497.46675627887,7056.807222147
5590.66208868947,1554.22015521805,-1223.86924484471,-7495.80652733066
-2295.1762565099,-5413.15358702986,1367.19403218871,-6987.08220456151
2403.97721479764,-5789.31474777946,7274.70585212028,3949.65048378392
2661.35063338092,-4590.21751489541,-17.5772811478556,8360.62960929212
4583.59638080836,3474.69925562391,-4837.80550843219,4735.97696596962
-4067.20631317737,-3935.38990178102,3761.23632577214,-6732.12907702903
5859.57126837792,1552.76982529874,-5640.53159379144,4916.87262355025
2865.65922784603,-5049.90449841023,-6415.25197990321,-3783.18244870197
2824.17618685736,-5343.15300569128,-3655.66146682902,-6535.51696924787
4203.68688586328,3983.63718182019,4778.88515738751,5552.85604917246
-6825.54956883103,1378.20470155359,1505.23486741844,-5724.85421494409
6515.21248377595,3130.67018086375,5309.16839194422,-6353.65603240806
2814.39944268588,5048.41763738312,1301.70660713319,-6750.43214685448
-261.938962122279,5203.18519401248,-2492.76639841724,-7383.78163882676
1289.95056793214,-5701.77352236244,2316.72636379114,5815.07185264903
1246.85370130426,-6519.95881921312,-2505.73006891093,-6685.6137200009
-6195.2721133009,657.636393889475,6498.70815294719,5672.05157830397
5769.79476825914,2167.06796333008,6169.17816237848,-6474.25166497777
-805.068053080358,5871.45088892863,-7041.64882695269,-2676.19010717699
706.109154672968,-5717.82089441086,-6718.23560867418,7195.05400280327
-4696.50258259601,-3308.12772259828,-7413.31217162393,1937.73848047429
3334.69554685536,5107.62258264573,-3320.40232648457,6122.81076465162
-3711.03153578337,4999.88053832937,4637.17462082321,-5823.85482336387
2138.40071043777,6691.11575297743,6582.25854784043,-3303.09825297176
2049.24268830068,-6263.21452268477,6439.36683355012,3246.16642913853
-2333.96704352748,4939.44859033178,-285.421968005952,-6040.67389892146
-3755.06821354467,-4061.12720666053,-661.989217327854,-7691.32134337374
4747.10515867359,3892.21039681407,7538.97936190233,-807.520022407713
586.772962932055,-5300.02891346963,1869.04719937653,8032.19722862581
2767.18279470315,4673.18014552479,-3549.31144973629,-4953.96966130147
-2580.3764685789,-4440.11630902759,-2781.8834168593,-6236.71759449058
1916.77947616619,4893.89871328075,2761.52728619319,-7423.2817174636
-1257.12422182098,5822.78935822003,-5233.87675114589,2526.72231136377
4536.75240535894,2296.18321064307,5034.13390276306,6107.71653734726
-3878.07519647574,4149.33274700486,-6946.36473399268,-2976.12643248283
-4821.36719726714,4534.72953867074,-2583.25818280827,6339.10684260759
70.0313291807432,-5617.21410520577,-5902.82337109546,4105.37272982455
5137.33667036367,-1404.57759436633,-5115.62973487147,7437.8834229208
1896.38066355387,6273.94638103086,-1940.5908348134,5241.84067160094
5512.67781663092,-415.358974358974,-5290.88611552085,6732.24570842237
-2550.58878639411,5959.62276085056,-4790.88333728172,-6105.25316376318
5902.44738695056,-1065.36271338754,-2663.75338678463,6766.0346756874
-3364.76605981156,-4388.74217840932,6241.81861508492,1704.91076660156
-5939.30059607564,2794.36495389039,5920.52917905336,5599.46076815829
-1723.42217522185,6857.85765066286,-7092.81560267866,-828.138974393352
2777.36313141616,5219.39110044752,-7388.96913431235,-1109.52445534575
-3434.72892317159,-4191.66816514921,6197.50742922318,2198.02433122386
-5275.66299690415,-2976.08921189332,-6820.06216967328,3086.35201395945
5640.41611219383,1622.63602052937,-1521.99716991403,-7611.95485747177
-4753.24905619674,1241.01394543974,6736.75608723425,-5516.98319345913
3142.26451359463,-4245.53871629672,6240.8363317332,-385.788901745239
5513,-3922,-5795.88066605967,5593.6633338199
1677.29499617867,5987.91627435188,-6277.4270537998,3860.31976459465
5778.92261166674,-313.997992706299,-5452.76797109868,6186.10297310764
5160.84082684276,-2046.36984555173,-4536.63634734523,5605.72306711924
-3889.10950168497,-5093.42253104341,-7282.88466077704,3426.86013555233
3293.59171478219,-4355.16817718991,-6369.96602817625,-3846.56013785876
5084.67190679649,-1219.84521484375,-6361.62126869869,-7342.34874890939
2373.34080642781,-6311.24356132079,-6139.36180536738,-6618.71706770826
5638.33153158101,1933.39081621047,7217.02616615938,1905.68794401068
3718.36755804657,-2390.79170832141,-6498.15996021649,4791.72844165258
-3274.59270980809,4756.15748859543,-4147.51819816239,-5058.47417768655
-4290.64913036657,-4055.52517424409,7934.16238407909,-220.928222166377
-1051.72482034434,-5869.18801572569,-6824.28539696165,3088.38153295156
-4326.62178179468,-3296.61800617963,-7603.68976770344,1374.26300087468
-4911.21717241673,4862.72357231031,3298.78197060407,6610.84197598626
-4912.11339967,-4481.38477802435,-6454.73799362576,-4422.58978659453
-6303.32601267163,1330.03025672372,2914.23812806105,-5916.95209641667
-4120.7620879068,-5897.98582176228,-5906,-3717
1289.39178021319,-6655.81148478141,-3768.74515943046,6961.83910969009
-6058.29634651319,172.85134529148,-4252.59338830856,6083.81547549092
5099.28879289575,-3456.8930939836,2848.19460377694,-5927.98674614626
466.111190795898,-6084.91368533221,7582.64658417213,1781.14459980297
3430.25127544468,3626.68912142894,-7368.04169100388,-5947.69722878849
-5019.3378264314,-1581.46129401722,7050.18491344054,-1817.02890251164
4533.25694600365,3796.91365472933,6432.84292108329,-287.095033116899
-2876.49106727739,-4905.69255087893,3987.1649881314,6887.88883145488
-5129.30825768843,-3830.99322440139,7020.32030075872,-3448.97835180771
-3095.49815735155,3953.68458213565,6722.12039514546,-3844.63550241719
-3320.15053645514,-5441.04707949979,-719.613256649032,-6018.12214015258
5925.52243434429,-3257.39560444814,-7625.10968953313,-561.487342588363
4028.53753452512,-5469.24068054305,3357.45285259308,6594.13277257471
5633.16181506705,1171.52909787135,-2052.59207415012,-7155.75236563565
-5861.80427739616,-612.279499823279,6121.92509139743,-3661.35381815291
6390.28454544965,1866.14711993939,-2537.84496168372,6978.99443159221
2892.8880181733,-5103.94191865528,-2036.85207299709,-6761.79638005305
-4414.07462626421,-4215.16963588357,-4710.87493321798,-4607.93033901378
4372.45677503418,5881.02663967013,4750.06179534006,-5639.62878545681
6020.70925300744,-3151.09325021905,3541.56420523175,-6555.59419263909
-6281.89830539,-779.953874011089,-3025.66829430659,-6570.69523731179
-4538.38367330269,-244.751881270903,-4023.93817041674,-5194.72501777931
-3846.46651163135,-4461.58224350034,7425.73718382778,-1847.09750534558
5351.85733527256,1111.2088727874,7044.45937413585,312.117531440045
-4237.55275683538,-4564.89843221062,5180.2802568906,-6469.89101264892
-3150.32275411793,4633.19454374699,3387.86310186231,6650.51030926045
1852.14158839962,-6035.96720015718,-7758.44151722247,15.2109146118164
3991.6271340046,-3836.33134334993,2214.70115444045,7246.97457305254
5286.7139767857,3320.4693675586,-6665,6827
3293.98753502538,-5171.97156881977,-6977.00771092845,-4947.48457467372
-1415.93683293364,-5071.73234820997,1340.67598672915,7200.92307577828
-4541.7886013412,4484.6615023991,-1954.05535780325,5904.83290763951
3209.10899181311,6725.35493437457,6127.78651862398,-3479.8380456094
2041.41094775307,-5455.21576779165,8059.55170397024,-64.7156135672159
-4746.05729227764,3458.13188601263,-5527.07965517943,2545.29405107533
-1935.97961567894,-6644.87389015481,5939.77327284702,-5823.22239389016
-3430,4304,-7125.36319294041,-443.0263671875
-3049.85210849129,4215.66603117944,7842.54687525766,-1478.98778390738
4716.98632280819,-2671.32395291418,-5706.99566616564,-3183.34723031502
-1348.23511715931,6675.99096022403,-7428.21184653155,-3457.7612175742
-2322.58962100947,-4812.58987608633,-188.138671875,7461.61017075902
-4892.76372585315,-2616.45068905466,-7396.99894461049,2026.34904013076
4744.36149164356,2546.34109849107,6613.0386972578,-1622.20784047472
-4663.42846313408,3417.31028050521,6272.70471037132,4190.1399476353
2480.15726917248,-4370.78250079658,-6546.42747151512,-2572.36188511469
4972.658757975,1869.88724620699,1940.87567224298,7403.07568478075
2257.83514073678,5944.36501173585,5928.16965234022,-2374.89321401352
5279.1818482199,3414.25891701536,5753.61732915463,-3998.20045887263
4297.14576555005,3882.39130746256,7789.11637429116,-1561.3705468827
-5821.84467145454,1570.13921214165,-5923.27367948503,-1424.390625
-4978.1816997691,-3162.57963868091,-5175.99353123993,6613.66200392835
-5634.31178355709,-1221.5124443751,7819.87485362343,-2656.9415496639
-5407.56578840631,-1434.79182734646,-6898.6479202168,-3883.8735826341
4907.36152136414,-1329.78694331984,7066.67610461514,-2105.46423414387
-5844.61183435558,-284.974243164062,5984.05649246332,-5984.16041738303
-6607.69356284679,-1108.6689843943,5463.07222565594,1893.46535805783
-5332.08871120865,1119.26493495378,-6890.61205811071,3749.82123694209
5346.88861079296,1980.69239620356,6176.4209982511,-4219.32224899732
-2953.59585899374,-4452.97373947079,-4769.40296669706,-7022.07930607963
3024.74658025675,-4432.97068762824,-3619.68977928539,5757.61594422065
4115.27048022562,-3507.73165836818,-7194.65716478141,2099.05026726494
-4849.84434966284,1767.03462070463,7332.79095846816,-6083.67638894246
4293.88187639351,4120.57922364387,-4502.58980749781,5319.48831855265
-4678.14596914005,-3447.18871210013,-7482.01990534503,2610.68544152061
1831.40327053049,-5155.58440506171,-7420.94122900141,-1200.03751233485
-1078.11981737936,-6374.65049183053,6410.1405607664,-997.918003395098
-5319.61248012585,-3140.61276883735,-958.242981533459,-7581.98156461309
-1890.28164403256,5050.77528490253,157.81285841761,-7672.03615036863
2367.95619073112,4928.68666285894,6789.19189258835,-5201.93714839689
-1650.92130803272,-5660.63127012145,-4847.534499435,3083.15544476307
-1071.81940780367,-7202.82273826783,6594.94519676198,-2583.87497707948
381.032852254449,7128.20961641923,-6959.65053712747,-2504.87750904515
-6189.05722407283,-1120.21353639276,-6044.19452675936,3350.58865234462
-2439.35979580248,4031.05540334738,4763.16342885991,-4593.45549093968
-2518.30432556914,5674.01796739143,-7224.12320653793,-3398.58702327297
5975.61143588176,1323.87700567922,540.38306427002,-7871.13074316587
6327.80364922129,-1143.08338741736,5032.24623361221,3645.37234696443
6730.31502755443,3068.72206266447,-5521.43821071215,4844.58232857583
6108.72547391897,-1800.84989346884,NaN,NaN
2060.97214357018,5657.68209441933,-7329.75505238638,1071.95078951303
383.417431398386,-6796.1069339177,-5908.90067453183,-1835.84178367821
5261.94471228212,-1339.36232494317,6884.5577212413,-2482.68352777664
-2797.95369298372,-4475.02585085981,2942.36409938925,6244.59738107455
-5155.09916251607,832.769937419769,6371.26197541371,-3747.36716449423
2016.69949507739,4918.02758912091,-3255.15750798754,-4943.89364771937
7276.00037630828,426.060348397039,-1658.83882783883,6967.0470393561
5436.51278930597,196.039214435667,-5749.23064171265,-7039.47419806524
3786.71331939697,3692.75017017496,-3862.31886344587,-4652.83422785459
-6346.13277884065,-423.723730237784,-3286.50861801784,-6463.3273381848
-5199.50203376509,6417.08966245143,NaN,NaN
3298.13343479735,4026.20536955522,-1783.05554504963,-6932.03576357193
-5195.48446231814,-2297.788656608,5878.88495367479,-6454.39485142299
4069.96103432877,5219.01150146459,6852.99069181789,-1094.48097496586
4087.89603299596,4998.84990973696,-5065.33814878314,-6053.76977217629
-5293.17886807532,-3859.38194211405,6618.0888057551,-2621.37605859019
2793.17335612334,4270.48506571087,-4366.26959916214,7148.4630992991
1820.95656566492,-4403.03941903504,5254.66422761998,-3953.0870273728
-2051.77407211162,4770.00313837014,2729.63587441439,7841.13461577006
2464.93555271283,-5088.86277593566,-3722,-6606
-2225.63430243198,-4256.18173233659,3727.21182824147,6756.0237541958
6824.94466117474,951.755854917376,-4454.67821492694,-4007.16211114094
-4192.03692762805,-6213.09870333947,4734.7833698129,-6220.61567551592
-4359.70751210817,-3214.16357410878,-1416.7124710083,7120.61645250162
-3115.31563425877,5001.17382507135,-5030.99919025263,-5925.29349397461
6180.40523397283,-2295.81194346884,1,-7030
5434.27370778671,2410.84694137002,-6536.72650432581,-1754.99971406603
-4233.73344437346,3464.25664646554,5953.26822952611,-4148.43367616636
-4786.6146153892,4077.94421454643,2376.14704242226,7147.97371421374
-4639.83385419819,4003.45054472477,-5998.1582673932,826.933521077924
1162.27096614719,-5900.52140729841,-6229.71532166676,-6225.16871817305
-2338.77133690393,-4114.83609649106,-5835.94917713857,-6846.59992844151
-4350.95309564127,-4382.7058586439,6078.74801369171,-4067.81466335078
-1144.60079886862,6144.8456091238,-6449.30281354976,-3808.01800990795
-1547.00423668171,-5312.25182889333,-1695.17987896856,-7035.33108028526
-2397.71057047706,-5405.72386602982,4957.00963583562,-5019.91221444752
-1627.08654747871,-7188.4111579417,-6090.42189319641,-2562.16392799498
-1101.70289087543,5152.15086706458,7070.72592634505,-341.298901487454
-780.688788808152,-6472.46889999868,6515.02707287381,4306.77969114659
3802.82987336516,-3288.18973836586,-7803.6249538716,920.73159428625
1568.24904800968,-4870.46038079992,-6871.27640978975,2583.3877071289
-183.892107861565,-6970.47602141342,-4949.56126895882,5770.93174711749
3992.86826469733,4831.76135909129,-3782.59189530939,6116.17368554614
-3416.89067274456,3405.83418940276,5862.67392585503,-4316.54791708049
-4944.02030290819,3082.30157314092,3206.40560197207,-5569.38409394094
-2997.07314686661,-4774.49900783538,-6923.50293206596,-3330.0945869204
-2081.21365387967,4808.96086837694,7546.63350901744,-3848.97330796428
6371.05258472501,775.748652277766,-789.474837777561,6557.05063208175
2776.37397338867,5594.5642038179,-6383.51645416553,1964.05329457386
3494.53127950752,4952.7752105824,1764.81921386719,-6155.9341827539
4666.91341677172,4213.56873526897,1457.32139016686,7226.02053536171
5728.54315307163,2036.95711870331,6906.35581959448,1138.63319672131
-3154.82607498861,-4315.61286241984,-4439.35881437247,-5498.39051862091
-4891.28071581435,-4014.79520113546,6852.12630011324,-2688.93768402272
-2767.57978954448,4777.90664241324,-7464.23352511384,-5150.61532589814
2690.00038136718,-4083.59055798791,-3388.69183396093,7278.44951122593
3912.96165865736,-3357.58555565477,7369.64400856596,581.4375
-227.396329936466,5220.51523341714,5531.17812847738,-6259.03491932588
1670.86584407336,-4845.49457488688,-3686.67992594705,7210.8168264936
-4961.84317772985,-426.153739184178,-3890.61191294857,-6532.29434820557
6515,-592,-2630.84030781884,-5312.43029468399
-1623.36406303978,-7016.040075944,-6282.1259293916,3132.53490545928
-2252.79494773279,4525.17521760077,-7557.06404887741,1217.38216010906
4353.59202608594,3196.20341227601,-895.017578125,7662.28141042554
5564.08888588135,-2255.05728695449,-2709.7744783988,-6937.43890821315
-2622.9528542795,4380.60753190608,7403.02226879412,1439.73414915961
-5302.74808829052,2626.9349847649,177.433913605123,-6894.75778398772
2962.20078980563,-4329.441249729,-4029.40197056982,7449.14509071075
-4195.54306687568,4516.77655842694,-277.571793867018,-7919.47875743198
3277.46178540289,-4424.24813370268,958.902910031286,-7621.11149634587
2967.11847771034,5374.07458355299,-7652.34173658054,85.5625
-5270.69671250971,-1661.60500853078,-3397.40415585356,-5832.76667297874
4614.14302929122,2486.47560760112,-3580.77713395101,-6595.31366611574
3990.74508257994,5117.45593119601,2188.78674376017,-6623.96113819624
2067.11348053297,-7584.31208538713,NaN,NaN
4533.32892815579,4403.13779956196,7419.92716598213,946.713017498829
1836.96943505131,-5608.29385788789,5000.16640875377,5843.72490242147
1225.85979406304,-5177.93299763702,-4257.15827736807,-6942.6825748437
789.554108289785,-6210.40697575797,3272.24753741239,-4669.38421048635
-3627.74100547584,4859.03530595959,2164.86755317587,7691.76050255994
5241.71738632315,-382.408128540039,7184.8997471417,4769.59595592406
-1853.39917298731,-5479.16513522986,-7609.08491233378,985.677127674926
-2466.05994657325,-6172.02284705745,-7059.02804698337,1787.97082868031
-6787.41000249413,451.706207866717,5126.23633640632,3461.72750206864
-6686.41060294867,2042.4421766782,-4726.51403666996,6733.83611635159
-2182.81045795828,6578.97626115608,-6647.04781679776,-2449.59169878869
1642.17897478483,5278.21610064918,-2043.41926560314,-7529.31735765847
5272.3065129203,-3185.78541025502,-2258.2439102405,-6748.02464889422
3863,4502,6675.00068520068,-4487.39189270322
114.832621841589,-6736.36386984716,7494.37466370602,-1401.60848085806
-2715.75986122642,5147.17152661112,-2042.62516883979,-7244.10534850436
-4893.07682673407,5044.62586849818,2794.84021326338,5956.71460181688
-2596.63137170436,-6808.48673185258,-4965.17970445122,-4701.57018045069
5186.75554845942,20.4935690948524,7680.82864914653,3457.50624998568
-3346,4596,-2264.31016147797,7017.69727358127
6517.37802028673,971.600841247958,5700.52970279369,-4146.87495187439
-5428.65271568272,2072.29084510662,5421.67337089622,-5015.43929939817
1027.17455054738,6175.23709911761,-6191.60028893321,4480.57689001273
5364.53590942062,2537.64665704571,664.853912353516,-7281.41452179329
-4315.45491853625,-3656.45073177528,4457.83805240557,-7829.21637735829
3421.51353988912,3486.10163481273,-6170.28389476019,-2443.20211291526
-876.01538638586,-6143.46264266486,7053.90852143536,1583.94720168214
-5469.88895692618,-3245.29387226174,5715.40545050412,-6680.53985640429
-2931.83704205623,4871.25924745668,-6897.23576012068,-4405.5289010685
-2727.69554851211,-4422.34026246701,-299.630875843969,6533.71958717694
-1417.96305921316,-6820.92844380226,1579.60520112753,6940.86442747487
6650.26513604601,2684.8487506549,-6264.35602895615,-6664.88632640234
2557.28590104095,-5673.15861883247,7033.90984909227,4652.46599916414
-1263.7641348773,-4211.85033801181,2976.8469360345,5973.26918545601
-2702.44046701612,4571.94823360977,4510.84884642643,5993.18188003738
4889.93823623109,1627.75223904474,7890.41257255165,-1978.96675355891
2725.46506991861,-4332.09484092414,-3116.85610984487,7595.73879232346
-4157.80557118679,3710.18253227267,-1101.19312201935,6588.49597550508
3184.84731200866,4053.2861433464,6713.12006590248,4486.85929134151
4684.0392810109,-2814.09800361786,-4954.08552352529,6422.86286608639
-4113.62996332092,-3429.74583866698,-2677.94414210634,7105.44901410799
5210.87229392386,1960.41983503237,5258.33709250214,-6235.94558805237
-643.931178411355,-5858.71047713068,6424,4495
-5956.05393728646,543.494591401281,3790.57771804135,7173.22496151867
6853.19473732634,1914.05968457038,-803.753138551874,967.661058248596
-4961.9773846764,-2219.5344710971,-7081.32340346069,3579.7772241279
4884.86748465978,-3609.20930142851,155.21875,-7099.57342576228
-6639.38321927923,2209.93159823254,-3448.27904399764,6803.42771974762
6733.37287775239,718.749078341355,5505.83963669641,-6575.59307775954
7005,-99,3211.46412977151,5693.32520341652
-4885.92527359126,-1425.47543599369,5444.09339730382,4036.79881843515
1609.27881271269,-5237.35705795374,4268.91043237269,5744.7279305756
302.146579191467,-5478.53421619296,5791.21913218839,-6139.7942895972
-5681.21798100881,-1887.39310823203,4306.92232185415,-6129.54966295171
-6594.29481126875,-372.411511025736,-2881.33079061406,-4249.00472507755
-4383.53435119133,-3052.85304357506,-3656.40633605377,6517.44386783052
-5464.29114723558,-1643.16489978077,-1460.65909797943,-7530.99594138448
6161.62082566401,1493.22415392543,7160.60256700998,-532.529920931584
-5712.96881833408,-4075.14194996632,6093.27195835241,-3137.31912790527
-2934.64039760013,-6446.69429995614,-2700.62978690681,-6086.3493720364
-3135.13690396018,4346.98118902007,580.751591424872,-6984.17846091762
-3707.82515295796,-4153.75261370723,-4129.49087823097,6838.48084727262
5262.36517591444,-3011.61226473722,2746.32886863544,-6077.14147812403
5222.35398530244,-1383.98344184613,-6186.3435550965,3942.64045767464
2240.10519869098,4439.6564309174,3466.42091600618,6143.4771278626
4822.30969975561,3063.16457072617,-1617.63148065823,6994.50424836194
4702.14613179737,3559.87229969824,-2819.33472950702,5784.27630396026
-3334.5413510101,-5578.22047407992,-2461.3966547656,6336.05834085546
-5137.10814350768,-3533.7080478076,6827.48399273503,-6386.84160725477
4464.36627014109,-2613.38016389107,-5875.96331247284,3056.36218606506
-3083.23697973487,-4566.31998042033,7251.05668252541,-2305.41582952308
1960.81207441423,5531.92661180094,-5734.59739156175,-3836.73361593348
-273.508683160067,5889.30982264843,-6444.00404611395,-4865.46608385118
4748.23148157453,-2838.14412622605,-6864.45942311204,-1886.3749849676
3549.53867853275,-3867.54230312204,7697.40037708512,-1323.06068209691
141.694660301954,6635.99509339264,-6165.31992655719,-963.514818201377
242.823917754709,-4750.45556342766,-2898.76611328125,7313.0358587993
5458.78055282962,2442.5470642589,-3147.21064487256,7326.26333384039
1874.66262186829,6541.65602769784,5629.72505643045,4815.67859374042
-5797.1098377975,617.14346575737,-5203.54231256759,6686.27515788271
4563.88326641854,3804.4347816857,3597.28664275226,-6815.11261080423
-4464.55012989829,-2367.98338776637,4157.60203517011,6636.00142250567
-5068.88408726796,3104.91857248954,3441.61152702506,6164.92326551858
-5997.79197109046,2320.25759577279,-630.701385336248,-7717.1681713608
-4124.99812455069,-4325.69605398062,-7000.19915457021,2202.88632863208
-847.08218090353,5470.20181074766,-6583.87218057212,2974.78775773524
-2757.98885909166,-5508.01266277154,6277.29428590168,967.964600310641
184.094562696027,-5502.01471425118,-288.593434827782,6973.47467682105
2682.44634221771,-4671.42540325346,7127.51336996337,-1359.4655649233
-2388.45973307042,-5455.21805013853,6941.07741598142,69.6772967665943
-5850.71012206455,3971.73417414741,-6020.72244658989,-1804.03429739356
-4989.31738006493,3574.80679766982,6469.90721878051,-5484.14685497468
-6838.58409211722,396.30288766195,2326.71303273434,6770.65770091149
-224.291530066912,5653.7207528428,-5482.17458490876,6785.32968154007
-816.484819533508,-5551.82449870214,6455.26926439776,1499.23860893406
4703.73767260409,1930.31908460885,5107.67912090561,-6630.30523009627
-639.914964301612,5136.79416529737,-6001.29287250978,4053.91552867043
-61.3734426062092,-4830.25409900467,-942.702512101716,6876.28118071971
6378.27597648985,-1142.78823854224,-4255.23260342416,3645.5087158293
853.837834505764,-5156.15268479914,6562.60514563085,-2970.2891953345
-235.242919921875,-4883.59251091211,2669.54084625325,7110.8329976597
-5575.43154123029,-1938.38702302632,-7230.39732010386,-179.692618672644
3886.99208945889,3131.0952743354,-8088.68248163051,-114.584028843471
5078.88315569538,-2420.62313976967,5890.85689248719,5762.7337814279
3778.13495005763,4064.52282076377,8099.25434417402,-224.188981717331
-3789.79467773438,-4446.89358394119,-5288.91051063873,-4611.84638083808
-6677.68469194919,2532.04946190946,6168.25874300748,5254.59532551936
357.690332134481,-4906.67966414525,-3516.41330614015,-7096.53953277811
-4374.17695436797,-3199.42785944063,-7162.79374003072,3079.3190553569
-3715.10671444568,-4480.14760291435,2817.58027212319,-5677.00666034557
-3178.48023479468,3627.64947994753,2394.12383573958,-6870.95541655472
-4710.96125014023,-4373.56748832684,7601.20003798655,-1234.19769834612
4642.93908621288,1492.49313084675,-2143.12145172188,-7684.60065490834
-6282.68229584738,1206.96224478779,2002.47174435293,-6178.68094184712
-5525.20433843076,4299.09758713137,-6604.90254486258,-4076.98123940051
5809.49918681615,420.281624683684,-4225.04635617612,6145.69125539579
-2881.69282830757,4560.11158518724,-2491.37246444421,-8077.60929217514
3701.5627191622,4744.32765424868,2157.29716810085,6137.59400114004
3628.48199624463,-3336.41397372517,4076.59656878034,-7021.39081686685
667.876674055165,5168.48304349085,-869.159767264485,-7068.71637246772
1032.46936373776,-5120.83183317757,-1840,-7836
-1777.24713997308,-5062.54058546247,4296.85710342266,-6651.06503741479
1598.81468797901,5359.58128947245,7288.34915841721,2237.72263699426
-3247.75581816748,-5360.81960464697,-5527.96732167191,-3093.48512214962
-5985.13615429684,3506.35765107668,1330.68549165433,7359.20011283814
969.29153098851,-5560.55315211783,7778.28667632325,-1547.58065126682
4202.77762142151,2351.20132358563,229.002854812398,-7320.30225894474
-4386.80418462777,-3800.25867919344,1134.93727149333,-6670.50729039045
6429.74969824559,4441.918716899,-823.774299279345,855.637771418737
-5761.03889538633,-2355.33133055604,-1142.19079041585,-6736.55956340697
-4541.69066720313,2216.62459200172,-6285.76250613519,3324.85294715126
-5636.30955367799,442.734126297578,5825.74099029952,-4024.60183630822
4552.26085172336,-3369.48178982795,-7164.33454737734,-2745.10414422776
4906.07154613955,-1684.1064653883,5083.42525317412,-3112.28611805778
193.065322150321,6770.76059741902,-7181.47986706085,-970.391424465674
-1960.45947977952,-6525.41168178417,6334.42654643463,-1639.81546107226
4372.67577279493,2258.81140675053,2616.23877639866,5883.51610620978
-5728.29621761077,2858.78915714183,200.765118894159,8117.30453566458
5968.31001307698,-3661.81065983025,-5047.06836063579,-5854.68450372377
-5864.01653250287,-820.075476682411,-6137.17308564044,-3996.65637636151
4322.55228034953,-4237.81490302488,-2089.21395938682,-7657.31950446252
6207.35562549663,-2467.39814484209,-5431.97822515697,-6164.34237233948
-2819.0567278421,5695.01969329994,89.55712890625,7853.43215342143
-118.29055925562,7526.53909684877,6990.07878380575,2437.02310603725
6439.03065738562,-1350.08259772626,-7627.42130526441,-585.313570391407
2863.52431738486,-6120.82237691978,5949.06176229261,4463.00894925297
2543.92791878098,-4720.13119728595,-746.759833397722,-7141.32785822549
3848.33448873348,2157.71663489017,7092.45097687702,3474.27996917855
-5783.216303689,-2485.64574165623,7211.3358312274,1182.6318359375
-4993.61515319125,3891.22935902585,2969.78021470211,7100.66645168761
4488.97622187442,-4365.39041717767,4265.57445469924,5795.76562931212
-2949.81003258889,5267.67465995925,-479.356176165664,6921.42653391662
-3342.82809652707,-4993.33513070725,-7248.40058956548,2380.60140116122
2975.26641860098,5773.32405281097,3294.21318043384,-6445.26412228949
5127.6963771569,1839.44144772146,-6544.93719535417,-409.067547880316
-1466.99827803844,-5511.07974555705,-2031.72866528363,-5796.76493133547
-967.18346585594,6699.05373167564,-2129.81055707734,-6973.23135519116
-7245.75821681761,211.849731445312,5931.28473746627,-4842.20269154262
2106.04319430277,-6519.27539877226,-7131.75020486118,-4270.87221612514
5630.31532595154,1305.47908626917,6825.18717500808,3805.88146338098
-5670.76427789,2742.82411097057,7147.41036376855,931.592315898222
-3030.90681569764,5099.35416230933,-744.389343261719,7036.04622857165
-4536.94684730891,1631.01639172262,5844.45207423588,-2529.69533268864
662.153100469838,6073.45532924636,6828.15606158715,-3277.46640859682
3080.90259220808,-5401.75417714579,-1758.58634738805,-7306.56224660888
1520.29958954548,6373.41774872669,-5931.00160262765,4606.40640521934
-4884.30294537826,-5522.68924589627,-5841.08249134873,4558.92531768934
-739.407670197663,-6531.20593739111,4208.09916980974,6286.2013427762
-1358.43200586592,-6045.05193843711,2220.35908240336,-7082.20593267521
-1084.60103050018,5946.84091511147,-1671.17534888923,-6551.23156426313
5890.08557055901,-1267.32407875624,3746.43173165235,-5567.62405651849
-6130.79421157843,3150.51373426426,5871.94099591117,6018.07087968509
-6677.79629135023,1230.08852362781,-5637.22381542973,-5387.6860432602
5820.53483179668,1760.11923825972,-6163.12924334883,6071.65366318307
-3089.38140648834,-5659.4546100012,3239.80161277847,-6681.63470006988
5941.86860222284,-3211.71668632692,4129.41614657755,5997.87263107688
-3207.76758866128,-3692.28690040958,2152.23471749788,6279.69083070114
3937.38387406633,-2269.4168850954,-3268.65574970374,6022.23275716906
2708.13815743115,-5564.94378763407,6952.23395152238,4703.10756075733
6649.738811771,1916.60136220498,-5958.51711885725,3211.91868783382
-4252.52026821313,-4371.87783143322,4269.33619174118,-6476.58779732479
1779.98474627677,-6094.30972644595,487.575866699219,-7122.79119454002
3033.46850198413,5481.65533233614,5509.88867413587,-4559.30719914024
-1772.44094375386,-3795.074485227,2018.9853363271,5592.17551293878
806.290494517018,6293.88976943011,3591.25486040245,-7458.2348074958
-550.979927643818,6655.56646365459,-5677.20091019134,6643.10643333708
5285.27284270307,-1926.43671384366,6082.25705725772,-4577.97280992044
-5653.99508034356,1435.90370500409,2363.7707209448,7538.84894114352
5789.80707480909,1355.07367016167,6438.70252829648,-1692.8875187367
5740.97062847108,-1423.57305866206,2892.18216823654,7262.67050426396
-3493.68620602406,4281.49012235545,6768.42829125029,-7056.10421998445
-4791.7387368594,1915.08330886125,7076.61244922824,283.557182312012
-2066.36509608365,4863.66730753533,8130.74779136184,216.744016603891
6340.11927349233,1486.75769058831,-5583.32298445938,2654.55312667498
1839.1375238698,6831.30329488452,-5968.60605366526,-5257.90989230453
-2721.43195101907,4593.54371818649,6139.20836364287,-2222.90523179139
4305.61251450519,2921.46981260605,7303.96866493116,1583.40829152074
-6048.66200029114,820.818865740741,1370.33405303955,-7098.91939385837
3735.94634853691,-3594.42753586125,7503.66616238667,-720.633394370131
1565.37761301012,4192.67859310842,-2636.50734634794,-6650.99232508329
3997.22025032025,4628.56245818959,-3710.38497902573,6697.78277617619
3629.64290400198,4766.92991770633,-6876.96966772942,-516.567346800434
-5242.44858186654,92.00390625,-6309.19057635153,-3958.84771193167
1850.110828901,-4707.529090105,-673.41071577457,-8174.15709380564
6211.98590271461,-1440.60041126369,2744.44172380936,-5946.71782710875
-5549.21902587022,-2086.57538787282,3130.458558119,-7343.41489271117
5295.60977021056,-2073.97189272821,5636.30214030639,6345.05889507501
-3842.18633169389,3185.07021444272,-6252.48013093223,4682.67658489573
-2011.84282542197,4186.86126387269,-4311.6448807495,7124.57571335763
3122.66235000096,-3601.27384948226,-7665.11946961597,6372.63216904017
5350.59769008868,1879.79423102405,4600.21331146371,-5280.29473277213
2514.14378356667,-5048.955665942,6528.91862370933,5207.48107090619
4744.38455271539,1759.98992092243,-7754.43582504435,1424.31816103801
-4471.68826471199,-2591.46797255301,3383.79264167148,-6553.50746229077
5276.01732416827,-1303.05217641072,5686.17905346882,-6368.64589431368
-5508.59948905763,1122.44770691655,256.007284502093,7625.29855363315
4057.92058431744,-4023.0202857858,-6880.12899510597,-3990.70098563156
-3769.22389918025,-3443.96356812862,-207.695922851562,6958.02335267355
2539.62842522285,4319.55466306792,7275.59705149951,1101.19988775065
2241.29373477644,5184.96646235335,-6914.94340588821,-5003.41236056895
4131.18120068558,-4808.34398472866,3942.0552785404,6665.04130271151
-3528.15301101447,-4628.41087513519,-7031.91846444575,52.500212853108
2974.94571576606,-3954.57071314295,-7412.90173197748,-1657.31489919668
745.80495830647,5973.6881326743,-6212.26062744949,-2538.18306208231
4617.33549391881,-4559.52392153911,-3151.3641820546,-6786.28447524238
3871.56850003299,3268.74143949024,-690.625043820772,7163.81708448948
5062.36464489596,2945.50861076553,-5915.94888312283,6734.44046784054
-1767.24786050344,-5131.73662557443,5810.83141882184,-4554.2571355274
3569.57673236685,3965.72931722124,2333.39198435778,-6803.78389241336
-5154.10862111199,2525.87353995902,6927.66828015417,2101.0214317278
4729.90475010149,2962.00725796367,-2380.68437327137,-5098.56618915096
4339.76464807141,-4535.53597780986,-6862.2191019898,151.120178222656
5291.55851589998,2335.46642739432,-5723.85165209912,4113.52268492164
-3292.04706653378,3775.14773812841,-7165.04190804803,2409.85337244705
5524.03996312132,2206.73429403135,-5905.79542894558,6599.21828272427
-1996.11637230595,-3994.66123453061,-488.568974862448,7547.21878157357
-3399.93969008099,-4185.45475613683,-640.291549185819,6461.24961835091
-4162.18425640554,3202.47744220843,6897.16513975863,-2625.95007737636
1973.36745263147,-5400.21470461759,6900.77712634291,1111.47210887739
-5940.89961244944,-1052.79958476835,-6199.85174430241,6382.78782805789
3205.7021568452,3496.62998640475,6588,6070
-1292.97631082816,-5110.0786118383,-4983.01218798257,6514.49928175164
5025.23786853014,-2041.25570261851,-4458.0766173736,5693.37769225414
-5404.79904968378,-1781.31836349052,-1604.4224928432,-6074.92350511741
-6021.97716431788,3164.71233431957,-3336.01887664206,-6035.64505728537
-2587.42186030328,4575.60215812409,-872.533164978027,7363.10301491998
-2600.95114744776,4826.05216937904,-7263.99388039538,1633.88489591751
2193.65514597867,-3731.36293674944,-6561.5296972592,6538.72699268391
-4667.82634192032,-2941.81752020731,7278.56388220853,-1906.46174403168
2882.71742367975,5189.49565334422,6439.39258105758,2047.20208329856
4794.00762311165,1458.92257652361,-611.517764279669,-7733.83088100159
938.541210349151,-5316.89357085035,-1270.52340641439,-7807.12543059959
-4291.71172044651,2383.83612465983,7285.3737402115,-6292.11209199818
5894.47263017383,-393.061832400814,195.227325439453,-7656.01265444601
-3350.08029063472,4065.31732135673,6045.77193814686,-4232.10335049715
4552.41894510646,2530.66565316736,-3255.04114896909,-7236.64524982329
-5479.42336501404,-946.08490335259,-6637.97883021568,794.176955967685
-3176.60699377856,4938.63974919771,-6580.88313287657,2313.41645700318
236.026092529297,-6624.05470025972,-7447.32549678417,-1858.43017413891
-1055.30783540472,5088.31277646883,-6190.98341480447,5892.56808084403
-5120.42085643928,-1580.67841733565,-6439.26262880121,6171.85590156916
-4026.97465534713,-2524.05191668833,-7753.89489463798,611.900136546198
-4581.87799890542,-3309.03684876771,-5988.73624529521,3942.18057018275
5476.04274217037,467.92560728587,-7930.16495713359,1327.05234204319
183.344105630734,639.70249152448,-3875.63988769976,-5550.78296442186
3145.33698229331,-4504.37859267616,4500.80083455825,5342.96785414375
-5290.51186899022,1531.87397787427,-4818.93354889959,-5961.97816517366
1904.3497096825,-4780.14865224055,-3799.92902186604,-7250.10661176959
527.357063694624,-6460.28081177681,6650.81194177587,1398.99330598907
-5391.01593237441,-122.341018676758,-7477.90369792149,-1800.82482361047
2957.96933120435,4521.35126415614,-6744.15760229953,-1105.19569463315
3841.3015148104,-3203.79169357578,-2228.10012616902,7435.0615372702
-975.015974884451,-5920.89120445317,5692.49362888,1605.2849815863
2221.96714934074,-5610.45312286571,7459.59228567703,1671.42669203045
4174.03837522849,2818.58554153706,-2866.55047470431,-7537.37631296893
-1091.81068395391,-6064.76578296182,7304.11029918406,-1390.28648872368
-4192.55922414755,2621.41362168048,-5930.60784916463,4015.85522080931
-3084.14356102856,4593.82212347416,-2451.72923914528,-7023.77478246292
-4841.86841026421,3666.38981733093,-201.177133909413,-6812.4232517957
-6020.10057105058,2554.88717663702,-2038.79983142874,-7161.89172954475
-4035.30369791359,4233.43459862302,6579.00432749115,3635.04566072163
844.594178630249,-5316.32943535858,5081.46269039067,-6912.08415346804
-3104.04463650565,-4278.99447764303,5300.21417750094,5733.79979986854
-4091.59406956784,-3307.11420908897,-6619.72944652988,6176.02393062137
-4687.08406748253,-3516.39752174581,3331.62046821921,-6270.36416040106
-1878.88946090648,-6008.2708992798,6579.08318151993,1849.79696826029
5505.84215691573,94.4305419921875,-2958.98984647123,-7182.15947546156
-2384.64485199849,4488.97113896565,5601.73403820961,-5754.8842005645
4607.84921169195,2974.55879221972,5868.32860367623,-5094.10598661087
4047.42003909956,3952.67621466127,-6384.63065089572,6380.45852459921
5232.04595498794,547.918949227941,5323.58125565972,3246.77619816832
4083.35912636505,-3228.94131400673,6256.32282348112,-5503.23132386698
5919.84178632033,1732.86951445918,-4196.73098566917,7534.64992345104
4768.2344884518,3056.4348516563,7737.61023602298,-696.536121692735
-3750.81963215807,-3784.51114007602,-3289.74697820608,6557.72637590496
-3188.36861513916,-4025.8493147476,-7324.82050235755,-5650.34044299178
-2980.34033230248,-5970.65378618402,5230.97032072469,-5349.62040984896
-62.1424280141855,6189.17160910671,-7489.09983193496,-519.860702514648
602.512965650443,-6495.54961209845,7096.21503741463,3603.19197491808
-1263.90397630484,4764.19280462707,-3939.62299927098,6356.60817235357
4633.5481724662,3205.05245389735,-1239.77958640836,7524.90958721597
2556.2450487317,-4648.60522341875,-6824.60481507439,-3120.8992888438
2852.75842988953,5452.83373652637,-4748.7302183973,6112.42031949137
-4914.30049381486,-4158.02566648016,-6356.54623935734,-3961.89183270465
-5637.81717027307,1735.82550627863,-7309.04786034454,2713.96190311584
2171.69056654484,-6249.32077673753,5828.62191525275,4887.15708688888
-87.0470897041351,5767.40874284593,-6441.91293378213,-2645.77769608931
4851.81546070011,2310.58261062441,3712.61100922421,-7330.31053552173
-5457.79024935976,-2657.99405856345,2056.9593587702,-8086.09054721119
446.325252558343,-6866.23655996717,-6716.62539956171,2770.60262255087
-5334.15406714736,1063.16067715599,7357.71366999496,2111.54972306776
-5462.19171181446,3273.7300602414,-6129.65461538934,-5947.67611935627
1907.25657508999,4884.41572695039,1370.96502685547,-6201.24180852499
3861.86739931895,3795.35358414343,1348.15197679387,-7111.89766664299
5754.0850621178,-814.665622595995,-855.67548019027,6695.09995589997
-502.314923128342,-4914.19831254187,-243.780197143555,7558.58145395155
-5572.18725205001,-1524.0948219951,-160.33984375,-7379.03322382158
-2112.67512010661,-3661.54760087315,4380.2498220582,6365.34164232547
2202.10834456946,4166.80348478403,-237.921020507812,7427.82340071257
-5688.58708073098,2694.41801316962,-5774.78357734996,5207.20597383483
-4016.48098228679,-5468.67725252423,-6847.03315245424,-1683.39770118914
-6877.53177043593,131.866309254184,-6981.65933874977,1973.56890240138
-1478.27432857252,-5971.21223164721,-6175.36463913763,-4066.98421873958
-1277.23072139777,6254.5817621753,-5354.85862977371,-5436.16758968572
-4633.61274261347,3034.66938473728,-6764.90150226655,3900.83683871979
27.4286980430213,-6381.40994376067,-7679.1330046844,-218.290025772587
-5741.14250431959,-2404.57034114267,1227.0621987862,-6687.53446982405
2832.23215456366,3741.84567675546,157.27197265625,7320.62121005427
-4403.0848846395,-4232.34326119165,-5991.40415437261,6198.40100284641
1730.66956900799,5144.13856482565,7028.78810444948,-4299.62927490937
-6042.35105793578,-1456.71293876242,1836.20697590178,-6355.65849554155
1108.98027010158,4721.75740069769,-4241.26539589639,-5544.81679004852
3935.1717956559,2371.69185921321,7742,3655
1969.71815589824,4353.26806622296,5251.75644011899,-6666.13984857469
-5523.02482314788,3279.42734508122,201.196258544922,-7103.58594298853
-3157.15114019341,4997.06612389287,-3930.42652750384,-7006.01265294762
615.045036820003,4770.82837728615,-1447.75839787733,-7632.23798477152
3978.25671260637,3297.707399721,6498.88803570342,6833.12250655038
3972.80601253984,-4005.27570125377,6068.72296336817,4714.30786917094
-5440.6995877977,-1189.88148979805,489.163765633403,8112.72609415438
-6565.36726020263,1526.43056356971,2716.219557007,5773.40741069024
2109.82632898014,-4776.63712907715,8007.504429928,-732.639836066374
-4485.85266979298,-1857.46969455365,-2910.52424873732,-6294.98096177184
3759.01743986169,3622.88685810796,-3961.93310538675,-6015.41525112153
1256.10497948082,-4644.54999663098,-6543.5652798195,5143.73419219759
2868.68504359686,4293.08347333023,-2019.72900484847,7306.2905227082
6701.93603779455,938.794787458076,-2321.76355437911,5767.35326001972
3771.66868211638,4719.14861538649,-6911.59443412222,-1482.2324935678
4558.90952286751,-4566.98639113729,7499.35373952617,325.983775212415
3986.67982588569,4898.2088129094,-6851.25436580218,4162.41264908997
-3601.70355032261,5041.94438593234,-4133.18434475965,-6087.09254280796
-2795.72427558332,4286.36419968222,6534.47547480347,5664.91023420473
-3937.24016236729,-3314.25646482135,-2455.43367516251,-6927.66200241331
-92.7585954109999,-5363.56883575188,3825.5802774056,5306.86279877441
-3251.28843723043,4839.87174742006,5436.80812738223,-6918.16877360199
-5792.63836658909,-895.449840926011,893.136532371691,8015.9759048305
4036.35670292077,-3436.58303279355,7506.93542699711,-1005.77375315198
-7455.61997928631,-479.1875,NaN,NaN
4163.25932643145,-3417.14650240338,6236.38878976905,-2828.46840379671
1962.88670881042,-4949.6976828353,-6757.79773285511,-3554.27613869172
1641.85180325761,5848.68221132029,-7173.140317658,2052.12346124971
-2934.46574610328,3668.02094957246,-6898.36143821523,1298.26348702908
-1947.21990546906,5177.64747534889,-1713.77613475894,6100.96362153545
4716.62999257477,5196.54908045335,5489.19385212835,-4197.2234704039
-4609.2576250609,-3701.92411941543,5696.30715174809,5129.77818318935
-958.498870481928,-6872.82472953331,3729.80236052236,5644.64648964897
-2417.88379674395,5516.56789346782,-1449.6328125,6922.96823878272
4631.72785713917,-4564.14428554927,5658.11140811889,6041.68185843137
-4251.25497067995,2513.2556357335,4044.47476872198,-6754.7511763033
4378.15900327785,2771.63065319716,-5156.58798993314,-3646.42615158007
-6711.2842002949,-1432.61971088047,-6580.60147231793,-3840.40049319046
3910.48474689639,-5216.65153352668,-4252.30399207527,-6520.7325584492
550.878775509921,5135.53514499402,3061.31194335798,-7812.55455392097
2356.53703561282,-5845.12142401226,6873.16072553543,2983.36295755794
-2288.27584980352,5339.04397243266,6171.57699926395,6288.49251497729
450.80572540906,5098.72699713267,-6640.86115880149,4441.54966736285
5406.28318333265,-3812.25578630783,-4595.35926881045,-5240.52766073047
-3930.59727780147,-5775.30298490017,-7109.44681761901,1252.31793333477
3582.08028784515,-4692.9345614457,-6387.41868452011,-3508.25130700359
-3465.45606399562,5362.8825857889,-5132.15670209677,-5705.81738797929
4607.06316389648,3239.12572087626,-3002.07730221396,6949.03429531544
3415.4630967281,4234.20636094356,-363.558214881419,-7623.60028702204
6627.84547749039,-773.555292922181,6209.52506035375,3269.30442628048
-3040.88929026053,-3067.21616073316,-3505.72594486557,-5437.43305435203
173.19278959594,5718.51317957736,6713.34274159334,-2550.49700551201
-1.77288818359375,5765.2601953937,6680.01528170232,6792.63907651587
4104.65386661216,4040.96481574783,1441.22763193736,7684.44666563503
-1166.14152500035,5737.08521624561,-7850.65983097324,-176.679966338693
-3379.54019318914,-4042.94190154369,-1199.86663976128,-7215.37037495626
-4247.32989827972,3830.43234099847,-6417.4036671208,-2763.44573232562
-1569.88155643646,-5993.67344940349,1951.92811053228,6017.1160557217
3498.24731655874,5141.25323038103,7072.28785109852,-3685.43658112402
5158.47152043175,-1532.82800324242,6508.13543952198,1207.02116231543
-5768.01926553098,745.89186568308,5877.19557940183,-5534.90803888548
3891.98749000462,5208.05490528591,7586.11895079913,-1784.48247937468
-6195.94893272913,-1240.96080759845,3176.87020265539,-6371.48871718839
-4959.20451624906,-3536.31874246423,5935.80136460183,-6413.55553804112
-2832.97963995667,4635.62445484182,6775.02656622776,-4103.39502875738
-4068.22166924569,-3052.88014372952,-7056.01311626033,-4920.76281847419
227.44495080897,5356.06730937855,-2658.83576822244,-6878.69242867597
1360.74964450062,-5838.54185287602,-7227.85623032326,-2200.17182051091
-5983.7298764636,3035.53056817467,-75.069116602607,6921.4475513682
-1566.63677466394,5115.00985928803,-4676.40421889224,-6324.08308856397
-5234.42751563288,-2125.52054423821,-7726.4955139491,1203.5024747654
-4337.12325644094,-2804.98863861399,-6108.68635952388,5787.89411068131
-2565.94027679727,4217.14348762851,5961.27266408886,-3548.63635019097
-3114.50846001109,4466.22423603342,-7716.5359351701,-4935.9312137598
5622.75557611243,-1596.35725103342,-4962.24275460011,2904.0278381902
-716.616069865393,6650.26395673422,-4665.65487402654,3681.43957818824
-2243.89621580686,-5844.41341866224,-6678.04268199028,-1837.77569314708
6690.87241383969,-2989.19174088688,-2242.78700165175,-7430.01678448759
246.772719793897,-7115.32912800405,-5654.3403221582,2518.5840253771
6456.04283320752,1612.04516775679,-7105.86421834303,1333.43783261595
2355.90606350841,5451.58121145677,2105.4786270841,7581.37385390184
2537.9632394063,5745.78347768312,4837.41393967973,-5076.02884628137
1442.31298504103,5096.60296501682,6048.50512431295,4007.78050324418
5269.37122800826,-4579.30369082612,6183.99060246294,5623.06134181214
-4837.29805856854,-2926.65862560305,6627.09043829965,-6246.96030130231
-5023.84988586357,-3573.05103237888,7298.19810721463,-976.587034732373
3440.26097030155,-4744.08022199412,4816.54670382531,5662.58498882945
5032.04554507083,2950.5469018003,-1140,7782
5764.87138321104,-2511.52601501194,5462.5169786141,-5139.95850718669
-3709.97091152483,3983.58930005033,-6791.82866175488,674.321746934886
377.042419433594,6375.75374758192,7360.81149464279,-743.545427750541
-5960.22874205508,1144.33025049948,-5772.18567454798,3612.53153542432
5070.73639902901,2433.18434279604,1993.55474045204,-7266.05764532823
5789.17207010907,1671.22901992171,4028.41104628165,-7086.14297986232
4061.90908465989,-3605.17601472746,3708.04941795595,-7363.18119132586
-30.6364288330078,5914.70046577196,6898.11345958656,6979.61403311527
5401.27359688526,-3290.67512772756,-586.373898134393,6383.48409062113
1118.92699107257,-5429.27027318849,2698.41603926932,-5714.43061459928
4207.27101843085,4874.25675776451,4202.1609400699,-6380.58658784925
-4848.91876480478,-4801.99408935965,830.760400551774,-6811.53327735668
-6145.10640357717,-3210.17071941231,6833,-2796
-6859.02603345212,6666.07586227979,NaN,NaN
-3935.90112856512,1459.17909626469,6527.67901692095,1280.48822219354
2412.87611898433,-3672.65322977046,7146.95941380184,-1564.41179562435
3963.87286475234,1988.01933317268,-6730.27423356884,-4933.63694467728
5661.69826262059,179.724596705492,2386,7756
4508.66416902836,3263.48656241838,-3604.35562199884,6927.38737245638
2469.87570091898,-5092.18815016031,2881.77969553768,6407.03236022187
-1503.90931719723,5024.00348846251,4440.35895509229,6806.98066794301
-4419.72826889297,-949.940081072054,-7342.35616057855,-966.900078082736
-4629.70656710268,3262.7337372041,3779.52017650977,-5760.53246461924
2606.08621543048,-4434.11793945085,6406.4239314932,26.7199913498259
-3036.08277333907,-3809.11937881522,2705.669055449,-6544.6163404103
5327.46334506229,-1961.80474586961,-1337.08073969901,-7485.86177910555
-205.903883219343,5993.38989504196,-7895.56747856854,960.768996170666
-4500.18710832364,-3943.14204372602,-3232.76259005466,7736.38622343583
-6028.61810292411,-1447.35164141414,3768.91834525882,-6356.0950315611
-4677.45351845778,-1453.47794335126,-7221.96625758272,2610.3712533364
4792.59637685665,-1680.82191130456,-6908.93791750333,2280.91239165105
4858.14784023047,2760.81862993391,3561.88748046868,-6858.98522466904
-4520.08858156862,3447.9797933264,-6454.25925982345,352.489185948395
473.008545021125,6430.33641530794,384.381905893971,7448.20679451447
-6012.8257551381,-1424.68170877313,-6538.12067684081,-4530.39221245287
-2362.5827724231,-4884.39244120657,3511.01969312373,5627.69141022314
-5023.63670818098,-4964.66558099646,6230.43735535352,-3223.5073194227
-1351.97295372773,5385.57714742882,7905.90019136824,-400.774156746738
3311.78051784455,3935.00968543721,-2591.0188885519,-5890.47177519715
3818.96975524425,-4377.38198635877,7074.21113890434,3889.15913345302
724.119276083669,4146.92090443885,-5335.44889377067,7003.11219101074
515.00062108786,-6863.57673594233,-5273.0817368795,-3932.75910950804
-1834.87018301137,5411.08875220869,6560.36357944672,-2287.90928986539
2768.39813658755,4734.80918920405,791.956581352834,-7134.76213895099
3369.70546999403,-4738.37155474196,-1937.03330278475,-7026.04967420294
2410.98464924852,5387.74457052804,6751.60232352281,-2764.71317955176
-4511.74887233618,-2837.70235899226,-6394.36359661932,3946.84432938124
-1438.92804808925,5377.26069800559,6283.49005362698,5614.16861637757
-4567.22136784524,2952.16403340981,336.066997106304,-7329.25741328446
-28.5481069869354,5514.09491888685,-7691.98737226127,1440.73835595874
-5029,2372,-2704.93877325913,-6742.49044394123
-3650.16524342153,4515.84838936139,3743.62246691586,5557.10990288699
-4484.49143484916,3238.1552717639,1201.04677539846,7405.89768269822
4980.0322833345,-4352.18654143556,863.129816580673,7619.52684074304
2936.02693068791,-4603.10652190818,-2789.55162736877,-7310.12361106266
6033.41108297955,573.693236800237,2003.77057351638,7652.59813371499
-2304.63700916511,4281.28214223936,3178.22112682254,-6642.27918903312
-0.999580874633779,-4858.12630975184,-1324.85221942148,6808.21233986985
-4240.5243656834,3334.10877828186,-1050.37368889292,7573.27146324032
-953.108732121865,-6018.92243500024,-5585.83223593512,2926.84412655566
3881.20259613803,-4038.83367004602,-6430.39774114451,-1021.19977816729
-5762.49815493019,-1467.47778850284,6522.54520451897,-1957.49068487893
4796.49711233078,-2831.9128603832,-6649.95336743658,-4807.7549465383
364.469007324562,-5649.98412336721,6615.80398974207,-3242.75534531989
-2659.440516097,4578.10458047207,-7333.72838382931,-183.73752726998
-4410.42568803165,-3885.61576722145,6911.80830818016,2124.90925387033
1588.19878457677,-5486.46946903077,-6232.02893462707,-4724.4142825542
5162.69722809269,2187.14430037334,7216.3411184703,-1270.05578655838
4778.29606506176,-1934.42576860841,-6776.69640130302,-3927.45269756839
-3591.73247346426,4621.10326734107,-6076.20626775003,-3626.28173864125
1797.41483829111,5810.25454413738,-6500.65166634235,-1542.47820048541
619.459110517909,-6845.0971515354,6392.32479943364,3121.70176081175
-5680.90357661922,2559.25701409417,-7125.00086005314,-2101.140625
-1404.58666273374,5183.3249787133,-4216.72609496276,7239.16440222869
2949.26611078502,-5252.97534948534,4332.89282691079,6028.01009216164
-572.777374267578,-4863.45762412002,964.374800839239,-7131.84306068843
3847.79956113655,-4436.79679316942,6050.88316251014,5434.80398496906
-5227.66056880249,-659.140193439482,7643.28255056839,2733.4301484976
-3847.21331542048,-4203.63330882475,-4521.00742487351,6806.85358254474
2705.13649771432,5707.54884854936,-6398.76833742796,728.503526611041
-3334.33617896191,4541.17932260751,-5448.66607548836,2939.55094004589
1642.18190645423,-6311.16482129727,7045.49144789242,3058.07530671607
-5540.64823986971,-1767.83614022611,6983.14723755383,-3164.75508131219
-5361.47095977888,-305.61506792241,7953.14914773396,-138.519821166992
-4619.78241586394,2317.10203530891,-4797.43544970804,7013.78482027637
5060.48447569272,-2592.88696033269,6757.0681296687,4892.29978115916
-519.419518149777,4670.12962483015,-6420.57186819138,7021.06468933021
4566.01424280869,-1833.72084421949,-7394.36231688092,-3827.76714062088
4528.33283273568,4385.35075890915,-7197.57393918755,1095.43655354917
2162.50691028792,4807.51275539283,2158.04299327798,7276.76809191746
-3385.78294047725,3680.69720800823,7864.38908338384,-850.147760847467
-3926.47891931058,-3194.87581441801,4925.6808700155,6651.65306780649
-5841.61636735519,-146.431077821934,-2446.57550417844,-7401.86994823482
4422.86289196774,-3227.18779215669,6935.63868049777,1795.43630891393
4059.38856469046,2506.57157514968,2669.18015741766,-6977.55126069307
2483.19101356435,-4636.00636495174,3559.06017485714,6815.29296436384
2158.28517641748,4342.33302959548,-453.483084426796,7627.66147519992
4903.01206451284,2508.36655087532,629.84120987275,6192.19860705645
4196,-3433,7071.38795966668,1365.27822674255
-147.487617924528,-6296.84388182271,6663.42660228044,4124.89505946289
1223.60978244329,-5656.87462637452,7272.21281917047,-3087.8038169681
-5262.66684132406,-1591.91094166922,2921.07548534787,6914.35919521649
256.818304260361,-5396.98058176509,-1127.92334133461,-7129.94118547434
2273.9797661659,-5188.38507341507,-6071.45273786041,-5174.38201539074
-2720.49904266752,4856.43603736041,-7373.84481783422,-3404.62419173891
55.8132780082988,-4995.42016999488,-3058.5787342004,6990.26137067495
2001.4881259746,-4781.83518485163,-60.5548739685717,-8094.52184396782
-4687.82453630976,3354.43610321401,-5631.4522607796,2598.00460028623
6078.48487109888,-226.105742401438,-4479.33846444701,6328.21061892916
-5939.56160811186,-1429.86878113522,1907.49153233685,7940.41294658504
-5525.82508079457,-2093.77026722411,1300.28885904948,-7249.28196944515
2855.42316340943,-4204.5533528677,-4540.78684651831,6647.28160900418
-4243.08060141872,-3581.65291182499,1056.29503722931,-7614.08203500194
5266.28423164788,1336.64133022521,7982.58638027475,-1928.0436987276
-5429.34032484013,-687.975499440437,329.27249080113,-8070.92744894653
4039.52124107631,3380.64144209395,3742.66695105615,-6406.97278378908
-1489.30968076013,-5103.42867168033,2239.34628518212,-7234.25487534619
-2363.24254537908,-5111.63294486605,-469.013175964355,7427.96403218681
-2260.95814398469,-4390.8051145639,-2951.00666537007,-6570.12224131745
-4088.52045052801,-3532.35110491687,-5919.57359195327,5518.25212163632
-4759.28777234615,3020.67943619668,5991.79147919146,5689.84788583734
-3574.87772936775,-5093.75046907515,-5876.29930795047,4348.08279272435
-4636.82707719957,-543.320373535156,6329.01775612317,-3872.45963997302
-4928.60679948807,-1485.74671696232,4463.40423783508,6697.97188725196
-5159.78990875149,-5538.35297327773,2288.9643908651,-4779.723928155
-3979.91814065958,-3700.02896225655,4744.03003310793,-5950.87816305671
-6243.61295773475,944.063267619254,855.919984336752,-7052.87648900062
5298.9695619478,3420.00556119804,1766.75090894092,-7534.46520537717
-4652.43784512635,4549.4037590339,-1201.90719437511,-7395.79311681497
4167.27474550903,2496.33810503084,1179.18063024355,-6923.48070564246
4314.26432905176,4215.9528320303,-4859.65451589944,6730.95541555441
1387.312183806,-5107.15777625739,-723.846524531739,-8078.47022522516
-5464.62382981056,2975.44861711198,-3056.30126485087,-5418.55203395572
-5858.21175395997,1691.80753737135,-3354.48758553592,-5713.84692406723
236.971718620224,-6308.40228554158,-7049.49722675358,3255.05455596773
-4157.07262517581,2378.40530415154,-6381.02247743627,6744.82243921821
2228.37696236787,-5277.11149715169,-6930.10783076265,-1010.68669773982
4216.4917958198,3867.03068077334,2741.96163442368,-6946.94457537221
-1208.81151984936,4887.2738683291,1794,-7583
-4087.23377211403,-3398.69757732761,-7589.07414698812,-2095.81633282459
4031.6606163307,3058.15683789444,-272.089589049387,-8051.24451500448
-4541.27192554116,2919.18375025385,-5988.62857101049,-3997.9071270925
-808.919568420904,-5365.32729763455,-957.128353490272,7495.56423775794
-4298.83397053879,4858.46683270711,6433.95839733773,6409.70929580017
5371.24713870823,-954.056791924001,6973.01142401153,732.138847351074
-3547.52211305926,4663.44724937081,-386.190451345627,-7599.37713867665
2679.60705593209,5167.26680381574,-6952.19184203408,-3827.16482053635
-1544.54594055095,4269.39772808781,2733.29706422391,-7183.76047119761
-1737.51613099093,-6449.50812587579,6889.06778414329,-3387.86128088648
-4549.55908780385,4657.46242312167,1376.89269437288,-7413.60498475616
3014.5864396863,-4877.19908993348,-6636.91905312259,1905.93813460552
4683.04244991593,-3558.77444708986,-5443.22721314185,3444.72169991025
-3357.79672719599,-5610.42275179658,-7011.26995682039,3994.10651189126
3596.65532991851,-4408.34540539135,6793.35110253781,3786.25823127015
-3897.77213772551,2059.08241771383,-6887.77122240796,2654.48179445291
-3703.54302055498,2314.60119837252,6635.63173565041,1030.28426418944
-5378.0115925844,427.131225585938,-2593.9978528145,6467.05382707839
-4810.458132043,3911.03304558549,5929.10078443524,6040.80811634354
4280.89764798089,1843.25542533954,-5139.64412233258,-6546.23142818996
-5508.38798462845,793.591103624942,-3237.07666826957,-7259.96945238998
2948.83659114468,-5014.40841305445,6822.00950591529,5959.64875171474
-1065.02281949505,-4615.81601529095,266.549523307307,7207.68495648418
-3878.62482105704,3911.73940473693,-465.882006628575,-7536.56793490417
-4367.2827734717,2686.99659425866,-6121.85461686568,6060.00997270315
-6305.0064182611,597.592321439433,-2216.60549061574,6121.22188148434
-1848.75324726722,5686.5733809204,-6265.31760357366,1005.59917186224
5576.37576112288,2343.07598352323,-6420.40131209126,3056.8379034643
-1448.95674949261,5639.68195525946,-7089.42087135814,-4235.48745166032
-4482.41383877726,-3177.65348772894,-2942.6161857609,7581.42502558335
-2844.24847617919,3771.9427014513,7852.99669446662,-1474.68694003002
-1822.72527496885,-4517.99201167761,-0.45904541015625,-7609.05834759519
-5375.11929616731,-932.795634803697,-7232.80609585221,170.981294769403
2431.17764966249,-4236.59196995952,2736.78899012831,6910.55295648284
-2389.70140457166,4293.61660804581,-6754.89404306481,-2570.31694989279
-5327.86730729478,-2128.51384022748,2526.99551899411,-6189.77779709077
4597.75247295214,-3317.58354392278,4725.91804395984,5371.01359704663
197.69140625,5368.02827190171,85.9352498148824,-7380.18449555436
1344.25470076427,-6027.25103974586,-7062.03878788406,-1011.18823171749
-4137.86860512005,-2799.12341217711,5349.18412956478,6566.16395573754
-2940.37231817517,4430.97099347353,625.932951700622,-7714.15875363014
14.8179165846534,5362.11814090678,4238.058629619,-6138.21759768555
-4699.91060364717,-2098.30314445082,-7195.14786128791,6552.91556676264
5938.55852467573,-2994.89048642441,203.175694740546,-6655.92306592114
-4083.53594839859,2970.99279386937,6250.98140636555,-1644.55253878896
-2464.40447602345,4600.73814694414,2126.11485520731,-6457.20788112632
-2770.47690617831,-5293.59233200404,-7503.72634492859,91.46409516211
-2041.16549855979,-4395.43187634842,-4293.60676882889,7318.31416355265
-2600.93458224583,-4457.00275204095,-6902.97914582292,-3820.07956331595
-2340.35152933833,3660.83201482093,7543.256598179,-2090.97525092666
-4992.95002824377,-1783.18748284308,7285.56411861947,-1714.86027626001
4503.08184887599,3728.88726596895,-6357.8735653753,3659.25990098729
3745.77687570648,2745.86463393407,6566.73074332386,4400.92159664885
-5514.06710466111,-893.285655965436,291.513222936899,8076.8960604996
-46.4205663367494,-6116.24072393121,2402.78447112296,-5103.96403683431
-3570.22344248004,3930.98959309881,-6444.52753904935,1040.68246298614
647.805549821971,4758.30438926906,-1309.57887333191,6998.75620843717
1445.66013997396,4835.07660339218,-1674.53741890483,7064.67184382575
-2516.98624776364,3107.09818788394,-6364.92190799275,6882.14479759154
-2536.1598555825,-4828.10046033519,1904.71004145577,-7049.98671527705
-5568.70333918621,-591.31062277289,4023.95587646372,6336.75937690265
5330.8362621831,923.280793153508,-7149.33767426101,1388.09031645698
-3463.1441847661,-4280.400312698,1450.41206534964,-6849.8126495583
3569.65595252078,-2428.02278489322,-7075.04094950862,5239.04865365825
4535.8960124782,-2240.16302404318,-5855.32322436111,-5761.57868149913
-3074.41357316499,-4044.17798139504,-2862.8887044923,6361.79699588102
-2327.08141388282,-4614.17184497244,-6360.89430079184,-4194.88286303233
-3966.4954458174,4227.34673199752,7201.48619413752,2177.20624125689
241.561538461538,551.320985991379,-7126.95300519595,-6376.10433298596
-2071.78485870361,-3663.54482670728,-3351.68018086071,-6011.05900112518
-4721.56616038693,3107.85429698838,-6599.04332258409,-4857.81028914426
5414.36042923341,-1335.62798357369,-7114.31306124891,3497.38298625072
-5495.49317645718,-3651.31629897662,-6770.89475952694,2477.63925285932
-3793.31149896301,-5160.62409180433,-3229.55951062714,6332.49689188881
4079.70035154122,3830.01506305453,2750.35949538754,-6856.23278828769
-4235.6695954046,3253.70282587275,-7241.80077853378,1885.05510043105
-4946.87322990111,-222.928156374164,-7305.29905974927,-1516.63520980686
4409.7761381117,4503.12347837591,4730.20964441552,-6115.06483605837
5069.75619818237,1268.30278897196,7505.4984089829,-2050.66501594342
-5069.97635343978,-2794.64296568026,-6401.96646451385,4410.54996018916
-5699.552936891,1646.3593581744,5566.04589063864,-6048.90337375518
-134.250701552171,-5981.95509660474,-4908.61181324733,3498.28486025539
2361.03197479248,4909.51618782279,6583.02712546183,3320.3193573732
6360.05839430484,91.2441813151042,1946.12198594965,-7223.26750333563
886.321964621367,-4696.17859899375,-6882.16231159738,3383.40362017746
3031.66145756759,-4750.79217757471,-313.929897600813,7700.87054527388
-4708.27236915509,-3199.07282050822,3278.12274990386,-6980.97505040726
5694.65152667012,-1389.34895390407,-1177.14072961353,7503.48530043914
-4576.42983492456,-3271.99346640135,-258.406315553922,7099.26173567968
2486.11848568112,-5973.67038042142,7280.67074198678,3853.86775538291
-6845.61109835562,2131.36231322735,-3990.76192363172,-5338.08331140034
-6074.19343288342,3884.06018101027,-1746.62667017551,-7029.75908307084
-5325.66435382855,1839.9642295068,6537.39518965183,-6744.47628177388
-4434.14418737042,-3384.12035198067,4229.79075559908,-7018.68788497812
4522.89569561516,-4360.08662376636,-1658.06605504587,6217.44692601923
-5414.84926752366,-2581.05757033806,3382.44289347272,-5429.91076008496
5099.12106829611,1219.74317897878,-4872.62735731885,4406.0250851534
-1080.66644287109,-4543.23218054199,-665.992556634304,6746.04792385122
3470.47655165599,-4228.13583420845,-6172.31821913886,-6498.68350658595
3560.11037423315,-3890.24579544456,-7711.61344950122,-2417.8245230757
-5011.29382253287,2092.84097796883,-7372.6705903214,-5597.74166234035
-5457.84210179935,-2178.40514714087,1748.09076645506,7364.69179577676
-1291.57127050884,5204.14529360071,6019.7221594221,-3432.97296167538
-5360.85780903257,4180.33893520473,-6874.69806329018,-1736.43481445312
-5074.93293345775,-5215.26267811018,-3159.52619691786,6681.34877329424
-6146.04928324087,-1320.04042508378,1305.12428553499,7265.76363074346
2792.6515732264,-4399.34273660402,1733.08773186958,-6890.98323947702
-1496.84421169635,-5363.07245538074,-6300.80182507009,5405.79669913358
1774.75624966383,5709.79092182802,7127.33749097078,-3499.17122031877
-1582.23939796737,-5033.42130225857,6622.28864987599,4738.87187653111
3243.62406383721,-4100.69294841236,-6342.67172909777,-3339.65502303743
-3172.06272266404,4547.99704366133,-6456.40715126297,-1052.125
-4282.72096830827,112.520759582519,7034.97962452094,-1990.2653521927
2543.32661266486,-6023.14553332554,-4486.68065886588,-5280.59688056379
-3393.72499564504,-4345.46549323566,-422.256988525391,6853.39817360136
4214,3810,203.870567321777,-7457.91239346703
3259.57967006894,-4513.12314104471,-7366.57674476156,-895.042779459663
2735.75709756546,-5547.89065033639,7471.46296328012,340.04105225669
-4880.16339853987,1424.02829163019,-3683.73995307215,6725.21801237763
4876.06782425933,2993.42220461923,4095.97337045816,-7270.48794687311
5932.93471352653,-20.3658401561233,-1841.6546551347,-7737.16645820915
5427.37379984232,254.551249601403,-6929.45037559129,-5177.82227662047
-4136.53744778012,-2235.5257909784,7198.77337987464,2876.91336331348
3613.81682028821,4306.22579490076,-1570.16918258825,6738.68304580764
2819.95619912221,-3337.90766230818,-6477.05605225878,7108.5255993229
-2141.10188136666,5082.66099639806,-8322.12166549746,191.235428513041
-6137.19436752684,1365.61012158388,420.845298144,-7050.92658781355
-5548.3055162152,-2279.28504218479,3437.81862738627,-6569.89138545977
6287.01050111496,212.240510383933,-1311.16538680053,-7728.95077496676
-5811.7877174347,-803.221948915399,2353.19652597708,-7022.77537772078
6032.93335459212,-2262.39850016916,2680.62905579516,7025.1541903199
-589.854532652263,-5420.00086828377,-6535.45812899205,-2833.98774807064
-5028.78713003852,884.391578222482,-5625.19655900479,4621.74554856303
-3571.40453245733,4360.60295382851,-370.043124955007,-7776.09707802231
2275.72432600479,-4690.38827505516,-7083.2894081529,-1268.95118041218
-2885.30965575554,4164.83025671981,-3458.64373420112,7402.33589533147
-134.144988227032,-4876.53925966566,1954.28658630687,-7418.02699772671
-6775.22831961987,969.837819548576,3397.12593155889,-6178.75107233473
-1589.98909500782,-6124.4557732657,-3902.67427881245,-5454.63829731348
-5946.07104896451,1567.22300144509,4603.29687982083,-6818.07161631042
5075.9569726734,880.632521210653,-7270.50989123656,-1693.21669716871
-5443.31166541179,124.095977783203,-4981.9624067443,6060.50638046731
-5287.70852854352,1599.54820647151,6878.93352428584,-5393.38229413773
3862.85394047053,-4041.49410704954,2919.94116446072,6715.9881998904
4266.73907229168,3261.4796245833,185.523237597911,-8039.89404947963
4779.25681712393,-104.391258239746,-7660.8687853914,-1263.34371133202
3201.72217453951,-4806.8374079544,7156.67047321517,5919.12868307945
4671.72779947695,4346.60187241781,-7060.88466605395,-2542.58534386132
3953.09407077256,3163.03334683188,3030.89765187715,5753.86582833541
-228.886812370514,6091.971331624,-6280.29476609682,-1164.73346403676
142,4286,870.784858703613,-7051.52104999602
2642.43242437812,-4184.76633510846,516.733894348145,6837.58141284268
-4110.33611095677,-3655.33131683746,4025.37931017175,-6903.755258001
3463.6074390271,-5761.69545423363,-5072.78992664484,-5990.70036466039
4323.78852081793,2724.77925532194,6714.9206457387,-3046.73947618796
5388.56069447033,-3481.92735399904,3953.09555854162,6922.83144894184
-5338.40461249169,258.130361240541,7899.95678600594,-639.983952911481
-2736.21209767645,4926.34221270742,-3491.39182196086,-6697.48783923446
-5485.32549384502,-2772.32459821391,7449.88646501768,-3522.87657150175
-4746.0707794254,3375.91520847738,-6667.25148842228,-4065.55066670597
-1970.10291804824,-4886.41689337699,3182.32941733315,-6153.98312463863
-4633.12200706195,1950.16610251736,6493.88069907653,-6845.12928704042
-2170.44434572681,5484.94286327528,6929.79504157673,4607.06840951799
-6005.23253668481,-2627.27578245186,-2436.58260155847,-5599.473395888
-965.458483085306,-6177.42256431136,3359.39609349596,6060.98412635588
6237,401,-7033.49924016373,468.958157294635
2505.34610163312,-4661.2262650855,-4015.81901934403,-6843.57197237905
-3659.56387519395,-3567.00304906002,-742.713160298016,7757.80638848489
-4228.87407283131,-3685.94049159538,7239.82846617369,-6613.33233813141
-3805.56493315533,-4858.69134354288,-3169.39757259127,-5411.47709406717
-6489.5398926043,519.403349748747,-4327.22177810875,-4127.83879629529
-4563.77993094393,4002.58397877128,-5686.77406241897,-3177.05723713398
1293.01152290955,6264.37104984265,5803.26222809558,-3536.62411754241
-5843.49127672364,-1727.36013432026,574.30837463818,-7561.74750196648
-4224.10266503442,2602.25069180545,6008.222111128,-3400.90833256473
-4418.09552396201,4620.38220188379,7320.92228085751,5525.9662090062
-347.200313496145,6144.14341650831,-7321.80487307986,-530.25
-5320.00788788308,-2836.90543062475,-5712.86922179094,4749.81248211473
2196.51820818909,-5242.66959920682,7416.42564029249,1203.73179079287
-1586.90389892599,5742.91457430727,-2807.16761411391,-6786.50669761763
-2073.38107037742,-5197.94482454095,2780.05614672144,-6608.19425582262
-364.227111816406,5700.90977673246,-6747.96871660292,-5316.78969305855
6075.63813611067,-2291.01662574571,884.529312704819,7706.96652000851
2784.16672065162,-5115.46992620968,7168.4760946743,-1833.08550563281
-1762.30647009277,5811.74618112546,-5035.6816440868,1924.9957510033
-768.542257327221,6598.88830077277,6071.36681788594,761.824178314209
-5284.2387200436,1345.28235612766,-3682.97963271602,6107.09158253733
-1172,-4211,-3167.81387502305,6552.10523164521
-4961.66785344256,2632.06689480909,-6106.86417868969,5176.51651026795
-969.648789841151,4905.42575810464,6671.92328657737,-3594.44849725607
1884.98441470314,-4815.15456311222,6390.64722218945,-3588.17683829062
3360.780751708,4161.58768389916,7052.77196859085,2457.55047171124
5946.09093489188,1837.44338761876,-1362.875,7337.38388539388
-2827.36067116925,-4788.14380346,6411.49718575409,2581.06251337296
5060.75591123402,3084.705364594,-6302.50710568709,5901.84983591088
-5292.80082804983,-2146.97124894925,-1476.85865964041,-6637.25868925493
-857.254332387178,5112.32700649501,-397.238643522041,7608.96565163092
-4017.34440885855,-2740.99107506624,-6589.60159767517,-5277.48024386504
-2913.5609688488,4030.88845122167,-7020.39512888065,2227.51377029639
-3261.61580071814,4037.8495874022,-7403.36285870816,-3419.0111198386
-6206.43991920286,-1520.72172089148,-1218.19496887212,5825.51112903367
-3891.06986543777,-3547.7806507941,2563.24829146997,5329.90826950559
-2891.6328432977,4804.62570701024,-6554.69588069231,-697.873268127441
-1748.55925325424,5954.54680011027,6173.65089973177,3541.14273898148
-4879.86369198992,-3756.61810830868,6421.41777262797,-6150.35527391051
-4797.26241088105,4396.87429721906,-6930.40708296956,-5497.34307801463
4788.61664625959,841.31195296774,-7687.37771961756,-2983.16914195578
-4819.30777144244,-2884.42281526519,4065.92178611799,-6777.89197474357
-4783.56669872583,1984.97089044887,-6882.72884182327,3103.43545898336
2914.48760636237,5126.85252563815,-5464.76709020938,4340.97720251803
2072.32447539732,5218.0830203454,6791.33056300254,5453.62685731567
-2867.02453619703,5102.59338118609,7478.41662458041,3112.30728437057
2243.3600692749,5615.54622108575,7089.38413085447,1360.30821520176
4238.86426960072,-3628.32323380399,7767.85197564038,-901.142914454762
-3910.07493003663,4289.65610127534,-7241.7279289462,-5130.2629504754
-2350.01470679949,5280.94757405763,-5882.32548081913,-6462.01463627754
6364.25646232471,884.999659124297,-1642.77252849918,7466.90508423373
-5201.64984415481,-3114.96579689432,-1615.98610627178,5629.86618368903
6149.70808516224,-1855.89266854745,-4923.0612589766,-3403.42488874958
