complex_small_real,complex_small_imag,complex_large_real,complex_large_imag
604.819011641489,-903.207460231071,4731.65883626698,-6813.95862678315
-1253.39657952036,1005.95091344163,-7392.10196324897,-32.3198890327141
-1203.76091480842,216.818197554901,-6526.84097073317,-4591.69298589773
1118.12153312789,313.057600330171,-6741.65035052453,-5043.13264998387
-339.433954591283,-980.997500540164,1984.3086739342,-7569.18058197411
-7339.39817062219,-3600.74919662662,NaN,NaN
598.094122663097,-1065.40793524374,3182.68421062454,7381.24822945499
1384.58580716669,-404.284629821777,-123.94804571315,7972.41505002788
-844.426779398104,120.511931349592,6903.72587642528,-1428.81024999974
1251.92471936839,-916.180085563969,-7779.73793697553,-1577.83408923759
-424.062962267772,1493.14704616004,4193,-7275
1858.28988265025,-63.4597843390456,5779.81807131531,6763.75805275985
791.599684906817,-1283.88777033704,6842.77024220924,-2560.93251932948
716.3166015625,68.4196067037462,7021.58787807975,-1551.25142929402
-600.828480334615,-1186.9530465464,3205.97646087356,-7108.91557436213
-1165.7216825253,-964.533719542277,6557.15521209348,-4805.21177759539
2244.48790024873,-508.304048491687,-6708.39596564245,-5447.35729910484
-491.426277232571,577.844397584738,-6638.84506436905,3680.00388603553
-89.2950277328491,1183.53322911731,4481.13989575843,-7176.12675129033
205.772023853503,797.4098106244,5919.83026783739,6058.48418818786
1992.21294576523,-193.792222852469,3961.47779463105,7113.87783600168
-587.016656205415,1515.80718212997,5679.75295544505,-6088.11965207067
-40.5136553358454,-1542.56805281184,-3518.51216787862,6673.54923539211
922.950235569322,-1473.44495653478,6837.60153836508,4455.39333278685
1169,1458,3939.90161570224,-6618.76915802053
-1203.60617672769,-905.881577767026,6049.6363120837,-6474.59385781793
361.731306120516,160.299090408697,-7186.0208118246,-4249.59771798395
564.678503990998,-1114.46137412375,-6550.70223553032,-5079.17456698187
1635.6511124915,-1305.05826860419,6976.12199930286,4028.36844471225
2035.14731638543,-554.558362369338,-6435.67719863594,-4565.42081747004
-2168.12324284625,-873.337406519297,-208.375573869637,8437.94671394496
1081.86331780582,1445.09316837413,-2631.97727573509,8105.95341784527
-328,1854,-7167.23576795064,1006.51139173261
-1713.90698383893,218.498610791038,6295.84886125665,4746.95295350426
-1811.82812739286,-648.55072268161,-594.423373054056,-7538.76038514991
-782.668738265485,202.743371280938,-6859.49804991417,-5209.15480662545
-84.2818480972371,-1616.67967417359,4499.13049505726,-7013.19115370558
1654.90700180176,-603.124249269064,-7107.3270765545,-3025.23627457823
-1837.7616546727,1227.82365048553,6768.05082823592,5502.73320509042
-1707.2397993459,-453.395824256484,6330.67478709861,-5735.33171917949
70.090343008236,615.118948993372,-2488.81659228837,7446.69103389967
655.182316121267,-2156.3061436181,-7075.6990140961,6136.64277782505
-1531.52979233884,-1969.18546955675,4579.96196094508,-6597.37386461779
1056.25097104167,1526.33674781449,2745.36010463692,-7478.2980115907
-705.830654074078,634.434372299827,6872.67173562011,-2788.58188331627
-319.317357484373,-1271.7145846001,-7430.01206351751,335.079592709791
567.017764075801,1021.97744313726,-7802.48126701462,-2009.02674731036
227.42159587581,-1288.18502803995,5433.65151717272,-6726.37578339471
-248.2788262851,-1942.99833177635,-6568.20850032788,7037.33149687446
-784.871371162386,1338.6662101826,-6448.08494659976,5469.48495914672
1442.2885301549,937.233548875672,-6267.26850599167,-5789.09884975631
952.512512707156,-1344.70159250381,-6767.24646154604,-5076.98984513524
1026.3241119003,2164.59798760473,-5020.05956341338,6692.04285417379
-1696.60454085991,-1229.86053370787,2491.16804262691,7261.115954875
-1470.0347024097,669.11286474086,-6652.39752318146,-5870.87360669801
1108.19932280675,746.22646939805,4094.30750255718,-6859.47007145553
394.484157436981,-952.177612304688,6818.47144121274,4813.1410068918
-1847.89793647134,797.548513781357,-6820.21434245438,-3776.71528556177
-1097.24941200208,-979.87213253653,-6886.59827427192,4902.42602023125
-1747.09836731678,1147.53383707148,6441.10263914698,4771.25551112387
-680.642760704304,1025.0643544111,3316.24134773896,-7308.12061484094
1568.19200596769,-819.053068976134,-3449.02127837359,-7359.79065447933
703.154073861929,2002.37874730689,4387.43912035823,-7010.4947766935
-2239.35830282107,93.5185340161963,5015.42590234375,6642.19554570815
-198.998550465491,-1268.81916247942,-7706.33145827755,-1145.34083812895
1195.79746079172,704.847349838037,3880.57140428209,-6435.61543107582
1481.5200006557,-721.172836491669,-6524.24358735522,-5085.4663149465
-1712.15293914936,1095.1351965803,7971.07267783359,2747.57031120082
-1700.95557176278,-96.5452983889055,963.885993027106,-7677.06742248209
1230.33526514061,1810.03988819833,-6946.64428534741,5285.16751085383
-219.492579080073,1367.65446144324,-4627.96874433098,7143.84183568785
-1472.76932258533,-1869.79979044541,-3660.53617563854,6577.70607332314
1591.31755142868,-4.71997457835789,6400.45794510922,6135.72766890594
163.731639329172,1873.03057318095,-6991.21429660203,-5526.11763843051
-861.754203539823,253.674062287003,-7218.83175750367,-3210.23450239012
-1381.37005592859,904.050946719682,6171.91700554461,5853.32003589763
1189,1047,-4564.45436958374,6923.32686218638
-3269.56022276091,6917.66062545854,NaN,NaN
-295.054214132262,1217.77569753208,6609.8986358726,4238.55697144593
-93.2687377929688,1004.11566976157,8160.23896750226,2419.26054382056
-1467.09943621166,195.694238999311,6969.71914620004,3783.66062808616
-961.075905598385,-1884.32106568843,3894.28695449351,-6872.46637216256
1836.85351760185,-1494.92534650723,-7745.8014375953,-2220.97634737611
1435.18105988141,-1769.47074695035,-7422.88474504725,1946.37002868652
133.859375,1784.93716884983,4467.47501512836,-6940.48248218936
1252.79481155571,1192.58829052645,-3761.9513101512,-6678.58385783198
394.577791936402,-1033.92900001093,-5981.78103799127,-5589.08751226054
-1233.51051501296,1338.6934309298,-7559.37029714316,-2484.47807225054
195.637323008582,1355.88068860379,-6758.21393258165,-3568.22982033397
1150.84478684707,1790.27186612756,-4667.48864935587,6715.94996403396
1060.15428906091,-571.5,-3657.36147923581,7033.46701215874
-1338.75269759914,1133.3627523753,6237.05220630059,3999.80880704152
-1382.87187479634,-279.594764176981,3521.37228954432,-6964.81221642478
1816.04047016663,-901.528554629285,6481.05260829324,4932.45032406029
-1352.82421483244,-548.151219067225,-5476.84164432174,6969.78896805488
-52.5522572393003,-2107.59837966013,6904.7301758455,-5381.36355218481
-1051.35637993485,1658.74538671865,6879.68259817734,-2285.9090435092
-1493.06021945753,-890.046066015768,1366.94519510445,7391.80321267548
311.451972473499,1189.0321331288,4048.81025798942,-7456.93931390945
1193.00312314589,1257.69256955927,2914.0671108726,-7326.69298338332
1618.04459898205,-1590.20734923446,6124.92954646694,5479.07106895162
-650.663591213565,1009.08984375,6486.8966742302,3829.92507313879
1621.13022303659,-1081.93172404994,-4562.37027060154,-7151.79864134319
-703.246241642044,-1697.5412447868,4082.41979609044,-7484.99988257213
2144.54999997414,-835.692627689756,-6695.18465230734,-4179.26491874428
-377.662842003972,924.204691489847,-826.939393939394,-7011.63653473568
5618.31463535386,-6753.05938213074,NaN,NaN
-1126.69496885259,1296.7855520481,-7167.25073019253,-4309.37851784696
-1207.57377526381,-335.052825643256,4977.71515480797,-6792.05634477588
615.156372070312,-414.84315414223,-3583.12627289679,7361.81720689353
886.169478835381,-1456.94439224318,7006,4673
-906,-1102,-7419.19316416356,3320.57421692173
-891.600582220321,-2024.09917230994,-5177.6971823226,6652.66699120482
-1443.75915829653,1164.32277800421,-6710.08410291413,-5394.75714767876
-1242.32504192507,-1968.40282845368,3617.38790638503,-7218.57305968343
260.123392154778,-822.597393371947,4677.1808548766,-6918.99407208139
1749.80725555125,-428.406720479329,6859.74516639987,6554.6294354731
803.394056028774,1693.9188097396,-4546.22853455216,6503.524629296
-132.880355619542,1290.45080867108,-6557.31270088776,-4852.17406234298
846.896929472126,-1262.10115966797,6359.46763210296,3961.43640126872
-979.487913228527,118.982413456358,7065.74548020411,3774.37229397504
-1574.99216064124,-351.242934147725,3931.84030641449,6753.30994404379
69.4850584276679,-2110.99093137896,-6867.65249726987,2642.54919719377
48.5417938232422,1850.81578063965,5423.76252259947,-7021.88681559911
-936.967053109385,98.5183446217168,3417.98357685913,-7348.20572358246
-6708.9861278201,-6258.90425209418,NaN,NaN
1684.31682504623,-1183.99571814904,-8433.78431573056,-620.673431670594
-85.6686589612711,-1339.14309384263,-3598.83868265927,6295.96092034957
1148.38034841666,-177.955713083622,-6625.85717505005,-3603.72508378717
-916.454811859131,-863.135871247126,-3161.74867765518,7077.38512919826
579.487157241158,1758.42355000043,-5007.48407821481,6959.71968410104
-1879.16293927514,1369.34228632973,-6938.26920577244,-5393.83571273231
2238.13414101664,1442.85151255065,-1643.75519683083,-7270.30225849578
-2108.78932409495,325.981740804819,-6532.9332555946,-4923.15950010544
256.404478171028,-1371.59411844199,5155.29613891995,-6262.1217026059
-1299.69127354136,1134.44953656025,-6109.93740089068,-6003.10079419895
-698.281308431559,569.212707519531,6395.05103684523,-6055.30859328994
-570.938160148197,-1723.38650918689,5436.84950894629,-6587.58842743918
1141.81470070423,1660.39903328857,4124.41835546956,-6590.59279348909
1782.89688240521,-1098.53030654131,-8462.28877044067,-887.11483367511
-1252.91131284916,-117.019729581986,-6179.20021767196,-5623.18515073014
-2116.12905694999,681.826605844189,-6775.91569948845,-3961.88696165187
-719.27133147657,-1879.88300685044,4823.42233563695,-7031.21233262214
446.338419370939,-1567.26560991,-6359.26711364814,-4436.12072650184
-182.710335624024,1217.92197657714,-6174.92560848102,4980.34442951556
-3383.96271155533,7082.65131399396,NaN,NaN
1624.91908149024,-499.325900202997,-6637.20395155272,-4197.23044754319
-2144.49521059783,1163.12694882296,7209.22678403765,5632.18471388381
-1075.95653479457,1791.46026562242,-5939.75557096471,-6443.13176874129
-275.934350911309,1668.24923324585,-4982.60354558996,-6491.19702575875
-1386.56818687244,315.179626464844,7918.42425686123,2197.20800321487
-2245.80547155313,1273.1121539425,7961.22140824658,2332.99793264192
770.245683765503,2362.45515658006,-6954.18137176103,5019.87925245367
1685.05637303649,210.297563305746,1978.09620949074,7115.48191388048
-1273.18292230334,1115.0012314253,-6075.98755455593,-5277.07596394189
675.246013475501,1419.45704880273,-4495.10318118309,6565.22872936786
160.279348316423,-1161.5595035348,7831.63594731455,2386.8450136
-59.7403581466409,-1619.21538003767,-7682.58314213448,-380.826443058035
1139.63605341357,-317.040411396516,-6562.10736801932,1925.40023019883
-1218.71183518098,-442.184200715365,6505.85991292034,4503.29511690778
-1497.91107237529,1448.63448437358,-6707.85256633646,-5105.95719486136
-1557.2759788797,18.2771652336407,-6952.87950894088,-5153.83146064102
1736.09083067271,-237.10642344916,-6508.08630670413,-5619.318655869
1046.43983470538,1018.63434026707,5846.30135996464,-5604.14808834295
-182.387522637725,-1045.84892548572,-6778.30712557314,6240.26669338892
-1009.5183259407,-1451.97814928354,-3149.71769086503,7387.8394550921
96.00771484375,1897.17670993911,6004.67601267471,-5728.66218309296
1528.25970496155,888.32338786474,-5014.36424406011,6315.73977110767
-1326.10205830943,-577.589386823409,6758.94399296574,4047.99755198532
476.17024533935,1577.23268905946,-2833.64286228335,7574.71104549699
1972.987925377,-1030.1125281347,-6610.9593550638,-3922.16423164046
1151.17049355583,2296.83914971513,5014.0865766128,-6608.70615254734
1265.92125857825,474.429754042294,6134.99543456361,-6945.88019772464
-7565.072970791,-2049.33209501121,NaN,NaN
1681.5014359224,-1214.0121356285,-6570.0838995214,-5544.84613826476
-766.606339531188,152.129191351095,-3196.17756543339,6989.05600727306
-1088.62754895961,-534.138150409587,-3056.25501247742,7352.25976692837
317.718498792761,-641.520727124517,783.950755310885,-7905.49238009852
716.816526689602,2109.8278802603,-4622.41942424837,6989.50927641485
693.803854631428,-1565.83231437454,7408.52237045038,3385.51263611021
-658.452738842933,-1662.13576654473,-6849.34929219368,3958.42563563382
1289.1341644322,-1449.1593686241,7504.09932083879,3969.8478795723
-71.4675480769231,1360.6633840117,7101.05679611438,-310.687372081776
1317.84736323046,-1325.63888681257,6460.26710370479,4234.66676816105
560.15609375,-1557.81296981247,-8407.48663989902,361.95189347953
149.067030125326,-1349.13240786388,6223.76140601786,5886.77247146828
2230.41846919371,213.330818965517,-4558.02702490074,-6676.96431700754
4599.94160493129,-6462.70977591579,NaN,NaN
-1985.67879170066,775.665289211508,4910.96302379106,7235.98292443337
203.541194267273,-1018.64538568206,19.9773823302469,7224.68343737497
-200.173455176381,-679.112656631248,-1447.28977939097,8440.83848190328
-759.337489384487,1179.36698300824,7242.05273302347,-704.281515171465
836.662936880052,-111.451770418009,7137.93231510691,-723.220768285583
-2029.68625186043,1586.59795372512,8098.48913169472,1003.49991422844
2191.40948824964,-1123.11372950903,-7421.7266902031,-3398.66280880696
-220.322228923709,1052.69690453687,-6533.32044079111,6807.10188087774
-851.587765957447,-1633.0451854023,3658.17775228127,-6657.39917367522
1290.70272958206,602.660294218922,-4024.43594359135,6667.24970618881
422.490779759694,822.468051297005,-1721.31319338584,-6903.33398323686
-582.166158656707,639.250453877907,-6722.71942683226,2832.44223201096
2105.79435356091,1134.94030929294,-1170.87927726235,-7023.92180714679
-1787.68609505136,-409.938122067694,4236.98530960083,6918.56031011655
375.887810437848,-1519.86462603579,6427.17632053446,4339.60356088438
-1674.89440360313,384.390029907227,7772.09460331812,-586.786401223922
35.8747385652379,1421.11176374201,4088.7896239185,-6363.71162132072
-702.3525452837,1289.90983606557,-6769.31995774146,6695.99053505463
5084.67695999114,-6587.03570266299,NaN,NaN
-1438.76649433395,636.432615463498,-6652.72389633376,-4599.2118303949
448.785013414149,621.43576697108,6975.14914449474,5583.62662517326
-1226.28864471227,1202.9500464684,-7452.30622607418,-141.691218039686
2.62941770998625,-1654.03570456583,6831.30886653365,3666.2253255213
512.228619753171,-1588.94112055609,6490.46783665572,5329.30021225687
-634.756047830422,-857.877333130499,-8203,-3322
-100.683247888293,1202.46826171875,-6547.39384891826,-3856.65818638902
978.929615668636,-1272.6188188601,7505.9694927389,2540.85941499415
-336.928388879654,-1932.6845463641,4682.30059857342,-6832.20502286046
-1531.46394689865,599.594078357403,-6987.60532172631,-3698.43939566173
-400.828007403263,797.340203421456,5141.32400515562,-6594.7142795334
-1181.99357265405,-324.388127603664,4370.17089696237,-6420.30150165812
-1273.93245931536,-819.803705025878,1454.37726547633,-7864.30625920542
2106.58080489111,1102.4758154995,-3230.12797307341,-7137.71587428873
3895,-6811,NaN,NaN
854.986165186605,809.462238904112,5823.68165263803,-6803.96693121693
48.3678962962593,-1668.61692653049,6633.02238056975,-4616.28230727009
513.964720658713,-1390.53452116749,-6319.43627682245,5328.32556409942
419.02061984088,1264.18097697613,2861.81684534225,-7289.36919873509
-1400.93765960858,-215.251193137845,6189.75998683861,-5596.72623808635
-145.172502670845,857.334058297729,4109.64415689446,6953.87131669719
-901.993224783974,962.545205282703,5132.39008997815,-6722.81225528519
6564.79996444,3963.15146382888,NaN,NaN
-1381.73465689433,1413.43167613636,-7190.54954679328,-4116.0619056333
34.9297836010273,-1140.3471707677,-1628.86021891923,7878.71855305156
908.245300152346,144.187735849057,5791.92303141426,-5838.9872434287
730.7492145343,-1152.68688964844,697.454990297109,7220.65515756733
-1312.13729183144,-1352.6096289828,-6344.74330073625,5572.23130199787
217.480403548053,1543.74026166244,4328,-7729
133.102027418542,-1954.63179907267,-4108.11723057314,6788.35082714926
-1681.35830488775,-242.158466785813,1257.67574913416,-7790.24983291184
224.47386065463,1615.56345087964,7656,-2262
2324.37298579743,128.431693209861,4337.45040159404,7388.84995436543
-6581.72063120695,-4158.88406194875,NaN,NaN
3211.54131162465,-8112.03435251896,NaN,NaN
-41.8475084654868,1459.86821666569,-6129.95132301401,5524.00638152767
-35.6692889331759,1114.52318542414,7621.00757128964,1764.55993702832
-1641.09143671623,341.659178657371,3508.09158105396,6781.32564302252
-1149.980664638,1007.14067432068,8062.33938301892,134.89513241882
1630.95645348091,282.84267855802,-6408.03925449966,6901.82789830928
1474.67736512873,-1147.92426681519,6644.55566105474,3797.22450604841
-6074.88249782775,-5830.46993267216,NaN,NaN
-733.25992635239,-148.170735566512,-7178.5526091317,-2843.06353129018
-1808.21507428305,1090.87491242117,6710.46794425396,5427.95556873493
48.8651529947917,2294.71506882322,4872.37814454527,-6780.04231874707
-1071.41086891317,-39.0426238266385,-6952.81231086675,-5913.58493147374
1277.88381843021,-688.092220291512,-6214.60966269979,-5534.76486250484
3234.72779430411,6600.45118637769,NaN,NaN
-1218.24238694015,299.328726411597,-6320.13751587464,7000.69416673878
-177.019623047341,911.144838000343,3770.61078643838,-6811.08984513558
-463.140537555401,1881.48432512234,6431.17986781308,-4826.90557807796
1348.55293868696,2150.34784660975,6816.24657826504,-4534.54716288157
613.748699772808,1425.46056810162,-6848.23898441083,-4834.76644662834
1679.77481647336,-452.884894476997,7049.40380981307,4732.63739366156
-540.904268707301,1302.13924833646,4701.196076689,-6927.89728548452
1434.77441630761,-527.290962947355,-7313.38666541729,611.910774410774
1053.10536635721,-653.817256047176,-5402.92478977989,6170.95952474923
-383.406982421875,-824.667663574219,2234.33770450336,6944.46736677277
-1499.84005342521,1045.71893570988,-7022.421199544,-5260.69098512636
-1408.2077139856,732.536407470703,-6626.057461334,-4057.24352554188
1658.58949545382,-16.0349128433421,-6923.14097797159,-3405.22038775743
-1157.62951333375,-1595.6509349547,6901.47707672921,-5474.10874950032
-950.627454377379,1368.96306295956,7705.99011579989,3658.43766839566
1657.78937510211,94.3924862234792,-7303.82378870748,-3612.64442407145
1391.69933907569,10.3139373453192,425.721188447808,-8202.35012927104
-1623.96402325742,1284.47783568633,-6732.31873969217,-5376.84407021109
657.3556903198,-1335.80001141948,7162.16410837157,-1463.88335660729
543.914459557842,892.549967521175,-7372.29014388627,-3639.01264989056
832.891997282554,1606.68704303304,-5242.23117289577,6804.74765773051
1270.88090535936,-919.573580655185,-5025.18809442679,6458.87050710773
807.102038962419,-1675.64020505832,-6648.96838536687,3536.79948342923
6.74698486328126,-1204.09687615679,-1872.96991316622,7942.26119805166
1799.24727915144,-1154.64665281425,-8235.05187254382,-807.755662191436
1736.63562687032,-1134.29688353785,-8011.86699592742,-300.771056407071
1924.80424804688,-734.052952316956,-7466.98020723913,-4262.32451464934
1404.07010785253,-1289.2720146952,-6349.79946766225,-4906.19407544373
-766.369327731092,970.148578061521,-6940.80928823119,984.570628446691
444.775083932453,-744.141178385417,5793.59194418616,-6754.83982070281
-940.017795258919,-1103.46442991375,5793.69897725454,-5633.91292468366
110.71725766164,920.124798080602,3703.54445225091,-6812.3433061003
-1254.22540460678,1430.29219495817,6598.67680254272,-2135.51906609727
-1272.40162998545,484.922275924683,4148.55945528927,7188.51645318979
-1415.67241797217,914.024837484336,6626.05233165258,6121.2438876735
-352.839948381696,1188.56394176091,6125.42129582509,-5534.66990433196
-1184.36860595082,-1919.68678243654,-5272.31512751597,6431.26677022643
-1514.07687533391,768.034341944326,-7546.64827590811,-3533.09703713291
1338.95866307372,1656.24698878474,-5683.42956470207,6601.33328069681
1917.71152615612,-19.6570129394531,-7429.23710830703,-3922.0119917914
-1680,91,-7083.24595869426,-3886.63666389575
1636.35682394222,-933.216272184627,-5090.68423078906,-7119.75125753438
-1296.43869977966,7736.78378356225,NaN,NaN
780.024264178699,1737.28437801026,50.2442401279718,-8408.58902233863
412.277260801735,-1296.77644934069,-6788.92184571996,-3832.79813900505
375.727483705033,1689.13733960576,-5253.65748551832,6585.76423787584
1310.26702173782,-1328.52119445801,4659.79802021213,-6651.73711173815
1690.0918852783,439.402912393536,-6543.56245460531,-4426.34095035577
1899,344,6834.46413382627,6964.558473668
1380.05095426719,-743.454040978941,6675.20479905549,5382.47114617333
-68.9410352762035,1433.3690341234,5669.42669377599,-6569.7086066267
1360.64418783728,762.256906719309,-1821.72388374052,-7100.91116223966
-950.811243216081,-990.789852697209,3563.77170624476,7004.09505240156
-1040.4886018387,-944.94875,486.736833077241,-7466.98016277721
1264.42559509936,1687.07296467484,4228.86658250718,-6875.50209906643
-1748.19926852416,76.0327938842773,3482.72393655356,6560.5406912708
156.669634081702,1249.89769011594,-6851.76156290782,-3209.79329554479
-1647.85455417633,-616.306904099281,4925.19338208735,-6393.04878136152
1555.2306697922,446.534622970488,-5617.74712665816,6886.33390366354
-50.0295874115608,-1297.79594499063,7563.40926749172,1843.77401749253
1991.87305526651,-1235.21504583591,-7942.93987584505,-1883.21369061657
-445,923,-3733.14226862464,6847.81945013236
-1862.24141147849,405.52651916562,-6569.73738900573,-4279.38485951893
-985.286151259007,-1805.27450920252,-3527.4406102785,6958.99112136831
-54.5466932055202,-1582.05366115923,5133.04863987352,6687.42947337689
-1013.38359299159,794.377751372291,4258.79302753381,-6824.39813330223
-1435.96744132918,621.899849763686,7282.37547872924,3832.21725863915
-3480.3927541617,7047.1137750792,NaN,NaN
884.038774624677,387.26273990496,4393.93232110561,-6908.0500714742
-628.851859697065,1024.57654802444,6898.44856838703,6339.27406603643
-801.021673077579,-1200.54479438214,5386.32080518548,6204.65813268552
-1322.17553883517,-2287.39652875361,-5477.88986586866,7033.47564389727
951.447695721851,94.5508194477073,3454.33803826326,-6673.06081040187
-790.078352619831,-2065.41389973958,-5994.63218408301,6225.73209580358
7526.41531019611,3936.57991379864,NaN,NaN
2294.53659975097,-688.924569083261,-6497.92735935335,-5216.26491496488
-1844.46229046799,700.487905784634,-6718.03487664612,-4648.07470216981
1156.21004406779,855.131871742966,-4127.33696927648,-7273.90832216844
-1526.68368783994,1161.87805531732,-5628.11600235214,-6456.37963447641
1509,-1639,8139.70807538339,1278.75381778765
1564.67566557476,177.375767084473,4495.91546699514,-6328.04861279806
1575.29516962042,842.574303351122,-3286.12878914361,-7396.42500832616
800.575601860337,-236.773002005912,3464.34485311871,-6863.905856074
613.389230928672,1291.30744881928,3823.17181137055,-6528.34452728531
-1004.93209944131,1020.1090465639,-7134.38634112397,-2950.17720418746
866.966489526023,-1394.29553102372,6591.37531178888,3908.48191298989
1434.14276977601,2053.83289442017,3813.29666979509,-7347.63021321962
-215.353536614533,-1106.82945861424,5425.2624377711,-6599.71179418687
-809.307718613568,1894.93880401622,7852.2088368575,-705.269267783219
435.744011835221,2008.13133983348,5190.62079982571,-6478.90946948595
-353.764399872393,-1659.01321191583,3891.57595118089,-7318.29540125976
-7096.78757066132,3185.67908423503,NaN,NaN
1393.31846802075,326.191734582858,6075.10324068172,-6133.79031330689
-243.286784919025,1571.86815545687,4432.90049256206,-7222.14294995745
51.693144585225,1510.30110728487,-4274.85701190153,-6998.31413088645
-1404.1200182012,-1755.89363653056,3695.49521809351,-6854.8541902356
1471.17477424214,-1151.36526887844,-6791.2451029404,-4678.50525380326
-584.379684588841,1529.73048204606,-5771.44663864702,-6143.14561953018
-788.792417742583,-499.172441283092,-6406.11254574781,-4734.87184586749
-658.674721381563,-1247.23818515715,-3894.57048248902,6615.43134707046
-518.987253510367,-1468.34653379424,6959.80967309756,-3466.52527343294
1342.17734258784,1021.9689188954,-3923.55863495991,6215.53501764491
-882.82188470023,160.235914913576,-3268.24060636638,6880.45298312426
248.06246445638,-768.620425746605,4133.31708375418,-7304.77319032407
-459.501476581603,1094.1047722316,3985.87535201953,-6375.50562744758
-1338.36708393903,886.285951479837,4977.55207357009,-6831.71905820521
-1513.68607392005,-894.200108431723,5160.04719972516,-6820.70608434127
-1932.64685592862,214.814025878906,6612.58051396449,3948.63724446917
1743.18421120519,-1512.25275702226,-7773.30065442888,-2205.19729730789
-851.955113452153,1133.3485915493,-5007.47366938076,6893.07237485695
1323.60004043846,127.88146484375,7413.29621527612,3916.0051458028
-320.629814104281,1058.81527250187,2890.69786726768,-7739.88275609607
46.953369140625,1638.88963601669,5918.95143899591,-5742.76018698343
1380.4364694591,68.80859375,4550.1649091335,7293.40520074469
1391.46430504524,1382.41135208879,-4868.97887064795,6340.14172849882
-931.038818359375,-182.48401350953,-2908.94020238488,7269.64112448534
-1704.63458365514,1490.95404306683,-7369.65058903687,-3129.0657902057
-1200.09579203858,-1473.87901407513,3939.95442505421,-8057.54289041487
1283.29102298602,-151.075000807076,6514.44152845015,-4865.15509288822
1753.54970608232,-263.821228027344,5913.26324980358,6656.60735690136
317.242132871724,1143.54552037304,7181.86806759534,4011.35344245289
1852.10020120627,-32.8919045292301,3890.73111016133,7108.37036713546
-378.032183249957,1202.32390473826,7487.47918412811,3757.5479947556
-7013.54746766096,-3416.50155572264,NaN,NaN
-596.778779442631,-950.851428961846,-7917.04517540189,-635.388150937127
-1059.34944751381,-677.141432170107,5774.11452832564,-5791.83072936502
820.486670094601,3.90442782434923,6565.11472271098,-5453.95620195827
1487.50825719759,-742.110183238983,-4506.26117205179,-6895.50585829934
-1079.89190891912,-166.808664010549,7105.41687870837,6316.71035541873
1177.79003809369,2033.52076440928,4284.27993451182,-6616.2644918096
1287.19534003156,429.515680540623,5072.22089926502,-6498.37373774491
-32.7166533708097,-1710.07741836568,6174.64742071218,4886.1612369722
449.389939263323,-1040.60880681818,2488.14796809953,6797.03384734353
1473.13481536503,1349.44284962445,-6930.8517911645,3346.5686332913
1219.99080298404,-1276.81655838147,6940.1349718833,5766.52202613875
-1723.54120046771,952.440216394968,6317.85552532889,6035.8803985183
-807.587061095506,1041.38356164384,-6713.46344364328,2832.82600097003
636.34940161152,-1715.4731408591,-7041.45930117424,2463.95315352303
1491.80816283007,-350.70893374894,-8076.71484578119,-2858.62856915997
398.900150065924,1173.03157153943,4109.09760296026,-6272.75611140193
365.632162821793,-1326.8816390447,-7058.92937700913,4766.39338642339
-550,-2313,-6335.37669255534,5246.88110855976
1046.95599925943,-323.303405921916,-1125.7410135097,-7520.43155772629
1486.23250899126,1895.99982502729,-6216.88695707299,5752.38863424912
1567.92343491677,718.221040345155,-6112.43756667664,5669.0367369977
2122.79152338319,-773.83925929214,-4944.72001508243,-7288.72667243818
-950.474531495934,-234.976010538152,-6498.15623147901,-3978.51739019962
1724.24415218071,1731.69387817383,-6185.08020978346,5908.9052847454
-585.050529563653,-1671.07650649393,-5640.75023285666,6535.68896392013
1307.20963642083,670.008642292495,-4217.32244615903,7206.69879888147
-1020.43164849373,811.335558252427,2910.16122504677,6617.38311311744
442.061863671573,994.273669835704,6521.11329774342,-6217.53918157713
-886.404619946602,-1661.09151633225,5944.01120441712,-5993.63160488948
540.643746040963,1697.71878168634,-4819.45727528594,6735.92731589192
-1481.94363996718,-574.115713935247,6667.66805735804,5519.6529090101
699.329309790703,1112.64444996144,-6793.41576353843,-4027.64855833089
209.202292222243,1284.10496892219,4450.64233614904,-7466.86432843791
1240.68297383641,1511.68432980165,1810.69344178389,-8292.72094992065
-1743.44597830507,275.255861666491,7275.74365640298,-4474.97165590614
-1443.4750231752,370.373512654132,3522.55669206659,7422.30888644297
1437.86704027964,1377.02935222486,-6621.64677923432,6034.30941516709
-1681,-919,1609.23547049796,6760.23683209135
-404.744909502262,-490.07765611721,-6607.21488108329,-4874.49813203141
-521.798446509674,641.810188293457,4911.19513540347,-6997.34619214866
-829.012752892836,1327.39226257418,7075.30616290162,-684.7278790243
-1622.20539764238,862.464294151024,7373.85191839709,3340.01837362142
-663.172283373353,1663.95377485146,-6336.80458875421,-4323.19013385392
221.6767578125,-1877.45465989546,-6179.11092695592,5746.90230918142
-501.826504794034,-2039.01778240104,-4349.81531177122,6714.67878839176
-93.2048974528437,1748.92606284658,-6578.92198993005,5831.24181566729
-456.129993556701,-2058.50368256276,6429.63238662978,-4578.01757921067
-210.683085192151,-1674.72971029443,-3524.00327118792,7024.20371976186
-1878.28244560096,482.22632065379,7303.69919973866,3399.17065510326
1359.69425866101,286.703111524706,4230.61118325822,-6757.49329800113
1747.29603309086,-1737.47132695601,-6778.29674335696,-6759.79006510877
-1087.00397883682,-463.458427699696,-3208.80407677001,7603.7596401124
-486.799473681141,-1093.62724006934,-8380.17889852108,-751.159059766635
-1919.57890187817,605.183692932129,-6415.55420660988,-4606.90247520071
-662.431697013572,917.874317069676,-6795.87370331259,4557.41334565305
-903.23247959516,232.15428951914,-7682.67016236706,943.873096430868
-933.955114031878,-1456.20911437903,-4320.25653206204,7009.9249768917
-1364.32359830945,-48.6125677094141,-6588.45543317364,-4946.31309137385
-761.376424173511,-1663.07484057033,-4321.68221552307,7257.96914773112
-130.835050521358,1599.66340476682,4523.27184701042,-6505.74498081238
-587.281003291274,170.204579027393,-7418.95778441064,-2462.93855432689
45.3859170830949,-1562.78602612295,6589.60938406831,4640.50570340882
-1071.21742002107,1104.21350143524,4867.87067244651,7202.92950209585
-1061.64414280123,1123.46162397406,6742,5050
1549.55374624919,-282.949276101142,-6515.3400207591,-4607.53152624532
522.309702522556,-1198.93906622918,-7985.52628890415,-2725.95065140965
11.1170716146821,986.025592734174,4263.12005751605,-7610.68915780441
-1034.67626953125,-690.610354752704,-4487.96629366443,6370.83336537668
804.281753540039,430.650293449617,-7624.73754909479,824.013184418549
-1510.27713804001,391.139139876198,7707.52463220507,2406.00158367523
-324.724621660031,-240.86039459727,3273.54485237805,-6985.2164127439
-1793.93031428733,1124.91680008197,7743.30374440681,3655.62019916535
1684.05954728244,964.921416331269,-1559.21208971248,7488.95324043456
1062.44945790741,-1160.14731349302,5675.44981725305,6282.76310367492
-1239.64960752124,1448.03078410068,-7724.20492965438,-2504.01838499973
-480.395286247885,1826.42483520508,4957.75574096688,-6956.11965350138
672.918436753886,1542.87667097856,-6023.49965801432,-5807.75158309847
-525.470149170946,1627.62996673584,6057.23532823996,-6462.50181633665
1644.99681550913,-941.438045478808,7975.64376979169,3039.00028934631
1712.05620259847,-869.082325491144,6226.98932533114,4897.83807813148
-498.899940381558,-1757.56481358393,5485.18541846637,-7049.22770325635
-1950.18287097193,167.93359375,5082.74692587338,6146.57248898621
1243.95274504573,258.292600344695,6822.92997320663,3799.57712957317
-64.6583050758608,919.66669105081,-996.548756320431,-7838.57620680165
-1206.98191361694,-278.644217273265,4338.08515472913,-6560.36710992365
-914.803081088499,-1745.29490907523,3850.41772792252,-7171.72926408428
-656.906968578738,1606.33516277824,5900.40421028984,5935.19564179964
-1622.22112093948,727.661229484652,7172.85791020183,3384.063208711
1338.37328934115,1639.99189492159,-3793.98143987302,-6870.05778702897
-1489.01570718703,-984.103878579908,6437.79634589265,-5291.74242088623
1616.96779814338,-874.336577271971,8272.99013638821,84.6680061352204
-919.321234495337,-1668.66612852643,5629.58077931306,-6431.70641712869
59.1509341833726,-890.205145899054,-6935.05465835021,-3474.07588627144
-970.166164136412,-1470.26078686036,-4134.42010984657,6915.12662892358
-308.910617698744,-1253.1595738551,-3352.52067041673,7199.68539125568
-589.435198773871,744.677131652832,3825.28430967215,-7102.03733605472
-283.464157220741,956.635805738609,-6230.64852887856,4936.59776316142
-679.499901447821,-1175.44061276418,-4101.61544225081,7041.6938991377
1853,-881,6520.06297100242,4330.32370241501
42.6164932250977,-654.363116598393,-4222.93241666727,6958.01271969896
1347.29114392872,1408.47360367576,-3974.69526110378,7081.34141097648
-1596.64987492932,-844.812661781196,6664.83730915428,-4190.43973706444
-1183.908671875,-1179.50589844457,1919.4928690253,-8276.30178624428
224.113230708542,-1273.72916874609,-6618.46523476827,-4924.94261447964
1547.33938831344,1257.62833388127,-5665.64206438244,5993.99346872347
-629.51457177682,1404.68408943709,-6849.15539919181,1545.43477255917
405.774223327637,1639.62117850748,-7387.25987377891,1441.09102928005
1444.95198597472,-1761.61373386335,-7323.86217519262,3159.46699722827
-1158.14826796168,974.647753510932,4005.81663817661,-6228.02148396937
1961.99109045417,1621.17904509951,4250.88773575508,-6619.80524767719
1251.5689229164,-463.572704425225,-7686.30869690299,-832.576326083
776.171369295128,970.91656250724,6732.27619104661,4607.43653771501
2311.78334685636,293.515326931751,-1190.89377616434,-7161.66268639837
-177.688487930568,-1111.08405383702,-3106.66622487382,8035.46265780623
1313.83608364956,143.844015925764,6917.38931500721,3390.50357276174
-32.6965375676214,451.42818177052,-6759.20178521834,-5078.00116092788
1277.51854705811,1112.67899233877,-6470.65733632815,-4249.61250371339
-1095.70667611602,132.17216785881,-4258.42722527827,6678.92831752843
2093.10534289456,-639.295572728919,6721.28446352085,5378.34802597457
-1303.12011907797,-1063.0782257837,3447.49261368153,7287.56146374123
-1390.79963017211,435.078437103084,-4739.15456197973,-6548.97112938455
-143.486648095812,1137.98851833464,6883.42938068098,6248.44666177355
-161.514362110811,858.298475971544,-6279.17076179897,5339.2752300467
-1068.40109662886,1083.4971990746,7054.40025157657,5116.34120997881
-509.684618991354,-607.058850542074,3381.81526258538,-6868.09409878475
1662.38834965532,-159.162853976289,-7092.37127928674,-5338.96513659843
-474.887677602378,2106.69853335717,6521.95743001906,-4700.42527046096
-1148.23045215349,-486.51477953646,2406.02165339499,-8513.10666350103
-1372.96775850337,1374.63825611586,-6561.10874482891,-4113.15028684111
1630.19591483587,1563.8450255632,-3681.76079942618,6730.1064659082
-884.819058679542,1571.0682465802,-6736.26310491056,-4167.09972320628
-1127.24492461428,1073.99314692982,6649.14388106421,-4346.75114657274
1175.08992566753,1702.66112479859,-3730.86836070258,6527.54613045242
795.460995607199,-1624.2888867373,7304.74757399838,2747.94395456361
-1167.45035935305,-1823.26973096002,-5873.33790707538,5965.05962725933
673.531110323392,-1219.73191490173,-3832.81599299608,6688.07649948042
1831.78572762116,-399.495191384266,4356.25430766029,6821.03167120603
904.128549814532,292.798208879743,-7208.9501454793,-3267.51253311348
-1266.64573733393,-1900.76064193413,4083.28011564185,-6856.18419330568
-189.830932617188,-1729.06086767188,3986.30455638979,-6908.17760594203
1384.85726584362,-1500.85490186655,6672.58049783468,4173.20725540839
-137.311698913574,-1575.58376812157,5780.45223255563,-6855.5203582159
-729.134338660174,-771.631612314223,-6786.60976258456,-4266.07261843684
1845.95051927524,121.609860041235,-6825.26526142506,-5629.30593749644
-717.612150350913,-1629.20019257811,5820.14386546047,-6759.35357007237
1495.27370245378,-729.981212955541,-5324.50200663345,-6352.1158634548
905.949033687836,-1140.92272268248,1472.84318853357,7248.5319297186
-561.336772983114,-1679.36848559166,-4332.03867561264,6370.03190408939
348.962576729911,1700.24580633719,-6354.88105105172,5927.61220993362
596.177412166152,1118.36031302004,2027.13481063876,-7863.01095758044
1641.2175223545,411.777979457149,-1851.4787885222,7508.33187080353
2255,-42,6713.05972259071,5604.50039010155
339.982693583842,-1650.3177103126,6145.22771385598,5859.37379078659
-474.790739384141,1700.12765569518,4715.19525170706,-7151.24231020243
-1304.89020886554,2212.44825515666,7416.38603954856,-1308.09235329797
1240.6660664709,266.110898993742,6209.57212484531,5810.96017229498
344.886323380567,823.735795454545,-3358.79584094326,7031.32136595323
-1300.69395383575,1108.19173376148,-6028.86088741115,-6926.46180568215
1830.83569241909,-708.631889735505,-6337.93911885776,-4089.21182847769
652.365511509234,1675.50328287606,-3547.86790567334,7114.08179662207
744.754264910467,-1043.87343086317,7211.90646547652,3702.22024681604
1161.7634567287,-1214.23449868074,7377.25904078701,-2094.7563136902
1282.69454246206,-1015.15731923377,8191.70824145113,1586.43029283925
1233.43606021549,-57.74755859375,5628.90153418516,-6145.97990704846
-753.304941069612,-1299.10209751785,3829.18036031482,-7079.65887213304
1099.90881989977,-1070.12216543138,-6591.34893645949,-6194.99154812225
-659.405266571732,291.358962430484,-3625.78633184483,6759.31987063386
1130.10249769152,1279.31937441289,-4254.65432861399,6382.2769477688
1393.40848490817,-774.34471440612,-8474.42334647495,-303.185177025141
-739.657055873926,386.043715533088,6815.44549932036,-3499.46076413964
1061.35116413677,536.025592792776,4105.12517642272,-6346.55158699391
1066.95004380187,830.358462846225,-1407.39065341742,8148.67887341188
3487.83435811772,-6810.62712164265,NaN,NaN
992.194967104382,878.27228546998,-7042.11737052881,6309.95185671736
1065.90366724918,-960.075304673427,-7029.08356577229,-6263.58898779581
-1324.91841694079,-1453.61261439183,4121.98595934643,-6643.34114859163
1542.36823206314,-144.624627016445,-6788.90776989722,-4661.11705265951
144.619325164299,1476.53482815479,-6505.02806292616,-5455.66126496654
698.162954584118,-1094.3187516173,-7745.7866961887,-897.811738546988
-593.566255400742,1053.60451953935,6740.67267289351,-3217.42864242109
-1737.93114042319,1554.82639400725,-6391.3204411904,-4682.90711582374
-1470.68299984874,1156.99606923172,7561.33408917317,2989.54966740546
-685.261413888293,-1524.83615668497,-6119.23824520171,6585.1931567914
1399.88162342398,-621.057898773006,6616.27820621708,4001.66724095698
685.368374537113,-1529.27162251346,6722.56979961444,-1371.85991119997
-1062.56380488526,-1191.02107790968,-4871.89146023986,7036.09880900977
1303.8521488627,330.204637109703,-6505.12130852405,-4966.80634629376
1772.60527566962,-1801.03988076234,-7624.09997444519,-1343.3225808074
1515.7423466414,-113.879186301519,5019.25252917134,-6667.18820456825
-930.875384221311,-825.392184069857,-2652.24730421423,7738.83637195445
-196.499167045932,950.125568138926,6357.30107942023,3872.72601565348
1522.14647625979,-105.26013701055,2203.39332251167,7252.47295525038
-501.063430255517,-1257.76707658629,-4299.05586287589,7572.27996214582
-3378.9637004576,6773.82789123239,NaN,NaN
-1263.51416078972,-1390.73113454375,-3558.08868371824,8246.00494456143
-628.325439453125,-1690.96146107605,-3964.19065419659,6469.09774117418
-1525.30014996316,-1019.97821534856,3503.64250181148,-7717.06615100236
-1350.02358045561,-368.181633026002,3274.80973257809,-6621.45936358848
-1680.80340918425,-1093.96712160573,342.367844364937,7201.13944001407
-1654.76303701742,1218.14637056314,-5514.82124678676,-7149.85758212868
-2059.91202533106,-546.322040578152,424.658959226699,-7409.04135266807
4.25592041015625,1016.86213647507,8469.75977200306,1229.88472575817
1452.47861161304,-112.895318213328,-5980.0716927351,6617.42016017703
1312.22891828369,934.292981958782,5061.09648712274,-6308.99239943476
-685.383013556985,-2216.19270064641,-5481.23452915322,6330.82355757699
-1330.17157289702,-1072.76182897517,-6853.02947050816,6852.61954887546
792.403556435308,-1088.7359449718,6738.80176795405,4070.25367766255
-1303.38604578479,66.9865639359583,6344.72970256117,-5032.60321761096
1496.27449743457,-1624.09771714401,6720.12776972096,3584.07005142121
-689.346012401241,-1017.36689681095,-6161.443594109,-5931.75235553222
1321.73285249222,1249.11622747084,-5677.67225662991,6972.17154241925
1548.6661202567,-483.144141040564,-7057.94519133899,-3287.45966304923
-1588.63973759056,880.111899684153,4791.79541747427,-6634.11352515268
1957.53692203542,-969.367777603317,-7485.57671335797,-3042.19725219142
-560.854843634363,1151.53029023295,-6543.40038096846,5027.90013260282
-1297,-1783,818.357380594526,7639.76453993129
-1005.71302561942,529.185484523995,-6899.50105788174,2088.22181636464
1074.05581800522,1202.82423446287,-4365.85569591847,6583.65865223585
-886.39516962298,819.371232959425,-6232.49430241219,5341.94730306996
1188.6840123176,509.34837606295,6376.49248991432,4596.65784190648
-803.305559037168,1002.74791097694,-5934.07755543543,7037.80592511978
1205.92401885986,994.895009085056,-6962.61370131559,2934.26051895068
-2042.34662163776,1188.24780273438,-6259.87051180045,-4333.00914974079
-21.23845290091,-1056.6644290339,4597.19619005119,7341.46788910765
1169.07126180815,-450.663663905393,-7265.28833355162,4921.42095836227
-1638.55654568942,-188.985244169517,-6936.28485929037,-4428.56498727861
951.035117409446,-713.59375,-327.620801733478,7529.55363353163
1007.62312957073,-444.458443306588,4163.30600604935,-6950.34414338308
1155.02219888438,-298.18217486172,1711.6553899577,-8028.36393799278
-815.819089037607,1007.20416950209,-6803.18955708312,2064.06276544148
-1653.56612139156,1017.99129231771,6204.43361576184,4850.27613093784
343.429280856419,-1363.04423903216,-7620.47505143495,-961.658395803544
1159.95706683897,1919.71584928229,3995.56572675076,-6816.4470672581
-1283.44264668886,-1859.98022746467,1387.14557635645,6743.29614112903
153.951738493712,-1367.13281046026,-6958.40750729323,-4612.59285691598
-19.4902389612526,-736.564903562432,2411.04533601036,-7821.73238321343
-1532.68551996924,871.937622070312,7741.04642272132,2826.52542946407
-1219.70020356243,-1207.9839216477,6753.80211994724,-4410.63056773702
-6711.64127204378,-3774.77324771763,NaN,NaN
-414.902370689655,-1572.24465720495,-4408.42507879868,7216.1540738306
1917.15868624403,-554.979576860549,6984.01762316688,3983.11529147009
-975.561599423631,1081.57104190282,-5579.76076355748,6210.88979756044
1624.12883755661,640.369412996957,5244.85149609461,-6327.99916588952
-2175.93621567974,-253.253078644173,5704.87518877484,6929.32499869802
409.160501197787,1362.2692623747,-4499.67874876096,-7267.5977744282
-741.604101673157,-1915.35705396935,-4798.24686960681,6787.48951191936
1159.7766582485,1193.95674471227,6284.26066318716,-6005.04084579534
-1008.71391769935,-1212.3917879127,3952.51965248513,-6811.14016168859
849.494313214276,992.50772370014,-7869.83049130423,626.853316415268
449.637642157677,-1763.07260144773,-4824.38171910466,6927.07647538712
-1035.40881797787,258.808725151979,-7250.77931826685,4709.89904323207
1148.46239747233,-10.0659360044669,-5133.12745921174,6760.18795054785
1691.61677211499,2154.05775737762,1844.5532956142,-7887.30510148148
1034.53566783474,-122.774638876451,2488.68043792496,-8074.66682757034
-7483.02275053495,-2618.01292852874,NaN,NaN
-1370.29757417573,-2139.27932830373,-3135.56577998324,7293.58744109635
-240.813681455073,1186.11072197283,-6553.58740047347,5130.47268808899
1424.6757481603,267.861794066585,6789.8586353382,4261.60640656899
-565.368316650391,-1372.85321116018,7342.90731000582,-2310.87182744496
-1722.41184163333,-227.612251842384,6864.77277214446,5750.41804761209
-700.162237762238,-1969.30526633603,-5630.13129723132,6905.51573237075
-236.725875613748,1272.32214752615,6607.54221619411,4597.09473516061
-8508.739544828,-1157.91108786081,NaN,NaN
797.171725732675,1971.84151295138,-5175.90803922094,6367.30474609191
1290.29199016532,536.483863603871,-4740.20602092223,7309.82853580693
-8341.14198722908,-335.563841708429,NaN,NaN
1311.43545388974,2088.79815855288,2654.76088240043,-8088.11131937269
2335.55440427075,-94.7068767212985,-5869.77581668311,-6994.77528141746
1759.17850266165,-74.2408133151263,5760.67758762518,7103.20896418291
1069.91955504492,1561.80447742341,-3257.76132544593,8161.36497154845
-1040.4112493467,-153.093015543377,-5988.20227385351,-5851.21957213515
-1075.11774024122,1454.9879240773,8134.86307257732,2338.41886816263
-193.067693351977,-1014.0514971865,-1805.76031330798,8394.90030038559
-134.389428855701,1288.50707714742,-7949.82633726515,-247.162109141066
-237.516373445135,934.925182651829,-5916.49471340457,6185.04499557311
1588.11961564229,123.576964234712,-5410.79423306077,6775.35512956339
-582.197518663974,-1552.51717373692,4244.59429953206,-7591.90604741684
860.189926726528,-1119.19923166322,7247.10363796245,3889.19589679364
668.829559650589,-1578.37197930566,-6756.06407719331,-5231.16866909233
-1283.46295906334,-467.969293638717,4129.06767164576,6632.49531889607
-1675.44704831345,-472.453583437524,2870.61738586426,7073.10287216924
245.58209222822,2307.67183217666,4575.0758345314,-6779.27466070283
-107.458396084337,-1216.62162042856,-3490.03577959504,-7372.67615993241
1591.74321288074,803.781684550792,1110.44066684763,-8420.11501060763
-1189.29010608784,-524.821004789169,7791.65687514363,-499.777533719605
-964.347442838001,630.639296558704,3960.35964103403,-7112.24573538141
1164.05828136124,2182.7895192945,402.017651790556,-7718.75298965881
-2112.07899712569,-22.9899292508123,6623.47519488803,5255.07117305387
431.929764970875,1087.09127176996,339.119907953043,-7415.88715654044
-60.508353159379,2215.49976492177,5171.73501309517,-6295.69921274556
1310.8779738169,-1626.68975354166,-8330.86183692172,-1668.16365719177
1699.73401365187,-1710.91173989432,-6719.19724246742,-4961.44859117291
-1330.26510067114,-326.381517388486,3889.45849618774,-6675.67328931101
-2651.38539669101,-6758.09764508591,NaN,NaN
-2674.01295083442,-80.8233020534004,4309.67137096514,6595.9499446126
4.14296898006683,-1208.25529870007,3258.9408560494,6747.06230471599
352.675071716309,-957.05579058339,-3654.87413463972,7159.31542960579
1616.81639724942,64.3223292724609,-7462.67403006651,-4164.11915415353
1455.8759418783,720.822374220018,6179.19046129773,-6740.10125854006
2038.55789175276,-646.183473349139,-6642.09961451659,-5667.15730202334
13.3263761559311,-1085.20398622751,-8091.61758517699,-2218.067037434
1458.62071236327,-767.164204918175,-7128.58620494302,-3782.24841930105
-1889.47911005488,202.855683209709,6351.56747056572,-6461.99742850559
1406.6812109937,1711.28097434678,3010.88105986808,-7804.60051955551
-1115.57927987101,-1858.00971918838,-1915.89982967937,8094.00733900467
-1439.22602065293,-1121.97087980742,-609.891509886545,8113.73628074863
-2055.00074698503,441.791467995112,5504.83441557413,7058.82938316768
7084.44028576729,4918.24989319722,NaN,NaN
-1521.10821098194,136.628755243912,5112.42498443198,-5978.86932469293
-526.082721570073,-1010.51739827944,6082.94889119543,4496.41083239794
1196.70883366405,-1384.26521488138,7026.41614036454,4750.75418147214
1137.99944385087,-1449.97188928773,5688.77355595481,7126.97615599224
-904.373460928842,-412.047293704529,-7113.62116315971,-3494.08559166358
1427.48072484908,1240.47798731752,4763.928779874,-6270.62160938758
260.183999351468,-1281.27832598152,-4644.64584745397,6125.26842545059
-684.905630274387,1662.11064474499,6004.27624777622,-6205.9454358239
1317.9865622253,-1006.38466816301,5245.06972186799,7301.25630620728
-551.054503990647,1927.52074464568,-7820.40125340056,1108.47376930393
1397.41674535763,9.16847616290877,6933.18121069015,4746.27349869966
-47.0356606876149,-1481.89195621757,6325.21678521057,-7045.35457669643
-257.42589575354,-1090.38192120426,-6274.9912562892,-3862.04793976935
1611.07706328304,727.187878611649,-5678.14066886733,6444.1531770547
-1162.6470647814,1601.43762287879,-7700.63147512468,-1254.98549546231
1119.53499235916,524.32534745339,2238.14447171461,-7622.41125395647
-541,2143,6492.79571168237,-4373.56688478526
1175.65308334062,-419.473214285714,-4162.50846895728,6199.05870731055
-994.745864896943,124.9189978294,-6758.56718661697,-4013.39002618866
-462.538134194088,1293.29990364051,6774.56726870094,4038.65579876165
-401.844664322702,-1496.44891303329,-3487.07299321687,7044.54955142811
-1539.64183796627,925.891862518933,7385.3765148685,2751.87892111169
-1309.54296955749,1481.42119587643,-6478.64778791211,-4432.19366485428
-871.331175386236,-564.617842827061,-6592.25861768457,-4122.82041955189
-1390.897182673,-1336.8322396987,4153.21385197426,-6294.13863587372
-1044.76943515641,-1418.07142910896,4109.37528612485,-6235.12636389839
-1632.92353478313,-1067.94226612407,4429.99245497489,-6465.5317700015
-390.202045894935,967.52216219473,6352.26020854638,3832.72359509953
313.496068684581,-1651.47539271091,-6632.73568611947,4803.01112386967
300.40533508098,1125.75183776026,-5740.21768312639,-7212.75798933059
609.516783921096,745.123890924454,7065.9473569225,5900.48774386947
152.273107117896,-970.150842478335,-6890.3919963554,-4227.85279237227
393.940369365609,1789.90056230229,-7401.50426345245,753.573427764798
-899.098642922737,-1170.78370829285,3916.82234960739,-6717.90530348848
1536.40720823039,802.309245138852,2377.27939391834,6827.61572179626
-1321.4430701818,978.584845310669,6733.70808783155,4227.18187671669
940.963641503443,-275.380869711599,6593.77668663459,5714.77333046129
-640.31993125277,1015.28174048059,7776.95807628007,693.284353399343
-1304.68497211388,-46.5125210446238,-4505.36124210566,-6891.61233859397
1249.51599085311,-525.140532128224,-7605.21256603021,-3404.58149857486
-500.339160885028,-1120.77217642775,5538.12278987281,-6867.24197301896
-548.23083144003,-1167.47404858821,4297.76547762894,-6578.97325231159
-265.242737802283,580.803048257997,-4375.39993924774,6787.4555316218
-79.5245725997911,1006.72246966291,6766.45781733224,3786.71187042502
1278.11169676427,-665.060045168446,-6556.78607309069,-4336.97866838602
544.710184182015,115.006730639276,6083.34503371518,4237.973296494
1212.72306964384,-844.893048390621,-6993.47697372691,2038.65297711404
505.663030660377,-816.75237972255,-6631.75231585355,2904.57510662433
526.935001923359,1291.93129813389,-5935.81941517667,6873.01945941142
1196.149051059,1257.79705842225,-6874.1900310418,6575.30162917913
558.23463816457,-1224.40823120407,7415.89442536173,2250.66966153135
878.853315622793,43.9089275773164,6504.32112723098,-3924.35268027175
-889.016205094077,-1132.94868655497,6162.05834360458,5072.60302027826
1144.73201560134,383.245875255498,5578.27117877247,-6151.50626379676
-1224.40080086568,411.364655333543,-7478.16334497107,-3101.36624565524
-1343.87865133201,698.229017561578,6665.05440275741,5129.67344873351
-6797.42047167599,3331.27728878621,NaN,NaN
167.475280959977,-1243.61711989468,6509.31644512062,4378.90091309349
506.205265646742,-1444.45278774541,-6473.3188342456,6164.63289475454
1761.47007622296,56.9751817132045,-13.9279849403783,-7367.6617564709
1738.18013779371,-1205.58356529189,7326.57866045687,4079.0650900545
1071.24605187662,1846.51702359983,3062.84489292547,-8035.57486122357
-1280.27821169711,975.215691867142,-7285.19233615407,2137.72404386344
-7627.72857513496,-3730.91393426562,NaN,NaN
-830.96613394808,555.542515282541,5798.11647162268,-6391.25447148629
-1430.92639170667,-358.676113723652,6361.88113507431,7073.71798462412
2183.62758310196,-757.421965527231,-6264.08340414032,-4350.64555082058
-822.579290865385,1366.69696776519,-6910.80630428423,-4185.49618744244
-2063.52327086862,787.340100937341,6471.41836256197,4224.74124356937
-1362.28295023153,1218.1689627156,7326.31540272379,-764.481970188705
2456.91723110118,-569.053789523163,-6845.52343804788,-4680.02835820978
415.323564462472,-1330.35943835949,6144.36584377031,5976.7575105437
617.634068142584,-1293.20843367989,-4454.09837704231,7242.09182739668
200.341937154696,1890.89427156268,4820.48303815525,-6407.14425493379
612.960552994086,-1783.41566088901,-5941.78817107127,6885.38113109903
775.158743828305,-1858.59109985804,-6732.21886658496,2805.52004426364
-2126.50091529079,1258.43263102854,6968.57555870977,3774.68521766603
-227.171585233087,-1863.84866863329,6774.16969031331,-5193.21775511985
-1765.03221632529,909.358768432272,6409.201190353,5488.13212917302
-1264.71391920392,-963.721896248898,3929.42220519164,-7825.0002978068
1602.38226131173,975.502494372579,-5103.98091668193,6532.02617694914
1356.11225044066,1053.18555363412,-7203.62349213795,6385.50790822972
-480.051071271761,1171.05233782412,-1833.65034315321,-6968.17040166586
-62.3003311157227,589.804779052734,4336,-7442
1333,-1037,-6520.67503182891,-3755.77955316893
-625.336603338068,1034.94093137255,6560.82551590227,-2043.48239942529
1811.21241816625,-739.721111674973,-6390.71144159278,-4288.06521003904
742.586772701264,-1300.64122177667,-6537.12100942338,-3430.924465727
-36.4254032258064,1185.12142388824,-6934.22598876449,2648.26082034546
-1324.73262024825,242.308560572492,6618.04133931739,4002.82080165662
-944.421716313188,1089.48053738764,-7031.36229258971,-4096.18120493767
-160.496699704962,1216.98953718414,-6148.53664307509,-4394.3365965292
781.655228587161,1742.15148658641,-4221.50661484911,6548.71650883936
209.4375,1809.8737055788,5051.63638341705,-6736.70144858569
-1433.6982809991,-1006.01252340824,-6768.92709372893,6366.30283342498
1326.02188353743,1438.87968531003,-5316.46908768683,6684.66850227632
-1371.00508216068,-885.39180718638,4079.15652492498,-6424.86586811112
1727.34638651683,-557.587415904091,6548.12354221537,5162.87123815914
652.851612678903,1276.38339433389,-1488.31900264514,-6916.82132703752
1307.06113704802,-708.705688476562,-3629.56718037472,-6984.03159677621
3684.13212805799,-7173.25852470751,NaN,NaN
-979.08575276289,-1331.49002021719,523.691987856389,-8402.20673648807
-897.395382116337,-353.454085428449,-6224.26025059707,-3903.22589121959
337.375,1971.65013693703,4949.00357965044,-6939.18202714564
-1374.45921142558,-385.685251664887,-7389.6771078218,-4108.11249008371
1018.29358557172,-1194.87422449449,6344.44112321805,-5114.67910756585
260.171731869771,-1667.75554457322,-3892.59220367032,6671.17103452056
1437.78979387981,321.734982748004,-6013.63191237506,6876.52209888589
-1522.2426610767,518.165093713994,-6585.02807266824,-4562.71260045076
-1308.53196358225,-1757.53184491091,-3092.32899092104,7241.76154069275
41.6164704110436,-1392.66638754338,7582.68656846497,2215.5892269809
-435.501727764423,-697.302516973534,3308.76059254089,-7386.85735618478
1119.23757124236,831.124333250689,-911.999645688756,-7218.43656537312
1207.70997835735,835.640914790047,-3193.53320124073,7796.94811883492
-419.136340729805,2071.14700144889,6478.6565611563,-5974.60406475508
840.875656690618,183.534823351893,6698.06938425033,-3561.91982162153
92.8047252926664,1362.23323462073,4587,-7341
-608,-1895,-5151.56397495922,6281.16855623711
-1750.43357018555,264.936075155927,6628.54597675964,5786.91246159493
-4978.92810522466,7108.82869108604,NaN,NaN
-1666.85408303198,-46.1635163223267,-6002.59460590079,-6619.71978242826
-1482.35532494582,-1668.12062896956,-7006.15890843508,5685.34985142168
1396.79370020876,560.824073074652,6777.25435071099,4135.12490440829
-1783.62672683606,-913.491838011023,-2328.54292482429,-6649.31463553166
6611.06431076112,5092.09535781512,NaN,NaN
447.526794548106,1904.66525169359,-4453.74276723646,6547.91840132924
614.239205302168,-769.305936364567,4547.3146071225,-7228.9780389144
626.986903568984,-1702.44991312806,6683.47152190809,-3647.00002603341
851.5248140615,1493.24111673106,799.141863487271,-8061.42525808374
1935.13766282205,405.293777548034,-2668.99827065989,-7058.89165840721
-1255.27207694933,1485.02192172442,6385.53645824673,5124.06462594865
-297.716627227172,-1996.64399401865,-6759.50508091167,4583.82604485642
-1681.80730131899,1077.05405325586,6206.46735301672,4866.1989003183
120.650717138275,-2052.80598907265,-6592.43126644395,5788.31050046814
845.485464913505,1576.22242692503,-5681.85799907687,6400.18275750411
1730.8324324477,798.822330884822,-546.713510725098,-8152.57992619089
-1057.90393649916,1279.48209510216,6347.52226367991,3554.19685478494
1761.35925251429,502.517109053351,-6576.75447419803,4785.06866111062
-1095.61909719932,76.5023743009915,379.953542148724,7512.58581336262
6371.31343801777,5302.26539341428,NaN,NaN
821.462025208025,1142.89260434982,6393.42997359846,-7034.93100035741
NaN,NaN,NaN,NaN
-1032.02038611828,-524.577795296978,6808.71363001265,6057.91201579901
-1375.91313407,-727.980991334469,-5704.10865311012,6739.20071970011
125.118652958714,-1500.3750909686,-6377.74391543777,-4374.04870515766
1353.58206713852,813.072838233426,2133.21234309623,7002.78860969255
-1697.03751197718,1025.80957298655,6867.41542442381,4319.56560051382
833.714128623229,1955.76895030393,6333.03958088701,-5221.40937703372
2042.86110484638,560.118162846459,-4397.94490430642,-7383.93091955408
-1465.42898425393,1344.02097730176,6051.88290560106,7041.34207552422
-1419.55643329963,1322.80468065749,-7514.44428076813,-2258.69784620285
-1726.97472011389,685.583009255149,-3789.70528624117,-7104.42251107144
945.201974439371,1316.26727498084,-3877.37910779273,6335.42015443641
542.00546048268,-1887.13206829921,-7290.72854465955,5355.66941038735
-2.97158639408715,1168.22698161056,7524.59061377668,1146.64217962953
615.938461552046,1115.10835159836,712.145265627985,-7504.6958373483
-1190.29793825905,1133.50620462437,-6307.78254287811,-6074.36967573174
-361.088954757242,1321.22961355175,4979.45878405281,-6176.45662115587
1396.14698715623,-1054.18856334482,-6911.37897878762,4673.1120088023
-1019.22624497847,-1547.78375871605,-5286.21809709389,6867.64478888139
19.73729243423,1412.27462256529,-4098.59747572455,6532.56934656025
-857.735524523161,-1751.52351787196,3722.68725193785,-7508.77519543043
-1049.23834990749,-553.290551273791,6493.23280655715,4331.92700148835
760.554951613804,-1290.81827415505,5551.19050798477,-6813.69518226412
-265.165433683623,1571.21644865767,-6183.59112554195,-5487.86270083888
1302.23385777376,-1195.16364671466,-6763.40344663018,-6142.31652402943
-87.4667792769791,1443.09429323524,-6294.73780503896,-4147.67835450009
1436.3834871987,1816.48206022058,-5379.07518393823,6951.50834821603
967.067881119297,851.705819592471,-3191.57446559737,6936.87750298602
-1352.82563357169,664.101153373718,6579.74494803695,5021.8384537913
582.978332519531,161.592371132683,-7098.01917124208,-3632.28216159508
1320.54040754451,-1218.98995376385,6239.53649516976,5232.33692648206
-231.673107500512,1027.16088305579,-6660.18435722555,-3919.30174049573
-491.123472094536,-1916.43785332695,-5332.38314900348,6233.27641870139
-857.996822491923,-1293.9291151769,6716.29513367416,6179.29837398799
-660.390456649832,1867.80025382384,-6850.71749398699,2116.23632644436
-413.599445407094,-1811.69285797961,-4489.70640794456,7595.93597842788
794.81432265862,-1681.54552903392,6941.98133950142,-3787.12696070143
-1662.43392916157,533.265488787395,7615.52474538156,3124.3527863656
90.6016482308666,1390.64828097637,-6203.28890286765,-5794.75276887001
441.141284140433,2287.55653093385,4247.82064194527,-7077.33507871198
284,2646,5703.64439913417,-6584.53311802051
-663.297231813757,969.541709395356,3507.75496261162,6869.29003259176
-697.759979211673,-1349.20191955566,7089.36896717627,-4049.14356084547
-2213.97331010509,784.894999296769,6817.77967988664,4969.05924424424
-1901,401,-4247.20191923862,-6621.85459213133
490.752925055108,-2118.83553340927,-7079.83964714217,4966.79583143248
1307.88121974534,586.560479393011,-4898.59457352912,6383.16612822836
-540.166687011719,-200.881837695714,6809.43893873436,5139.42034153536
-442.689392436634,-1354.76493379543,-4554.68154064954,6695.43624291878
-901.921294220006,64.1637382360039,-3834.16399343452,6079.57732548611
-143.259148871657,8334.33852986061,NaN,NaN
-1074.50828812573,162.036881808577,-7881.50939395285,-2954.45568958011
-3687.17733962339,6781.83408854488,NaN,NaN
61.7684717819735,-1677.34048767383,-7245.00254637089,1894.8446240565
-2550.14631556558,-47.2181507515732,6132.31933182157,6483.1823325162
1283.24036476365,1529.50089567365,-3944.73976122035,6756.10452703567
1095.1983402208,1513.14036228346,-4829.87920077448,6733.96785177823
1000.15999101197,-190.865637528269,6457.18546338331,3714.63502019316
-949.822668042168,-1367.28945721438,4258.86639793021,-6232.74381255844
-682.621922368155,105.106587761948,8314,2568
-1483.02549862935,666.171032611101,5601.61162348131,-6268.06314555167
-248.660811813093,938.616195098136,6490.76586364736,5365.41317738424
-222.428283005618,-671.396165079426,7724.59510874152,623.100691063208
-1066.61099690111,-1313.19095449532,3836.7784700672,-6532.6782668935
1618.56882690463,1103.9697813562,800.007741935484,7211.2850707421
-2.13993084299119,-1753.860063058,-6394.57945929072,-5717.42913458716
565.536833815764,874.270355371607,2926.62217070678,7180.18656431363
1204.45833984375,-1015.35224907706,6452.27164172785,4721.3722066943
-885.084851074219,-232.215304033636,-6434.09322363097,-4626.45038723961
1889.06897046478,-475.779885073916,6839.45174226696,4398.01977182974
695.162378479462,-1266.34373018339,-6506.21255165114,-5580.04160958045
-1778.17542176791,492.556031885797,6498.85550164797,4040.37254653911
1487.15632890476,135.44157613002,6266.53092074432,6725.34410599486
1401.7001710506,1249.2336963156,-4614.22579416937,6456.51293641821
-2088.06126676834,1057.5662546942,6241.3281742353,4298.30440989162
-805.792658589496,402.720703125,-6781.66358739293,6999.46240572728
-1357.66836721994,-236.848506709181,4117.59232887707,-6719.28691260218
-602.318816306063,-1037.01429144987,-4094,6692
930.510774463107,-1057.71109347873,-6513.47758942545,4456.65812981602
-735.635924622547,722.836869220344,-5631.93981490239,6292.74503609253
62,-1194,-5960.42586401922,6469.44900279226
-24.4602078478958,1767.00809824936,6563.45144042539,-6767.90138778523
133.276389754674,1867.66692197712,-4649.63958518267,6622.68909174524
-1008.59574311347,106.315969715948,-6420.57682864189,5738.21178961559
-938.034015622773,-712.455352089622,5978.29544394731,6106.03997851019
-1288.7807638545,-1284.71970414422,710.964848307456,-8491.2069791793
1653.42666208095,-836.712742109039,6691.49906883971,4594.68246381241
420.366834458958,-921.81016014975,6627.73709995255,-1484.25512366599
-1416.28580125668,1576.769268228,-8282.35138004163,-1523.04143606865
688.669529365612,-1260.86973643016,-6880.82622777542,2424.04492793718
376.319427490234,212.492172241211,-6794.95050347162,-4028.41306115352
1356.6421076151,-1192.49660547163,-7246.82457202049,-2775.76134622821
-1236.39961615515,-614.612841599869,4962.4215085616,-6877.24848396594
1273.7060171274,1184.94170403587,-4524.64714421693,6499.92893594473
1909.50292535883,-824.980134067156,-6487.91709583709,-4490.49870235336
-1151.30666351387,-1409.24025489169,3391.3471982642,-7331.42106311331
345.489102005231,745.671349403269,8194.39944010375,2671.57035017703
-880.072800913072,-1267.90041167563,4241.11065222929,-7014.53000340281
1597.47719412952,-8359.42637147386,NaN,NaN
-775.087234320872,-1117.94058457665,7092.4083209383,4316.93628787816
-1764.71730851062,1779.35741180321,-7028.3182363595,-5728.94484079677
-1412.72504858406,872.869293475815,6976.65290292492,6200.31444764827
923.910820717341,1628.15127697849,5382.3458841244,-6617.80253516999
-666.525806688704,-25.4300537109375,6519.13412342169,3776.21443224752
499.600578308105,-1211.27868459331,-6864.11398960387,3599.91854293479
568.976214777725,-1150.48317515612,6916.585638731,4578.16686798748
-599.129608780073,1679.30229052691,-6297.47200799261,-5113.60101634234
1488.48581794195,1664.21172118814,-4058.3095990567,-6805.0386117158
-867.317902013282,-2024.02696804165,4836.63028081426,-6708.97235434919
682.421231642115,-902.264891409988,3567.22300289174,6617.92764308921
-1714.41985149515,856.113308806304,-6993.77335602693,-3493.88000224626
-1042.29816637541,370.024577603385,-5147.22824213415,6810.7592501698
2116.20913048147,194.077204417619,-4862.1539497416,-7298.01812714466
-1722.05098084352,1820.10287037484,8017.89350280205,251.593157178562
-1005.01240821264,1013.93311317035,-7337.08263684389,-2877.84664762218
220.541803347184,-890.187043789026,-4872.97610501762,6437.95697164385
760.696754711259,-350.387017767389,6432.61451685149,4003.22306182079
517.723518053691,796.87590556198,-970.349987736341,-7094.19144754253
-1050.25332412279,1212.94921106053,-7306.17596504955,2577.18798312697
1474.02861841067,-1116.88807713135,-7571.78331716018,305.310922531639
1457,-143,7282.44997031071,3795.27689516242
644.287091023973,1459.67254242247,-1296.78359727806,-7314.3936004934
1609.53914500679,-1440.19006039916,-5953.6032329908,-6569.62846410469
3934.70749106427,-6376.48010325825,NaN,NaN
1384.86927020954,1203.32808736909,3812.76796449277,-6977.41600194837
-663.994790282928,-1299.28393258709,54.4558774466192,7519.5870697255
1247.12006359754,1379.46562188966,944.982908010525,-7588.3968807991
315.113668452654,1308.65565233669,-6482.73162202867,-4258.04877378294
1143.19492471639,-301.026981573056,-6902.12675435886,-4410.6695428139
1186.16526227106,-880.173101380814,3745.81734114631,6760.90078717627
1269.388800439,-931.239984580783,7088.01173941379,4641.29538724881
-924.098052329205,-1793.99786326589,941.876812320389,7401.64851863725
-620.937461829419,1759.26035924973,7310.68877395498,-2711.23972494771
-589.585841005008,1152.81815966185,-7475.4807726428,-2664.9141640536
1231.48634007792,-211.758270976404,5070.55031805781,-6410.48296769902
1004.65857740023,-1286.15948383983,4032.66308517478,7403.74535292654
1904.92574027947,-365.667869950617,-6911.74956714441,-3765.33037583886
-1347.68653635964,267.149948556083,7124.82678727822,3563.27827266708
-2075.00317271149,-53.4719888902318,6870.7917074947,4347.13613244424
815.950122525233,1574.47973179225,3857.93652674447,-6638.44591102509
-803.573290573631,-410.901623472493,-4878.25526480239,6468.43794077036
760.506803601068,-1241.83079124561,-6959.00191827374,1112.39583333333
1272.13077463422,288.488578069778,6753.23020022387,4382.32659013517
-916.401362723306,623.86039947061,2795.11430332012,7153.18395814119
-449.891850513695,-1592.60156537367,4532.50466178261,-6505.80753218294
864.018084250415,1767.89545188556,6022.82619710548,-6108.04943093052
-1389.21604632599,-172.642412605932,6255.85722627079,5646.06141405327
1672.09183195459,-956.807434082031,6280.7499030219,5370.10974009455
1144.62499923958,-492.791057577566,7419.49813767908,3201.11563466294
-837.237913941801,60.6232441746911,7243.58121728459,2599.19825289395
887.860611937935,598.235372732259,6702.96291952672,4678.86178578278
-1293.19177326322,-1022.48013282605,4232.18009985587,-7089.38781141333
-452.702849511863,724.306988132558,6954.94556246765,4311.9970188471
962.148368423243,1247.83703415901,3487.72833533577,-7729.66934823172
86.8160735981748,-856.061044808252,-5335.14595547399,6080.67559615522
-1736.44516931037,202.724678039551,-5076.01760078187,-6462.10414272754
-1279.53904385928,-311.128354870775,-557.949773334876,7532.83413732718
1942.41289282478,-657.992007128552,-6268.43164778879,-4223.12671202519
-2128.79264129373,606.072279064116,6917.98782677466,3618.0275946693
-1356.85036409196,-72.8663299434805,-6314.31012091617,-4489.36765777035
-1044.53172782875,287.096875170133,3170.69481868126,-7030.0762812372
-1773.08127842437,-153.632441310323,6175.56883306738,5906.33028626465
405.913282840121,1064.13025645147,-8299.60635083497,-1627.14160526513
-1833.2490891348,539.230404886149,6651.23866208643,4733.46186115784
1072.34834998049,-1166.43355925878,7447.60104365034,3377.64422302617
359.635192871094,592.995578586899,-7761.95936453309,-2898.07207468436
-1131.72250976563,-993.021407617472,4107.06572683999,6758.94775874467
1337,-479,-5340.0984013985,5973.05036098134
737.960422845433,1767.31380072443,5971.57531995508,-6116.19218405254
1188.09014918675,1485.00132060961,-5068.39829770939,6541.3589588188
-1036.14877436711,1734.85968011932,7232.22790760677,-3487.83124373119
-1494.14734137091,-134.708874006225,-6429.18305157828,-4662.05189469821
1588.97038488356,1567.15079298164,966.218463683282,-7612.22488384991
1030.89532255772,-1652.52185432953,6345.91356848955,4938.71561403614
1570.43002555163,520.052891917367,-4979.28859831349,6472.95375261912
365.902564373791,-1868.60399555491,6653.44045922803,-1603.45476106582
1356.9837371207,436.275829390853,-3010.0769857031,-7357.80669464052
1145.68487483575,-907.236045182735,6363.03303040655,5205.23827243818
-6933.09957513603,-3793.67926402263,NaN,NaN
1674.03385120128,-1062.52092587369,-7264.72877992531,-4399.60018319893
-327.175557472289,-1749.34493670886,-4875.71227240772,6362.52071992669
1035.4039124236,1793.37106232143,-4983.67429687221,6312.49391893951
-1086.18196891863,504.167393899179,5871.61797447172,-5746.97927915961
1122.187616171,-968.043719475422,7456.7909259982,-251.529050125146
1331.39347495423,-94.1730013420245,6677.42444575562,4247.2152410677
-763.308377678012,-1078.99667147663,6224.37298622259,5752.68455900589
1355.51138119969,1163.2529044892,5181.12553075055,-6397.31168387762
1398.56295559711,-897.378225226151,-6543.121100486,-4016.21686200475
-192.255959619912,8436.68974316139,NaN,NaN
-1305.26563656292,-50,4517.52908046874,6538.02634954721
87.9372141768293,1234.95497400756,-5908.21278855082,6016.69705754288
-802.13043289232,-1418.86264239837,3873.62577041726,-6854.65569626351
-275.794589971405,-1411.33054609147,3337.4271146909,-7111.25013361292
1663.80662112161,1600.12524778528,-1187.57243960643,7625.73843879393
-1334.27579859384,-918.848048900101,-2838.30143070437,7237.59223592137
-969.025443411857,435.78129450875,-6287.3043036253,5717.84105272699
-87.688900839119,896.928473653083,3673.73459126465,-6845.88428510047
-1519.92814872801,-604.681227546649,5197.45596219655,-6147.94841456588
-1640.15997195827,-538.11394393348,1736.2025390625,7486.58373055518
808.359375983498,-3.40055277810168,3695.76984552238,-7682.28857554722
-1012.79801775089,776.708892179367,-6947.28212921172,-3417.56638280027
-462.63538659967,1075.87632245239,5997.77543591943,5815.74376679109
1619.78431019558,-74.5123635156027,-6258.35106193471,-4924.99291178605
-173.887533808519,1185.32393406965,3688.32189148315,-7830.23204664105
-1176.23727705639,-1077.72991307996,-7005.10046491385,5618.95799970884
1016.8317531532,7526.96932235659,NaN,NaN
-1080.90087094074,949.03681759718,4827.70195709471,6916.54503881172
1328.62882153799,-119.119174386213,342.533023843005,7966.27117301232
-2026.95282390419,851.734915330446,6893.6332138175,3751.35844568993
-1831.36769372649,-364.095330107324,6854.00845842844,6241.20556862191
1219.95205633258,561.881538217458,-5450.44046773773,6995.77841942042
1485.07203312312,-873.149417154377,-6693.54912896991,-4243.48036445308
882.947858981256,-73.9156984480882,-6821.26807891719,-3996.16858758323
-743.877115232574,1604.16779986615,7071.3725756526,-776.840545778605
-1387.7441850448,-466.354053897321,2889.47866231936,7022.35969139752
338,-1037,-5936.39762398408,5849.34318133633
806.745728066845,-1784.63368360355,7301.59131480691,-3212.40787671233
-2019.55852872757,704.10546875,-5625.28911139836,-6109.95718522369
-1866.47088255838,-343.051929227247,5754.44833470113,6111.62461436917
1528.22841367414,245.215794878626,-6404.99305154276,-4771.28792870917
-1806.60060438275,279.97485492104,4489.63819842085,6610.62455302712
-854.611393516347,-1587.92174275455,-3594.1046605849,6845.22618902088
-677.174827386525,-175.105895996094,6556.30290261856,3849.02048960103
687.891579613797,-1084.28752074353,7577.3911062758,2464.72422921802
-4367.61864361076,-7252.85236403644,NaN,NaN
2168.37465142991,-332.546569071557,-6949.24455495862,-3432.73197138503
1270.73293418538,643.71007473326,-4479.86346353789,6665.12759904468
-89.9661285149352,-1041.22520242915,-981.181425321937,7439.38109745699
-1256.48064535177,-1612.24243663621,-3081.19675446028,7369.41525562924
986.770571317967,181.986587459075,2195.12106395543,-7522.17982761571
-7395.96775507425,-3511.40831319999,NaN,NaN
1233.10821006074,-1055.68762469917,7071.49956766464,5006.81662992118
-1297.01972818007,-878.115809436136,6863.32008341735,5859.54752826954
1046.05977038041,886.011800130208,-7857.63270268098,1182.27863664269
-2173.03319565321,374.018588603687,-2553.10875223655,-7212.9052425919
1278.7956433663,-789.157257801634,6880.92184485241,3251.28439273352
-827.578973483157,902.257271753461,4085.94133834007,6909.0183891723
-300.525624400373,1256.55358057267,-7915.54185663736,-3534.00683029485
2020.28759934368,-865.434782794141,7544.02103673411,3691.26364503524
313.656817846032,-1353.72695976132,-7193.81843164277,3362.92273900382
1589.61010055141,-447.506345304612,-6358.57953000789,-5426.69802309925
511.661370222431,2312.76781945444,5859.54013055353,-6706.74883524948
682.945205203478,1832.55059478565,6068.06599816564,-5999.93402447405
-840.777845500324,1863.91058936044,6843.13565821897,-2623.32915654087
-1407.13221928574,561.474572801778,6357.67372872562,4057.91365489063
-1834.7173140753,-1516.10291824792,-738.707000718869,7323.02761448835
1340.82861404221,1851.47498866694,3293.93181883743,-7470.62295176471
1470.01269049794,-1276.44338925397,6874.09484228226,3530.81969506096
999.795292149362,48.661865234375,-6786.22451271467,-4278.40893664745
-1044.51681034647,-1882.08634075101,-4857.39088194176,6328.86289853668
1027.4592912749,1480.13154000211,-6687.6152331248,5440.3664571863
-1276.31813267715,-1578.7596283288,2737.7736888716,6915.27549353816
-1180.18722698054,909.885171086062,-6759.31174501145,-4006.77524402172
-682.302734375,-1839.15092307815,4839.79124573536,-6895.81084204646
1232.09181537307,-951.916865899556,7257.30524953505,2865.53819830257
-635.239563544833,-1954.95582079932,-3849.1300613461,7231.48277652758
1304.41827264027,260.114338931291,-3939.56962712615,6881.14011716455
-1127.43909475344,-1154.8431147016,2649.6910963219,-7401.53664807049
-269.956980519481,691.323093220339,4249.16661453683,-7042.50742140205
1288.99110353442,400.260817035513,-6240.22422785277,-5553.24013079118
-1908.31687810223,1433.93372820254,6387.59860808399,6060.45173292847
11.7954197680856,903.673591948817,-4363.30744939438,7513.98167772186
-1019.63290650067,-284.990352959028,6822.64683118775,-3680.65520024148
-1253,-1034,6695.85386919225,4227.22735398413
-2001.24631302953,512.541262910961,6688.325342469,4533.72871852391
-855.489388456313,-1592.84627477134,5097.33822443269,-6326.3828483136
-666.667902350287,-1574.07255532968,-5608.20117327193,6556.85439801286
-736.362939216187,1259.1843374362,7193.1095761308,-3195.67210135555
-259.750939849624,-1156.8866615066,-6971.07976507198,874.05256097685
1107.97794135175,-1205.27768188477,-6308.40237489711,-4614.68723071171
-2236.797752351,911.194959377797,6318.52952014371,4825.56707695205
1620.66048637509,-999.073926546004,6840.52854181885,5922.71626997708
-630,-2364,-4517.16794392271,6332.01531021864
1490.87178192935,-657.863438250071,6317.1498069422,4486.9824677195
-1132.76455688477,-1253.04448078074,-6560.74754690164,5625.82962988054
-784.179487179487,-1318.72328120926,7150.00323113963,-5529.62502804663
-178.343774799165,1448.92354683939,6732.1885189719,-1416.5073095336
995.59403633777,271.93561722667,-6164.41701566768,-5577.73612347932
-1544.31726221705,732.54096519978,7555.01630559697,2633.23634637991
-1971.43798770195,-153.093087762008,6857.38019400715,4404.5201497499
903.662692551899,1909.859515251,3945.95235790764,-6933.10615531434
1505.88245682889,696.044288980836,4372.0100319933,-6805.85892673765
1112.11641761189,695.534956172774,3846.96352575012,-7864.32304227369
-1396.81584895084,1147.94904799115,5532.34615894565,6109.13645357719
-74.1674201120698,-1004.62325726396,-6953.35619731822,-5506.76040975743
750.733292247011,1472.88634577603,-3235.43228348798,-6872.77137038569
822.073913320681,1073.54292899985,663.353079590489,-7616.60550222793
326.899536132812,811.955673217773,-518.086131845806,7303.11976712705
-7525.7757762698,-2111.49021644499,NaN,NaN
223.032252328438,-1468.7917124226,-5615.72891163472,6253.90708433353
-1423.40466448013,-502.379238037349,702.018885520622,-7682.72222798615
-243.434780447824,1972.28336200123,-7404.66371775848,2536.77667090233
-309.177705223881,-766.24212398374,-1464.41542730508,7665.32605943467
1427.47517027152,-1023.21933409031,5796.25357014395,7361.58504607673
1626.97107753754,-433.018484116615,-6558.46719477319,-3967.53508690701
1278.11571913253,-127.797455747421,-7262.01892669592,-5913.23428959072
882.319744840581,1035.88401556634,6083.53550279376,4765.1232602794
-165.59221210691,1536.05313064986,-7596.84388367921,-1430.36056242159
1455.33745770593,209.573617933507,4026.84970969882,6581.57208093087
-1895.32438348605,774.141152943431,-7018.3068180712,-5869.19760236571
1261.40786212318,717.607648621917,-7331.90134862082,4756.38036892121
1024.62793235085,1468.3312517195,-4656.84613355285,6284.86350532328
-767.936034738771,1312.23604662035,-6920.60336941983,-3347.82179428789
32.4828963512809,1321.1061905461,4561.04302810576,-6422.94200188006
949.131751140698,774.413186763467,-332.738630183688,7482.30907403859
1017.62070864304,1840.19683287675,1038.99161916903,-8331.8496358997
-336.643021472393,-730.537382680443,-7535.68171886559,-2479.51040282074
-1581.34380368194,780.481513150763,-7755.48955179355,-3324.58982847063
-1467.54205764075,-57.7287242653288,4302.88109189481,-6266.78000634053
-1528.12336134633,69.5663796796728,5515.02881395526,-6516.69005880572
1755.87294099595,453.44664273035,3393.08620311384,7492.79271712412
-1296.66221365666,916.436891377479,-6142.06347513558,-4379.31296498738
-573.19269038542,1455.96152712264,6725.5015488332,-3902.70372830471
-599.959179727467,-2102.00283666499,-5690.09890695208,6483.07514611465
-1387.8300886644,940.069890156112,6426.43799632435,4022.79892087292
201.319091796875,1240.93728717206,-6524.21190264475,-4375.27435679314
-1479.79365307086,1027.9043109417,6390.6351962417,4362.43547172773
126.564771774772,-1607.87974229991,-4105.14740545879,6754.61882321358
1274.74356613834,-45.5417173622298,-6890.1739230182,-4133.5129839959
-836.224454639014,1365.97674418605,-7625.37462323069,-802.849600397424
1571.34698073785,-1160.68807430075,6809.91827395186,4468.91445923143
346.594471657799,-990.962371089032,-6806.54413084208,-4307.60694529636
-1118.20592812931,-1523.42674797844,4735.04272914452,-7069.75662858846
-170.223454815986,-914.320299202306,-3560.34694160422,7140.17415641803
181.575062561035,-1576.94755495381,-6732.19144295883,5674.31845533778
6459.27003604431,-6671.59243716602,NaN,NaN
298.191741895072,1806.87631261852,-5084.86035931268,6750.15717534339
1639.66478982388,-493.718791611074,-7352.98845446918,-3309.23922755521
-1469.44804529345,-525.51526570298,-6252.10752578647,6648.09028603223
-1007.42482390429,-1230.72673723148,1496.34589230705,-8499.9227913021
-963.482138470207,-100.557637065003,6933.61118269592,-1283.91095184394
-1039.19669945448,-35.4676208496094,7021.54070205774,5342.91473252974
-7163.72224543152,-3981.59970495629,NaN,NaN
1747.85288216755,-209.641634699429,-5933.98903374895,6026.54136562343
-181.635851912303,-1803.59958443512,6916.25986276244,-4290.21006450279
-1598.53697029799,-603.184204460756,1796.34683822117,-8517.90403398695
467.55760494529,-1746.16174979832,6154.91416609682,5576.92914140496
-252.120986901169,-650.901185570694,-2451.87197598219,7777.17360619838
1499.68785421781,-1553.68897244186,-7702.61450206104,-3622.34210082522
815.157460387324,855.839297293111,-6826.90136524731,-3662.17914125323
-277.161407470703,568.539817554972,6804.93928449089,-3835.24812997018
1530.13464410167,-24.7139892578125,2744.01537582555,6780.01361048377
-902.165241538611,-1873.75500931532,-3214.19623727111,7199.03387959286
929.6315750148,-585.754642959515,-3869.83365781342,7303.4935235375
-1.05545081291999,-1352.7293268084,-5057.06500121414,6359.11735088378
-2038.32604814957,990.931584443739,7761.83767616061,2230.8642009254
1036.24971271473,833.787811791534,-3789.00151922171,7574.4883017392
-1239.97744807403,-1302.41783101835,3751.17214636795,-7810.7739331571
-2218.8819457984,579,5872.42304604728,5928.6429106247
222.172114233276,946.921566513975,6556.06338983314,4804.82352563814
-728.593872070312,-906.093311619523,6581.98456670415,4166.24998410371
-3091.49247606514,7939.64026655834,NaN,NaN
-302.919482908991,813.746856122212,-6192.5532361003,5756.4148639624
520.232156855886,1980.47386737627,6417.80011173466,-5028.81136790696
-1396.9251459816,-879.362335266823,6155.15300621393,6670.71509324894
-1872.092860855,-716.729466715549,2712.14985085438,7444.44672717346
1385.1644590736,-1179.36910815309,5727.83417434851,5946.85970469809
287.994014485677,1505.42180885807,7106.90158733906,-4939.13787421786
-462.6875,-1143.93689581421,6692.49677625865,4981.81374672966
1152.58759909432,-1043.44298829746,6004.17921165477,-5910.84951259575
-219.35888671875,1859.88498419659,-7772.13721650498,1056.33157711741
-2134.34363013402,246.844585477389,6768.5245835416,4270.66440439121
-1794.98324710444,-496.267589734948,232.670737436422,-7442.27370757729
-1599.73393060493,1487.85164127521,7384.29518466161,2583.00370182129
-1281.51728243277,228.937807502213,4822.38402243634,-6665.00252702095
-506.374755859375,-1247.68996705448,7312.06163752685,-3993.3139327043
-622.547469952587,-1470.98545595047,1929.32047907015,6826.39360276041
806.787459669973,-299.348931983397,7424.72488111678,1064.59892413793
-145.174938291047,-2369.65552241637,-5669.73533586394,6207.70155506112
-1678.98913875312,615.992183397841,-6532.51852530503,-4167.40802729894
1233.25863646136,-138.792443863415,-4755.81602439268,6388.04913348391
-1709.35830176599,-1819.55817230699,-2109.52410577831,7680.24208566949
1702.40065357084,320.019617575329,-1048.97292073568,-7471.19008938707
-1000.18134278898,969.963043261563,4874.67390469858,6629.75343627481
92.3140335083008,-1488.15909619877,7208.03097937494,-2772.07625797546
-670.181005543189,-7473.33238123148,NaN,NaN
-2143.22331229046,-41.1347970522697,7050.55457580579,5200.97724287573
1438.29029835088,-1276.96045536249,-6426.71885691671,-5272.68273245212
-303.284211349487,-777.736846311593,6501.74638044424,-4019.85502180995
740.333140577795,1.51953125,-6990.16209394929,-3522.42783764854
-1168.93345347945,-479.604605661156,-3406.74381142687,-6733.77808083939
1461.23200960809,266.884723801467,-5770.44665731778,-6306.29687531229
1758.74902232777,-954.927637973074,6732.7630460389,4057.60779996604
7573.76482111727,1729.57334152334,NaN,NaN
703.871456484251,-405.21044300703,4275.86842287847,-6641.72425907841
-1434.21945269281,586.52210095285,6299.66364536367,5215.59706731554
887.710691553087,-72.9243408111954,-6386.73552553094,4863.72655124928
-1457.89228549497,61.7358551939091,7686.66110112685,4093.49659405623
2014.9002293578,-942.152288665894,-8336,-2223
-373.879534494212,770.215165674686,3555.67957883259,-7784.4302212122
-583.026604829363,-1709.51309576465,-5705.67957320576,6873.60951074484
1192.21642867738,1204.26308374759,4614.64415393144,-6891.15236114059
-455.216007541416,1141.8825111831,-5931.09657849645,-5806.39334232836
1093.2052052405,1499.62656297001,-3736.5863767685,6971.75309086755
1319.15640543581,-133.196665602515,-2608.44866020472,7380.38333445563
379.576994434137,510.572401742301,602.579329053947,7129.18167132664
24.381703194628,-1043.22905394027,7106.98280438042,3485.41189683052
-1382.26923185786,-588.392104842003,4231.03200492353,6895.56956650774
-1397.9196347845,1264.23892405063,-6781.79012208873,-5398.21646732158
-362.293418323237,912.63995215311,5797.29518883251,5885.70183128165
1498.1276182307,236.631746788592,-6489.1633891306,-4245.85030903344
-926.55215877119,-1628.63174099446,3856.92201103651,-7730.90029050945
-2013.3657642205,796.980323728865,6325.62711680666,4429.69440408051
-1512.31275724489,1023.99580214719,5112.85368788851,-6170.4762955087
-493.188028443439,-1082.06201267663,7579.48679706141,1873.9606231539
391.573638916016,353.078179383991,-6967.05368565802,-3938.31100694038
-4131.06407220748,6499.76509524265,NaN,NaN
-1213.30646780471,-427.487443147703,-6858.49147736372,-4362.66845182756
533.126936266521,-1551.9944616237,-4985.02444564437,6526.78351759034
-114.414861671934,1074.7206284879,4596.97759591172,6785.46238507034
1030.34310964161,-1380.53490228271,-6821.51314870838,3187.38153516329
-1126.7801504466,-1483.94957321915,-2860.85181192609,7430.16095308989
729.075108986729,-1049.53737119165,-6165.91406370804,-4653.54388617746
1752.06828596734,-239.01708984375,-6448.24087493102,-5887.78855454109
-184.510625646505,944.398363330696,3706.0748476666,6636.76713853553
2129.91297048452,-770.189978875709,-6327.90841167328,-4416.93451156504
-1077.53745982943,1693.42954224385,6691.6945808329,-1530.67779097678
1413.05331499691,-112.724354332695,5391.49634019161,6111.66337813926
-1341.11824532234,-677.907843482319,2068.13385853036,-7468.63943561038
-1151.76932246767,-38.8649991353353,1707.6966590622,-7505.31577752366
-62.9644552011052,-1758.0761045391,6891.28663371756,-6133.23148844564
399.327908083296,-1246.01024026249,2932.83303880467,6759.04853289512
-1881.77130445451,737.96592956926,4995.185165175,6290.66155912454
-1460.92537652127,161.897053744805,7007.9949470949,3097.7782754865
-491.055040107619,962.060837725399,8078.4422014032,1488.99021323301
1286.29990014008,-166.346455224126,-1367.87825323766,-7209.15613523753
1118.20758815812,1517.62271990095,4169.95647552056,-7547.36829811787
262.757718999335,1617.22767061011,4199.8904347344,-6348.05308804098
413.563760735689,1124.17772525099,-6797.79935671717,-3507.92516037274
-1165.66780996598,-1839.60226353576,-4121.84112752573,6273.27245122419
305.591995968181,1667.39867298023,6994.80487625036,-5467.82772446708
1228.41022770727,-1091.01006254943,5147.35051443793,6327.10246467022
930.365131578947,520.159266396712,6651.48365675646,4448.0117056725
1324.37706756592,1249.54898238662,-6759.62192846622,2025.91183551961
1833.69610618006,-1253.68045615552,-7530.95410886817,-2129.6414630555
-237.345207214355,-1670.26738434543,7278.9670884011,-3639.75773402214
-1254.62858449918,-1123.65093880163,2766.97383774958,-7440.6093647852
-1490.32784757585,-971.836118486472,3735.49202796437,7235.87723478941
742.852916231391,-948.918445442179,6901.00024143021,-1220.66400933471
1112.08240718374,-939.681297302246,5120.57222584392,-6299.33687237773
72.0502887843003,1170.96110771616,7083.17909643164,4665.58201706962
166.963311357584,843.727432868384,3770.20213746041,7360.48194031099
-1325.92253343535,-977.486658581615,-5517.63700898703,6229.57836119423
836.593801179621,1432.94814584082,2913.93095082103,-8086.5915948574
-1055.66985264742,-215.596283686927,6238.91378694571,4218.65361011406
-1026.48650397979,-141.429769889168,-847.759115331004,7670.3565819369
-1017.81962122901,-1668.79517253914,-6264.44956502642,6133.04145127269
863.507233927957,-1082.13417188256,-6376.00244188266,6132.99571175817
585.353989878638,-1229.91207039911,4335.46666755833,6739.7014195882
1020.45213940048,-1669.24093059937,5558.05479549874,6003.66158077482
-3620.98396402376,7073.19851683537,NaN,NaN
469.792152990651,1107.69708548899,3807.58438794216,-7276.80414164847
7510.52397012432,4388.85887108805,NaN,NaN
499.513575962612,1757.94230315817,-7212.68564388471,5464.83924637389
-399.288402978359,1086.62773343576,-7170.15230627809,-4180.63177596703
-895.960486807208,613.88901732568,-4375.05780975648,6534.17621064996
-219.481245592384,1381.11440955534,5403.78394939434,-6665.42108882451
698.939986354125,-1187.72309476161,7374.86451138643,1917.32895089895
-683.876062639961,778.158010531417,-6529.31459734907,6133.22161214953
-1722.05927733,991.129782350271,8361.21110705934,763.651717302209
347.767575021517,1068.06291524609,683.492032489015,-8006.52812982464
-1522.67464643034,-1510.66210359408,5947.93446741351,-5637.23917919781
965.324928977273,-112.635101789019,6213.52978300533,4796.2227291566
1046.93443690798,1001.35948429189,4288.01755176208,-6955.62409988469
-1845.09342896756,536.60732460022,6755.11499472919,4262.72324502494
1284.74773465693,1097.25266640567,-4619.55225588407,6664.00960217294
-1867.22405769505,-1803.03758660161,2781.5381195046,6909.9871943222
-411.571744384559,-1522.32404804677,6465.77003219098,4819.39154618051
-1910.31513182977,1082.58372980404,7701.95442737623,4128.26514874542
2141.94984022423,-855.714760141274,-7115.07111620029,-3865.41955281364
-1385.76966091549,-143.281411193762,4616.07271284532,6376.74880029438
-1735,401,5674.51038193569,5723.0581479392
118.686420474991,1390.0193237967,-2552.27140452965,-7158.19218555764
-1869.77709462691,787.427517055458,-7449.23092667081,-3373.04584103238
-364.44750392046,880.330972106763,-4184.69387847874,6588.34971263318
1155.76590953799,1528.57838972075,-4839.73292892221,6484.94651152233
-358.119601786462,-987.789274482184,7493.78938669259,2454.88837485579
1848.28128436358,-427.79241329222,-5230.71894578755,-6386.79367614425
-1044.89760968025,-862.833472479891,-5584.03177579079,6106.98029081382
848.582885605133,1236.46989205141,-4449.63934186012,-7539.95430749458
1522.08624953688,901.147420241646,-5928.17022556402,6859.11761714797
1334.76197278822,-37.0484494307615,5956.28800616127,-6751.73604271808
364.948669433594,1156.28122517654,-7727.98700238136,-3096.20196662602
1642,-1608,-6638.63235533289,-5180.67073270509
-1090.97356485568,-366.348143761474,3760.32105791292,-6698.52226928859
2715.14184065565,-7319.18391727244,NaN,NaN
421.56388268104,1824.5739541896,4117.86424027468,-6320.75684806401
-920.833947711739,1139.39803113435,4992.89980656653,-6374.90333891953
1999.53080432216,-613.835890774522,-6713.84226952591,-5623.84910481179
-141.649094050494,2008.86314808239,5966.73436084687,-6812.02169015335
912.930604839491,-1072.94563253201,-7591.22435330419,-2655.70848329465
863.515141494147,351.330310688883,6750.26120744928,5266.21584693314
1702.69459245283,228.93280274906,6727.97183999229,6448.52221474194
1134.47416114639,-1158.73370995705,6722.59519336345,-3335.17916232733
1300.50113803215,240.060546875,4946.31169869316,-6779.77986681831
829.943249251343,722.797326276307,-8015.05627589671,-3239.86915714124
1155.58535860314,267.984041764478,5020.27832591712,-6679.10855954677
346.906381952371,-1379.55696610217,5049.41497060355,6301.06301736535
-1108.0591389722,-565.308047127094,3671.53725818284,-7199.84368725422
-1234.42327213937,-1175.10007230021,3746.49380403202,-7365.42928579652
-155.731339145714,-1341.94188195306,-6623.52613897192,-6658.18501048146
167.288131153912,1127.43967669757,6268.95956801945,5142.35074447587
-615.483745123537,418.544951923077,-7021.51737077339,1009.09734315872
-971.399213282069,-499.421697871159,5825.96406222204,5580.0786130858
1438.00671862273,-210.943701562038,-6866.23816360055,-5401.07593126202
-1486.53717476389,913.047136542437,5841.90726668493,6900.97877270133
1526.37969678843,1281.65363254007,4012.53966204038,-6553.00275980811
-1197.56393570482,-286.973755637552,1405.52471402096,-8159.73945146727
2140.82814492136,-996.989911793554,-6469.82257488294,-4459.30744617294
1019.26696019579,-784.941704612221,5091.96903260433,7350.5857572937
1953.17392900809,957.356999109099,-3792.06321455049,-7128.02805394449
-305.159697496073,1097.0408218808,-6265.81930135872,6113.72250599574
-800.229843451052,-1124.22917065301,7673.598394608,-1147.5182017186
-846.037878225138,-71.1065864039353,3336.7257397907,-7131.98685893262
1152.90990316164,809.600953189943,-418.92798212169,7566.04361139476
538.141703317764,-1904.91049971636,-5764.4876865854,6841.4525427833
585.706671372899,1808.64714441195,-4459.58067761419,6550.03325116819
769.47127083577,-264.343627376651,5083.59806049204,-7170.54517031864
-724.882599331742,987.692249810518,7255.75772618531,3550.61517324809
-738.878545306803,-585.186631866764,-4454.27552886273,6458.547581714
789.811320754717,-715.957462415783,4117.46888452241,-6209.79698546154
-1544.07320031811,481.736465601529,-6515.03179611768,-5041.04796848712
-421.177426275346,-842.132620051287,-2292.59687179683,7552.67683300464
935.659972016452,-1174.27074703497,7565.32662509273,4236.92503064621
1127.55827728955,1695.38013401588,3229.40256125156,-7074.34239771951
1188.52392531683,-513.300242731488,-6904.8306007199,-3812.11057041254
-1213.6232049453,-458.690961747796,6473.59205190027,5313.992227658
-826.849155345518,500.650451660156,3877.88400862446,-7478.20304631579
1192.60819137969,-1791.37219029642,7213.33486730076,-690.119407247099
620.313157022998,-795.688222099151,-3993.19568126691,7590.08647838484
-720.293343515552,-1395.05960584473,-3449.7117522529,7951.73411757298
1134.2707447243,-1046.71217572829,-7470.12384845495,488.619619826274
554.026066139887,1629.87921396116,6006.35799061214,-6198.4494174919
-676.830388329271,1396.82566745283,-6704.92806894402,5826.23259334882
-1270.91882784861,-875.639625720699,3258.97966511011,-8196.78207815225
-640.148645032843,1905.66548540277,-6491.1915306429,-4882.45581573066
-3985.94241680315,6260.22211173781,NaN,NaN
-1287.11880249074,784.056951418682,7091.27000577475,3554.02892172864
1541.15307129587,170.579521119057,6670.30070788769,3843.00211734563
148.01745049381,-1626.93187139882,6788.40611945516,-5730.31613494096
139.254146535773,1562.77446081994,3855.19388522807,-7732.13314801403
-1879.78416147794,-403.054717936972,6324.5997551098,-5640.32835424524
-138.475715970283,-945.310527079814,-1821.77950006067,7374.23573807524
-213.42205661815,-1078.31803196605,-7589.72412252807,-356.448489818739
-722.619958971608,1579.7419931592,-6227.79193013619,-4537.24906617061
1431.10541815808,-1166.02988192708,-7589.96975266145,1093.90820787624
1252.1544426306,-391.826367386167,650.350704637045,-7548.75438967721
-528.278531264298,-1281.46816829235,6538.30904713421,5391.78584706969
444.697776794434,770.329688899624,-6983.61412620196,-5167.73445572787
917.147829790287,-1112.65338329437,6088.13165282269,7100.99268763915
2102.91554826313,-275.293921602689,-6009.00294860349,-6234.60599651843
-705.446104179308,-116.716459603183,-6876.3370817181,-3316.43778465661
1027.59271077726,-1414.86470024957,7727.34074516567,-69.8501180817173
1244.92006878397,-478.001824817518,194.337108714135,7505.56294121249
-540.643837199492,856.486344394844,-6590.81085137187,-6228.24086712521
324.510377933222,-1616.67778505887,-4700.98058261235,6658.76225126131
-214.2633203594,1292.20300440041,-5852.37504655138,-7107.24334930956
848.225182753343,1775.53225308087,5804,-7019
-1774.21522585616,886.040624278741,6389.69395089263,4831.46674919886
-391.278092920277,-1485.82778472727,-4383.63939554496,6451.64698676872
128.393829995013,-662.963447635069,-4587.90073579615,6326.36942038943
1303.63677238272,-327.364360103687,-6684.00035060259,2628.402813507
-1482.26561252013,209.753923601369,-6915,-3559
1360.32926921579,-622.715881347656,94.1776041859969,7447.53194503044
1200.56587619469,-1147.16829532097,-6374.95530329584,-5273.09038839072
-681.561406355308,418.71875,3876.46693519342,-6906.99469781082
69.1302352184064,1428.31621569901,6261.41728031352,4734.23376630015
670.347554343015,-1188.26635213418,-7789.57194336903,-1240.33398236872
1486.04745512526,549.790367359634,3940.23715382765,7057.26078919385
1776.70154054808,-191.144682025403,-7170.06969775774,-4778.42701873189
207.810255115615,-535.360443115234,-3774.91599462623,6505.32550043433
-684.727672614037,1795.11273722318,6897.28044764526,-2940.51535599828
1883.99837796982,-1426.91093360241,-8141.54158044849,-2421.84054948335
-265.030941563268,-1205.41487914675,-7403.09655423957,294.237664863245
14.9649763336294,928.776289603453,7070.83708938015,3406.58002455118
-4298.34115202936,6992.13689649092,NaN,NaN
1247.7507019043,1181.51037983541,6772.69357997689,-2384.31496196172
-1450.62332819854,-884.931848769337,6495.82571092486,-5814.62637880682
-1312.26118542435,-95.9449879199783,6600.14780920868,4431.8336547723
1445.80096176633,186.42351164482,-6499.63634655277,5084.27493661554
-913.649880454449,-116.701142985226,6662.06635823903,4269.5278080282
-1372.05682334979,686.234858652992,-4766.63939897463,-7112.60971218804
-1224.70388877067,-251.76429214872,-6540.65028276435,-5429.21609218817
-890.548511116368,-1516.6007757021,5275.52005784319,-6368.3986719843
-754.050799581378,-347.01300621167,-3088.93094031001,7127.42921908239
-1265,663,7640.23284443666,980.171526333536
9.17437386007741,1042.83519509635,-1376.46870525935,7635.17878261547
2261,-1105,-7049.78802358445,-3187.29679575779
1832.81180449734,-673.073177304557,-6335.24498806642,-4173.24710583025
-1182.73372974303,-1890.21495097226,-3638.00245301844,7052.65743732136
-1219.42220114307,1107.57064819336,6654.79880226263,4128.04048693607
-905.754454758588,-966.08231286426,-3616.3879413142,7435.32164212936
796.460712701502,945.858052740042,3019.14479767011,6545.33980891422
672.790703977795,-539.864909038912,6857.91254272079,-2578.68047332114
2615.26203332855,-7577.81552497959,NaN,NaN
980.986025637554,2019.06319712882,5988.66587951388,-7075.47367248597
31.5263846935098,-1003.81580810547,4859.60062980886,7286.97540673316
1372.90843160959,-826.666958298071,5995.51625523546,5732.76991423388
581.069489711167,-1156.79150183726,4503.40546842342,-6868.44942683655
-632.391054539804,1415.1263936726,7354.81854006772,7.08511434276738
-1271.67609150432,196.876939110134,-6136.45362076014,-4674.13345979387
-1886.75568164996,-1245.25573857102,3319.45440630294,7349.6567943672
-93.5933014354067,526.276518485915,5302.96537022567,-6508.16245673495
3772.54377418305,-6835.27853124952,NaN,NaN
-1941.7290825447,1915.36420874485,7518.73452176869,-860.277525436047
-1688.86094011253,1018.93208888457,8058.85081777737,-136.387266207672
2103.09387979628,-605.452574932722,-7625.37382288356,-4264.40227741108
-1179.26229330179,396.698766196646,5535.30817266259,7274.9029585807
677.488591619788,481.316544310113,6938.07210086631,5090.37030705611
-110.3125,-1389.99541284404,7454.00463032271,-1506.17669775595
138.333858685286,-1365.29691150701,7555.82380799129,693.030863205359
-1655.22387372378,1167.4329662323,6851.96091478492,-1968.91216364698
-900.675436801242,934.286641263716,-7057.6224735145,-3472.28352375051
-1629.72542915612,90.3461801478437,6347.80365241962,-5913.57540783996
427.07460581108,-1165.55882389973,-7023.76103968782,4476.2771268472
615.114742931307,1735.47455060926,4216.21634324176,-7156.91403138077
756.645544635171,-1081.55618078732,-4747.06107212776,6843.49456274886
-712.324360661869,1536.54406993394,-6294.60629709261,-5369.68975866305
946.188684077278,69.3926343500517,7328.98214522918,-312.524953139644
-994.201451281504,309.136616690621,-6554.4488509413,-4282.70878886407
1181.78708542919,-240.770934466019,-7761.42988154252,-2079.87720090446
-1439.56993233458,-1269.92947279047,4121.63102729323,-6947.24330523981
-1444.83867556401,-1169.07836415327,4399.11491404298,-6788.1380434712
570.636202185792,1957.33088872674,4648.5524739151,-6879.09777679857
-1614.57806636317,171.6796875,5641.19056882675,-5930.29959019742
1260.01144128602,513.336488021371,3539.59518706232,6669.98674447428
1379.37105081889,-1303.50075254822,-6333.17647239581,-5714.58747240686
-255.200302975111,-1078.1335925654,7228.61477405643,3186.74072440831
-208.861797624597,-1725.48127222773,7105.62933275488,-5732.73575817926
-1533.89853791964,25.4125016566306,7041.20785593171,5194.80655188878
905.372477152261,1015.82359726446,4170.0795326596,-6964.52907223324
1028.39501877413,-1263.46992381294,-7078.08572248186,5023.2442254931
-645.138679790822,-1519.74663465764,6870.34499397386,-6112.90133603251
-1104.281247138,-819.498066741129,7114.54326209402,-4158.47331695557
1239.71685440881,-463.558926127358,6271.93098621556,4357.28127678461
1589.11692666681,-96.7018760279605,-2730.83030700684,-6920.24117544049
949.36389050183,-1107.47476048282,5990.22663844238,5215.5386589438
1878.66999122483,-586.087487509084,-6271.16315418881,-5508.09928188622
-118.161814869438,1119.33563050817,-2546.75702866525,-6891.97704428975
1597.09621416798,1509.90645566338,274.639430325221,-8075.0280743846
867.093837001867,1350.51568680483,6807.03672737059,-6506.24255901793
1810.162010764,-1243.93097830025,-7643.57472141764,808.499362244898
932.052918376514,-15.220766451243,1328.95912794534,-7958.61127627137
-782.243932277424,-1129.6664913443,3561.33732659284,-7796.32022845753
-1054.79648071304,165.260482788086,7721.57154491346,1631.58364416975
-1173.66243997245,1210.99945549592,4508.28509996056,-6144.59821456386
1015.09013206707,1256.16273510132,-4229.7339167075,7037.12035553259
-3126.30587340489,8173.99241607681,NaN,NaN
7288.55445495417,-2907.06188153292,NaN,NaN
-1178.08937982682,-819.455102272319,7795.32702086652,-892.887366323464
-97.7929181446527,900.363931151249,-7684.02490771011,-1850.8889475149
-1152.54075120479,-1052.44760888294,6496.87778189823,-4007.09539086708
-1213.92812207064,428.266248460488,6512.09521775747,4366.85204902686
183.96864284601,1170.54466990642,-4339.18134657014,6332.39220684901
-772.324714622631,1370.08630422408,-7193.77724342618,-2952.33786388966
-775.468282621201,-1852.03654567283,4113.0183919601,-6438.20709335109
311.717825129247,-1717.42651851501,8185.71628373156,176.16682599217
-370.465423967723,1371.80421147743,-8212.09964031852,-3064.65016312607
174.123925734938,868.846855916122,4095.45619159793,-7457.28729320873
421.96413634464,-1350.21271128013,6724.91323316099,5771.89395833319
-1074.82240932705,-890.650539364688,-4209.60096015157,6496.92977131821
-132.136873481989,1505.79636533741,-6190.0402652885,7009.41848143679
-1376.87229499207,-40.8705605176819,8007.83159401598,3004.04413816061
-3491.60940358884,8110.07603242126,NaN,NaN
-194.609248283413,1114.21830390895,8186.53931935037,398.167825724596
1235.02479410441,345.136947133922,6988.82990933527,5710.19612870631
-5146.88877722061,7027.62678111575,NaN,NaN
1134.01707301855,1610.92488448787,4745.97875743486,-6697.95637702693
303.357058876439,-1487.19452618994,-4938.12536311596,6379.3367019197
-1431.37643066642,554.407038355959,6369.12063153763,4006.42116826986
-65.1781875401327,678.98015955259,4328.87172300056,-6207.62999088303
-1529.98438155985,378.236582367996,6762.84923425962,-3594.37004506687
-304.263586956522,-713.169288204973,581.874745213448,-8048.25635144841
-1905.54953488551,682.305777021718,6685.2835302613,5319.76680107931
620.826848837046,1105.87902872186,5532.31617160139,6493.74776184851
-231.007859537413,1046.66461620497,7330.08643569215,2723.73614173641
1394.08854298409,-1320.0150922508,7492.37106730465,2664.7787185278
-1732.34044040656,-583.623742540976,6500.87798747351,-5248.51580253485
-941.540155558153,-659.736240543628,6464.08456744229,4965.95406190198
-906.415360715816,1783.10098944536,7270.85846404279,-505.39850809488
-990.911507616227,1181.04935447674,-7846.54449425744,-1547.37261641242
