complex_small_real,complex_small_imag,complex_large_real,complex_large_imag
2857.10439383229,-1379.76427279821,7757.7220444509,1680.43520414851
1264.13590016085,2904.26196845076,-818.253617179643,7816.34402689432
3339.1418693828,-1427.98510187938,7536.42331561844,1648.12453184319
-4158,-6157,3274.02366016415,2751.03280514477
5548.692601025,2693.10667772882,2726.44157304009,3661.15818563627
-2742.69664748212,3128.96321703489,6512.01785447275,4796.76567698517
-2862.7151372901,1112.45597767008,7067.8321972075,-3733.6803726119
1564.43288511972,-2787.35903152729,4353.16260381261,6670.00972642177
-3266.42047862648,-1544.84796218348,4067.6370078291,-6582.33271485793
-1576.40376752448,-3169.10899951666,-2744.95830945458,7338.96073149275
3795.89577531871,-565.102134507777,-6688.69278233569,-4289.95687301435
-3095.89063991516,1039.46911080504,-6920.71562059713,-4356.39272893951
-1752.30684217747,-3164.5984770927,4404.33867528472,-6689.37073689543
-2387.65202626536,2523.95240798601,-3525.91123269537,6799.0435693376
-3735.89383273178,-895.48956835532,-6508.16037419383,-6569.59365183526
-627.365240743627,3337.78676203724,-5480.23910107889,-6411.13033038379
-1219.34548651766,-3062.54602226204,4018.30656029808,-6216.97798650164
-1917.05054721088,476.687911369897,-7192.24690231007,-2841.97473189815
-1074.59790344058,-3232.00925935981,-3525.52041417679,6957.44943632291
2874.58762015207,2930.56437079888,-4482.25222069974,6410.48668365726
-3228.60565559428,-2187.58949036538,3338.78046051738,7340.50696952751
5205.51720407856,6089.09881201981,1837.01847355939,-4132.37834577368
3496.33364690249,-2627.84077400666,-3140.89701044222,7549.16260536089
242.586708068848,-2944.0812750387,-7118.25564079422,-3263.53618935613
-2897.2703543183,2225.20897105824,-262.809542091176,-7520.17458389365
1509.52405953973,2295.0829330298,267.742842551444,-7508.88025987882
3036.90040124673,-555.971101726755,7327.03362119882,-1712.02736354948
-5808.86661791322,-1842.30924244424,1041.86565003837,-4504.00969898566
-643.857643127441,3940.81534679637,7466.49870576137,-2264.42872211353
-2734.45750964632,-2622.12692607617,-6306.32993948545,6497.4708959084
-3639.99289245469,-633.004766228545,2594.01509193964,-7541.86763598625
-3075.13625737764,-1573.91338760637,6828.7765432606,-5115.49327990954
-3413.05205779302,611.021650581838,4957.44886516492,6463.25003982467
2749.39293682538,-279.09512479188,-6531.29640619731,-3944.57940401546
1023.83569692264,2671.46831148057,-4115.44267809195,6812.9415416151
3362.68438454491,1930.2263622568,1406.17846153846,7279.81592811466
2848.81520293988,-322.959746129304,7567.05415323186,2030.28999072068
3169.1104219458,999.523157480413,6563.65805155674,-4855.32026905279
-3271.24883872153,41.1625586518211,7725.75340787128,340.034850035105
-2945.09406768762,1490.43137438035,-7787.36164818188,-1.49279135607708
3494.40806390106,1816.40049984392,-1525.54718679405,-7060.3225894148
6444.43152624419,505.232311678107,-160.796875,4635.01430281769
2788.26937901499,-1936.41770833333,-6010,-5205
-2201.63283988249,365.817431640625,7215.04204514215,1826.27505615497
-2249.05223375087,388.656886245265,-6937.35596715708,4040.65140611296
-2300.73857308085,-1245.18065529815,7416.81963167796,2920.22931643285
-2916.33193926008,1198.3386130137,-6967.99677486395,-3654.66200979941
1761.16423520624,3574.93430503697,4625.21145017052,-6773.1419273088
1148.73248836093,2747.76752800617,-308.47241013584,7812.24618718894
927.071865443425,2824.05410097774,693.011025685329,-7842.20608356989
521.425547700002,2941.94589454681,3945.34979443731,7058.11611044887
6197.61516811004,3064.67372671931,-3258.40938982761,2672.54271767295
-1752.26362831997,-3220.27623084911,-6804.23583246172,6544.25360093529
-2412.32105991249,-3612.68198866032,7117.74616015303,-2881.59141711377
2874,2714,6979.55345859344,-1586.91389077264
-81.3344763363108,-2890.03721750758,6559.09477006596,3452.36788885927
2310.07736822878,1712.84823338096,-222.281876455941,-7902.69497856144
2924.15022691923,1239.03424888659,7328.32874336146,-1274.92465520736
2965.57296378467,-2233.37403193383,-2085.82643312457,-7266.06320180876
1385,-2774,-3410.20722399061,7057.02027084632
-2991.03489764191,-2800.53317197671,-8024.8853584906,-602.826621416097
447.528160095215,-4141.72047459391,-6989.39674997067,2770.51590480549
3772.80477926429,-1464.07024659942,-7078.41932139704,-4158.13264530012
-3003.75940588347,55.9250486220992,-7291.69635445772,1938.62175060269
-2689.08198022743,715.693812779018,-3152.55751141242,6913.51463347254
2156.79074462666,2662.52041072824,3589.66853502891,-6691.12325453829
3589.91145598571,-941.768008067476,-5406.67551113329,-6526.33649056839
-2514.98558674176,-3376.0621610274,7117.99471734946,-1380.80057185692
447.074627092972,3384.71180823511,-7426.53071522369,-2302.43246648639
-3603.40456239384,-3085.40445678766,528.10852288922,-7837.51249808886
-2767.96122574283,2959.95770247515,3821.88874053955,7182.7195615209
1102.60238134983,3900.04300953328,-2964.58936677886,7067.82077876486
-2324.54103242681,-2518.5763430563,6314.60074754022,4937.7111094492
3009.46796527846,-2314.69936658909,7671.85815048841,737.535383852971
1073.00411117071,-2593.25469443335,-5814.2471682797,-5820.71740119855
-2251.50347331139,2451.42282157086,-5590.99222241401,-5987.87117963871
-1315.52940631549,2972.91137248379,-7240.63298444416,2724.41814749754
2193.94022890999,2272.63395894029,6046.77574232906,6452.04234847359
-2895.67108806133,-260.981715707278,-7708.26987367773,-2670.43592821441
-2006.73653009802,-3507.64442184418,-1399.96265590742,7807.49212304018
1808.42263388401,-3569.37692384904,7009.61664616294,-1599.58729583538
-1794.04462285694,-3065.77608802144,-4610.65155281326,6802.90576350706
-3711.22380761377,313.994375068652,6401.70799855832,5755.30388586835
3049.26301421703,-1435.02837529777,-7213.30393448055,-3865.69691263385
-2257.02034165176,-741.877455827548,7222.14319130045,3202.11657296494
486.659546669908,-2524.00782065785,2068.73575640354,-7291.05582382851
3168.07995336034,-1336.88832635678,4853.42470176019,6563.24731125971
2141.48344747646,-1860.84878458009,-5454.53752562402,6626.43163224426
-2776.65513241192,2731.93092610287,-6806.56159852744,-5719.83119168009
505.246360778809,3179.5315871712,906.323652527249,-8010.91587959454
3281.80653418658,454.210667228777,6266.6253773482,-6054.02375780992
-849.716367713004,-2780.61173107863,969.033656364404,7045.42504462819
-3107.00178358873,2766.28744933426,-5572.62256856059,-6247.80255289377
-6782.03071070324,4223.86432131115,-2118.74912544149,2847.84490204349
3083.4431944174,2236.88786747465,-2323.26979622295,7708.75509110543
-93.8540344238281,-3160.42852617652,-5176.95989045937,6404.89625378388
-2812.19768525502,-2703.22677587101,-4485.79426915427,6033.69796262556
-3100.92780839544,1502.73179122098,6781.53969174975,3693.43733047541
-2565.78504416823,1421.30094405863,7331.55335001415,2949.66196006504
2250.77671275817,3518.52354681091,-7175.49612776259,1688.66873350551
-2872.58104216453,-542.178064056972,-7697.63082071025,-154.689794593236
-337.996233410997,3043.46540941328,6387.23241921452,4930.42110218138
-1070.02564969014,-3081.15220926963,6980.36408624086,-4591.63060079556
-3825.62980011723,2286.09722506746,4796.39462155549,6932.46019544646
-3087.42645274332,1559.56543155545,2995.69004101276,-7304.89259234643
-1905.819360373,-7047.63673880462,2843.30313456615,2740.14190333007
-3436.60447196055,-268.170883131642,6714.19745952947,-5452.48218903187
2720.65405630565,1614.17809544706,-7906.22134967541,144.026549819121
-524.545866226635,1734.49980797679,1599.78727758372,-7656.29900964488
-3031.29478953613,1752.02888344175,143.074906629805,-7848.50682088484
-2365.86829826509,-2549.23328528015,-7878.31628000323,-1792.9019290659
-2386.46731451276,-2237.43995022293,-3819.80862256303,6934.51243156483
-1639.9773458646,-3311.41889249605,7440.3208709719,2542.49943735005
-2750.47584591867,-3450.20177196719,7010.02131073807,-5976.18855443248
3071.27731718986,-1646.53696202247,7790.27451332756,1236.14619353375
990.500193427785,-5815.53836133433,4598.14113910718,-1415.29455145939
2219.65123580097,-2780.53227093543,6437.85991966491,4576.54850981783
1447.39397489108,2144.28035837149,-7499.20839241776,-1873.83541996722
980.548842369756,-2718.80720556438,4133.12007605148,7119.3030980777
-3182.89892728524,2706.7377153502,7929.76120440715,607.471333108271
3351.66365274972,-2090.8924797569,-7657.66070165266,-1027.01030366264
-3211.29797604359,2836.5662088432,7119.52752357628,3382.08133910688
3050.24187438615,-3172.64329433524,-7700.00217942634,-216.786567064966
1303.24328081557,2435.69202026678,-6280.34026270993,-5370.61830431315
765.487572261265,3406.92019716765,-41.632394379551,-7749.57245824437
-516.053298950195,-3071.08732739211,-4661.1949798713,6353.85533849301
975.205172172501,3190.90501992135,3742.20103191564,-6290.59179294821
430.48766770288,21.5519622093023,-7324.93470140063,-2452.11095145482
2754.11777995601,385.310399058638,7203.07055836417,-3822.62690528434
-2111.02567019864,3459.43505624867,-8171.31050517106,259.335785157069
1434.62957724995,-3031.44534268128,6520.22201749975,5549.04765407192
721.030439977557,4127.14740685052,6625.38651663297,-5582.28526439137
3399.36798312378,-2048.32374704917,7505.63797142589,3534.43527250379
853.984447949857,3304.5636640074,-2908.74547294327,7422.32691885027
-2001.19471480828,2821.40943602588,-6028.86100983609,-6310.29297816814
-2180.61883783432,785.778175694349,6840.76760323516,-3167.68607334313
1893.47073843242,2897.04828333357,2689.30489382295,-7451.17858835674
-2980.08291239846,-2059.33486494558,-6687.39082507261,5774.97980157195
2618.08472702211,-462.389237464229,6556.31635815531,3808.42112012848
2336.20993052304,2673.24954913257,-4933.61516415257,6349.41853160942
659.823640862023,-6818.01159455849,4188.86645928237,1843.89274181426
2898.37336178348,-1586.89305617415,7160.95664901993,-3224.40204169714
-2888.48549096362,2024.84052074701,-7137.90115223285,-3303.68197626239
2652.92011874906,1652.39947165398,3619.29865209098,7374.99108935845
-3204.40930967594,-2747.44884040709,1969.39649994022,-7646.91849852951
77.3639689700704,3624.45169082126,-7300.15256037592,-3271.65579569283
-2662.3357294881,1071.91913448434,6944.29193467043,-5242.91273280793
-2824.35780897505,3522.86402286016,7338.3279140527,-2158.07445121951
1563.4257585598,-3396.84321807741,-7880.57762676688,-877.926888171735
-704.037244663117,4359.77339926216,-7951.67565153706,-135.706896839513
511.889516046374,-3383.53990315298,7542.50695055167,-323.51103342457
1794.32843315831,-2944.64077179517,6879.01443640567,3184.95131778102
-2856.60927742154,1858.70703560287,-6301.8530408202,-5070.05960618303
3134.08511424928,669.184433663137,-7326.97841448576,895.093932400579
3048.38794380984,1598.4582649349,5045.976668163,-6352.00903584999
919,2797,2.85633764640835,-7541.36247492831
-6135.50827328818,-2001.96713441254,3744.18407831601,2234.68032319401
2995.9817678671,1713.51884457855,-7896.32476732567,-11.2050874500009
-2973.52825760813,1997.42268736388,-8016.08833566243,-414.670822951008
-3638.05906427444,317.161681715576,6316.11987512174,5763.95109594013
-550.084376700075,2829.78547897883,4844.63096992591,6477.46342249414
-1828.3930783544,-2427.08445817622,-4245.05832034249,6348.2898162215
-2698.5082002154,-2864.0323761512,-2812.48191908625,7501.73439170031
-1979.38579639009,-3655.30281171868,-3349.10250134976,6751.12869622203
-3345.00654513436,-628.083923339844,3511.79513272625,-7094.75789437137
1555.75195348525,3258.25110204084,-445.844014813628,-7874.30623579149
2099.1864837515,3327.29764163856,-2808.83148780518,7397.38565066431
2242.90619139137,-2570.62729857282,-6471.67979388692,-5152.90397160865
-777.596441528232,-4098.0533970975,-7848.45408016836,128.512217595589
-784.453939112932,-2457.87124973764,-6159.37609919049,-3994.62947278697
2362.74963603405,-421.124288072419,-6895.10662255971,955.008838351268
-2808.01071247613,-1774.89137804392,-6663.87078899494,5898.22220693394
2657.09240906862,-1833.54917129618,7623.32456700562,-715.777937509697
2583.30672964097,-1828.14093902226,2795.26699021104,-7451.63430163792
-1651.7542689259,2191.08829181551,-3032.46391666616,7429.30620208544
-3289.44755641706,2147.96502818524,-6547.68083888665,-4279.91608865448
-523.235542545344,-2872.57302220479,6404.70310402419,4811.37606991868
2138.25931685081,-3224.55368069431,-1063.38011113097,-7485.55100429009
2232.30942965769,-2672.58923352888,6088.67840501476,6102.73851421561
-958.756666014714,2485.19353026926,6647.13280443885,5635.77615034239
3134.86805321425,993.384191025533,-3258.06094294438,7295.31641857725
-157.560812909368,-3338.7979996223,-7145.3969354389,-4052.45652971913
2237.68601519058,2779.51518029663,-7743.35857099282,-1944.57654299792
-6185.19083644183,4469.87049374515,4258.27953692999,3484.91708253234
-3399.67246444032,2567.95327963724,-6750.20947626648,-5682.78181156657
3389.14689117942,740.066720356334,3575.61592018019,-7326.29650549265
-562.335422344943,3103.4965043619,-4660.47704066488,-6531.7101579411
1417.77714270185,-2338.15069346271,-6841.50632966903,5565.15833952662
2103.71675222194,-3198.88937757061,-7230.50587682057,1668.08819311663
-1957.90749153572,2080.52689243028,-7191.45624334824,2066.05993691918
3818.893667182,-82.0281656947705,-3576.41729773514,-7099.35525875747
3370.02318110231,1883.87213513422,2842.7732445308,-7344.08165851009
-4185.33557834192,-6563.82955305295,-1668.11623330153,-4225.76556205024
-265.106136869081,3723.69316816471,-7398.25558880998,1432.34938749938
-450.5,-2934.86533953028,6438.28840834058,4718.82837371175
-846.160560196064,2035.74200239518,2851.96461300961,-7151.46603934433
-2324.68738394167,745.19139029763,-7447.3874658298,-3251.28794951173
-3585.46848162293,-1398.39524768801,-3917.35527860141,-7464.95706702033
3825.73371469368,-2285.68646304197,-7377.27526595745,-3519.83906542022
-2828.28082289344,-2254.15770795663,7747.00920815222,1095.03360646894
3610.69012621849,-1177.78306397914,-7690.27673525268,156.772004390933
3554.00179122708,-2016.83447638957,-7704,-1697
2985.13296260719,-473.367523787988,7286.99002772315,3512.59749257355
-2947.23608488394,94.5297687861272,7554.58148758508,202.875536369146
2252.66724120319,2787.45289982189,-5012.25313452179,6152.09908757673
1082.71846630287,1794.72006145203,1675.19728370229,6845.69929917191
-1886.34423722443,-2455.6622630054,1229.00255102041,7141.37185105785
30.595089914648,3282.37469247118,605.762199553432,-7659.1662898382
3301.20426254094,137.976396278454,-4576.3957416591,6580.53296266943
1016.98310999062,2550.2656559696,242.052074416456,7660.151797658
1878.68328356003,3049.05633417032,-2918.04808918965,-7305.75008979888
3381.17694713064,2140.65473265198,-4920.87977677452,6433.57568606335
6087.7214052326,5116.84472833041,-1118.77091736524,4558.73270399735
2557.58996021295,3491.41903378084,-4796.42704527528,6270.22072091894
-1526.9971174099,-2252.74278091379,331.716652930817,7344.88975809065
-833.475543478261,-1923.64499907205,4246.51099523339,6569.91475064987
3152.96397100189,-2447.82397969402,6664.06679132576,4449.58288559885
-2859.86475492166,-2193.51351921355,-1351.14353467166,-7108.01473096989
-3448.25750299578,-6671.55286543152,NaN,NaN
-2899.56809747841,-799.932885777423,-5564,6462
3723.23479610104,-540.06013287996,5372.37129704356,7182.53385064208
-2956.94304608651,32.6062053732938,6896.28739307485,3921.57042183053
-2637.95295088884,-208.243408203125,6605.94583789863,3416.19994256341
-1492.12374299771,2965.77410090234,-194.564867579632,-7532.38850247281
3082.41778726393,2588.26493089086,7620.7843560462,2983.48502719682
-2959.68159874961,-512.770823743721,7077.27735094371,3441.9659838843
-2014.56254881095,-2615.6537553406,-2960.74914443044,-7409.28405245372
-6991.43375025725,-932.521552593502,491.391964206695,-3738.43457010836
2755.09789967967,-273.104154032747,-7854,-1225
-415.728935296958,-2641.75758153733,-3667.60677186547,-6751.52639326585
802.275406086408,-1712.03865258942,-3123.67695272901,6715.28345185466
-2451.96545962699,-424.10405301647,-6024.35165429146,7061.48030938657
2483.51233616037,2724.33209830339,2456.70630660852,7167.29673490452
-1320.82009070488,-3994.08071748879,-3358.80968854656,7242.12263130753
2120.21267557596,-2908.44930159523,6360.68973720528,4369.49765787384
6285.40847206092,2057.90830741464,3751.40238825465,-2235.19461916311
-86.2438100137969,-3676.09816236393,7498.61417737984,-1301.01440888677
-1753.06637069115,-3413.14627220227,4704.91661398614,-6394.05259924765
2970.49334417536,-166.982340875073,6472.32063276555,4375.76995001235
2897.48078832821,-813.900808325119,6447.73170924815,4550.84222178335
-1421.342492855,-2184.58570900535,-7523.96353722017,-1471.71434005701
-2326.88998874804,-2528.36030003316,-6179.22621268882,6697.04373333658
3611.89247677046,1292.03534626213,-3347.6135490651,-6946.08941075654
-2696.85858887207,2151.70477471886,2677.55387899709,-7592.00621501004
-4632.33205609552,-1390.44147448144,-1887.30206286837,-6047.25827863962
-1562.04395256264,-3094.75868500907,3194.2995903057,-6617.63461849739
1830.00706079608,2772.56490726231,-405.745718574508,7963.82016702905
6668.39744123205,216.984181858368,1033.14894070153,-3674.01658881317
-3905.27218720093,1345.02510022663,7027.19461116692,4185.42490066914
2635.97818390899,-1825.31364796178,7421,-708
2798.01068428291,-2109.9153565796,-3536.11522438281,-6675.98784319364
7601.06291778916,445.988356612082,NaN,NaN
585.678527832031,2581.24015100559,-1642.47675101987,7813.68258670759
1467.43127945679,3372.68754077731,1748,-7979
-535.654045471319,-2423.22625110961,3799.34746571103,-6573.13521488312
985.378538504095,-2766.24184959175,-6098.24024914596,-6236.28436924947
-186.778058254567,-3402.32496030426,-286.838734167575,7919.29302500294
3598.16738849958,-2491.08684122448,7585.77159585871,2458.44009861343
-2495.89379806243,3644.27487655512,7354.39558881794,-2866.78620905684
2227.03919656426,-2030.86366811683,-5886.56222262579,6497.1636228609
-2393.46424756757,1600.24255371094,4937.02396172368,-5959.17468153132
1918.37735935603,-603.642913935136,-6882.28375664266,1285.73696103932
-2866.2480485214,-2636.05167468171,3730.32925499992,-6924.56709149197
-359.805449486495,5805.14796207876,-2419.64862089951,3587.94148294028
-3274.65453793903,1763.14427662722,7284.41549010937,3347.09072115568
-1185.6303184973,3547.05437122912,-5966.68361485449,-6517.12733144282
-3075.87414474494,-451.408565838425,-7086.89451922702,5069.73364224725
2040.79869987069,-3284.389020887,-7337.77461454496,3177.85725671548
1151.30501375608,-2417.85729944983,1605.23937145229,-7609.6284056806
-3662.34951260413,-959.97766969797,6471.53575983786,-5933.05830867575
4308.91699734014,-4967.42628361978,3966.46152879699,2859.60710108287
2320.06776454354,-826.233148766844,-7151.72272307587,1744.12013744813
-917.663427824382,4123.40106449283,-7899.87991625445,711.808961724959
3395.31148714793,-2738.38605666289,-7063.22366130386,3755.99083373289
3861.33613367799,-1375.97188144926,-7476.82846348489,-2910.74199691683
-3283.05281129469,-1992.54942013436,4367.61498209059,7030.43749864753
2138.54773663791,3290.2645408625,730.938217575929,-7829.61399186875
3209.41518321286,2850.71941273349,1104.74296972118,-7809.74724209243
-3637.98586373073,-275.799728531258,-1835.2899678064,7675.91511201437
-3010.11910895362,-466.268717284125,-6777.36152559094,5707.19234968822
-5610.50748043959,269.063293457031,-5121.36509401479,-1885.55403159268
-2464.36261954528,20.6134033203125,-7315.30564145819,-2663.42890549622
3066.09337772098,-1760.18674585716,2406.67541082415,6841.19216853586
-6493.54058815895,-3689.49201472233,NaN,NaN
-1589.90483094203,787.332035340314,-7234.50202627357,807.298670017594
-2298.57179021785,2675.82254766474,6781.24171374098,6262.77689675469
-2163.54209953793,2567.07218006156,4949.70553419082,7022.58553567447
-3569.94409544986,-1349.86212698013,5137.82940422653,6896.2850645264
1948.56076599056,-2754.10168858727,-6675.47465605414,-4208.13822949638
3484.46847273392,-1054.95335896253,5780.61482160126,6190.30339809565
3115.77406394749,2666.72466706243,-6768.72140227939,5347.65035022871
-3951.39055771426,1023.21385492499,6620.57843309823,3709.0277500933
3218.46184162247,-3012.59647999243,7591.20316111493,843.613074553829
-3027.09512715678,-919.697388505192,-6725.34055606344,6039.78591631965
3300.39453337542,1769.4749814948,4287.79226680538,7031.94609602578
2556,-3002,-7155.08078026902,4874.060217139
3567.65167565499,-4624.40229005311,-1603.62726643291,-2786.98478758083
1904.74229217952,-3389.16173270207,7933.50159281178,581.0775059191
13.3125,-2873.80409708969,2804.15028176559,-7755.90772887586
-3431.28017912663,654.129516601562,6989.23490615196,4064.733751032
3232.71750407552,-2522.40812184324,7576.77506905595,1087.67404772233
1760.95708115475,-3077.20220662182,5934.88513659304,6422.8583565195
-235.822839660817,-3186.87864233346,-4663.95461970105,6262.70783009728
2885.66574414956,-1537.50805344059,-5992.98464386873,-5677.31580417624
-103.572138396787,-2160.92888740746,-3176.4275223815,6413.61989741615
1164.50329523044,2326.37371669413,-2343.9528946229,7178.46883391325
-2460.03814698927,894.255714306728,-6319.49025872147,-3565.64621426063
3194.15841592813,-2234.29342589405,-6798.65669234993,-4610.82313155519
2918.51831454082,-1188.61604264695,-6385.89740175121,6280.59682885295
3073.95731660521,544.881920235498,-6490.68855464572,5650.25613465158
477.492506971655,3112.70469330029,398.855577208155,-7662.49161730865
449.531522669949,-6964.29580609339,4313.80346387577,994.387648855446
-2604.78876960384,3524.74800497048,7533.38965191791,-1778.53360375333
3782.44306270997,2901.9819332239,1211.43306353048,7439.67581977251
2051.7543402572,3675.89623566629,-6969.91939348642,5355.3176941395
3793.5897478324,2876.1333240898,-756.067230310093,-7498.51963895292
-2115.6532098255,2230.3943041256,5076.32832534395,-6687.05929584999
-5433.17885168284,3988.72272659614,3850.33501236988,-1231.56697065345
-2315.79109752282,658.203360264448,-7403.20526722712,-3032.33455128448
1175.69954031854,1939.55843760615,6204.58678181966,5784.15863591922
733.801950509318,2395.94756121634,6514.74837716958,5289.65040893457
-2675.3645411771,-563.735134471059,7700.64250743146,2755.76566087871
3404.86128878173,2057.71572076368,6376.71886517294,-6285.45918954331
2537.60520233935,2615.62083519233,4783.2589705768,7145.62258879028
150.982321558119,3697.70567173352,7483.82720870047,-2456.26109278303
3131.57555621603,2946.18065574948,196.213504437319,7455.4321348179
3814.38682577893,-252.144516439838,-3835.76853826521,-6768.05181138134
-2271.64761087613,-3115.24994350088,5084.57901673614,-6260.79108005289
222.42455819614,-3337.17987645055,-3404.81553563179,7022.74852105731
-35.90089769165,3192.47001689189,-3251.21362272066,-7160.42932804117
-3013.3044537701,4905.51618336021,-3736.91553806735,-2447.26984232053
-2227.28866407982,-1613.62154627105,-7063.96029486287,-4105.73172290992
1878.96867109455,3127.66982386357,4267.49772785705,-6589.17414147925
885.515297789278,2097.45499626096,-307.155384948097,7300.26925737835
3503.49370779726,-86.8212394067797,-166.253587792545,-7345.98364169952
-2497.47666183376,1823.88428555245,-6355.79864810888,-4590.78020708414
-1909.83544229215,-2650.61671377634,7376,-2047
-3940.44063702111,-1111.56142496636,-1838.22737604315,-7574.62483702735
-3155.91266330054,-2312.40515773132,17.8484392829545,-7868.69582669735
-841.032743325105,-3835.98020379328,-7524.68534263642,532.385392213951
1747.39190876078,-2727.84114276259,-7293,2822
2738.57631099815,3266.67164062035,-1342.00153609795,7680.82568180405
-3036.89223811323,841.644853078646,-7974.40729283658,-1590.63807646708
2875.18203939252,1079.63275435152,7699.97233982071,-294.651338619403
-3809.41789849201,2869.02484912073,7777.86328064709,615.894501239806
-3386.82508333928,361.494120317764,7396.42724554102,876.694865210674
-3540.17700835147,-1682.11214240535,5213.73204071601,-6269.19043058244
-2670.28250362301,-905.246774308797,-6846.7114861023,5080.47451418446
297.494872052116,-6385.84245964135,2704.1081281936,3165.758041465
-2123.82614171871,-147.006444274578,-6482.67511881392,-3561.77694321945
2836.50506178939,2364.38955594281,3563.79885630041,-6522.82012629848
1593.7311839733,-2767.59089328795,6418.21801094716,3550.26731209805
-2736.175724311,-2054.97222082816,6546.30304873116,-5763.63561934705
-2453.98749537852,-1441.9077944919,-6925.69768705096,-4689.19655586076
-846.15956809304,-2636.28915427174,4384.4823696114,-6479.27140462792
-5060.43718651538,-2007.05031616957,4594.32421056458,-480.098367551422
-2566.50806295747,-491.856315920066,6638.51306088477,4125.23195183329
-1635.90904021438,2862.62478297154,-548.82332299702,-7733.93021372578
-4228.36698501551,1486.37350227237,6394.77110288786,6105.96036067493
-621.674384931819,3846.80745344676,7894.1477444113,998.57241204546
-1366.16083510003,2891.6746397949,-6765.19382720257,5090.14488574236
-3253.17425257928,1324.28040757726,-7301.5588889479,-4042.26142065386
3474.30304368511,-5338.86766328219,-2274.05743325047,2993.98716117954
-1425.93845878835,-2881.26039054893,-4145.47950452542,6285.84626490243
1708.10126930277,2876.14735463014,-3548.34408756564,6489.40714242679
-2700.10807609426,-1138.88330150604,6122.57827882201,-6590.14652605376
-1251.34132582856,-2655.9612060082,-6199.5774730001,-6605.38627919729
-2585.16312548348,-3075.87873682697,3775.46179597981,-6889.30583914132
2357.18887629813,-3433.46215493226,7274.93265095495,2815.57653463414
-1208.8886445698,-2566.85732212019,-6160.59381220708,-6397.24368706565
3169.82671435451,-2122.87614793155,6683.68171394086,4151.65335988914
2251.05916853992,1350.07096598038,6576.26713164359,3984.39212496629
-4307.74478873277,-2563.54178723109,493.536552060809,-4911.55503865886
794.869596107384,-6545.50205593874,-2456.24266902019,-2952.62124633109
3063.1738768893,2911.15578874672,-739.830995082441,7846.02864599638
-2325.50769760457,922.500744047619,-6445.31060650554,5229.17652824646
-904.588605494281,-3013.50722962619,7411.72639742569,672.111483777975
-1702.51538296861,1036.36297146447,-6697.29907921546,4584.04317148494
2753.96128148394,-2696.80455643923,-5590.08608645881,-6792.67377196244
1900.46289855072,2872.6572845839,321.817181950052,-8083.02777904234
2996.16362617247,2024.27544730279,3790.45792549548,-7071.66514096987
2047.72170599173,-779.860413232704,2580.82844034382,-7441.99472993078
2734.60170241905,-1939.23243484301,-4232.93946047334,6388.31954260718
-650.459096879956,-2488.4928321343,1219.50764465332,7303.98703759174
-324.166160579594,-3469.46856465671,6592.68183530484,5605.27673648361
-3104.81126762793,-1010.68473712292,6166.13282157399,-6629.49796151801
-3132.13606168495,-515.878639787138,-6787.67609292346,5994.79356048478
-1621.8958980289,-2746.96513728997,925.852525374872,-7769.14534257623
208.130913741672,4019.56951392055,7213.60877484663,-255.752909134935
363.710574572127,2504.59228656089,-1975,7443
2875.64852344527,-465.361540967085,-6578.43305413463,-3803.98557560741
-2828.10790031296,1489.11634053886,7440.6705308269,2399.85713333734
3380.29221508939,-2056.25682747237,-6690.04137940628,-4734.9950651189
-3037.42276936115,616.169158164479,-6796,6776
2376.34990398839,-3269.97783474392,6745.53216795228,5816.04241489181
-2574.04335698234,545.255770042212,5724.28601452284,-6712.26165079919
367.015492192135,-3590.88147230204,-7293.11117665442,-3381.55893373835
2461.23407230981,2991.67400855224,-552.473732125076,7796.69635689916
1988.00259298764,-2821.36646098726,-359.55022092708,7691.16619756938
795.339636506421,-2721.90170368907,5966.0264936046,5898.75339165193
-2293.3141702698,1580.20733138618,-2225.13537881541,7141.87946843932
1199.80305655924,3184.8041487983,6965.66850588165,-2092.55670604067
2910.0862780688,-2501.90882075957,7291.97687976718,2991.94075744947
-3466.11736837449,2277.35929889564,-7048.34381053624,-4005.09792082043
1341.98256380647,3163.43699616857,2011.42363294347,-7688.77805150354
2639.14812477216,3046.88846831551,-4397.71795965667,-6938.32807864945
3919.46196827572,-1309.87616078415,-7438.65938115834,-2184.69463271458
1382.60157352117,-2924.71946427743,-4482.78220145967,-7107.27077542025
-5581.95260014984,-3368.36792357788,3246.9128130434,1617.31594656602
3027.30798826798,1094.03755185063,6077.8551150411,-6398.03520104216
-2977.9967006883,-1113.40370316932,4692.06965664848,-5812.58141662638
-771.684741953521,-2386.41862748525,311.755076885418,-7950.21708182256
898.947400459716,-2003.76709673334,2569.94142882804,-7439.2485232162
1817.75622001995,-1332.4973033905,-6823.18595016902,3324.40400257951
2271.90281650181,-1078.64235098524,-7262.24542717876,-2468.35531647257
-2946.6288523434,704.624863184164,-6833.28128336695,-6265.45448874051
1469.01015585349,3065.36312340838,-7755.081252434,-2705.21888609872
-3926.68226954503,-296.753396155306,4407.25145772595,6893.38858034897
3442.47721773896,2363.38590276084,1884.15812730705,-7056.82237659385
-1718.51387889105,-3152.76108794912,3938.17002630348,-7266.69020667085
3536.50198832621,440.202384635086,2609.9859126323,7059.22884363932
-663.009894792424,-2940.79541916918,1661.26446092595,-7657.44862900319
3133.34678140476,-1822.30730103196,-6937.41859325423,-3697.29076125693
-1898.37929904343,1585.17810545729,-4608.60719632213,6089.99988982493
684.891061428374,3289.70872013445,7268.89589408455,3050.35226268815
3135.97244986523,-1272.30475179731,6949.70466683018,-4793.56090623447
2877.03577701882,-511.912556026293,4411.76597394978,-6371.98383340846
-3100.18809694986,2798.41038735194,-6305.82481362382,-4052.39751003957
3272.46211332791,-2272.38841699248,7229.41320273216,-1439.02765629402
357.202516455121,-3227.67043957617,3083.27410104519,-7694.21405466823
-817.673975120164,-2858.93640496371,-2489.95442975154,-7083.39686614235
-3231.79697450104,-3343.77431340609,900.046037402687,-7776.02538974826
-2777.73922756597,-1396.53310186265,-5747.84549212448,6293.66437555125
1137.53015953979,-3636.49495771219,-6615.13584061337,5783.74798005417
-5118.92894236703,-2282.12195493642,-3079.58604949203,1309.59973425511
662.937883123196,3048.33637666564,-720.530393867794,-7387.11984768214
2863.07355528802,622.350717257722,6332.10792753104,-5561.47548581897
-1122.75454125704,2733.88789607782,6031.11294071902,6051.70528647902
-1487.53103629854,-2969.57561927072,-3471.77654243558,6710.84836265634
-852.207263548089,2660.3435927961,5144.88933755089,6255.51540709049
2788.25203951556,-1155.30019704514,-6794.41855038719,-2909.31909665974
2230.22898253957,-28.584144052833,5393.33853334036,-6197.74148020974
355.820533357229,-2392.12242476738,1935.48713826367,6850.03302537349
-1719.03939477677,1185.24219419898,-6830.1794996103,3813.94996861899
1722.53048450392,2216.25581949043,-2018.14322401259,7640.82276990725
-3076.9658782841,1839.57947842687,-6223.32334199611,-6505.30756591058
-2223.77156627122,-3560.69529810259,6953.55498014633,-5316.70996761197
2726.43162847623,1963.5092082666,-6325.74607630787,6435.77591939787
-3487.55734845674,-2979.27100473459,4716.7211504925,-6479.16499695946
-607.890407986111,-3311.71653666846,-4062.26682741421,6793.75995242723
1874.72790170048,-1745.61123893928,-3804.55141754222,6497.10805080011
-2619.28645435885,-3600.75806230047,-626.962207289162,7395.55371825249
-3069.14868010466,-2209.97398562036,2506.38846601638,-7581.28995682571
-3134.92355517864,2605.78185218325,-7053.10856743326,-3208.38957763717
3292.38121449218,-2188.55347722261,6620.24845370343,4423.96650289946
360.59411997522,-3680.52936296254,-7467.01901130715,2074.52392941911
1219.85882568359,3126.340221456,-4123.35922781013,6516.26434932956
3503.23198361835,-5450.71883663456,-775.301930246544,2975.50962066009
3465.30451614318,-1149.43236103996,-6910.17225027001,4499.70398275964
3767.71083308616,-364.911626933104,-1201.44894623417,7486.2101443049
1300.7953302164,2973.34998655562,2450.77436272512,7314.15911826895
2951.1841413207,2400.25267764431,6681.33300269619,-5173.64043259571
3003.63051780424,2034.79782148611,-6433.14407129117,-5067.76525292349
7443.36445108483,-343.336424192698,-586.089171973967,3180.57537578392
303.150218290441,2932.15642374866,-3640.09715941061,6718.72559004976
-2446.58903252324,2641.21027615704,-6723.34041732904,-4164.07148827313
-1328.38748944044,1931.85438462311,-3276.37820942886,6845.17265574978
-1588.06112205376,-3242.09624093675,-7240.52995278365,1127.59995472127
-3255.28560033902,735.34378665116,7177.16485741157,2916.6523262353
1936.60455817145,167.44422310757,-6924.36950988435,-2949.85890143489
-1339.14833426753,-2458.23642701472,3215.18343563699,-6897.57927828736
-71.1923252715983,-2170.34280864251,3464.98215265236,-6753.0296174562
-700.223377498391,-2701.86361770283,-3424.24130150776,6926.61386771585
-1192.26713103733,-2718.85899615332,-4255.48990881689,6612.80307657247
3464.38167859083,-1041.19377349933,1947.62202326356,7064.61270704155
-3431.54659807585,-1010.43633164095,7323.88362195788,-2496.82183679228
198.277191162109,-3296.57013668267,-3200.65019036038,7054.33185121557
-2748.09601844506,-2738.78975465449,-4452.00415158919,-6756.53611834934
1171.49231203702,-6977.21387349612,3519.04252192425,605.349826910977
-1790.07986710011,-2851.20759200553,2491.80930430748,-7439.8187229021
-3284.75464592428,327.134178832548,3922.31521147441,-6809.42074623992
3193.53071771111,-1703.31531970615,-6440.18904433957,-3768.69113972383
2686.41819811207,987.405945775933,-7336.05293376862,-3389.16534569043
-1718.3992069603,3078.78403918051,3748.366976359,7109.63623990152
1206.92955017768,-2229.18415731728,-5577.77643253033,6471.06605299354
1597.05093435903,2726.81200428959,-275.69657072811,7393.16812515246
2051.50836244036,-2602.5704646862,-6564.12013889863,-5720.11593374952
2230.82763422628,3316.7474409643,84.778312581721,-7882.66649001607
-1613.10627687439,-3168.52736492999,4312.16778169388,-6381.67475094065
1124.14242198314,-3284.64089090501,3708.44977913496,7043.0331768909
-1668.68543141052,2936.40588450532,6811.63655998688,-5857.96113316672
5446.30497864907,-2463.8865525266,221.926538861854,-3268.55817372726
-3382.84632734579,-979.887424281821,2143.78857528907,-7653.23831264613
-2745.29788024402,1371.62497707126,6979.05951315117,3185.56059522243
-2713.51729444303,-1978.1245793604,4139.55500114478,-6641.96756069503
2324.72456368192,-715.623298790804,6910.64600255592,-3143.05540746051
-262.447319964633,2584.71887307014,-6352.59555946715,6566.83923558642
2230.4502230357,2668.31990407358,7086.8631706775,-2495.01718105216
2363.36038797436,2136.18042703848,-1188.78803599815,7607.18466392606
-546.529078242058,3353.82951908305,-6606.79613901089,5303.85497367966
-5061.01351021375,-2414.03637495684,468.343126993693,-2897.40294538343
2177.71520599319,-3113.66320220912,6583.6450552829,5916.44601855966
2318.50360561535,-3481.70679765106,5646.59961559412,6372.2876553621
1458.56043576811,3061.77395328525,-7751.36088615274,-1873.31757326415
-1465.06240150419,3090.96203830369,5641.98361161425,-6018.7189894589
3672.65491127801,1948.43755108173,-1456.2045242578,7468.82214337746
-666.871736625616,2928.05589737073,-7179.31528301144,-3107.73584822844
-2728.79000044739,-2103.77872488438,-6334.14627877058,6741.57648572754
2626.54292605753,899.890510046163,-6863.82641242824,-6002.26923134441
1022.69048307011,-2410.75056303676,-3792.67061319589,7167.32173472993
2250.17874426441,-2809.78956962097,6323.89357064785,6173.3720348188
3546.89588891931,3350.33005518241,-1402.11172665457,7551.55770144827
563.270147890484,-3192.77280269475,3877.53904057203,7137.51190155952
1605.40778025665,3706.94955230962,-3694.09096828531,6858.6243060741
2964.00311079491,3172.33360097257,4000.36659474021,7025.96797769484
2605.67330421808,3634.6948731007,1963.73672787985,-7578.88092151786
6465.79942682444,427.13743669164,612.425922339042,4239.24917573381
-6731.63007081815,337.249019607843,-142.142074664866,3653.00851814706
-3424.8977553619,-87.3917809980764,7378.44304026959,-2359.83881584491
-3034.45627132528,2347.30305975743,5429.62780822549,7083.90211126182
2489.15655172342,2979.26925833555,-4582.22950766329,6805.67171977983
-3376.34626422894,-626.644645069857,6329.45965780224,6495.13158819849
2897.6060382318,-6463.15985563819,2669.05129840923,3448.0411155339
2150.04184857537,3291.10985992283,-4633.26362076116,6837.2296064713
-711.737254006522,-2950.05245650193,2960.4884117987,7459.30837829764
3378.36573276824,501.222234869973,-6188,-6897
-3517.7084627829,1748.29492505408,6398.30209054793,5594.47197750425
1236.2178232503,2628.59126158939,-3346.49077214495,7071.48670873687
-1257.27684135658,-2716.02495874722,309.080150895495,-7886.7509145851
-1645.39649399988,2900.0809538237,-2222.65210657592,-7379.25850634581
915.316025731615,-3521.95997046266,-7547.33006680225,-1719.14421071065
1838.37568399596,3716.580463385,-7184.38976255541,3676.15921373912
-2841.98795700073,-387.011393701969,6557,-5158
1088.59981131188,2922.03201082643,-4337.20780658954,6178.10688025682
-5459.66242520047,-3066.2068638925,3520.2575347915,-3879.8019661363
2160.61010803819,-1059.63367598437,4234.90317388072,-6427.59352047311
3559.47908547989,-586.829879252116,4163.84694611652,6775.45628784645
-1001.69837531887,2791.52062465454,6053.25163113437,5769.9893184051
-186.554088659596,-2146.28076171875,3402.02374073352,-7031.46080752638
2028.32335712433,-2775.17828899452,6024.77399451403,3896.90798856173
363.613944728509,2676.77054513028,-394.662286741181,7793.58487935833
-139.933407928505,-2149.73372961957,-2166.79083850533,7284.18132317675
-2377.19750341695,267.619138372934,-6878.14762788234,2290.92858736983
1116.56486910589,3044.91458446812,-4885.72281480901,6349.08142645149
2300.0280278768,-937.652189445478,-7767.57006490607,-567.422743605924
2926.06966206949,1631.47367377971,-3931.90478937235,6487.68076710191
-1286.02489377516,2449.01128170571,5392.37627120639,6552.00815174386
-2858.24983915861,2191.02639405279,-3744.87682970879,-7022.44908004652
1180.87154249503,-3183.80128192975,-7253.26071443971,1115.91003238454
2517.52505257602,-1187.58270618524,-5494.88106491827,6198.23158790042
-2052.12241748961,-2901.17860538376,-7167.83646975097,3296.04857300118
-2353.66163384523,-6768.91594218545,263.671061309672,4175.5531009467
-1044.09598641141,-3774.41646192748,7218.95243754237,-2417.74544875686
-2593.41616115805,1821.8832751591,6266.9271953819,6430.10138558504
2305.23965695076,-2149.69868180999,-5969.09441865707,-6661.10178273112
-1460.71511080085,3457.00512629451,-7927.16784465435,-50.3326230935451
-1122.64320858078,-2772.89709309916,3889.90371205955,-7158.96073736146
-2568.73257448826,533.150151122625,-3713.68264237201,6985.66655826412
-2792.04172681288,644.709530958489,6917.6506800381,3833.17861926944
-2205.50956433892,3006.82812138253,-7368.45669175427,1740.93554154442
2688.38797447839,-535.90412902832,7748.30815489302,2415.65265961699
-2279.10800968573,2010.76635695948,-826.906060717801,7825.07181602263
2776.63942769728,-160.998741149902,7982.90388307252,757.303535152178
-2602.117699473,-2981.71030206875,6068.53011608199,-6842.10516413368
2020.5144144938,3288.1067165324,4266.82197626683,-7074.17298834928
-1492.91928848016,-2945.42778614222,3398.10059751336,-7266.94090359473
2936.03640602232,-1175.80460137292,166.183602910999,-7744.17597377227
-3092.12498168945,667.186626233553,-6691.51354996833,-3439.97067580851
3156.48594523166,2817.86367648808,-7335.94648263025,1249.53982778696
3239.54151757504,-41.49458553615,-7265.78087362156,3854.06257045507
-53.0096282958984,3845.81472434888,7501.08150335768,-3470.35331825038
-3049.65537374029,-717.7439565522,4923.23435075755,-6643.46354301064
-2428.39491292728,-3250.94939135368,6370.64244715376,-6185.22544878654
3214.0448915824,299.907110225745,7590.15453549198,559.33417675183
2910.61918773469,-376.6396484375,-7387.39628886661,1043.38898910569
6647.27974331119,821.648561631789,-195.599228401763,-3575.03234284585
1873.71621876892,-3488.08371623775,-7416.5621110249,392.77473982498
-2971.7501436603,152.901961714657,-6918.82993454847,4505.28394227058
-2939.99069590161,1513.01080843297,5889.54409988178,-5658.18169599702
2660.39474336234,-1302.8313669432,-6663.91629376916,5418.55880544818
1179.42208286582,3560.36416381831,-7114.71285329706,2072.37754818302
5654.37023084738,4758.27947347787,3235.26208566216,1974.07046958699
1537.50193671903,-3409.87133013506,6496.69881055161,4903.13986427973
2606.20229583599,-1346.7188414996,7967.97104527127,-37.6685940816948
-1808.5567547671,-2697.68068872225,498.091735276009,7149.93603998069
-2871.65411001173,-2382.26722689212,-5681.22887579956,5934.38906936161
184.161762584339,-2977.98492405513,1796.47934540105,-7604.70187260173
1702.72593062779,2917.25823749653,3296.33752055503,-7092.07723236473
2520.54739313436,-1985.58376255009,6935.65674529812,-4398.07934794762
345.878533568905,-3521.86856010231,4280.88146719025,7235.70738167826
538.700634466876,-2657.44169445847,1525.36130568463,-7994.00484810757
3415.35404526051,2474.4747607308,2703.7254983177,7118.59239279576
-2560.97682763355,282.882934570312,-6716.81591677652,-4286.55845628538
174.603882916206,3181.36052007168,-4848.83113690284,-7075.1182663979
2776.04936076655,2179.83921837864,-4917.53182955141,6510.42835326017
-1039.12176307935,-2938.5312150652,4318.96638995985,7199.29468396762
-2772.17934245772,1728.28671579479,7668.11876206102,144.696182278371
-3284.12445678973,-1541.75164054556,-1949.0144791714,-7188.50804542331
2939.65210156808,423.872438896965,-7725.26374434519,-1716.77804508915
3504.72178465806,3097.6676184935,4532.79318552498,6960.98045874803
-668.627548614106,-2690.52262858985,652.669163034545,-7588.03633897523
2831.53037368081,-1070.6376953125,7850.88520473248,1489.39283874441
-574.3833765509,3764.89252628284,7339.70836242248,2470.11094748704
-2890.6514155056,-748.118070305446,-7116.94820728835,990.276843445734
2784.02076992576,2581.50685068523,4311.86401210732,-6904.59089803099
-3277.79281800404,2129.38853346084,7882.90773326684,159.291972825066
-1075.05447472977,-2421.32482059066,-306.463589932056,-7597.38705999765
2470.43835098329,695.432051227032,7117.79089099327,3318.88436500177
-3257.91889104764,1996.40976217041,3602.80274041355,6796.05092845585
2910.83193143616,265.709302493607,-7345.17397452122,1242.69700264477
-3032.47045611663,-264.2265625,-6543.90716805286,-4849.54467723913
2067.79056047644,2871.34239330235,-2558.90524207493,7485.4196213517
-3330.5467416394,2484.37894028612,-6191.90435678494,-4055.05722402991
-2545.19678094671,481.881538461538,-7735.30069177776,-1202.75645009058
2848.24589977619,1307.39801382143,7802.651358269,-373.548197050418
3855.25733324698,-1765.06201809241,-6652.08114140075,-5461.33140295793
-2583.48428378125,1640.50260548915,7055.50016720057,-4068.21929336228
2818.66052627127,2014.03490259144,5638.50596540714,-6254.93693070878
2450.07338280129,2202.72370488818,7467.96113027018,352.226493582606
-165.902757787518,-6945.50330596166,2023.10478685539,3173.68899976877
3185.85535785804,63.2602654349011,-7727.70815547051,-128.277723689741
-3326.71258468983,360.703926086426,6525.94936189529,4543.48552821398
31.744140625,-2589.99298345564,2896.45952999604,-7644.87168197264
-2933.39700100684,854.057469746526,7501.01331476534,-2845.56228177374
1782.06322315953,3396.07412498764,3839.78985036002,-6714.83276870647
-3022.9655009656,-2162.10804043368,-7148.53782721874,-3521.72743417085
3049.42285877989,-191.180373343068,6959,3267
-3352.9591890419,2110.79995353688,6407.72494998,5383.67441674575
-2939.57561480077,-1875.69422509742,-4349.3558328663,-7395.15205917275
-2182.31456626899,-3268.12670230848,61.5376271429184,-7842.15462297314
2842.61623436517,-468.810974316328,-6523.98800082471,5728.15188068115
3110.65925682093,982.479663319895,-3631.7699216242,-6852.59710997332
5536.59037380263,2473.19038218912,371.592647959414,-4506.23228300288
-2553.46572828667,2192.81896011447,-7263.86877566679,1224.82369546045
2475.38816950795,1515.3152125154,7509.39055457942,2952.42715614481
-5929.46517692985,-1661.68803417168,56.7721543993268,-5355.5442616026
3575.13797121445,-350.52685546875,-7527.98782095966,-1053.47853483591
2906.66727941176,-1907.25035519376,6885.85049523588,-4344.3063858606
-452.189784653029,-3430.49820264017,-7111.2870179626,5956.99828807896
-3462.67130759237,1875.42462936608,7049.99153862584,4119.73309472652
-2169.69071168744,-3460.54376225022,4375.7188489894,-6530.16417828234
-3910.12407538166,-588.089283730746,3404.0140108324,-7087.64193520452
1371.57611119573,2890.56714049221,-769.984145293318,7671.36091665453
446.750602668344,-2653.2057071657,-6520.34686459918,-5548.62557778285
-38.0597490583147,3396.36659930251,2953.66098814555,-7293.69634359137
3568.69034729597,-309.662202041515,-1579.40330967013,7461.37984851501
-144.097915481514,2735.01040027145,-3483.03900066759,6479.96135096795
3130.48530471788,-438.177568476889,-7806.64768818621,-616.91178167219
-3513.50379543918,2270.93513807308,-6510.9846002367,-4796.09183440471
2939.39218265656,364.820283671587,-3742.65419801374,6605.43519589197
-406.430287192157,2993.88576861515,4231.04770806242,7082.61529287992
-1244.51267680742,3179.91750451152,7180.57512402385,-6241.46591087
2801.77864520566,3277.05779392811,6241.32113334878,-6067.93543935734
3459.93540340173,-2734.76874130115,-7646.76334053674,-2249.24453093553
-1807.24271269425,2111.34049772285,-4021.01779183871,7079.21999933052
-5915.58869547995,-2270.0930500986,-1479.99617531763,3848.08490512323
1759.11178180064,-1796.78165889368,-4793.04622033387,6648.62070373053
-2772.56516196614,602.316385042869,7481.7144661101,2430.73583907173
1829.20971686731,3446.09285012312,1933.9273288628,-7632.72198955942
-340.618279708059,-3366.3661956479,-3773.96397560173,7016.38991151998
-924.181109669623,2428.08407940584,3610.98588200189,-7232.91584561211
534.732264326124,3458.73917593426,3477.80460144985,-7047.92848956218
-643.266008106095,3701.40867266194,7541.24222466955,1534.55319460366
-109.62975753258,-6757.20888603043,-2127.74266914118,-2538.77169465553
-1155.09542041749,-2482.46695921375,4859.94046868448,7259.5553699778
-2146.26433155624,-3479.47979295215,1119.27907167509,-7831.18710143208
-1862.94976548776,3234.20665704943,7231.51010842005,-1148.15192385016
2447.89616999617,96.1592423794417,-6173.65609768698,-4114.43441213403
-5296.28127834034,-3985.89877202052,142.555541992188,3083.84608595538
1272.93534806165,3219.1757757674,-1121.88739729049,7831.18471885349
2923.61285385688,140.089782714844,6057.46559475125,-6757.39714752561
-1919.4269744836,-2950.40949571872,-6162.41015106869,5434.43103692741
-3101.83502468709,361.5078125,-7525.12692743079,1620.32479843083
3147.72270021576,-398.116562222122,4080.50932377793,-6598.04402881816
1685.86029874621,2968.14050825039,-4412.68198189002,-6836.80468660963
1130.38438633157,-3109.40683795997,-6530.81210619841,-4150.55862974595
3492.98983940149,951.144135489637,549.250015993062,-7892.56574245867
-2075.78308876342,5977.77781523469,2208.11568953303,3206.04633826254
-5613.42679471819,-2531.97640443244,-3217.89178756608,3115.66689852562
-1517.66962332734,-3865.16299821239,-3987.05614930587,6604.31246120693
-937,-3146,6310.95611397901,4722.0760716932
-2823.05066932639,118.099475364964,7735.59456443224,226.590695755325
850.89500365833,3523.90723690452,-6998.92001376525,-3359.40655658995
-2873.73315782384,200.812614905791,6510.35983560797,-5450.69479157555
-1665.93421020178,3206.31007303217,-6762.03091936374,2566.23317226207
-2868.14314580228,-1904.77207522731,-7279.96812069371,2988.01405442635
133.507,3251.71096723305,2920.37769035427,-7158.22206945812
-198.190056347456,-2565.86716148624,-4288.77253544177,6391.35900702116
6809.80369864479,143.488019769485,365.642958935709,3724.24172302017
-3849.5132768752,1734.64750896678,-3099.64783715013,-6997.67795744735
-2652.08257023345,1234.81524647934,-6852.81439611911,-3788.83423213942
3061.26411176795,-3311.26206311142,7662.17217104932,115.800103279107
-2567.56675638338,618.893061386912,-8082.31168707861,-336.522081613035
-3339.40511619754,34.1323679143732,3459.96330211868,-7221.01339746777
2867.90150070837,-1582.7708265248,7237.33456270111,2537.85600749018
-1396.9914585483,-2369.23652454078,-7721.40141525247,-2045.25033824962
-3772.20648951457,-1413.17594820401,3313.55524211099,7500.77713991762
654.161037072022,3334.80190461556,1007.34566769129,-8011.64865552506
2613.17366474878,-787.72389968802,7412.9324405417,2062.52166969762
-2726.66452664263,-701.822396703363,-7886.73603385932,199.766882112949
3814.17689389427,-3167.24048115498,-7976,-495
3678.01128496108,802.368942629638,-4558.85816087259,-6853.94828920265
1758.38124748077,-3139.75011047644,5789.4823595585,6106.93876781416
806.039740468058,2857.71935854205,-3391.77649798151,7419.65365057393
2803.19992556397,2400.86915313918,-7151.45173478153,4863.14021719258
1069.56208889301,3654.18170235101,-7108.37952106354,3134.47374162824
1839.50426550106,-2855.31011199974,1251.94050948684,7168.69027581168
1336.22959220518,2435.25066620816,6560.91137911161,5555.12175743472
-1935.37489580347,3631.21256488491,7570.13532926522,-1571.24405213995
3076.00385113683,-568.400617746206,-7457.59949862577,1360.74017934145
-2986.06821659903,-329.067876011753,-7255.49856499993,-3229.32520800818
-2024.07804920353,-2478.44702759064,-2519.78289094518,-7512.17463656859
-626.32583123629,3438.36588053259,-6566.62771515661,-5196.17494373341
1130.26744125816,3310.96155329468,-7033.65462168058,5598.2312296082
2173.03554986033,501.403452364811,-6397.42966028375,-4866.56950514812
42.1663272101557,-8126.12546943085,NaN,NaN
-2224.4422147271,-2461.24335741508,2895.26457730541,-7028.73392930727
-1447.54245498918,-3015.69505932732,-6623.71355285618,5159.82491251169
1012.08907806043,3120.80989702775,-5687.21944425852,5988.34502915915
2002.59597053426,2452.32966782523,3140.54843973311,-7036.21248955602
3122.99333683748,-1946.57037710886,5089.29430168962,6415.61899463433
-2214.60554253713,2465.57669103848,-6503.45109004509,-3814.15953606344
-2344.51175567386,1849.97305741644,-7391.92605422423,719.1849652916
720.780359355638,1903.50051252216,6236.85050657433,5001.48740047216
-1344.87272977893,2903.19062027324,6969.85281826249,3109.14203102783
514.088974854932,2029.30144246203,-2526.33088716956,6877.58539740573
-1982.85432385015,1104.57874682472,-5579.80555145694,6446.57203098972
2579.50032861263,-1476.39219799752,-7492.75520966885,897.739567516019
-2361.4822663257,-2864.89227646938,4788.54738997441,-6234.54993778955
-2615.92897584256,-1358.72579998471,6278.47639401259,-5391.91931052963
2671.11384177888,1302.96107353362,-6522.55607802384,5126.645618986
368.531284759004,2541.64864268971,1948.79711946571,6907.60955093495
-1924.04687159066,2043.23876483624,5842.25190171532,-5561.2049761
-2723.32167209059,446.590495591753,-6433.8994367602,4948.62364659551
-1255.45933259727,-3153.7100978516,3857.20659692323,-6569.72585853446
2917.02364156228,1359.39384981462,6348.72981466537,-5454.50722964806
-1074.6663562923,2751.37157578285,-7239.13320042033,3060.68515370769
-6790.54203916655,-548.370436089033,3215.50436189974,-1587.24361510196
593.566660295844,-5734.74237714062,-2919.94501545744,-1457.35265866563
-1570.00823218141,2910.789853315,-6445.87565233886,-5868.47701251232
1773.18334078933,3581.78236184933,4253.51448179816,-7007.03437466623
-696.996865281558,3145.21230440688,-5831.85577985377,6314.24791747396
-3171.47295555681,1092.41691187154,7375.7770629412,-316.849609375
3412.49873611382,-1209.95114942529,-7370.36582919622,2016.1510341182
1864.38051013595,3540.50294167484,691.178628728049,-8145.53079692912
-1313.76077307479,3345.09687795165,7563.53023735866,1540.51940248527
44.9737417943107,3232.43972219644,-4231.46645309166,-6959.17600098499
1493.5186063705,3854.08400045319,7003.03285539849,-4595.10165740816
1185.16336452707,4099.36471940891,1930.81936417872,-7490.75617698031
-2350.27732757614,-3410.35606400894,-5801.56314592595,6370.22177186761
-806.317638514851,-2916.48314183409,6315.07961984037,6316.50951001042
2247.12700744671,3158.32869749254,87.9133260256812,-7657.25754904659
-1566.85319378336,-3512.0297730997,-3642.09017778081,7028.44305652222
1747.29645906967,3433.37648474804,3834.42577425598,-7189.40125265777
486.268965567862,-6954.76851982435,-4236.60532415535,-654.570277043977
3106.99155918434,-2879.99739878394,6761.19869118391,3811.21088754063
-2980.89926417381,1983.91033988245,6203.81253307079,5975.28713880775
3106.33447554829,1392.99180267787,-6282.51086351538,6520.50396069337
-424.697831823471,2681.00604821538,-5337.00551918747,-6924.40323177564
1320,-3440,6557.40962620556,5025.15487596562
447.393730220791,-2974.71404290556,4829.72449010833,6759.19464659476
-2185.13359009273,648.405196450781,6976.98255461231,3202.40809610504
1190.39496148167,-3397.79028896032,7173.87911642355,-1740.85557987608
-2600.16234343714,1421.54583543632,7524,2670
-838.855349027193,-2099.42838790063,1928.27093032606,-7339.90248569881
179.910783040155,2108.1385918539,-3302.57765555837,6974.83406730825
3081.93210296103,1295.94029532439,2465.1760996119,7377.61791925994
1907.42019628286,-3127.54720134627,-7569.89786357206,114.510009336443
-2844.22596009583,-845.657918717637,5890.7933102701,-5795.85085590373
-1588.84613825859,-1664.86254623937,6868.70661179311,3513.5288064609
1835.2135308845,3783.90242217355,-6898.97875981929,4397.8505303042
-4551.7315326506,4800.85548642534,3841.57638064961,3271.14200231569
-6176.05135348416,5751.71754120022,856.226431658168,3455.58169599187
-205.254799566551,3641.14972627481,-6280.27468292047,-6449.20700889553
-2980.51980112874,665.944856446172,7195.33965330798,-3441.64364984366
-2699.03879966736,2822.50277940329,-6678.24908527449,-5511.9865339928
699.640218812548,-3277.01914286568,-3342.05427182955,7087.97980765983
-2902.08525743419,1306.05870798413,-6606.19679562301,5851.04694980849
-809.152344722149,2859.7648124899,-3361.32063618056,7305.34486685315
2788.14671830152,-1096.88425759708,6845.40161982694,3728.34771211976
3034.53705545398,-2283.15338897705,8048.47327540805,554.406336226281
-1708.64503245232,-3201.57774608953,-4235.25966093575,6444.04287493544
-3579.48783093812,1034.58320559626,-7461.82299306048,-2479.59012251032
-561.608757577291,-2555.61338922496,3744.94080003594,-6779.87827654644
2808.91359200724,-3151.33634802413,-7212.7335753795,1249.18356248403
1096.25687743361,2943.97750041918,-6609.13070105407,-4960.35703560436
-3336.08166266237,3065.33396121621,-6909.40555299569,-3927.35762136459
-1559.68202527601,-3374.86006830549,-6871.223306178,5917.76419472374
2439.70568122773,-1984.87920648867,-969.941365831734,7939.61261502829
-2399.90872092388,2597.52629809179,-7753.84379415292,-1004.19741288078
-1771.07963379041,-2059.83909542628,-1540.97875855591,7507.24577717917
-6701.59396288577,-5998.89293431418,NaN,NaN
-1015.8939347649,-2131.39228560526,1716.81068470456,-7425.0359750068
-1847.21226126373,2463.87180419922,-1908.9240032522,7175.81944856982
-238.660030435199,-2971.51949556084,-5905.75804454416,6743.42538580752
6117.74311632073,1921.71877367013,2209.22693799678,-3814.71682088248
2795.6097898292,-2239.09896879143,-6434.6504101741,-5709.31334003282
5063.22043171456,4620.49815978772,-517.573677186102,4952.65770661234
3052.43035714286,82.1244298023315,7340.30793257517,-3132.71165318987
-3152.2780736884,405.459487915039,-6644.25599718533,-4389.29772246776
-2928.02106359782,1050.14318400278,-6342.269567796,-4648.25007851041
1229.97956876297,3619.2700876946,-7453.50774485699,562.653160449304
1818.69127140623,3021.21830344103,-4606.52604196469,6668.68876987032
-2763.31882040841,2822.34072241063,-7224.37251016891,2486.89062716746
-2195.35919262285,-2987.33122132684,2493.76922653183,-7669.68985297225
-2809.92112142055,2027.48892390264,7072.29464709219,-1595.40838032384
4133.29278087297,169.5625,-1290.46867224821,-7171.71757623776
3044.81934752875,-229.767938446545,7067.47848845252,-2143.82484637521
3098.60006299721,-2319.48416119451,-1644.73684210526,-7321.8406556734
-1743.01212381585,2675.50615390529,1707.20292510444,6942.93501049069
3060.69820899568,-1777.63581276625,-6937.33208446433,-3964.60472783975
-3527.54209354562,1389.50074184335,-6486.00202387653,-6435.8251810478
2756.64554896382,3226.61884384578,5449.25536218329,-6659.12283441675
-2348.96201976716,-1498.19077360853,-7373.75938260177,1104.39464097612
2335.33316180381,-1583.86090550072,-3963.06954682673,6829.37937272717
924.3428534962,-2303.97750602293,-6193.69920261576,-6112.91872540356
-6878.46792362509,2759.06056323065,NaN,NaN
2267.51490799529,2484.70569233944,6746.49798124375,-2950.7986051345
3654.75435357729,139.470795101102,1187.54108573312,-7379.44668256731
2652.26219466586,-839.330114978503,-6930.97042485137,-2899.75492439048
-2700.8219725003,-802.296552921527,-7573.06377851312,28.2948657431389
104.136451689277,-2406.94781957942,3051.26071166096,-7435.67556076075
-3140.23801064886,1161.56495942265,-6864.28586262309,-3948.81880753255
-3137.89726082464,-2304.53376887451,-6968.85808977453,3405.83570428449
-2450.8069012295,2543.43370592864,5910.37778527713,6580.89170212945
1292.47470576504,3427.33096557332,4215.6919483337,-6889.24309116557
-1602.72478477563,3121.38350867968,898.09373235128,7156.78298382187
3366.92232363151,2661.66252519217,-462.998292845155,7520.36795816462
3619.39456728168,-1486.06197511947,331.609180818653,7727.47028435997
-2972.04181817115,-2379.98282161399,3676.32238803255,-7134.96662453006
-1934.41441704771,2454.49221003464,-7219.16026327762,4409.33715070101
2255.70259406253,13.3375403034894,6537.03162310692,-5019.09572806545
-3342.01174717826,1.11158923796793,6212.89976655899,6555.95367029452
1947.88893041203,2974.55889517914,-7290.95082126214,1297.93349955098
2959.82556555737,-2405.20173443988,-7798.84363540392,-635.255875416112
2791.70087596226,-6172.91112494908,-429.664663075405,3312.0044406534
-2905.96654791838,-217.851979358155,-6466.89881806823,5500.96448610333
3187.079774278,-501.162507212378,6739.76761651808,6354.63697637383
3496.59880417125,1257.18737697601,-973.241067176577,7874.04506156943
2763.89149447025,1152.79800082,-6457.55320425772,-5031.69412752279
26.375,-2723.1886081392,4258.01741763343,-6436.68091088215
157.599289629536,3186.90741110472,-3571.12020226733,-6982.79333035062
-3101.73045874195,-2456.87590961112,-7425.85082284272,-197.855943630954
-134.369010651066,-3532.50865134749,3034.09688475963,6947.62668243657
3000.28962159595,2063.57298973689,-6853.53026199671,4752.60676760077
-6391.00507816846,4742.07836884431,4114.55425279482,-55.8608198001061
3722.0267812572,-1312.33700788449,-6276.11939661381,-6533.83007005888
860.681816573918,-2650.07913601118,-6463.82593478549,6081.65177297669
-3022.45260854516,541.090715089349,923.38527581026,-7623.87912546935
-641.41796875,-2743.10900452829,5965.09681144015,5961.22511603303
3200.25173411726,-1564.96047776928,-4621.88739001979,-6803.65818653191
-2764.99857002565,-811.117661873705,7689.02330297373,2903.59597851996
-3492.83630110516,-2404.20713392773,-1623.95117066697,-7430.62393130062
1014.2257222356,3535.1584933843,4403.3425159845,-6824.62844053869
-3196.85374691389,1472.59283341409,-6329.85298500669,-4992.63981593101
1547.58085014655,3277.16677816368,5223.11676843432,-6302.22977238084
-2781.67299820635,-2146.87935605977,7433.4012912235,2931.17904048614
2279.82887476398,3601.90865374022,4085.94445400271,-6939.49857993569
-1296.70986336928,-3565.99328613281,-6108.84755776027,6014.97677543615
-2345.93253239794,-2165.96137477733,-7688.68143158207,-2464.14414589744
3269.38704227255,1515.33274158361,-6916.83468512157,4916.42063460146
-1244.19064224184,-3692.62785771423,-7053.76978360527,4398.53651174231
2741.41696219255,3100.60805058414,-2780.87165908508,7772.04504032258
2739.89728122078,482.315373498808,5626.8105745141,6731.10681298789
-5202.05122130173,6496.98657065686,NaN,NaN
653.840592971518,-1967.58448479392,-4247.92603130382,6144.57373594507
-2531.60478820644,1892.66630692245,6025.13245454707,4377.75051320745
1296.73008476637,-1756.39582176035,4888.77947468852,-5898.51130709713
4887.54457738016,4383.68028474775,2249.44694794665,2809.26153754424
2885.87318897932,-2365.90898492235,7521.50291349085,-209.993946777205
-1334.39853967966,6991.63418711834,-1847.41688201055,2993.41427263059
-1164.68625137531,-6337.78566856885,-3179.51923076923,-125.526304291675
-3220.06891121432,-1617.12551953344,181.071492785571,7726.0663288951
-3011.99999470235,-3106.80769755565,5559.19552766489,-5999.88656457264
2868.5793812137,1188.52983384366,-5450.72482460054,6106.52094784299
-2064.1405780339,-3661.88804892306,1986.69831426972,-7860.80234869808
-723.578355710738,3695.141832921,-7830.75520767672,588.07743281759
537.790519404509,-2985.14683501856,-1646.14577437212,7753.9885229556
-2221.30518791162,-1937.68114255666,2882.30251136786,6976.21257020088
-1249.09008362783,-2051.59153589227,-6848.66748106641,-3496.10884414476
182.436990564201,-2553.53971244316,5247.48795353969,6274.08590036683
-1633.46602314416,2979.82692273969,-7012.483126637,-3114.11298102362
-1409.99604252287,-2999.93016914907,5382.18475452411,-6233.63427318072
-2750.88068340351,1313.41088962528,-7723.98945634789,-944.180752681927
2727.98349004305,-278.395878651336,7352.08401372261,2052.03463001493
-1369.80196983623,3120.50730663255,-6638.48925834529,-4398.84015079077
-3017.73187057326,-385.945643826633,-5882.54239116356,-6311.26603844607
-3838.4768328971,436.452072143555,-3095.59159924601,-7133.65859782204
851.65393264786,-2784.76311658331,2438.9952030383,-7341.58734665736
-2556.24147362107,911.387174541948,-6476.63663312279,-4093.14667497452
-434.596818335383,3341.46932930976,-5903.77054260827,6717.34842499915
-2365.19718955652,-2879.68657796955,7686.60160900973,729.114309000177
-3686.53856320276,1163.71660908633,4075.83905303725,7229.21423380662
2462.95291725868,-1198.65616682275,7624.70317673841,1742.06284942009
6273.0715575255,-5283.14180549932,NaN,NaN
2907.96740288639,-1729.61042518812,-3582.38433644088,-6685.42907605259
2182.74174876589,890.808253604272,6282.25595743971,4070.16516460308
-1083.50389749511,2839.8868939502,-6715.65731750643,4752.82808370675
-2713.50846965598,-242.809280936455,6607.44211210357,5299.90353921937
862.546946962594,3392.99463643064,4739.39200231189,-6686.61410542642
1650.42727714684,3541.16451602316,-4356.17740734894,6740.94684744505
2200.94115900436,-1986.6152039592,2421.5548378561,-7357.441260589
1062.4120549932,2905.33416218058,1031.461028139,-7646.95694531577
-3171.89178065109,1636.75174209275,-6539.37276764028,-4149.9221571043
2053.9901325014,3590.20094566284,-6717.13754826309,5092.78031927953
-300.280366474268,-2766.60637657459,3589.8433196762,-7503.514908341
3254.83639290775,-2153.06475869582,6742.43468592499,5077.0754833182
2934.68912614458,2913.22803231806,1526.83689283178,-7661.91136502272
790.186090584358,-2022.23622601155,-4047.56665615308,6323.48382868951
-2223.846220607,112.366074562073,-6636.42208362309,-5068.80314844391
-433.454669308893,2622.99277057123,-2855.00168239833,-6859.22451614102
-1256.58177720991,2760.71502624251,-4728.11701899639,-6930.99061047403
-2559.63165507597,-2532.26823205327,-5576.98400986987,6299.08998758233
-2628.47085800606,-2290.97725141574,5117.0464734728,-6302.14122902289
-3074.61441300857,10.3714516107814,-7867.22810929226,-1521.14864982857
2750.71973710966,2288.9269618842,-5458.12813160334,6440.48716930904
-176.018794757751,2812.73683593838,-3273.34271076545,6977.33715194452
-837.048435377038,-3361.71345093716,-85.2407126699641,8034.92077495848
4025.81723409809,1461.92722864153,-2957.47937834552,7380.3826381449
-2785.59184424226,-1712.48567887889,-3776.73365668804,7156.3942427519
2700.08151560101,-2109.46356024628,-6694.83575852992,-6070.91674492928
-2633.57787351111,542.523011686223,6848.02966268055,3278.5484650232
738,3253,3573.85765336684,-6624.98077064355
-2847.99987914709,336.435914608517,7168.0628497506,-1152.67608557721
-3320.79470481086,-83.5116486426921,7443.30369710831,-1414.66394958527
-3994.92040260988,5662.13506504859,3019.53949687285,-2726.7071472218
2480.16855501423,-2968.8613983864,4811.09589917165,6537.99036119411
-656.419187993303,3725.00134633436,-3018.2547296613,-6874.392379142
-2813.37057704418,2341.55869582604,-7374.85667698401,-3014.59798720619
1355.27866277582,-1765.9824673589,3892.44625437944,-6676.95061360533
-3572.37948897194,1958.7084373604,6837.69571812547,4127.70572090662
-2147.11598798084,-3477.69174664028,-5093.0685557026,6708.81140873744
2721.80512775984,2536.68130419834,-1266.79554034723,7953.78884996065
-2936.46428348853,1806.87466663694,7691.29009475136,1142.36682857815
-779.146320802172,2799.95115640922,-7085.36619330872,3352.98420291234
2371.50135116874,-520.602042218764,-7709.56931712037,-266.303756543352
-2942.68923305068,-205.171936035156,-5394.7646068673,-6591.29930149293
-3364.03043815432,1205.87903450216,6359.80367426875,5687.43926597132
-2560.28712990532,2995.84326685978,-7832.96051447224,333.699277988398
2286.7814449549,2176.46154880199,-5935.95045331295,-6425.113522288
4115.68768979686,-404.877614667339,3601.33080481355,-7209.1524817799
-3218.43746542713,1799.58774111686,-6457.87058720337,-4720.89724301934
22.5329131937295,3619.46941070628,6702.37583169922,4460.88964154949
2690.7928860606,2228.65862439094,-5361.28470435264,-6854.11024533707
3347.488716044,-1460.82482218426,-6754.07661969239,-4068.77581069967
2441.53583046728,691.086371909322,-8111,-1813
2768.75516553202,-1720.13791758889,-6375.77038173093,-4431.28985309881
-1297.10804058602,2463.21783587242,-5526.77704667983,-6121.14925494589
1194.18792175066,-2916.61068136181,6082.00041973007,4618.02259003602
-1933.61543364328,-2386.24746347347,4099.58370798176,7142.52350310813
-2163.0735732426,2548.80654876638,6376.29864046854,5344.30488793021
657.237839471726,3591.10876999252,-4699.35387614021,-6921.59499799985
-997.084552446437,2617.90759240736,-2741.53667660993,7577.90262239962
-3116.90432538244,-79.5967313630535,7115.06622663733,-1747.18283893421
957.430438925617,4257.64080216399,6647.08138030569,-5388.32387671635
3401.37641476418,-3205.24331146078,-8082.57585534358,-665.746747924983
2114.62557500951,3193.97384623305,3720.70646155823,-7284.15941072964
-2662.28785275694,2156.70448368685,-7764.51442860419,-2449.74791386596
1803.6890081206,2368.09629895719,7934.21267697938,910.526527058283
-1128.31694666261,-2888.71622267742,-6216.84615256075,5143.77838476409
2814.269008508,2729.23722905131,-1392.57591627915,7306.33489066182
-2948.18212241381,339.133373854063,-4149.42386413376,6706.90897004018
-2.53146922831633,4086.25443012187,-7129.33557154067,3121.35290411708
1588.41965952039,-3156.09406682672,-6269.14988410539,-6739.47246296913
1607.36270304326,3593.90055941323,1318.21298787453,-7931.50324185538
2762.76553623917,1487.04248647501,-6651.50394050362,6348.8063013345
28.038940902873,2661.50071704293,-3760.88407406994,6581.02742606439
-2643.31440364018,-2934.69321772071,3219.73449683435,6881.26346180659
3241.06990325191,3138.99589352593,43.4804452043899,7957.5985826738
3012.62871086922,1179.08133824508,-6991.70302361756,5318.41237312587
-1730,-2563,-5667.42643663232,-6327.0430810979
4075.02403589551,-6270.45570900174,NaN,NaN
-2394.50620697458,1683.07946309411,7432.67238176037,34.4465328019737
-3179.73487988892,-1047.43356146694,-1297.92695639996,-7540.19606039318
-509.354831494502,2820.62486971929,5528.48575360914,6921.65115430157
567.2586680065,4012.09222884041,7548.6584696404,-2710.61775141808
-3304.25053107985,2064.88252945253,6500.57462303785,4199.02666106171
-3391.40610958993,387.625174799845,-7032.02923125518,-3261.17383020019
1145.58345030486,-2564.24464468851,-2849.94076509166,7534.34241186644
-3015,-3178,-549.851471033718,-7460.36312157112
-2695.52661897456,1635.80238518698,4043.30893572959,-6918.39765525982
2692.22962185108,-5824.261403321,-3768.32335090017,-2134.69755774302
-4136.58053050322,-6948.11276208387,NaN,NaN
2168.60372161748,-373.183314415437,-7114.46515986668,741.205928389863
-812.103734439834,-2411.56196312562,1787.54688075668,7307.91743869762
1840.95609423512,2254.77570265475,-2170.70064931135,-7275.62225966589
-71.4225579470199,7424.52951052462,-2911.7616405709,368.139582113583
-755.08814627365,-3582.44985688698,-2842.29220638865,7257.82506893767
1511.10921304149,3652.66678052981,-3424.08631754313,7120.33415036409
-2746.42529472336,2492.75588452459,6686.45196901356,3778.79094523833
-3320.4247996294,-1680.06437351134,6777.5424701807,-4043.45584275852
825.909090909091,3095.92433117648,-4014.11289090258,-7100.77971853134
3208.29976452127,-2147.11035349364,6996.27839784965,5591.09880526767
598,3839,7227.00814042057,-4418.02041043446
-2705.66018384,1899.13526890684,-5090.27788323951,-6682.82351761425
4515.72306546013,3437.9318838858,428.325332641602,3314.1836031989
441.469145965576,3351.65612913433,4882.02674660133,-6739.33819898888
-842.301076376515,5959.48147232042,-3969.44133408255,-408.796198563823
5682.46962870483,-5494.25134562647,740.265063587368,3521.77718600276
3960.58644216593,-4972.26102735623,3535.62011117226,-392.282500187629
-2828.42399990722,-513.474582408584,-6152.77749040225,-5650.32519485736
2217.15585496021,1792.87882149264,-6364.64983292331,-4951.93175986732
3359.56742719638,-347.756733361609,3198.65891000205,-7489.67395945594
-379.468951542398,-3038.02546300382,5777.68492129646,-6309.19407579877
-6155.43790493798,-5823.53274881275,NaN,NaN
2480.3572695047,-1880.61034627038,-6163.5321218747,-3629.41000371598
-2811.0681656306,916.107850364153,-6501.12560403744,-3992.47861334922
-2958.68013422185,5355.252442975,-3703.68324602063,-2659.83120205859
-3320.28974330773,570.79961132583,-6518.46729022507,-5554.95918307474
2683.99416314768,3141.94781713204,-4118.93095685331,6998.19718528097
-2817.67092222633,806.593139648438,-3848.74278318674,6913.54320154741
1104.73113046256,2554.88065266768,-923.239311793342,7792.53754692503
-3305.683183009,213.54745195829,7227.69908404179,3450.19868750353
407.723654426559,-2825.71418573461,6171.21743103831,6456.96622657598
3383.0040218667,1999.04541357975,3278.98174464888,-7217.14270365049
-2100.76144180298,-1570.52092509116,-6584.63453319427,-3930.14355886569
-2717.42025268147,1917.21500977636,-5205.24518831029,-6735.50248443169
2445.53705973239,-89.2463235294118,4989.70789678781,-6327.88840939537
-3681.74713305005,4382.89548671702,4404.81639316148,-681.02338344029
-1255.46944962687,-6595.89252859901,1122.7657463762,3402.17425276723
-5033.79138197139,-5685.49855697145,-3353.27090139497,1188.20427558464
2854.70486604325,-1356.27447419501,7408.58127034486,-154.796875
-3108.05486959144,-11.3432082693783,-7262.12773388131,2923.24232505927
-2060.89705355583,2881.99905830455,-5973.16821145894,-6807.30281274768
-1999.61923170426,-2920.08196361223,-6341.62734842037,6923.88586838728
-2638.98026288764,-2770.52947766791,-1784.80755128965,-7553.6754875735
259.65673828125,3125.05824590117,-6591.70317794014,-6570.23375978141
2507.55860350449,2495.79002900825,6823.89111947092,-5440.5094009718
1602.21353779941,2434.14242956506,3814.38653724209,-6665.75911505788
-1615.35003425468,2086.12587630703,-6819.2764236588,2751.51347153696
-2793.18579616216,-2169.4910541034,1601.43390225532,7442.35823373359
-345.709776049356,2580.76354840782,2795.39954852171,7371.47419534471
2996.73983287263,-2924.1288351769,6716.8092925188,3895.01643389217
-2721.49152542373,2957.65522646658,-7366.50076520632,-2879.90152745348
3028.90931234925,-2083.53423336388,-7717.57759540122,100.90346772373
-3495.36572814415,1758.58671824137,7551.45051323761,1610.22523243847
3369.76071585316,-1209.58322808822,-5414.8892551762,-6863.69324207437
2494.75772115967,2958.68818269384,-3605.09882619936,7306.63761356506
2755.23104308133,510.34375,-5251.11806660514,-6446.25621874037
-2594.01147801546,-2279.2003757489,6527.18520449898,-5085.96235730984
5009.26822005039,-6905.14762626048,NaN,NaN
-3522.02022075524,184.615457492342,6925.57761627335,-1469.05555491076
2514.46522476921,1047.2047999977,-7274.36056624645,-3489.50350845784
6725,858,1681.1970103848,-2829.0849822376
2465.23200530777,334.243899649762,5634.39032486727,-6348.27996114632
-2406.47005220803,-73.0121342077289,-6773.4727714833,-3425.55052084463
2895.18328833919,-2982.10463946851,-84.6989525428186,7555.52791927078
-3320.67943212039,1888.80469617375,7759.37383006158,1284.7656619319
1094.15166157303,2967.15074755368,-6390.89407907153,-4762.33866443487
-3926.67237535433,2145.55178428764,-2526.54466880761,-7296.02479109761
667.274605330953,3203.42979192929,-4168.45981690626,6503.77403411865
-153.738063304721,3076.27554647729,1518.50277928416,7257.73054330853
-2979.98222069167,-477.276223062467,7299.84532406223,-3433.10853435888
114.78125,-2796.91595275543,-4793.58791087049,6608.50015312013
-2854.82349268097,1777.97825935028,6318.68578527222,4656.62796951869
-2331.42831064508,2541.44466434111,6805.27215956551,3560.99455689224
-2881.88005612438,2714.04302051709,6643.64646087989,4513.2905529855
-2829.42815710236,-2617.56193757906,-4282.13950453042,6472.71343756353
2480,3790,2590.25957087801,-7553.05609238135
1772.20527131436,2758.76231882502,682.580202918171,7324.83005912573
-3435.28351134343,460.45867563914,6689.73969171697,5307.36265498143
3687.15617388648,-1181.33810218815,-2546.32527622291,-7074.88275447375
-3375.96886350008,-1477.87064653103,2740.70018976306,-7754.93798225216
2527.89765538625,-1238.46652780169,-6502.72741166566,-3737.3159673023
3090.81743229552,-1016.36770767414,6674.35228081438,3957.36964058004
-6910.44482476458,-836.493077937539,2676.1739084809,-3061.20185469877
3109.30185470399,-1465.17152186802,-7633.63669583752,572.90478515625
-2341.05913117098,-3219.84801899632,7923.03417524109,-137.508123476384
-3962.90707764442,138.911194763666,-2193.2274413511,-7223.93096997446
-1098.84529891685,-2968.09232336957,4182.33777861129,-6288.49841531785
2543.58393183958,3515.01102423858,5045.71195725195,-6595.68379683314
1253.58959520963,3013.37602425961,-6407.51147853873,-6305.80248166667
-1436.87428062976,-2781.64972511133,-1626.93929807122,7787.37509270288
-2197.45583645354,-2064.38199651626,1210.72469858402,6780.91260549614
793.862597788749,2542.24709572932,3211.18848669832,-7106.36507437251
-2811.47629664011,-593.125660642364,-7552.63384392832,2199.3441939221
-1759.4629015795,-3405.0387166118,988.235686203069,-7715.59371344039
-422.826479209535,3303.06297870279,-213.286074502514,-7978.65797214175
-280.765869140625,2942.49546710776,3459.66301212504,-7071.17055585933
4780.93746580963,-4031.00632166486,-3721.84933856097,-474.171845036536
2011.54529439725,-3220.80304557692,7843.99000049912,1826.84984586931
1880.99461569062,2806.02614355184,6807.74775533546,-6138.66252078484
-3219.33579056886,-52.7030020356178,2281.10936350683,6873.88688794589
-809.733602126428,2686.12846019308,4756.28471800817,6425.36205420694
2580.35670565831,-208.677303383892,7498.1278527398,-2085.00322998621
-1956.48530457042,-3171.84266233823,-7284.28149097229,1642.44544123478
2269.01027567578,-3148.16751918857,6025.58891143241,6255.78011923259
1148.31481326614,3623.07835518565,5018.46952739539,-6603.66451130922
-3391.96830427632,1624.22837914193,-6864.2987065842,-3863.86145850797
202.044001774892,-3143.52271940347,-5558.77209123699,-6728.56134665222
-2301.61402919527,3120.74777861116,-6779.65773660491,-4123.1433882975
3029.31781244755,-679.198734177215,-2070.58516258886,-6896.58776537418
2182.27818223641,-1215.19527126003,-7256.78367792047,-2589.56999901106
-3143.11202635331,27.54296875,5816.81849635509,7140.70423516171
3368.50950989095,-962.028316497803,-6359.95470065615,-4971.72325960757
-3893.70064836263,1577.83325546907,5205.44623062756,7154.60067362698
67.9170111142672,2686.14467292812,2603.68528396092,7592.8314407382
-2260.66435626408,2015.04696982781,-3687.08077924804,6780.66961875827
-3099.84079259841,1463.64429327706,-160.066248224707,7821.77009466541
2752.97567187223,1368.63175563028,4326.78900670374,6952.96845004405
1398.93759268302,2508.76797980341,7591.20924549803,2503.75202783472
-1435.64116022278,-2627.12631815703,-2940.85796303211,6734.42251257717
833.483948083826,2495.28457846877,1525.11331749924,7289.79790747162
-2182.67993925639,-2828.735003864,6723.56579516704,6371.04375279736
-753.005280356025,-2711.32705343986,-3715.11176219653,6432.90098835453
-3051.22440068673,-1955.45434195058,6859.82505088453,-5765.78415830154
-2986.97133346751,-1511.3054603866,3817.08369476946,-6828.48481772129
-2619.58633748697,-1134.49863831803,6867.7709756348,5530.54384926173
-3446.99606842012,1687.69028320355,-1987.24350575143,-7283.84581714453
-2128.81321144316,1052.08766742863,-7841.0579877551,-1053.6896492351
-1060,-3469,-6372.14931730397,6155.92901334295
-5389.95361760136,4674.74702894595,-3372.31247524739,1241.69440065337
250.687913212846,-4019.08651048402,6964.80063239515,4485.36549683043
3239.00629090175,1827.0816823066,1056.17892417312,7190.51838133175
6491.87872348141,2588.58299960853,-2673.81809525277,3973.84470703371
2777.17383474366,255.609414502874,-7656.12721152296,418.636314535457
3246.73880445343,819.99027136771,2403.96997963669,7417.77588886619
-1135.53665594202,3225.17822091418,-6482.86011490714,-5653.31238646027
2048.17010177739,3308.09636741107,1995.56769026431,-7547.63911681337
1383.87339598476,2714.86246546709,-3885.86152233007,6517.28896023259
-2246.69733575507,812.454556972081,-7220.49962679885,-2118.39933036961
-1668.25100224072,-2104.90987408824,-3477.75816638093,-6722.96240085201
333.748068363709,4003.27110622526,-7628.68541609594,410.045144182891
-3161.17077406698,1118.77095970542,7556.99089722351,-127.296154081327
-2727.12058141734,1891.72046703297,7024.26915728277,-3917.61593788413
3509.35222450823,-354.392173949362,4355.31196035192,7105.33772740205
-4216.33052884757,-4655.25527484448,-202.020881421638,-5371.30606105369
1784.10064011599,-5670.19502538562,-3576.17283507367,4450.82863090933
-3931.58569930405,23.7316513061523,1529.2731283851,7079.9898442598
-1919.03013832551,-2601.44316971605,-7072.86875070552,4120.44588011344
-2099.37520171669,811.016703591418,6421.04621913471,-4459.18703064419
-1441.57351070863,-2645.69761554628,-7535.89088615665,1174.20452724266
-2176.96837087778,-3424.81320457088,-2587.35346118618,7313.34345126079
-2818.98822875082,-1241.54813778499,3310.42567839791,6769.11371374498
-2121.62977282086,2849.56767090139,-6378.52471173126,-5256.84847215752
2971.23309948299,1567.91848732642,-6447.53027875508,5986.67278233442
2212.54832513829,-2499.55593641281,3473.92390133097,-7219.18099913434
2689.75957970365,-2386.36890020902,6988.70025651135,6426.36878357745
-3024.83359915501,-1344.29290096906,2008.48029189222,6866.63735179146
3010.44605986073,-1068.83501678453,-5978.19491830911,-4740.54728323296
-3423.13998964608,672.959593634929,6728.50917351416,4371.6249638403
-5041.31194735172,-5920.61958384113,3363.44980805516,-3650.9935877428
-244.700143628707,3779.41740656242,5074.24757972441,-6487.60302108806
-2423.83683382348,1783.87972134206,-7039.2311997525,3112.47361298819
-2889.26790751933,3022.99918191998,-7765.43550493068,-323.133484098892
-2771.59470730477,-16.2797330500005,6200.15084919755,-6328.02035316492
-2465.14377204265,1308.67983245275,6980.56523033188,2358.7859134257
501.630812766335,2272.7633882478,-2506.19249275667,7123.48570545323
1076.80001406866,-6416.94936375004,2870,2851
-6410.74104574274,-1131.25409708893,-420.685768127441,-4941.1792661499
3167.41246228227,904.984862790351,-6269.98807412475,6282.99166555782
521.978163562174,-2506.8231777798,-1546.49512577139,7608.20910555964
1427.84839960354,3309.12861765294,-64.7311684807565,-8118.19103993825
2720.60909016847,1090.4922260612,6544.11952147005,-6154.07212612963
2839.88629308967,-1946.89589717244,-7561.75572121581,883.131141618497
1971.50434229125,1219.5841170862,-5386.53368514068,-6351.86985265839
-3846.64262885945,143.10459719422,-700.117422028789,-7549.56166300343
-2952.95041624203,2700.74310591515,4782.66898993295,7125.93647399042
5818.85958072544,3257.60944222673,-2137.29352143842,-2691.20606634014
-3035.86607300459,1697.34727446252,7170.06766966454,3105.75375595222
-1093.20630362064,-3060.97087700542,-4376.08781027924,6525.31785017359
3300.18945451852,306.688411689992,-7007.23184787696,4484.1894595927
-2975.33902551448,-2174.66966512772,2462.38017886044,-7561.34204561431
2778.1031448516,-2188.15374498024,6685.09641922798,4272.16159034073
1152.92684882076,1738.33252729092,6020.68931988846,6102.63817315832
2200.31967268319,182.424595339625,-6615.01467746103,-3289.60508058434
2753.90238485029,-1141.95134457282,-7547.45598678994,-377.966321582836
-3178.5432226805,1603.24852755659,-7951.22619918561,72.8761878631805
2773.04491172431,2871.33268508724,6959.14730846199,-5561.05007561406
-3042.77677445655,1240.50225405958,6954.83748611189,3154.41368235626
-4017.4746729207,-341.124196141479,4800.55728712666,7031.09450470517
5409.76639855772,922.205481109369,-144.461082310009,4623.58809632111
2654.70405622458,2690.79039733565,4982.43235882376,-6619.24948675129
-1297.5579176126,1835.42117917568,3242.37194340312,-6897.12818269352
2082.23331272644,1051.98994049869,6188.63373569197,4911.10459280177
-3287.35184069734,1880.03604452799,917.81905976843,-7652.58007053832
3358.50734097968,1925.52353954148,602.114371049485,-7625.43835375536
2266.56722112943,-2576.13233563194,6454.21309392739,4335.95789027691
-80.4315795898438,-3886.36861809461,-7574.68439923513,-207.853075388917
-2862.24365269673,-315.948886488403,7936.65057852162,1313.7118501549
-2795.79345017147,2257.25424361483,-4314.66969871341,-6904.64047996756
2092.18957302495,-549.099187101753,5897.61889096847,-6420.04462003986
2222.53993661867,790.036199748534,6359.50955241259,6441.08918468028
-3121.2580961569,93.1157531738281,6273.54595382872,6653.22856799738
-3459.67859028922,1159.0919084549,-2524.37209432141,-6916.78617954022
-895.337265082689,-2587.74562369716,3489.90503294356,7298.42854896753
-2495.04088213103,-3239.14341414087,-5357.19347171512,6002.10024884488
-594.531620611243,-3398.8583796236,-7726.19960488405,28.3456668738755
-2433.66406084978,26.150602827051,-3750.05913309951,6446.27982033347
1894.76467690363,2882.55551234688,-5667.77281587228,6135.28748889464
3693.58167158037,681.191497802734,-3871.46889448201,7114.03251368564
1940.44111809635,3337.13004818606,4251.35676930257,-7041.63315983514
2905.52309630459,1321.73250524009,7052.11359623646,-2699.9798699966
-1891.61404473763,-2107.72717874506,4114.32777785566,-6777.35529298296
-2601.35563176992,608.198934819669,6862.14971222375,2790.27716229333
2864.06607702696,677.779824813843,6280.84943101243,5321.86379181455
-3851.1271484375,2324.32107003105,7783.49417314562,259.45454631172
2737.83151862464,1244.73192938209,-4410.22410826145,6765.19114798403
-981.970264564295,-2240.91279561154,3306.12627418318,-6842.38902062695
492.257827991884,3025.08057858951,-2763.73200605771,7213.16356347178
-3275.19541555927,1837.08810766641,6848.85011846492,6173.97130653727
280.507805713115,-2304.09208887043,516.57391834624,7191.24074886968
3094.01282535816,6032.18526084505,2370.44123105041,-4003.81103038887
-2783.32904923547,6897.98303602109,3167.96268013484,704.694670411729
-168.388622359155,-2867.10480289784,-2466.13611599194,7435.03889976829
-1948.7594182239,2473.38190357002,6448.81028928752,5704.04082275097
-38.5281911925342,-2630.89847376179,-4466.54461047414,-7103.44255570613
1606.54620706935,-1464.29249494609,-3157.31165024291,6664.447990842
-2515.9261703461,2695.11305509733,-6136.11531491226,-6117.47211687501
-3271.1694933981,-2841.27561457488,7389.27694940474,3307.30301228229
199.766234913511,-2837.75526945977,-882.959947916667,-7294.74343918276
2695.50832624916,891.290216509153,-7651.06483770516,-1698.7210327796
3771.1837871436,-2228.28301810759,-7719.18705325422,-2384.26562143324
-3245.7186559463,-1303.86955628963,5914.00249153273,-5784.0320952534
1698.74630579797,2299.04742094617,6588.49839989511,3045.5930710106
1415.25896164288,3218.67415746638,4272.82836992902,-7002.56982335259
2474.04910461484,3021.66077622778,-7321.18450607034,2048.66552482211
-2406.56822480953,1839.17843336878,6702.80080444546,6009.35637497624
-3112.29249304315,1527.46935395004,7458.76620626816,-117.020138496326
-3128.1863301677,952.346817066844,6852.06508719927,-4844.00742778542
1938.84759337818,383.67822265625,-7643.34799882334,-2729.87699247514
-1695.63874734858,-2971.29605305244,2771.87672416693,-6996.52310396183
-3562.24366809216,2298.8456440419,-7714.43525515404,-1799.58282755101
-800.834304832447,-2860.33143309189,-3045.59340996705,7144.40450408788
-404.134289104477,-2804.62356740004,-860.061199992135,-7196.02428439744
3162.13834876463,-1478.13712278554,-7890.35017601383,-2012.34443065852
-40.9818256578947,2161.99062103404,-4556.4440435217,6447.81539962908
-96.1544460221332,-2422.46781417157,-4149.39531530772,-6603.58137250498
-2737.12876687526,1119.34820594475,6286.24049243094,5573.00075464103
-3239.14170863012,-308.632035631362,-7210.89943647759,2337.72115193581
-2864.60251788405,-1669.89923408241,-2924.95596368297,7163.71665674606
-2771.82710625343,-3240.4538623795,-589.636487138366,7855.13103978555
2849.0836918217,-878.319512224401,6636.46882090047,4593.46837396541
-2732.57967891593,-1043.26957150325,5866.35402893536,-6238.67920502614
0.306474021779636,2821.98366148224,-5230.92376967117,-6401.28126348485
-3102.39976767474,-1342.57793541161,712.870459949697,-7739.69412939082
-538.591085707487,3184.09146867161,-1088.35215325499,-6967.56905137287
-2636.42172317051,-1864.15885939799,-5627.13039036277,6380.56251860972
-1858.53683941693,-2641.46900009339,-38.1708544121414,-7702.90798288673
-2345.60131444475,617.33880319903,-3208.59788087892,7162.82537433736
-689.679807509365,2509.28216429216,4698.97270432121,6048.42251833793
1027.54724310755,-2701.79908300932,-2190.84760711367,-7358.55960895468
-3478.86315852439,-40.2712763006037,5966.19998805434,7092.96314562035
2830.41731309834,-845.824951577694,-7376.50810708691,1781.07985405073
1456.65041991916,3337.22969299467,7143.04222249386,-1201.66309222616
689.571742669813,3515.46383037393,7141.50660718763,-1418.08813669857
-8124.63617522025,-179.434887961124,NaN,NaN
1357.9414031225,2741.85676175174,-3402.44605318531,6975.09992670457
-3806.8713428072,-1002.87930306355,7669.87268544062,2137.71127552634
2208.73007912853,-2975.34936906561,-7718.52527576523,-1235.75386683714
921.318426281548,-3542.34788861797,7494.09259940093,2457.556300372
-2183.5392509478,-3088.21779348747,2608.24821199965,-7687.51047169936
-384.850849680657,-1996.75446221973,-1441.04566721598,-7286.42503649452
-378.885785161232,-3045.72040578779,6112.02476422816,-6500.06493591029
-1110.03483626663,-2455.74273725597,1819.26793412478,-7429.74666648006
-1122.98914930556,-3267.24058603302,521.760472141566,-7837.13805727479
-126.456440593703,-2678.18625762091,1206.27927326262,-7831.57103608967
866.079115389401,3030.90442765226,6453.30332746249,4345.66646120026
-1763.24161299222,3160.60525686237,7426.26042246712,-1754.37745132195
1618.96795401243,-2239.15542967396,-27.1550826426056,8111.3703181186
-1504.08896860049,2347.86309566631,1651.45017650631,7072.56262979858
-2669.11464656099,-2098.02351987759,-7461.1183896025,557.497600196188
2285.79857742381,3065.90173137266,428.937156684234,-7655.99933330897
-1080.5537109375,-2786.19931673479,6386.02164651319,5372.76462786993
889.391745912461,-2697.02769068668,4774.14285714286,6809.01812836082
-2300.13877415531,-2542.16068714093,1924.35970732888,-7759.04341284963
-1213.20217353883,2599.18095956473,7258.91040845453,2140.11348483306
2636.66670704649,-589.617245947093,6594.44249458662,5568.3999627612
-1783.96404223361,2694.79026835297,-6237.2981131342,-6081.36705866412
-128.639972727165,-3210.49689588998,5992.66234016789,6673.32473378997
-278.945019827877,-2830.43778717148,3361.14504638963,-7493.18238393628
-3120.76695718369,1700.60572011372,7503.78768615452,2540.51189778881
923.52454881611,-2838.61909126647,6504.42895084582,4938.29589065764
2433.9871347465,-4694.84773724471,-712.268525703405,-2354.01069786682
-5229.30326482249,5894.75193667944,4864.28363396938,269.823387391281
-624.431227685501,-7566.14247253697,NaN,NaN
736.060711477999,-3006.01208698205,3871.58591729557,7131.27121977705
2742.07241609922,-524.490680265273,6711.6689027798,4408.0303354693
2639.39291192962,712.430893051541,5467.98043022109,-6451.90693526223
-2462.84052521233,1606.4939424366,-7337.80405103513,-1672.07214042131
-3219.6407185583,-1444.3082415018,7088.41372151468,-1384.73468818509
4381.08445134521,-5764.0086758091,-3645.8819440233,548.812130670478
1020.137379541,-2073.76056545958,-3918.16451796857,5933.49751969109
2532.45887620823,2384.60469024569,4106.58766457096,-6826.18214904239
-3564.87848252392,-1107.56021118164,786.081730991743,7687.8316762489
-2993.12006544945,1214.01404524811,7151.97004444727,4313.94987085891
-214.524081446149,1885.12861833394,-4892.60756978609,6437.07022209974
-799.3505859375,-3004.145488604,6345.12059777099,5355.04280468822
1518.3347045957,3401.37680120477,-4423.46521350837,6595.34529651667
-3236.38089260769,1622.50329589844,-7582.45961577662,-2267.99995771637
-2754.32335708569,-4318.14458761755,3081.21669897228,-5216.31464130461
-3284,502,7176.51919297107,-2077.05314158815
-2450.85015983412,2924.32426193044,-7671.0265798109,-2156.90034012108
202.130117018116,2635.77638636496,6450.29827117258,5421.41589810636
-5404.38667804956,-3797.11108611624,3442.3727438956,360.488310175357
-3369.23888954651,1064.2455023937,7332.56256999121,-1723.85537532698
-410.78230652917,2876.72405153278,775.926902002936,7295.52319358493
-2080.15870735107,-2522.65305937488,6887.6710395821,3796.537290574
2447.66091240214,563.465614128113,5450.42635115824,-6504.50377214647
-699.26171875,-1555.36462674007,3974.3557965472,7135.87096291456
-5659.98015752033,-1864.62562400635,-538.688644496563,-2644.90389958539
-3523.22241113874,1754.69489348306,6748.30646374392,5702.22782435475
-3399.13764760632,2121.66656418117,7228.58388301951,-2570.69464380773
-2315.85423950274,2541.23408023435,6583.41516604626,4284.30730490609
-951.348371059217,-3505.67558907332,-4515.71398335994,6612.72231049854
-2395.28466834139,-1597.1916487069,-4835.19599783152,6498.63724339504
2302.4478741391,3161.94124992117,-2481.23082263292,7726.64557235337
2112.6468018501,-3333.25776408712,7026.37344803446,-3411.34771005946
-1576.35914302104,-2411.05439288921,144.305754847318,-7379.07277596905
3713.40922035079,-2301.03146397944,-7227.61306492266,3119.92360624555
-2030.64263500296,901.592681775774,-6320.87444738866,5992.69112426608
-385.944865348319,-2272.65045219518,2776.59754785523,6912.90055122745
2483.77724816205,1845.8748365842,-7378.2897266449,883.919174655508
3050.6214690127,-3029.46770408249,-545.029914863632,7509.96474524485
-1854.44242740335,1689.74390792847,-5071.3903961297,6670.34242271728
2632.25132234042,-1110.47535299662,7227.95649693678,-1645.64100029565
-437.849641969629,2494.12106082314,-2907.75079422078,7080.71707237223
-2467.26005146821,1258.7469003544,7540.23235750426,283.454978082303
-1817.35753753306,-2850.17279925483,-4472.43392087967,6037.52551654394
332.828542560599,-2846.04994750082,-5024.86481253862,-6798.61986644746
3129.12730399847,-1079.92162043245,1730.06107557531,-8011.48687168386
2656.73769789879,-559.159890260214,-6586.76435220817,5922.34009160643
-1319.26331644489,-3809.58074651967,-7296.39293036665,4205.29978307681
2332,-2066,6040.15046094839,6145.47067152703
990.527108213338,-3529.86233673967,-7961.59605933242,-12.289543719331
-1652.04453277588,-3315.69669908684,1100.37830609037,-7905.2347822492
-3144.76147726773,1280.62494921295,2854.31418227852,-7180.58144413205
1848.26709199788,-1908.06673402606,-3648.15317090877,7076.37983059728
2714.18915256269,-1456.17922451495,6617.45564762733,3398.98830896316
-3581.86097276526,1180.40789794922,7227.76528345165,3863.54353227565
-2156.14386956998,-3326.5539383721,6314.67532834502,-5896.66985405133
-2310.99200106956,-401.198095972617,-6225.42109386297,-4335.39226096826
2878.64850113243,149.634908540981,6328.10027967405,-6672.12539334123
525.497310154084,-1681.77140668226,4213.25136901077,-6504.79922343969
2145.92128886861,-1424.90541853589,7182.16054849284,-2435.93568994755
947.377067175768,-6345.42752521542,3505.02425461758,-1486.08785844168
-3040.87135698451,1332.5625,7597.74436276884,746.964572203159
2790.27593806636,1410.00480821883,-4779.06135375766,6265.65631367795
-3030.03196940307,1813.15961183142,-7311.50059136857,-3663.15965666184
-1970.28440416819,-2552.75119446521,-6332.70446195778,5825.4359845874
1830.92059336776,3223.73510565968,1274.68568279118,-8059.43203356872
3043.95747229377,3026.93103672989,-2782.83977782482,-7289.49292999424
-1287.32946195949,-3534.1829333916,6941.47248158737,-3270.62018733
3600.98696119872,-2466.41661428414,-7111.64658094142,1474.5049752405
2496.47545508677,-1564.89179958132,-6698.41706101558,-3764.71021765043
-2516.39176195487,-1918.80540178254,1963.78697254051,7371.47455355696
2823.79279525453,714.473279243476,6397.87609552859,-5892.8519031944
3453.1017186034,-3395.69204038938,7875.37070731427,647.42062560383
545.828742684408,-2872.74508829288,6189.36886144865,6228.81063073369
-2395.82173852781,-2507.44058244653,7395.46187365989,2463.66168434188
2170.8713725206,-918.637951869545,-7814.88596507291,469.252312147956
2506.70088869489,1921.90132033317,6266.94552239751,-5974.99076393933
-2906,-3416,1341.96529888422,-7848.23215854162
-3526.882675324,-292.052581787109,-2113.991692794,-7110.08176015057
1050.46544418907,2755.27256407585,3787.9580181437,-6850.13501346409
-2120.90246631992,2193.27662033605,2758.46228249887,-7696.23923685011
75.7670974731445,-2320.63522876828,-1892.89510638077,7555.43917077946
-2493.38520054262,-746.489986179545,-7757.42436597561,162.524855218225
-241.632695790926,2880.21213769131,1483.54782938634,-7778.8679714003
-3040.69159593998,-3382.75807286534,-457.797095687566,7586.86424872116
-2690.70459423616,1921.80296765003,-7010.59100080001,2363.07928922877
708.386277190517,-2672.18367450212,-2903.47346474697,7393.44921256445
373.002068014706,362.097876074992,-3203.54222413354,-7293.5211923322
2703.71668851088,708.092654458176,-6773.62340096311,4036.90762602723
3634.54932786757,-1856.5935632418,-6702.64958266368,-6539.44550479938
-2600.60120156279,-2216.99998933882,-4244.62307088186,-6791.17923184151
1402.24493637053,3755.72575982809,-4237.01076201946,6403.11684916848
-482.630570489208,3173.92799227914,-4177.84705251309,-7181.41584855512
2024.92707357739,1905.30201910728,-7382.65320916635,2275.86139045392
1787.40753573859,2955.22376582648,1944.04620945956,-7439.45864996076
3439.11936069984,-1018.59614787068,-7135.48051144015,3015.77388477627
1955.81886433263,-2376.76469754163,-6429.92006862631,-4695.47504763368
-3175.24402931611,2013.96829579374,4963.31446404522,7180.61357560143
-2281.89195684051,1159.19902054251,-7530.80650081691,-2286.32325355889
-2675.93338494749,1017.3554757419,7780.33068483907,211.70160144172
1565.73363191846,-3129.18091562509,-4431.04477287395,6743.05310690262
-2876.53903153541,-2043.18451168939,-216.89474575604,-8109.39463154059
-3657.83135025297,2282.85668945312,1656.25814916226,-7547.34308835013
2456.11833938858,1689.64906944221,7438.07030550103,-1481.13800616197
-1660.83352416193,-1155.63980978678,6977.60659704661,3457.09619200117
-919.069004477386,2338.74324418214,-3291.30511598457,7214.8492369513
-5022.75143076027,-5482.0847639331,-2702.16514429351,-2180.96385008675
-2997.78790314922,379.459272960178,-6866.31989876695,-3141.04677237543
-46.3549813860672,3263.54587318438,-4734.99999826401,7052.61389296812
-787.370890942896,2136.72010547515,2825.3403504061,-6766.29919747243
1633.61466229053,3288.16936258521,5573.41414981896,-6403.69620495794
2997.48613826113,-2160.24249288511,-6452.15510560952,-5266.36675702939
-2983.98613978591,1233.98830952879,-630.262857165093,7956.08395167397
2257.34940842573,1141.51276514813,7138.88230845815,3794.96919775354
-3018.97540583242,-2200.00493612391,318.347629088171,7685.93450063447
2228.99619988947,-2223.76814249075,3757.65867815757,-7292.76210413101
-3358.05030574883,-391.556746320731,7351.54948258513,-3889.08011981365
-2829.50684346889,709.284545710829,6961.68634508596,3522.40819518468
-1009.21339326746,-3026.82972609811,3904.64291665023,7148.58920158949
-2704.22836629211,173.662650730299,7010.6875539136,2994.77459036334
-830.776734540807,3583.0198104978,-6894.18895707627,-4453.6912963337
1461.90420904804,-3081.62442273897,6983.98866607377,-4816.97395428394
-2643.63734712576,-2701.50767030754,3100.96563074264,-7207.52785391871
-2418.53332329802,-1205.85172075052,-7267.02949259915,-3972.54452122582
-2324.83698555523,176.527202577519,-7082.86864004663,-3758.00351160953
-4355.91270845968,-4299.70047059695,-2007.5915730356,-3146.04494388398
3169.98223756785,1169.18996971026,192.823948979597,-8005.63949371003
3363.91228797122,-1981.25987747617,-5154.38288776803,-6802.60421944228
2939.32882152557,2648.44505388865,5911.44073035683,-6591.06896766681
2391.4236025694,918.223422859772,6860.87389940751,-5030.14468985811
-1116.08200824707,2616.64763933119,6006.42760987941,5206.81802499271
-2353.40335419953,-1859.82019263867,-2403.82261058033,-7254.0298337469
-2772.45394329794,365.17010921399,-7026.99409527737,-3587.23536727042
-630.464333404535,-2828.2890579101,2693.83299624722,-7422.71340060607
548.224282532692,-5651.42834475602,-4340.45373460378,-7.27662658691406
292,-2557,1130.73475658503,7648.34170333667
-2997.23060514308,-640.916748046875,2018.24166655028,-7560.34700695649
-2905.39695961692,76.5322875976562,-6792.24099069877,-4294.52344915854
3704.93776794467,553.557752649025,3072.66945174447,-7349.85096003296
-997.112758004703,-2865.43828904418,4137.14105971017,-7034.88106237861
-3431.85487614122,3369.35111432676,-7836.11695550761,156.425777873812
1069.85480889478,-1784.42685962721,-6734.59755761358,4606.08303068719
2943.50979745449,-2773.40474079711,-7678.92576582873,-686.191733294182
3900.54310165975,-2120.19916950416,-7326.95547453361,-2207.78908800723
2044.20875452639,3558.42771179759,2308.29514558366,-7604.11175913634
1739.46802486268,3450.27252627971,5715.48390022504,-6396.0897639697
-1666.6621165173,-2967.85596609538,-7226.43140218584,3095.10699993631
-1100.09167296965,3009.90608869367,-6340.48882892701,-6325.21139636757
1359.3856747445,2837.24758237822,-3602.71386421582,-7052.50336353733
2372.3994583083,1586.0403075674,-6758.04313566753,-6203.7930771938
3423.50864325573,-1572.85412457638,6660.74660879363,4874.55246075297
-2183.22028615583,1686.25248329164,3298.50132798311,-7098.56236800165
2854.26987688576,61.2277908325195,-5980.36496714508,-6323.07550206232
2027.76811652696,3019.12669244473,4739.9139738294,-6758.36175012754
2935.34392150599,-916.303354703463,-7668.54112982427,-2323.0573265031
-1373.51309219636,2993.18627331219,-1627.24809854366,-7302.29337015887
1040.09252217341,-7340.46275814605,1291.09666399285,-3085.61743252789
-1461.06815370649,-2513.15404509509,3955.85488773457,-6711.97040905877
1987.71428692352,-4597.70024693214,945.031501467207,2552.7675283662
-3073.31673526606,474.270493933156,5645.16467872699,-6297.437170595
946.23271064511,-3251.44728600388,5130.48828157079,6903.69458483579
-3107.39737455689,1805.67218543046,6544.87391571542,5580.76942048444
-2495.97968355627,-989.716688652437,7700.16554679133,2501.4160965295
2661.27813356139,-1403.03629164151,5967.72401680993,4389.84479779152
-422.455260171076,-2912.52528848932,-1814.22034034594,-7364.6620247809
3086.12702392515,-751.75476530083,-6666.0225829124,5728.97798679622
3484.75655006021,-838.540510751669,2924.57269867722,7310.43945084122
2156,3134,3587.77367211251,-7429.08906929463
-2885.72260070806,840.259113176843,1225.97302992958,7119.63562718925
1718.54680718316,-6087.23641414348,4730.05185367349,-711.028286481517
-588.908891544593,7012.52536687423,-2608.35075150733,-3216.25274212009
3602.64677778348,-2478.62572269139,7227.11740280665,3743.00362643863
-2427.33461224471,2575.79332529045,6786.56638713822,5832.23713846932
2785.30068781924,-566.177152311327,-2442.99802959076,7518.28027782956
-3128.30328041611,2457.61456151278,6409.15800288489,5985.05167041474
392.00967820283,3243.80936692732,-69.3482032051483,-7762.97476626717
1929.25572502986,2842.88870464555,4058.76067890246,-6817.90568366176
-3260.03012567935,-1083.1988624685,-3789.91996943421,7265.60370239163
-924.005940075628,-1955.94738244127,1655.1429716257,-7362.30596878427
475.0931092985,2009.44558097189,-441.733658433017,7398.83116689831
2898.74485550507,-1606.106108906,-1612.2110398627,7602.81475559326
718.921511974857,2661.01308369508,-150.015360671644,-7510.99089869749
-110.121040344238,-6635.57514787692,750.052972358864,6345.18126757504
3014.03163339408,-2099.66843732913,4746.77637542796,6884.13490868787
2607.76090471206,-106.66748046875,-7836.62052076109,-951.897020565835
-309.580023936935,-2954.61534813628,4234.37607082252,6953.86104625264
2222.4147408341,-1642.49558206206,-4738.10950063467,6318.72011851888
1559.96339431136,2698.3946323984,-6029.82241998465,-5755.9710193263
-2823.93959012548,-1889.82600415063,7013.8531993451,-1670.11064082505
3609.435658379,-367.885499532671,-3813.88841264681,-7076.66591261433
-2873.8731481305,1174.1532015988,-6331.54923705523,-3984.39561684747
-2767.66941669019,-1995.75796593988,7455.4745312827,-879.902867948559
2774.07417962572,2929.41952716204,-6623.36557616099,5570.16519310166
-594.328125,3284.42692488263,-6138.8502622774,-4832.44190163815
-2642.53089592952,-1862.95123673847,7815.3095337521,1174.1351674719
-1975.25272714745,2857.61580720012,7748.3679380199,-554.909415026091
-2916.56310831631,-143.871101379395,6104.83665914175,-5835.92826005134
-2490.94305864292,-1166.68267348,-6631.69290973716,-4623.86030876446
1284.74623507787,3096.46782496012,-3442.72360901795,7043.24294247394
3092.15983749782,-527.655643421999,-7628.57959771521,-2640.57883790223
545.583362858585,-3384.85765158976,6547.81440827559,-5246.22216002318
423.352056100335,-2475.71670289752,-6680.26047412141,-3828.55702663434
-2570.99009703381,614.468761084705,-6171.1469944221,-4942.11307084797
-1431.97103008619,-3077.51489398907,1224.40033914144,7354.60705434855
-7437.33507304152,-1129.11519067515,-263.520505935383,2847.88086750544
-1001.35344622312,-3434.65302125383,-1733.22185232148,7855.40721339971
-782.053716866457,2372.53417196067,-6550.40068625197,5463.39494530322
2459.29739306685,1072.69601881079,-4334.52795609219,-6824.08796529877
-1535.5892121795,-2743.42836402339,2470.25517554287,7329.88270927194
-3.294921875,-2958.32594458574,2713.3161716754,-7294.99130319277
-2674.34145735137,2609.64290077397,4499.60143321281,7057.53679260293
-2769.89819660531,854.472917585179,-7836.527922447,-1896.17653467902
-2493.1400485567,171.575609375,-6365,6332
-2857.6515036074,-2067.80884400222,3289.44044075936,-6755.11274579467
-2957.79686279297,-1772.21848826626,7766.23806204418,2022.42819936023
165.587829589844,3042.99782603307,2704.57903156171,-7684.78670715206
-380.386935276124,-3320.21536757264,-7209.90409533345,4995.17852703534
-2248.6339474443,-3201.5874204493,3432.65237077635,-6851.1023937036
