complex_small_real,complex_small_imag,complex_large_real,complex_large_imag
3153.78495696025,-4863.36607060058,-3941.78302387313,5096.76203469934
-5812.73678011777,165.911452668312,-5436.88585904447,2788.63005669988
6137.05017907962,184.806556393697,2197.01042023067,-5785.28427476024
-307.534117410108,-6933.72620771338,4909.76366258062,3286.78550850011
-6292.90433172927,959.397088989707,1755.61332651337,-4787.68935456638
-3267.16636813658,-7082.91407253126,-172.090714964148,5566.46484075703
-2517.33932794152,-6107.81775150272,-6362.69355435077,937.638824412389
-6125.34010114425,-1087.42398241206,-5095.69729992513,807.304244884715
-6070.60741861408,2634.83391551169,-6342.31282934746,855.527634204865
6229.20007887787,-816.952361195799,3779.93653124896,-2821.65780841677
5512.41280689653,771.559639143937,3624.0909657095,4322.75043342578
3058.86924018886,4971.78513391242,-2444.79395659936,-4354.41101383885
-4033.58174856615,-6495.95665605512,4262.11005969759,-3548.06279835948
-6648.16704370632,836.019828092387,49.2165068682502,6488.41294736055
6249.14125021248,-180.390953133438,-2552.80895287885,-4829.1889721651
6515.29458899869,-1147.43182526917,710.215325551863,6253.90821742808
-4507.52909662482,-6091.84187555017,-6053.73139947401,1948.75102101037
5511.44944515254,3631.24602260977,4537,-2713
6038.92884379123,492.785748350504,3694.21749661056,-4327.42943160926
-5609.96667140645,-5178.71712554241,3909.73243165814,-4707.24544849162
5715.88489885423,-1875.427266054,-5080.92166047688,-1425.61867037482
-6071.73929453973,609.067317380353,-2894.78004963893,-4654.46432392477
-4884.14098360656,-1939.84387777792,494.312181255161,-5879.34452697743
7289.32118806663,424.30019665917,-730.82713875226,-5531.25649336458
5270.04393148162,1958.17629502353,5152.89832730462,-4909.12244196386
5220.32541251206,483.739905199144,-28,6264
3141.04607576779,-5515.27254705009,5497.3374210132,3007.48573824994
4936.20173548232,-1719.99505393598,-4110.8224325328,4250.69486645856
1253.89464136043,6220.32746731849,-4002.57437077255,3327.73409730683
4428.8740080177,-3974.68016464169,5017,-1918
-208.383615943625,-5940.1464825024,2310.60468219674,5207.94268444139
-199.806058309558,6416.57633500266,-3341.85749511989,-4827.09800767171
853.055085292898,-6120.04295219004,-5309.24354773079,-2523.92924392993
254.161407664589,5965.67097617082,6123.09806768069,3405.43172672061
6558.70385212629,-63.3768100472385,4682.11034770996,-5314.52922614601
4145.2784784661,5466.16330171994,3922.42621177149,-2998.83241725077
1849.2154676359,6305.04628282963,-5329.94670811774,-578.434449014784
5405.10151912489,-3528.47972426136,-935.88215879997,5797.42052759891
6377.57040785634,4988.32391060891,1289.50629010456,-5344.63089382461
2112.30065941047,5954.86561249306,-196.693215685947,-5817.01465170075
1060.34327075104,6330.39134412005,-1009.78436209789,-5675.33999820065
-5819.89713467972,-2648.96447717079,2869.0699994096,-5680.67937944172
5818.8600648538,245.932088418376,-3679.29893250104,2840.26429995484
3761.84754152996,4935.75528621263,-4504.97726026615,-2337.11887693549
-6264.83896710657,3371.38952537205,4246.49909660088,-3579.60740155098
6535.94878929774,602.713934825539,-2766.05546656543,-4319.43397044141
-2647,5303,5450.36782619905,1010.72313690186
-6048.32118890899,-1260.86964976637,-3309.76932581457,5056.56194121947
3845.04933801146,3184.34852893984,-3202.02048136628,-3860.4685337571
-3607.89643999985,5471.42255370065,4638.05717203115,3475.6819662045
6249.89654337029,-690.126500384324,-3801.23970553436,-3238.14003401962
-6525.00689245744,3507.72511214115,-4932.42594441611,-5018.34498541659
4364.61550657816,2183.20626481234,-4375.13933932565,-3908.85939125633
-2426.29287043237,5046.34064094267,4409.02469334258,-4480.22511499405
-6099.77576398678,-1731.94692634063,4820.19462535975,-3924.84215156515
-486.052739208587,5695.03840010093,-5488.89229304167,-1574.38664320943
-259.121533861184,6065.04873089452,-2253.04331918274,-6192.52268344211
-761.196655407728,5209.98443701078,-1863.3598937268,5087.66175081383
3729.69626833358,5404.88143424216,-3847.0425397359,5554.15825092695
5835.6073175192,1992.10881076839,2789.01982017032,-5583.24030604414
-6082.70267840196,281.288849598309,-3803.76328804894,4896.77801662087
431.491858651621,-5938.45456426504,-4795.08690265367,-3271.42363316936
4731.10037896202,6062.42551253024,3623.81247915147,-6346.65966087832
-5084.22831562928,5707.85174936121,5037.4043494419,2493.42786353939
4618.91683447851,4172.66055157114,-217.699435710907,5898.62086973708
286.860046017616,-6679.87434294875,2517.19359966478,5002.28841774103
1708.62565810509,6449.33211769748,-4831.46567858195,-1066.99443342429
-1289.23103629478,5203.05182278306,5954.07405884842,4656.80516783736
-5669.36282434398,5491.42945801376,4104.5391378726,4321.99195771084
-6219.62512205095,406.048461675443,5869.92987035965,-1627.45137143103
4832.46061159746,302.31615290173,4631.95935436886,2957.08766117293
-280.232744045869,-6674.02513286531,3214.28501591583,4369.26647188017
5634.21498531907,-389.885948251147,-2654.15588029066,-3243.1277510546
-3647.03253368743,-5247.98700981399,-5144.81144437284,-628.809328007519
5117.63957447044,-4574.83143782838,-5017.03288640689,-904.449548257535
-1105.84392870643,4632.12763910836,4959.43217729028,-2932.4638024155
4896.2066850649,1566.97486181394,-5041.31112809501,-898.590983107163
-391.718672733516,-7599.18107681285,4741.7488631131,1988.86703910615
3300.28338974325,-5041.08961070668,-5750.92393165699,-2073.23028381813
5835.05614263448,-934.495378470241,2929.80112247949,-5490.65470865227
-1573.07694694044,-6422.59442032612,5853.44428043923,-973.875171075099
-6176.91273658794,1057.00466128595,3991.80118868519,-1958.89281077125
-6512.98710720564,565.730884090193,319.836526568204,4900.25803216231
-327.783959230852,-7442.14542525756,-5455.83476575011,1423.77972076603
5953.79233341915,-1167.77145013258,-3920.82431381543,3039.1841565044
-6016.95840178762,2206.16184712174,-6066.06339369611,-2151.90387691859
5789.08336853032,-2395.69768099242,6224.15781577582,-475.492561206107
4936.86113227289,-4185.51101739624,-5103.11558856409,-2500.87790923296
-5830.67886609875,-277.079765799386,1821.7584511176,-4857.52095602712
5660.97385369793,-3515.36088588602,-4931.69777798736,-3613.97650035891
-1176.10757344182,6550.26284691037,4748.92487571117,1510.30484846027
-7217.15193152546,-363.878634800967,2858.8827281118,-5273.05127383693
1056.46559347605,-5083.74987462523,1764.35372022034,5221.32930643405
1361.38084947133,-5454.25949366167,5153.32287847847,240.203063507652
723.462398590852,6263.48948575938,4971.2082664234,2353.11386212133
-1118.86867689155,-6326.80443081802,-2187.95333274884,5472.72051891986
2657.78567585839,5780.58588521775,4494.54644654906,-2146.47288711155
1890.96957584616,6434.66014914637,-4586.94783833065,1776.87827745713
-5912.04447933584,-300.213073782384,3301.80705598331,4529.85631577015
-2673.83489383107,6372.44227579036,-3312.63428241288,-4091.15928361442
5107.00337353275,3554.07513703224,-5379.3626630321,1514.78412315991
1193.17198970774,-5758.27120209721,-1556.51187028622,-5548.37267564936
-5050.34666736595,-4826.09965865874,3489.86135175151,-4911.69571041203
-3417.68946262072,5768.17012369169,4156.20542954938,4711.60865433632
-5876.69314215544,124.503807734794,-3517.30697978784,3983.1734658873
-2485.2363380476,5718.84939959658,4511.4956784747,3941.53114456662
-5264.65085379567,-2729.5358103055,1055.40461474365,5793.6729815154
5182.72336831173,-4974.80479020569,4263.08517681694,3833.97775574397
1850.00569661458,6127.84932043544,5618.02219977559,1093.71841152817
861.617446862146,-4891.93095261033,-775.698096162742,-5808.84749441453
-5640.97413165214,-3522.64905582618,1955,-5465
-4372.41027562052,5606.74910107486,-5028.88207811504,-3557.50748387573
1882.02087060784,6122.27216400716,3338.19428848748,-5658.88635343084
-1027.4012648554,-6746.20172738441,-4480.18605517898,2125.05663740291
3622.00493083207,-3365.35974811827,4817,-3151
-6118.95757849178,-1325.61684140406,5540.45173504747,-2324.2381162693
4178.50201341749,-2929.28595542908,-3321.98766934261,4715.20355915908
-7187,6366,3355.67894261413,-3054.95280520256
5097.36471870005,1215.86345401113,5280.24896053422,2125.94810057624
-5774.39830052301,5649.20298935758,4238.61282605341,4489.09627770792
-5234.05933098398,2820.79478655952,5098.29298281878,-1296.37595351398
3516.13354722735,-4589.35079537707,-3887,5621
6035.66430590616,188.816085022529,3068.53125844684,-4945.25643842128
-7030.94034293841,3958.21364368042,2868.52245019584,5271.42182553182
819.325654929861,6279.88908084756,-5142.57215483778,-1620.88837154718
3198.52195283602,-3263.09592704612,-4532.72557212989,2590.51166093159
1085.74639270346,-5189.97955332826,-3692.9916522627,-4440.09608917412
-2201.90229835418,4591.23601280858,3036.19456320813,-4801.54263804509
169.660404655836,5795.28164743293,3108.41469182038,5102.83578073942
-1221.19244482968,4433.96280198519,-4883.07120590443,1836.97147739806
-290.974105711906,6944.26393781866,-4712.00129778856,-1847.42136246863
-4153.87387512962,5929.63695545085,3552.34377407811,4628.21862977294
-841,-7028,-5152.65933053253,1461.02684028535
-4685.2601629885,-1009.7708936777,1871.7544571251,5140.97960199274
-3389.0198423922,-5140.12715196232,2635.95192296555,3676.30979932144
-1021.73256606696,-5605.33998593327,2727.08211894997,-5344.68671942342
764.716169573983,-6515.16806253959,3532.02063165652,5135.39493755551
-6917.93626285162,1601.08314570774,2025.4100116403,-5085.21055813178
5716.00375832008,1010.62790951862,-4714.91639552095,1815.35339433046
-6180.25351681328,-2069.1447166813,1062.81414332865,5088.52465146659
27.8368773444224,4939.12773496968,2712.70677135466,-4518.46859039141
4228.23714652956,4495.03842293244,-4742.25858732032,-2664.37099216375
-1701.63319148936,-6113.13863920784,6018,1324
-1861.86466931411,4391.66344471176,-5545.97715087037,2237.66839841173
5892.7256312597,4918.42840930216,-4392.98181016688,2971.96510077604
-916.482469823667,4634.96115342844,-2696.22634303263,4760.48787083352
-1717.30334472833,3500.55117524403,4666.45288026099,-4640.56245896553
550.853512534069,6329.02050124461,-1486.18620667212,-4679.95921524174
-431.313104927364,4351.09460145563,4708.84802538373,199.303182523247
-1421.12284753459,5093.85387010621,-4255.30549535991,2540.58654029031
2224.49846076965,5365.99372198026,-5834.07005119019,-900.11449014211
-307.784413180375,-7239.94828495982,-1685.47896737313,5676.31957519316
4933.5859414554,6623.3321450323,4718.18656506261,-4153.2838815469
1872.10395620782,6475.51054032023,-5116.29128344751,1404.44599907575
647.807382386789,-6079.06644209231,-5638.59855053203,-1969.41702704473
2229.00900339788,-5422.90698349736,-4262.57279612784,-4880.88743756501
-3894.13674382839,3652.44121520765,3547.60790598565,-4914.04024603099
106.379187769986,7154.13670740333,3825.80366076697,4087.18380749633
1273.88700457101,-4292.00569945831,5445.48562635881,-1726.70345074948
-5078.58788448489,1325.02701901399,-5721.05234078168,2326.58133078731
-5824.83247761746,2582.60807769628,5122.21346876067,1457.86256326585
3722.52750767923,-4132.56475674716,-2889.92879591317,5261.9866410329
-5082.47866033227,2792.89465080104,-5827.24801073696,1142.16535146965
-5919.28431157662,4152.87008881894,-2912.32594360836,-4581.45939789519
-1271.98272770324,6014.24560414763,2030,6167
5986.92206555986,23.7511910681536,-385.533296399085,4959.98103521361
-6037.26685271445,1068.89196246603,2447.20955395538,-4848.42841155524
3323.98904535249,5349.32211808978,5412.63744737866,1834.92358324861
-200.066846071631,6201.2982932119,-5015.18798809311,-4049.17399316966
-3404.90687348067,-5939.38303292359,-192.418118369457,5739.08806014824
-2564.09006206968,-5706.71348763184,410.296538272922,-5552.23473916073
6378.06793675074,889.568231363751,-4524.80798308445,2194.54910166158
-104.142570124033,-5603.10116446899,3087.42760895831,-4342.70269353799
-7372.29164760284,581.553328937614,-1365.70405727124,-6708.88328385361
-6794,152,3312.1640005179,-5034.37503637128
-708.678011450642,6094.05303546717,-1681.61660871491,-5437.65031893326
-3518.30012102136,4354.83251400998,5456.99023536953,6.01589439655172
650.137933997937,-6373.6394407171,-2509.64661259213,-5907.84149233965
-216.94319451093,6016.47738963929,-5209.06542788637,-1580.35806764239
942.102352374755,-5746.16271653502,4609.90187516962,3848.34485718545
-786.014167545456,5187.12767043916,-4636.06894440364,1332.24618856684
-591.785508795238,7213.97904325072,6159.89281725952,1836.42462855028
-3663.43484711199,-6119.00953700055,-4605.31037250029,5364.58268842542
5117.93525619706,6103.16193046884,-5269.56794007698,975.281206720134
-5408.37502657983,-936.566667205137,-662.366113496072,-5280.64817885754
876.448140184524,-5102.20668457384,5283.92733392752,2463.93811739616
-3886.93802777459,-3109.41590711334,-5280.32314333731,-3003.9758566192
4392.32606597076,4423.62742451902,4100.88161013592,4093.54065194264
5066.6726699041,3974.13917200408,1673.74337677908,-4993.16611556873
-4207.13457022093,-4872.07954935131,3439.58403446888,-4735.50388597053
-146.186934355,6465.32323118204,1375.25009075492,5246.84681110909
-794.331908930141,4507.17254668562,4306.34746299274,-4956.10506921342
5577.00008992726,123.419128417969,NaN,NaN
306.928665954555,-5513.26193318819,-2429.83246749642,-4400.44564991759
-5819.92406645246,2176.8348829453,-520.249474220845,-5978.12181248877
3288.74513431503,-4385.13454517004,-959.738449738885,5634.86342988948
-5924.33662979246,-1095.40029289094,5350.03035663779,-1542.81692634252
6083.85121745433,1199.31028591403,-4113.08886899996,3834.48745487692
1325.86499960034,-6329.86247592028,5017.56318177354,1414.59999314454
-5624.93359468625,-1089.30634207264,-2600.7680545237,5021.63342644083
-5292.65934943658,-1475.59592005281,4643,-3972
-1171.82179925741,6475.26440764239,191.307722051024,6266.45036461096
5713.30024813007,-5667.14956550009,4973.70468967198,2691.15793925384
5580.39848543427,-4318.7785411746,555.044679634543,5638.77775763902
-6338.61617906498,75.7259505200407,-3267.29798249486,4285.7225892297
4194.42845152787,1794.58175733257,1887.99996017807,4097.4231533255
-5677.87163671869,-1901.26363338428,2555.62659245928,5137.92352669394
-5576.40718439309,-1764.34345747717,-5279.93759129151,-2388.89158123948
3636.19619728916,4078.65276933998,2406.3180306838,4762.35682630852
-2368.07436144406,-4248.91160364986,3664.67099146182,4204.40479467417
5711.48280932326,2444.30411258203,-5351.14770696843,-5.490234375
5897.4889402506,1795.99400455229,-6105,1479
-6002.58068686335,3277.07169605827,4888.5009283137,3434.72631846349
3733.85138323399,2311.48824700894,-1798.62341391964,-4852.38930726707
3267.21427976477,4315.07775423386,-561.520352859779,5704.81632517118
6076.6232703263,-3879.31176757812,-1966.26607436524,-5084.62668982067
-4018.50531854699,-2221.14738096586,458.601879340348,5230.88826338899
-1025.57627200209,-6429.07787608172,6124.17278665354,-1529.557189236
-3708.6738444737,-4659.61273916898,6053.94035162443,-880.021808137642
6442.15314948348,-689.481231549962,4827.06650933701,-2174.26314256833
-6019.63173554671,4083.65908622742,-3428.85660606011,-5116.90339261883
-1935.51977124852,5284.96561572763,-1352.56241055339,-4953.41350548317
1007.41555724082,5216.09951618072,-4001.41904520063,-3824.80509871209
6456.65034409564,-1044.2905857506,-962.970707149388,5764.72687981023
-4254.51904533339,-2229.87109866466,4724.40644375767,2466.12161272733
5118.07729068207,1227.75500684926,-4729.15703452363,3886.95081736802
1728.310539774,-4359.16573535141,5217.06784065351,2783.17509969562
-1255.47616977005,5433.62100624865,-2854.88986053869,-4452.63638670181
-344.400202363423,6729.40386003506,-5370.45913799157,-563.539002249357
1279.14834875224,-5693.83721395684,5029.98483149687,3420.82022279853
1559.10542556094,4627.24699310748,-1918.9085678592,-5293.58745460628
-6267.13354337276,-610.316660275238,-856.603933740835,6167.63310188295
-5677.41868515799,-1179.31866688294,-4396.7087306154,3238.29977650563
6012.54171362071,601.18821984738,-2732.90412326843,4719.7956481258
-788.887404280489,6029.43256438692,-5078.35735713339,-3252.87254801814
-825.085035590961,6497.58408100439,-5956.14561004337,550.574940383337
-6784.27288000549,1208.89995166928,-1610.58318087162,-5703.83998866989
-1211.15014304577,-6227.56385187964,4061.63834658078,-3456.82912587157
880.961447857796,6699.97028717854,5063.12197805603,1696.33333964752
4692.40649732296,1214.39653886118,1489.46004015416,-5359.69904614445
2710.05920447228,4428.78310362696,1528.32270431511,5237.81455183466
5942.67860392549,1527.24841314613,-3962.23297731721,-3267.72322709141
-6598.65177432499,690.822121305419,896.456510493901,5040.74639662513
-6216.24578555769,2377.77140321043,-3174.15282196191,-5561.65125041077
753.013100152178,-5969.40099529618,724.066537857543,5770.61683020015
6128.53767827174,248.658097118205,-2508.70832170759,4878.39418937201
6133.08662083145,-3919.28302362315,1971.58795518488,5513.71205123902
-2348.94194020048,5354.34560839992,4022.59220435065,4353.76338508308
-4838.42674302697,-1038.71767499654,-4909.29407155674,1055.75248540966
1726.51374498524,-4595.28022087735,-2292.41420044855,4779.770270953
-2464.57388751001,-5459.48459249936,-5718.8262760453,1173.45030228614
5599.94305282054,3469.39911270283,-4428.89089725379,4217.34942715098
1780.66403132321,-5070.11898629628,-5586.3840253199,-2880.61183959206
-5297.80921951653,4844.9423558575,568.924067495559,-4933.05403554707
1562.87272163414,-5316.6562046964,4528.56691403023,4652.5762004844
6324.47110669118,1223.729492809,4227.29359974411,-3646.99493522656
-1314.30866996625,6423.34403413472,-5245.77068540474,-4002.04381954304
620.660347886965,-5951.97454477051,-6328.87533478088,381.781391800182
-896.049977047342,5889.42933367834,-5672.2042408866,-2602.24919523929
4079.64040687749,-1875.58889211554,-4416.31887459355,4939.24121947478
4880.32602975915,1503.47888635865,3965.33460559412,-4240.33796090511
153.023060111843,6116.87398275878,1274.46274121031,5136.72961845336
-1423.66895958387,4328.10951155457,1920,5336
-1147.92825089752,-5604.62810511326,-4772.22751372686,-1905.69058476324
5649.59859291706,1944.28468528965,-5280.3245926373,641.262550756012
6070.63213707501,187.38441399287,-1379.91186878305,5058.43785887561
-2109.75532834664,5435.08984281118,3853.16936178803,-3229.1236190865
4075.78001870797,-3367.68424846646,5959.99916017205,-85.3466055208557
6301.70709651184,583.339971465638,-1075.32424229882,-5770.27030134568
-5636.15728973029,-739.894550281356,-864.136791721921,-6006.58822315678
-1538.97190760681,-5539.9198764502,-1434.94459987444,-4942.81322016282
6016.13182972456,116.838319133462,5995.50181651359,2939.32597341834
3006.99847323335,-4902.79526721942,-4251.49694370966,3953.07017567479
-5073.14050081236,201.843302210366,-4270.13296383683,3824.62816640353
946.357485051051,-5210.49810168761,-1494.42496881568,5241.62616844684
-5377.41944166326,-738.966530002506,-4180.98439721299,4398.66823648805
602.620851478237,-5442.6925282389,1780.26345102356,4882.21222384557
-786.135653342767,6335.06438915305,-5353.42803548494,1379.62810735236
-3662.4376673609,-5414.57429118407,4536.56503469816,-4873.0210892199
-340.408327659461,-5111.88724545474,-2829.70137461915,-5233.56024651343
-3719.72583854256,3669.81117824773,-6124.58380964447,588.877543868414
-5463.80835492339,-611.547859165495,4373.23020543044,-2333.37837637765
-6580.86397330795,2347.79226773623,838.092497452446,-4598.15836146922
468.262044563717,-6615.08575031346,5262.08211378088,-1507.78183738625
-5286.3346288843,-2659.37197164189,5062.31530803145,-629.436739887573
-6225.18422334893,2561,2227.64015741581,5462.27919878931
3260.31710922461,5413.1520221441,6101.34569349841,-1634.00144291298
-3220.18723290598,-4106.68026387964,726.578904643509,6192.92747395802
-6079.11367716087,-1070.20871484303,2990.69278939987,4752.82486341148
391,-6085,2683.35976766769,3690.490786601
-1575.95553454366,4868.52431877262,2694.49022534606,4327.17428454321
-4843.48466826774,2134.3492117889,3860.31675602672,-5669.73334523646
-1735.13499229273,-5710.50543666648,-5749.18507131473,2902.81080476431
5917,769,-4912.26947479772,-3492.07885615561
-5611.73859918693,-1089.56315874948,4722.35286959355,-1897.74602186482
5604.05440558744,-4278.39082731637,-3126.91314569598,4448.7503920848
-4594.33916113548,-3189.78195164917,4295.57938256685,3018.26512869797
24.9581276082104,-5811.06181578611,4630.29172850459,3257.66965876727
-4956.8130072938,-1179.0818684572,2779.18145263903,-6151.99664717522
-5765.95097948295,-1052.96301371866,-789.318363992252,4883.30839710008
-4792.11178874715,4558.96800293998,4587.41596864134,4043.28428880659
6205.90594911088,1298.53496195455,-1722.25002685434,-4292.4967871721
2450.89027790851,5453.90506806268,-3415.04486260081,4353.78404356154
5745.24439171222,1285.42111206055,5537.16702895952,1496.805780395
-5988.3774196876,4975.73907202013,-1514.64946822125,-4905.08099528992
-23.0627340629367,-6674.20008787499,5701.93792249173,1924.60209909629
-1952.27188190724,4400.71478435871,-6335.4881419198,300.457285867025
4898.66562227634,1223.67014192155,2611.43865346802,-5599.65901750996
5284.04070939302,1308.42717212303,-4766.09860776606,-3070.28823542892
-4475.40127563477,-1328.22744437693,-306.598393507895,-5401.66839415051
5367.05437159185,1378.83287819985,4749.13912267158,-1975.90330297216
-4847.20232999599,840.971286565485,-5180.1440780969,-334.388288551402
-1785.87902412822,-4364.71158663072,-1042.65832770729,-6065.80518707731
5383.12118401307,1135.36152582246,-132.732909340529,4929.60297342908
-4898.36131544224,-1144.55067817142,-1024.87483737934,6310.2377879111
629.293864097363,4842.94103955419,-3133.28603072661,-4705.79678292214
-5944.13180824587,-519.308528552603,538.933637830946,-5957.74311318921
-599.860352618804,-6853.07665747236,-5442.15447663098,600.945991276351
-4230.06469837749,7240.1161265257,NaN,NaN
2038.04121225259,4931.93995235007,4815.65557427094,2393.74426168647
5303.78762276582,1702.31938247052,768.573185522579,-5288.78888534878
3413.86185031185,5659.53580689274,3937.09372591973,-3242.71075917006
2476.21250017252,-4479.35629797125,-623.676680899463,4963.40758545854
19.0891613684529,5541.06375793847,675.588406880697,-5983.8335281408
-3511.34898082292,4681.04370444229,2534.62145220745,-4985.64199247184
-4693.55509435872,-2159.56032463776,-4168.56811160024,3425.86882867301
-6521.09498743086,-99.8806698697982,-2348.93313922058,5644.81937049068
1719.21090572075,-4730.85818128399,-4826.171596543,2490.48580207893
-1480.49637541462,5158.00102236203,-4932.80824470135,-2411.35283663215
-5066.48927619392,-1485.19162488675,4805.9094046268,-4458.82673421471
65.4538558086109,-5244.63885988186,2488.205712455,4572.76269677945
-5497.80438427516,-931.378305034447,-2059.73366089821,-4813.40193297802
-6237.14044077304,-259.207816117917,-4070.39553098918,4674.86213986922
-931.483897089136,-6804.92936634392,1670.1197469076,5048.4403835334
806.214925998207,6546.66124818558,-4063.26979512033,3363.30050794557
-6165.23971061374,-1112.3427908989,-2948.73745574239,5035.36673389367
-4114.77152181994,2595.82015342013,-4702.56116174299,2258.46762077373
1243.37908084861,-5164.83687254136,5472.38442049871,1945.98166449317
5295.06958379396,136.858950633206,4655.05822234249,-2709.8406264504
1508.22763282699,-5521.09201292325,-5284.24791433461,-1987.78913780345
1396.93391824659,-4361.00909178588,-5921.99171225782,-2038.19223997873
-1488.16491319876,5345.08800544208,-3903.10484261267,-3989.35804216477
2894.61366960479,5105.50133998325,6083.72589384921,2070.58008333157
4371.43903497257,-4466.93224979904,3144.50859935864,-4481.22526315381
-5012.50361278824,-1060.31410253527,-674.854003394522,5429.1392189843
-175.415353077126,6817.10411604921,4510.53502783643,-1845.29968354119
5581.91166202701,518.152067401407,2735,6012
6156.97772006376,769.550309484478,-2587.82207560633,4838.99554681453
-4228.98903412089,4840.59145658693,-5741.00668618626,2082.56405624121
-5283.3363443586,3288.3352525821,512.687458169052,-6385.250298974
-3566.68471119435,-3990.83580211411,-2086.98785569286,4996.09263877204
1549.85610928112,-4806.47012947927,-5541.35074804688,-159.97822221833
3255.46385208833,4262.22999867093,-5484.46369571647,-2692.86790632572
7045.39000400375,-448.798655017062,1777.88715800979,5890.91453489275
-1201.00037394336,-5743.03514177522,5466.53848513579,1406.3474957507
1151.78466845882,-4765.65417279434,867.308630799024,5805.00613995353
-4952.20345760136,-2734.9983978948,5990.63594540216,-2500.0616844315
3301.93701346934,-3478.21855304622,5240.59750285449,-1802.33266429803
-4775.77977226208,-1085.25084147558,-3641.68306560548,3906.32976129904
-7296.47512360502,-735.80517050678,5569.72830214496,-1245.03293312365
3906.19186211462,-3913.74291870724,5685.70045919125,3040.99128926652
4583.33902843087,2876.07956843678,-6333.94223823967,152.755261784485
-491.814196459437,5649.83333345222,5140.85584886382,1682.14447555268
-2838.32096762994,-5469.49186623392,4719.37565910492,-2751.13315394106
72.9129830164939,4968.91591046511,1820.72144130245,-5022.66750585011
-1924.02710811774,-5594.68915688758,3884.52480651529,-4051.35249204676
-5414.04456008795,-591.758552979833,-1801.0077116402,4853.50144762569
3784.50196883362,2176.60573507032,4587.60995374437,-225.518493305146
-4482.99229313413,2793.90731272537,5648.86888991354,2058.90732550455
6824.76337390982,-2575.5712409221,4412.23357341314,-1894.56604338854
4571.62838429067,1396.90723483128,4321.06010095336,1345.0103522071
-17.2557977149104,-4981.67119675076,-3614.42319697953,2667.53083378872
5577.0559210872,521.027791534911,3899.75347265989,-3076.41526426222
-6270.61876136675,-148.388075795663,-4779.41426058875,2641.65765835823
-1835.71499286522,-6666.4730161555,4782.99439066516,-137.778171544441
-5723.07654893648,-1390.13702299619,763.930175286109,6506.81036128154
-1034.70831669586,4832.70398306844,1607.23327933252,4534.34782441676
1418.56475710546,-4911.65243576017,-3719.07268462479,-4315.53067410351
-3901.11627705652,-2097.82993901613,-2355.6948193143,-4547.95157393042
-3501.20879291993,4922.75319332874,-5328.71370454331,2597.49829971309
-4442.29875156623,-1833.54960051898,-2618.052756033,-4744.03793193775
-5709.08243666415,-766.086449804871,2474.12694338957,-4891.99430343357
-4102.9688542545,-1897.43094959846,4915.43249942367,2116.46663562381
5300.48903993505,1382.50329821146,1568.14416437984,5160.24788997693
882.43621925633,5604.65796318665,-1496.07470309667,6115.30504285224
415.630277577903,-5831.2290027277,-300.264486109957,6007.25430448822
-3327.57754401312,-5110.22858711486,-5287.61393990973,1051.19699538639
5758.86853160314,85.0090126864841,-1089.39292544984,-5766.25840080815
-2239.33020379591,3795.63630236637,-6187.64837231761,337.453746348888
-1403.43854597874,4881.32941296263,-92.2637450885004,6074.37410848421
-628.174773153179,-5098.66552532626,1508.20082819293,5138.48297654202
4944.88643137079,1117.06834366931,-3723.20985457558,3795.11762063617
-3283.18289011326,-3968.17838098859,5855.94144834299,2934.08589186904
1015.1238021083,-3927.14926075605,-3733.4434266267,4021.30463010526
-1833.0845759966,5047.01895034387,-2967.23206402234,-5104.79827141662
-514.273269008097,-6137.88518158474,4928.2038977684,115.2375
-4550.20327236708,-3336.50715001399,-6079.39897429888,-2880.27831480594
-1096.96902764067,-5207.25107390774,-4403.99319878333,1461.859748519
-742.471660191697,5494.88585234837,-2878.62807542786,-4389.46913329693
6331.39066679686,-1709.55619829063,-5666.03599386961,616.51085452146
-1717.71877842482,5741.75894691905,-2956.27879701121,-4329.01460943538
-6362.82074741411,-242.495913749739,4231.07624856453,-3494.83552353566
-4326.32607690457,-5761.24596512616,2820.65583619177,-2433.66358011502
-48.5112129607244,5581.39545757472,4480.90994861618,2791.00615248204
4023.53381990132,4764.05747759557,-6202.0627806032,91.62158203125
5153.42702873295,927.762904830469,2305.97263983718,-4288.10573197738
4340.46735309722,-4566.00584644079,880.847464328056,5696.92469650549
-2083.83020069858,-4179.8933282165,-620.617592381387,5389.37338467431
-2642.63360902791,3629.71397232535,6026.46624980294,854.85305889059
457.403329807598,6179.64956292807,4478.30098984656,-4543.59313535751
-2678.18000816231,-4228.1803294955,747.53691498353,5634.07710665512
-844.265035037911,-6226.86903327846,5438.04932325002,-2493.5736025148
-4847.90878891248,4604.44350353541,1090.37743174644,5325.14333878128
-1906.79942432283,-6288.12673036978,2196.54342063551,-5557.18729305832
4361.85600002565,-3546.60357953853,3104.35638900112,-4499.02636129927
1693.8956089978,-4069.50865428773,-4659.95752243807,3273.42546147214
4202.93556471384,2836.75019172889,-2145.11889443317,-5319.11294249635
-5521.10964589741,197.102034135298,5042.34925314079,-4782.81232001682
-1566.25259984276,-4089.3760252118,1710.70519423548,5387.62546317178
-433.051810241072,4731.00848817868,1659.98733135391,4909.82837443727
-4492.47474531694,-3749.62821677944,-1241.01907169118,5119.64312206623
-4778.96349411226,536.914760142065,-5215.62756507367,1188.12006933945
-2727.46359753965,-3854.62548531769,-1257.24936242949,-6103.82335630555
2530.01266783057,-4840.95535110986,-720.963088175263,-5985.23554450379
-192.827996891619,-6776.82941200971,-5069.94491956154,-500.834681076179
3092.67024894348,3984.12623211157,-4360.81323211498,-4151.4854123081
-4988.39622475856,-3326.17969976931,5388.59878064736,-1704.14429896961
4055.49458763215,1655.76212952787,1133,-6422
5051.40632249096,2283.44380154403,4521.94259141367,-4189.3962331729
1577.0118366896,-5171.92939814815,-4578.19231383659,-2381.33253962778
4152.22853566091,-1612.34006258687,-4044.81100647977,2872.24628956618
-895.730422631418,-5057.16437364229,-1114.70639920351,-5903.6490425521
4581.94655438728,-4050.81170054782,4402.45849417667,-2291.11399446758
8.97994100315486,-5221.41012921845,-4341.60643839915,2312.01536550745
2020.06993183649,-3564.64189781218,-4539.74815469236,3938.53368276367
1715.43423423423,4730.20002618715,-3164.78811468751,-3661.18041682614
92.280459057072,4743.00987994698,-1048.51507245032,4893.74193747038
4717.64805444189,1943.6376051208,-5608.25751364388,-2337.56867726963
3816.4435972845,3728.74701992439,5702.02207033717,974.984042553192
-4641.41385735575,-4495.7191341757,4176.94423955244,-4003.87888476034
-5320.4896212473,-548.250227070683,-3343.9977529047,-4014.62045929896
1233.95776593172,-4931.2866852016,2917.51454479568,4462.01168042503
-5475.43974276015,-1963.96361182254,3378.12435304974,-3907.85185784415
-463.655116200219,-4700.11035832608,-4437.93239302734,-4815.635630901
3571.33784849153,-5487.67328636278,5029.94623420147,3726.97647796447
3783.2696093391,3841.36911568388,5707.75208745377,467.282126168224
-1881.59920082484,-4805.7907362381,437.75569039848,-5550.9771909787
1377.01407202753,-4414.86593545571,4546.02739425662,-1863.74612109246
-222.289174707425,-4504.5696184716,-24.2724175375016,6605.3715269962
-4424.29787840745,1018.54114466975,5945.96046081434,232.305623834783
-1297.43670336606,4426.53455332157,1019.56326175816,4912.11330975945
-3789.00275138612,1813.66698132538,5285.59002657577,-696.421923153585
1874.33562492572,-4963.27663739085,5261.27500326648,1160.30331944057
-2993.35289645591,2850.00390022621,5052.6418528217,-1497.05286951892
3653.59045199901,-2754.3656342845,-6127.58875667797,-1087.68461538462
4366.04656940462,-2404.91847866041,-3898.77236566894,3143.4081346957
-4829.32633838222,-1151.22056581027,-3970.8907694321,2893.04590410113
-3851.51655437324,3195.65926683383,5599.77738738545,-363.507820980979
-4758.54865783683,-947.009096591176,1286.71196913952,-5136.66264706379
-3366.54307675533,-3670.74471298205,-4669.41128735595,-2005.61893538187
-1061.39642317922,4895.78614128337,-2735.79661371856,-5021.42475808277
4265.84218450773,1713.9713244792,4885.64038543098,3844.14335451968
-4407.42793008394,1258.92557227202,-5390.12583107705,1041.41059134404
-2113.00360189867,4121.12679290771,-5647,549
4774.27700644571,708.318566607805,5078.40029255133,-2992.0298181834
1974.67703261888,-4301.60837670194,4992.26989611819,-2754.11383998186
1880.00933288952,-5195.3442511578,-3069.93457723302,-4134.5405645254
2828.69923116962,5099.06046053844,4512.28909432833,-5124.90790180555
2783.15780701491,-4105.83593115685,-5142.05188034281,5280.64213741304
-4843.44211172659,3529.59410288582,-4838.7644186699,-2411.64758689906
-3804.85981246949,4489.84865765656,-4872.13500145956,-2338.19431959486
4569.47610661546,-2220.10722214719,-4399.62525522981,-3553.49158721256
5385.51892192892,413.273274926657,5162.67756107198,-3287.26402004113
3742.67112314618,-6185.48531018239,4923.15742179514,1439.05627812453
-2581.69512528658,-2736.29171682682,-625.254673703404,-5538.067819175
-3056.34283014113,-4221.34079552415,-4760.9949475388,-2540.37892400221
4867.93795954913,-2714.09949517114,-4450.74340923633,-3960.0804434054
-6083.93331389541,-219.759460855724,-2185.41786963183,5346.12530293938
-510.760639287001,-4862.20880955114,-4143.5678888026,2444.62085732362
-4585.82827437399,-2307.46382767979,4727.3104524181,-2053.38560256226
-2059.40122789724,-5169.62383072474,5502.28113565527,-2819.56332235272
3238.52311161177,-4139.87458819782,5835.19668548958,651.132885514019
6362.85003628193,-38.5856322304147,-315.959279676616,-5476.44914199379
-5243.5561209405,2219.16251522102,2358.70483580893,-6032.63426867429
-4673.88675907162,1735.87633902962,-4576.6515273166,2883.46929001592
-4639.42466751335,757.245350321785,6151.27226092226,-572.442051955409
1075.19597881854,4189.04517739608,2194.5825162133,4912.2854737852
-3705.40593409218,-4099.98458625708,5871.16012370395,203.898686259502
-4060.47668016998,-3410.96840365958,5566.20001112626,4321.4436385684
346.439916490743,5564.30694100425,5479.7754201763,-3421.75359523023
-2059.70973909559,4416.11899980356,4148.72025828957,2951.16953845491
1488.76860310066,4325.09181880968,-1930.68908699262,-4909.94611032334
-2967.45349049748,-4293.30436225392,2255.2286295881,5313.83454661832
1540.97904567525,-4433.86228836144,4930.92455451708,3084.61321209751
-1363.48357706777,4326.42126832264,209,-6418
4009.32772436785,-3524.04566167004,-5275.94289238096,-3321.31265131309
-2308.23283586901,4948.89718544616,-5906.85360784154,703.736475953268
-2517.16071428571,-3704.73295988718,-4042.59219373639,-4410.09277562895
-5063.6682274787,4030.03040071855,-1059.16157669576,-5105.9451163734
-4631.46412039906,-1023.7698624703,-3498.70599819727,-3841.81777119988
2869.25665186866,-4996.11172194672,-5192.41967381072,-3562.18441005463
-4295.71071665994,-2811.71985345126,-6649.33804259369,-1003.98232694021
-5012.34304069298,-1513.7890732899,3495.35010511093,-4274.02218752535
3728.03947274432,2204.23894470648,1456.54078189747,-6052.10992144667
2154.34060671999,-4159.8274614342,-1870.02124141089,-4746.36046033564
-2754.4443870367,-4371.42198265807,1307.41651745377,-5263.69001274573
-4712.83664821989,-1407.67818875295,-5402.18018577799,-4234.36999488707
188.023359737452,-4355.19175512009,-2658.90950936397,-4640.85116587714
-5181.97862782986,2957.35366050492,-2501.97982593518,-4738.83292634175
-581.049046309771,4991.97641036648,787.930019687962,-5379.13839222816
-3676.39091858586,1584.6383588742,-5683.9845684863,1122.80505013355
3945.48276002933,-1955.67343115861,-4509.28924012208,4463.30372503457
2906.3819421956,2887.23254180792,1442.12382148761,5824.15124248555
-5351.2910843866,-1944.79478019999,-4038.13426675684,3928.02078453135
-5655.64322345419,-1478.96444034091,-445.110674748655,4869.37544832584
4153.1597925614,4154.26485784321,-5228.83371598821,-3093.26476174167
-1046.43680547932,4954.24847132654,-3206.37207876206,4486.03581452697
1843,-4084,-4376.93355805901,-4489.59937636869
1353.02214539432,-4337.86225946953,3417.54835894898,5565.12495374245
2484.11525923626,-5292.50195036001,3340.22958618611,4980.14088924563
-3893.34030650991,-4313.90322382201,-4.7480181234137,5548.75823096652
-674.267105700923,-4987.45147950371,-4012.81417394017,2517.18167167973
1399.65748702373,-4054.83461607835,5540.4913470048,-69.0320694474365
-1760.82479407887,5022.72515226455,2837.4994688649,-4472.05354746178
5071.17380250773,501.024276999764,-4745.93569357059,2805.27179857718
-4826.98471574336,4124.07320115288,-2433.39358514728,4992.97938401305
-3603.70350263179,-4418.05857227244,-2300.79021451762,4695.43892014899
-3628.73101605851,5088.12228080646,-1442,5607
1239.4934558466,-4307.29299566314,-2209.62457202871,-4860.18807465234
1280.13018965527,4956.52006852132,-5209.59282427674,-3183.72843396786
4153.63066282349,3099.37399368266,5817.88524990841,1361.18821044237
-1709.02133306337,4625.33657175144,-3976.99726131761,-3834.67754431132
2693.69114690821,4177.09884089122,2426.61353895017,-5187.18901395985
1336.93389332772,4326.84606303107,779.018236736919,-6154.88807537852
-2549.95568497481,4302.06908824975,5188.61859137827,2717.68529238987
-4273.72947761194,-1611.39643159276,-2582.42513645435,5058.03174968879
3030.57655144182,5313.23502612628,-2623.50537221749,4647.34471271836
2899.94208827961,-3712.93259566918,5027.16861347304,721.852669703005
-445.381494613335,4823.03841839796,-4693.25673695914,3293.95114612682
-4214.78004833798,3078.04566862109,-5979.75641727115,1468.76027421478
-5872.2901118785,226.97850065778,-6392.40573961633,-2854.67753364477
3667.45634931526,5182.85616729156,5694.98488096687,-172.401765608508
-2580.50762548525,-5297.03284235573,5650.06731854531,-3090.3738717538
-1487.78130909193,4742.9301693649,3901.77860571138,4568.48903499791
-4236.01532417463,1663.89310825388,-5996.70471186457,-191.927066578585
5261.09106624226,1375.92753389265,186.870000527122,-5233.14076347887
5123.87476853639,1088.20215265962,-375.421666920336,6245.50446837986
24.5091597878873,5936.53633858899,-5642.27125889974,581.195877926181
-3485.40316000864,3528.06260116646,5286.43681949196,-565.270254135978
-2020.63809753409,4735.98569940985,-2722.59667817465,-4505.01107671669
4744.72128592239,-3355.72055927531,-3224.2177543429,-3925.33803757995
-1189.5344596197,-4543.13829068018,3288.09642521944,-3979.3959168952
-969.728528253707,4143.20158855093,-369.73205017301,5007.34643672499
-4947.87859696085,2845.20507610731,-3109.4642085436,-4875.41276432835
-5192.69507311728,2917.47722679964,-1563.39155978443,-5995.8207606373
6533.72805607958,-1947.57850825552,3538.34973641297,5025.07742166232
3774.07444146637,-4659.3207810633,1582.65951027729,5510.92282348066
5414.70168108908,228.357535685719,3230.98741332519,4062.69566083365
-4843.03981986474,2490.24115931093,-666.231015625,6143.14868106074
-1666.78559387383,-4015.69532047656,4300.9850029816,4126.21325386605
-4720.40437683423,-3103.78293866126,-4486.08953074322,2413.90051430781
4139.39281445659,2450.20095146054,-2905.38208968595,-4716.4793739022
1579.10752226611,5225.5546180864,6403.68631081012,-1365.56538557765
-743.908524927637,4960.67601742926,5947.84421342792,-2896.95945758803
174.790575268968,-4824.01735780535,3670.1013161249,-5401.1444138254
-4795.54567630871,-1101.08610867131,2499.97414206111,5422.62550059807
-1230.2619176209,-4336.05390176771,-3372.97999802652,-4848.18658471983
2390.66152655998,-4444.69839965098,6167.17137812321,792.946335449219
-5717.50948879719,302.761013918322,-1300.98169202968,-6282.64947645787
4557.69394871097,1483.8724496482,5174.42149848199,813.793153762817
1384.98446386837,-5108.07084923601,-2244.62290006181,-5397.46814771777
-868.797093682831,-4350.47273960684,-902.703287575559,-6572.48628094408
-4869.61950637008,-1915.64308622075,-4704.6424436646,4967.67597584961
3814.56511114687,-1257.31761370848,-5911.79228545403,-180.674968013943
-4675.38760196897,786.4475223576,-5488.49920432922,2861.06017318432
1487.82416039585,-3961.40325394745,3623.95897284317,-5553.63642176545
-2362.30907329753,4224.10138585116,-4138.23421057862,3757.01468462738
-1975.17072049226,-4850.73942482491,-3564.84781244365,4494.84965399303
5492.22990608609,1896.33727324905,4122.31291311993,-4848.09296229025
1164.13249178193,-5053.37843569992,4747.10808235024,4881.92166340036
4436.7813559933,2327.1471186885,-5474.60015578962,-78.1080627441406
2887.28917572425,-4073.44860499436,-4973.66885007029,-4260.38160297339
5502.45528120196,-4633.26138766862,-1569.34962226418,-5312.06045573242
1673.77548514582,-3323.15952820502,5311.47253270683,-984.86305233699
1567.36403022793,-4118.8894326512,-754.634638438825,5282.35735987147
-1082.45022800487,-4086.44782196391,3231.25733929621,4123.78768315891
-4887.36831608881,3516.55030374405,-2695.57536111397,-4099.9426879269
-4086,-2474,1941.49232156274,-5644.08109295809
-445.36872401473,5155.34668507153,5484.94417468547,-1662.23951819186
1260.43258763923,4809.28027172299,-4061.12653729401,-3529.02827269711
4704.52682247934,-243.62084502636,-5280.42067507798,1675.49080054877
3430.6635442376,3674.23693938591,1620.49953400685,-5304.23424383946
-757.460906039695,5814.59580335962,4908.26046936042,-2319.68712155753
5134,-2655,3969.09837554491,-5033.62108121913
2322.63731826522,-4941.75611684247,-3189.12974560161,-3983.62353388317
-1179.56203758587,-4957.26414613436,-4618.60634999255,4055.28941509353
-280.92772693328,6198.50435860383,-6707.3813283308,962.370391991747
5176.28578597663,-1852.27762235964,-3294.38011429652,-5294.30547690286
3607.5132842709,2280.58805293273,-4725.03826390595,-2386.89303624723
-2211.59350817495,4701.31678437332,-1967.38613445614,-4464.70910556107
4090.43866085164,1408.37627665337,-4585.67690567109,866.838529369931
-3844.94795892905,3692.27229625301,-4002.93461531766,2833.35637975735
-4494.28964805603,2354.27161156191,-4721.0889207479,-1669.18169625198
-2864.45448742735,-4404.65741569251,5027.3170246139,2127.65169986264
1980.27695985024,-3939.26936219262,-3882.04797954288,2848.3615366351
4215.47868358542,-1575.67618588147,-4993.43081684377,-2275.40091256695
-3714.47183185826,4023.23839900309,1270.77796543101,-5479.64552340125
4371.51472698903,2312.49889597427,-3673.82769031414,4333.92885979154
-4191.85803111831,-1487.39258158335,-1994.87860396041,-4959.34118051338
1351.27115620652,3282.39513266422,837.669907823021,5530.69046704224
-5199.42201294681,-679.853495143911,-1501.45047313126,-5199.33325793677
-4375.42272949219,-3033.51104728091,5173.10858005787,-1829.14973189824
-1105.2000101227,-5926.22706969433,6112.91478361069,474.961547851562
4114.34526634423,2364.25001496962,2807.33700495806,-4592.8948326732
-896.153089581001,5360.44972970657,-5641.98976425103,811.358017423908
-4311.94686352046,-1089.15134403454,4927.8336144844,-3015.90885764474
4794.54706988086,-2868.55476582799,3584.57530483214,4310.93266659702
-3967.02680529009,-2538.46093069356,3848.61222057192,-5139.1074849551
2113.60667743602,-4330.7364432834,3997.05208303287,3473.93635112724
4010.13441359687,-4307.01173670518,-1577.98799184431,-5035.19432856931
4256.3256421649,-1352.25253540039,-5631.80698273585,1065.72898055425
-4233.72486999549,-1661.93923630737,-4418.94063778499,4811.30581140513
791.826567604444,-5985.52046106154,5954.8319500998,1291.5019573988
-1062.10993154266,-3446.97686625426,-1624.66324709097,5469.6049809138
1208.92229778555,4278.10458268046,-4418.76052030282,-3832.88224221822
-2994.57183445238,4374.95680748407,4435.51874132685,4195.21526439492
6689.76794401102,-5436.90140790348,3790.96517111742,-2972.721141843
2075.65803540715,3669.31419988169,-737.353598223244,-5466.68665439926
-3986.18731671353,-3185.877120943,588.427922047185,6915.77132769169
4142.83137412488,2350.04078217528,-4194.19762360866,3268.69477412103
-3577.34037934525,1354.94337910987,-6347.28344583711,1376.30284128727
2038.64478337347,5835.57703587726,5543.37304366646,1877.9964447076
2622.74573543132,3335.32181707815,-774.298531965776,5508.50520851502
2602.49718537295,-4448.00720591485,1154.83616689512,6417.16919995984
2843.52759460074,-4504.81367076249,2984.47205291984,-4869.2993958189
-3645.12523509072,-1462.1409548934,4740.59398814174,2582.4476091009
5062.56063714361,1843.67810860453,682.998141283184,6403.94255740645
1674.60883066118,6940.48090205841,638.132547629583,-4250.92626001211
-4383.33476607594,-1710.66748596801,5039.75449814036,-2268.15299950164
5051.10005160501,1712.88319060147,3838.20382681381,-4669.75988277809
-2660.59300453135,3186.00775854627,-5093.80491653322,1808.71462128147
-4741.87763369946,2474.98539612453,4451.25523177104,-3757.53985399895
4809.31975376815,480.504191942926,4287.93021654798,4110.32462977397
-5225.82717658409,-1210.36006115129,2528.63257122504,-5017.53108993269
5615.31768895986,-67.3362361189711,2960.16138153919,-5045.25472573988
-2888.01685960975,-4211.94343422633,-4745.43650002354,2128.34828010835
-4064.66893638758,3949.59318009589,4553.34851764874,4326.50916262026
-3212.05559766316,4128.17550298584,36.9751729358597,-5723.27058449789
4926.19678247254,2031.21104163797,4015.8037803595,-2484.31999218186
4943.23870608807,1553.2079936283,2369.30513686176,4706.57556362146
2599.33046642814,-4296.3394421433,-4246.12472134153,3065.38995989122
5820.86498918923,1619.51658531022,-3889.07851138884,3047.70930254074
2970.92572571705,4159.4849706896,1107.76986964497,6224.6544286236
1327.3696380472,-4831.4784645258,-2011.79159750202,5757.62928580381
-3724.61216445477,-2205.60331614508,-1543,-4255
1727.31128272883,-5049.38395805364,5203.30896637915,3267.58763786393
3891.72153191016,-2887.56432720983,4851.46755115393,3101.78823737593
7600.20214818962,5040.11496865219,NaN,NaN
-4659.09643356334,3590.83666394739,-3009.91287454828,-4401.06166040574
2163.75779024117,-3397.93764708249,5380.48412699775,-211.950932938101
-189.756294487276,6070.38182672969,5159.87003913107,-1965.60670248155
925.497602531853,-3838.62460990624,4586.80994017145,-3927.31800336917
-2273.85293688093,-3990.96765403938,-4718.66602507803,-4605.28951015194
686.643921152554,-4675.44822989541,3139.61621497555,3564.23054362447
-1704.0961656268,4898.17443737835,-4473.16285867684,-3228.98216334167
5012.51519020222,1243.04856545678,-660.859262107324,5188.64090656309
3219.17731206151,4379.96721382651,-2446.7552563144,-4286.28348498706
4712.37206240903,-2806.74800518789,-4742.87141971025,3072.10924326874
-3161.25885114963,4390.31567330359,5706.46156311396,-213.385271964089
3024.57454899658,3077.32546168248,838.88970309522,6510.38208864815
5169.31322740897,1079.56294878611,-3338.25997111577,3834.11817212111
2705.83496116266,-3941.52887959995,-491.833970707094,5946.94252578337
3723.89708843907,2303.83991462851,4218.67179647992,-5088.3969652036
4087.05512170623,2968.95009098291,5111.16816668226,369.184379376422
3832.43857388025,5626.48028336392,-5683.66969370095,922.699912592467
-250.711780894886,-4158.84754430552,484.445718236769,6161.16630033708
3530.58299461342,3274.26619890595,4561.48757229487,3190.83715313771
3133.80881553304,-4450.82864068429,-3373.10360344363,-4206.79228963795
-82.3699062095731,5881.55997655587,-6001.71753367498,27.7588927957954
-5545.25971435679,-1652.5711768346,468.724220544602,-5354.69886874325
-2799.84987508578,4549.04745450156,-2312.31616310859,-5294.9177850153
5033.44866538631,-1366.40564693622,-3551.2179198883,5188.81793213524
-1160.66446731014,-4372.96466062424,-1577.337606695,-5363.78208347835
-3612.54923007243,1312.84868791537,5196.53703778052,-670.721363577849
-2525.91100659578,-4660.07010952413,-4840.43243358156,1159.37010446507
-3131.94895037737,3659.62139340978,6433.52480676809,1328.88959515146
3383.37578391596,638.845635231741,5348.67005054946,818.109991658118
-4898.63291134508,2508.00816843074,181.534220000807,5442.52952232649
-3935.17701724377,-4093.25701883611,2967.324172247,-4243.78386433939
-1046.61203566054,3912.83478660279,-924.449336138705,-6098.15627120287
-3761.74617567444,2218.59430983076,6877.94768781202,-1264.08011999238
3416.59426695956,-1709.22206078506,5811.56886414573,-569.626332103765
3813.97626553541,4071.42751307495,-3837.46652056895,-4190.36808193174
1127.59148381743,-4393.51355307962,-1245.05196202285,-5042.53745454967
4168.88553192121,-3062.85385346732,2979.14735859901,3823.56503585046
-4815.98118906679,2585.4363503051,-3197.28808596124,-5944.62501452001
-4252.36667653033,1100.12727849457,-4927.56361567519,1740.82874590324
4174.28250317668,1408.78468260267,1584.64764581843,5978.06010956853
-4338.2420484991,3529.43676438104,4740.75847618068,-2575.27094421975
-5152.65664874684,-2020.59197138454,1678.15961819681,-6219.51431739419
-4321.55852280832,-4275.87988292386,-3619.91388169517,-4398.78430787696
1475.74546451642,-3720.60703249191,5144.64497642323,-262.072615712588
5969.5048566424,-201.599576103071,-711.117301195812,-5840.98417017328
2437.71845484369,-4516.86342595433,-90.8528938802083,-5368.02748490112
3630.16759143326,2699.4708392628,-1553.36109594709,5223.3902622758
-7074.94710693967,3600.02631161366,2771.40093390211,-4537.95384225974
-2003.72618617568,-4062.08709064087,4779.16901295486,3167.99072147636
-4417.07110489175,-2956.57172560953,1734.5018948312,-5660.61226069797
-3583.600170457,-2924.80818877475,1340.00832127752,-5625.14110083382
-725.517494503204,4155.80138413306,1790.09998099769,-4393.17586037413
4545.74110927531,668.985505624715,-5676.89680077768,2244.68408990807
2026.43249519539,4417.15459053253,4551.88780420273,-3709.48344529166
4876.32862535124,-1176.4843616567,-2940.46086874183,-3993.92762162303
3910.51458303915,-672.803453726712,-6221.41951981092,549.08203125
3204.09635621073,3073.72481839506,-3769.95757440148,-3303.28587937791
-1005.87634177759,-6787.48771824366,-5280.50625424019,-2404.37159973833
-1097.56562056406,5590.57026791925,5692.19980176769,-559.793144031435
4993.12344513518,1766.09235109761,555.472596124342,6126.52081590836
1170.11862032334,-4804.83568710101,3142.3988200005,4018.80054948969
4861.69604969182,2431.12102951119,-3792.36268691712,4317.87099341496
6486.91104912849,5134.16057986667,3956.94154252653,3429.39156402532
-2650.73933197937,3590.78039712877,4912.13471666108,3006.67817900611
3956.19318092441,1337.78871149805,-5729.75865911727,1821.74372174757
-2975.67613720198,-4102.3103079858,-3650.02529638785,5271.81148436827
4433.57561326045,2005.53146308874,-3845.51721017128,2832.82782000149
-1911.64701573571,-5333.24296319556,-5952.24313145321,2338.74290607118
3865.39723893026,-4020.89741962775,-5659.46083414816,-34.7032690403687
2264.85050975488,-4004.48564301909,5733.25888592035,1325.4960928867
4981.83626050273,-1730.24687662199,-1318.26401806143,5169.56138350478
-4094.89494487735,-938.239690534281,5620.38384642524,1776.5883779868
655.085837595908,3991.03920021432,3164.89147824898,4235.59932590574
-1737.59596351955,-4092.91633735554,5265.74258229021,2791.79232124124
-1722.89505452331,3203.43162271357,2042.85856537136,-5322.29768605132
-611.662997040979,-5239.81671390242,-5468.7923340462,1259.91647231809
4614.95311358489,1131.33583073022,-5240.46223962142,-3522.93636415886
4424.01029366445,-601.856766895339,-5194.00954448748,827.400541846432
3882.84458784641,-2989.47159383138,-6280.58036242625,-3351.42403404087
-2753.44671632119,3759.12992854652,-4973.94752723865,-3409.93489489843
-1049.31050833425,4785.69209665698,-5799.56509795021,-3071.40991180982
3391.08560152699,3240.75480415181,-1106.88682130841,6220.15874386622
-3646.2571930623,-4483.05958946603,6541.00344618032,-1012.30236486486
-1393.67888484589,-5646.74671365316,-4658.34001448446,-1844.69896396813
1902.30329231635,-4586.2155797174,5080.6266284171,1700.02338692107
-3920.01487008545,-3833.89797637607,2464.60074343799,4660.79894868827
1933.34430566739,3991.32002789463,-1196.12394421348,-6191.62815079011
849.970238241359,4746.17583847543,5587.80338740364,337.541029710036
2574.07354698357,-3980.0636794591,-5429.77194849257,-2787.03717948295
4798.57651070593,-585.649986096027,-389.157044289424,-5769.82119562183
2562.77811619028,-3416.4361850091,5544.53696806486,-100.083700016912
-1755.34208197309,4642.55812816244,-6949.57544451696,250.692488299914
4420.55197108987,-1009.95675748043,-4536.09586394492,2769.35705544711
-4224.53447143694,-2491.24574806194,1364.18221028405,-6242.76754978401
-5305.27716347338,206.94600679067,-5717.63792955193,2113.90502516202
-2329.19925964223,-4751.61331468016,5419.54666731166,372.019149816008
-1992.9375965923,4036.95918042952,1481.46836072557,-5791.88073336531
4392.69579512701,-878.42038872226,-4818.32479557306,3389.99281687694
-4065.40071606476,1261.0211553323,6017.56780708089,-429.263208422479
-3494.40195799546,2998.25703875983,6382.64148925604,63.5994601604867
-3959.40818174811,2930.03343496146,5204.53049808765,-1563.65483000356
1899.4341546025,3430.26587314773,-2619.22062737498,6164.17950840509
-5064.57183386856,699.292664219096,4264.12220720344,-4784.75355273165
-4299.49399404556,-3648.96453199553,3646.300637972,-4169.88398775807
3996.40021473404,2480.52257595799,3223.81217974163,-4640.09846613827
4508.19920078461,3443.07701254125,-2506.04362219514,-5481.57607383403
-4986.15367292135,-38.132542819424,-1764.6086933647,-5077.10344064647
5000.80435590644,-392.536117832592,140,-6362
-1650.7573274917,3706.51392057134,3238.80094628383,4573.67542235773
1002.37274979916,3453.84915964948,1305.74870356562,6054.50750685082
3049.13432408674,4159.23708052657,2287.38935667096,5797.53213339223
897.803746665396,3909.60635348987,-973.313563013651,5200.79501001033
3967.82978955094,-1619.19256566605,5179.66411385658,3832.50246447116
4274.68165313977,2597.91418163215,-5185.81093646695,3472.35627207065
3760.51145524364,3958.40058447025,5076.33048498116,1547.75701904297
-3212.31576417453,-1776.68130647316,3380.92688460221,3897.11102990174
-3637.35537764071,3666.06154149644,-6005.83828216647,362.117360761274
-4611.975987597,3191.29646411931,2593,5716
-5670.44986461214,103.338620896284,1680.74895456512,5255.26143313863
-4689.60089758007,-773.065662313181,-3002.33785377358,5389.12700870127
-5219.51538678867,944.298893746512,137.706183480083,5420.05153469374
-4466.37789114894,866.971584313932,-6145.83234347934,-1115.2666015625
1739.92549584883,-3850.14453567618,-2083.98241590604,-4716.77046611317
-852.691730928507,4173.03205465578,-4284.67457170714,4084.96382798524
-1438.35294250919,3400.94289248398,-1494.49039765977,5104.43604810602
4906.42686985381,-615.839277060144,-3252.51943640128,4631.25706542301
4636.92830362622,-4160.12059102913,-4875.12862844638,-3937.57571273596
-772.836603544625,3442.66963154346,-1039.7853702661,5373.85130234879
3052.55800247192,3749.90946161189,-4433.42199630737,5201.09950458349
-3620.185497503,-2798.61747793638,4190.9017466664,3734.57357370672
-420.83076953888,4006.47080868519,-346.801099200581,6086.92788513414
-2505.19267051639,-5306.53161635898,4474.07776890509,-3728.83339583476
-946.931107963389,4150.36239055447,2560.1210701086,-4745.46732949028
4359.3046439429,-2061.65230305591,-5463.78789193761,1103.07918470028
-1688.68837706321,-4402.69525885021,5152.9142699511,1600.26786268626
-4395.95209160684,788.097927091238,4928.11306111272,-4292.17259626326
-1137.2591465692,3365.50736776967,2200.03115078078,-5079.22756753305
-175.680372193175,4278.24869199068,-3324.65889590699,-4762.64592269627
-983.338011974485,-6191.23874270129,-428.113320079523,5181.49674753318
-1210.63411546107,4029.58407530552,-4285.31297136212,-4483.69225350598
1903.83480834961,5451.17697474256,-4858.99530599353,2448.89394861452
5090.65209742623,-971.538468997579,-2312.03744007693,-4920.05303215195
-3750.84775447635,-1936.39643025605,1801.18619149191,-5239.58918682749
4043.3480733963,2865.75764089695,-5148.83355905857,-1251.3307221524
4522,-478,6106.47966138562,-590.200859013268
-2492.87049405471,-5539.98327302127,-2472.19408165568,5217.08261893942
-3538.98973609306,-1747.08896465872,-6215.90214124035,-1250.75429313099
2005.26086885697,-4861.29896493201,5999.39660358714,2201.73976202771
4686.22735656675,1215.54982943801,1696.38462558962,-5398.8551553063
-3339.12076759338,-3124.2331659426,1439.00909018987,-5586.88328094696
-500.744354383467,-3970.33684907622,3306.42164823756,-5015.10489284424
-5332.52569423702,860.318808746338,2134.73654422548,-5945.32957291632
5201.64526652068,1559.1847140816,-1511.93762908071,-5870.19844396337
3235.38058484546,3299.57598944359,-250.661503975182,5873.06843138467
-1258.8887707631,-4487.59358178524,-5958.37031005222,-284.92576114173
-4551.09605195963,-62.4027798500834,-6164.54175048366,1945.45339255451
209.402634029796,-5518.33841886135,5134.39198078381,912.536223838827
3774.92177499059,2555.4599304038,-4167.014311351,2899.91157467975
2496.32198114853,-3450.403491574,-707.037130205413,5958.53068219301
5021.32109827878,-3737.78444602273,-5130.81601907121,2553.91658536172
-3359.68468130541,-3778.93775138601,5611.02766300411,-525.659734783935
-3191.65125365819,-2399.7836259367,-2902.46465987656,-4228.03716889614
719.032653885002,-3776.00959989507,-2.78071925951087,6377.50726610411
132.225169660858,4010.74905541562,2389.6209408117,-5588.69106991547
15.6449896128506,4160.96132917523,448.203057459843,5098.75129206894
-4757.15483556231,-1045.03433872021,2051.91565292265,6121.35616107272
288,-4253,940.281451051887,6182.71414748185
5175.02339444084,-16.0175069815446,2750.70324342992,4412.33751545315
1409.2435774767,3002.79214846958,-1370.44790250172,6089.8956297987
-2394.14077493559,4273.15144037137,5259.11405891868,1066.58926229848
4724.87161929941,1703.05657106752,-2685,6013
3434.54735823983,-1467.87508441798,-5365.73163655559,91.4679778702725
4173.70774368876,3601.92674496005,4484.08367204796,-2598.86065519133
3915.95281465709,505.050114847777,-6180.97515517314,-2656.26000647068
-3636.82731652893,-1922.3766305758,5830,5
2249.2177803883,3152.8073359791,-400.460033678029,6066.72098274592
-666.893810503735,3858.91282110699,-1055.62716345643,-6006.42107218894
-641.182842884311,4259.00381803874,2654.11514575488,5328.80873364862
-2348.9524406742,4294.74438913428,4774.19037755835,-2055.07916264031
-3539.46706619509,2726.18730940774,4141.16233370674,-4035.12510877444
4175.32472227774,-3964.44989622289,4472.70461986739,4959.27475697683
3192.15401078941,-3764.86015050592,3609.38450511748,4125.54137533247
4912.91501421134,-1690.3237701416,-1408.63719207821,-5739.89272460608
-2127.42113727829,3806.9656842508,4735.6294120392,1651.31116336038
-3636.84748768307,4314.34887123375,-3481.53552374519,-4143.83392456375
3216.01068376068,3946.86432842804,-1920.62257850321,-4873.57404317606
3045.82978041891,4129.71764475107,5515.16435622494,-799.74501507183
6091.36869565355,633.811477459415,2882.270212206,-5349.37434344972
-1797.47460356307,-4594.18896702729,5567.96207075108,431.994094848633
-5008.39978419337,1097.70417338404,4231.62039696993,-5120.52872257454
-1604.79365028886,4352.39857830017,4665.88469590975,3232.19492594592
-3365.05829254008,-300.32423332556,-5024.73474731606,-2284.3298197874
-3738.66035477177,1923.88145689802,5717.76657935541,347.330385740413
-366.831771564621,-4842.98721289402,-5008.12144138174,-4693.07843897863
4317.57794804673,-834.549428959483,-5111.93785045648,967.538181738269
-3272.3122359167,3464.41153811119,2302.80857034291,4584.1112080258
3254.36838494253,3446.96135597277,761.471074729486,-5236.34131755527
4184.36122786191,-439.365563156057,-5327.24549514366,1917.38316831393
-513.797117481163,5212.42801317635,-6815.4072008674,55.0540781351465
3763.59746595364,2983.85414593059,-1008.4966357703,-5796.01328295035
2662.23804611187,-3920.76835395397,3455.88132203236,-5288.34867211672
3703.33158297561,3122.77418763636,2669.78790743155,-4797.42338089504
-2555.94679325101,3956.6574497908,6006.27310450071,1249.39442044613
-2295.05798578641,4255.3267933368,6302.14587569237,-2000.33021327427
5574.88503618688,686.924528510854,-2420.16589809449,4900.09418799126
2907.60237455197,4320.73657073015,-5647.78676855586,-316.480380673952
3499.89432798534,1319.59612011942,6219.28899243597,756.999016703323
-3981.81208947203,-3073.76524927531,-3356.09204339316,4017.39705614063
-3472.25282025326,2015.67078738421,-6159.60349517718,-2915.24937153961
-224.161164290808,-5903.377865712,4434.51383041181,-2953.09278252996
570.793843222827,3748.91283703914,1655.22203598051,5495.10704395776
-3800.04768355228,-734.209222249246,-3068.71624935297,-4570.8607597629
671.386759829856,4027.00062760983,-4054.36856313259,4983.95159690153
-566.093465553321,4413.95902700206,4691.84849087544,-2509.02547987311
5166.18033787497,-688.327653440711,-3019.74079102747,-4144.58973075967
-3511.56576850428,-1138.68557846879,-6068.3217370152,-2178.58682711514
-2174.69779098267,4149.24248314915,-4426.24754136861,-4696.89108128981
4214.26573983312,-2799.53371994616,897.561998410596,5219.33994745116
3357.37484416802,-2634.56433067706,5112.57913089873,2314.7247601597
3378.11289538802,-4506.82687708965,-2555.36764350443,-4333.8754097073
-624.767480736235,-4426.6282777678,1887.51228674484,5780.87212660839
-3473,4155,1342.9460610258,4927.63060286038
-3277.73568729849,2551.4858334404,6201.5262257502,973.574594726563
-118.698252298187,-3405.39591026344,-169.123221732475,5568.35884243204
3112.41654898427,4348.64068486395,-4435.9816940034,3169.24554640642
-2907.64080260535,-4448.15705802483,-5058.00148205499,-1672.13503625971
3680.00296442659,-1996.76786697698,4796.87459761895,3277.47975205593
-3407.46184770795,1557.88564891419,5442.60949984686,3055.28978532387
-4878.86888281215,782.222313417084,3173.91637073244,-4307.07493413857
2834.63856772217,1829.65015743341,-3378.80600596307,-4156.08022884161
-2678.18458994249,-4135.08484104397,-4512.19459194748,3477.8390659317
-1956.45890535763,-3970.01178060453,810.926825918564,6912.27108445917
-3458.63045903887,2581.28664976766,6088.00965509218,2606.269240177
3198.64063989514,3711.56067310766,-4150.68130071137,5368.1734508792
3082.32190980994,3594.48810569889,5286.81017285638,3726.26733874958
-1320.01433628319,-3400.23057161207,-183.679730537887,-5323.99051826618
1475.67738252366,-3500.57379686308,-3780.97786995131,2392.11630185724
3811.09479437934,1630.99319876852,4368.8770843795,-1820.93623345984
-5773.40477786508,-1037.63184433879,3209.75119455096,-4154.64069496215
2449.26557379601,4002.55119528584,-5312.07577019297,1983.49920027117
959.603935012653,-3273.09488485017,-493.827473456163,5827.44417074585
-3571.76337633471,-2246.44755125238,5379.41505261166,-353.062486808947
3540.3254306502,2874.8890057138,3099.77251184834,-4977.00366068254
3795.79945364318,1445.33740116224,5023.04202493166,686.967407102843
-678.308130928166,-4233.9647999702,-3072.03638588365,-4642.08654184112
1638.90840116107,3708.96724955809,4739.802947787,4542.05740440837
4237.38675754014,3187.7740387805,-4427.27011772529,3115.37325768059
3837.11444997787,-64.7948522804644,-5896.36391705875,-33.1506083400646
-450.990408846227,-3639.92719379481,2152,5300
1431.81439893301,-4624.07966501873,-488.945602249313,4677.57241727737
3709.03410653799,-2724.60034209138,-1784.09726081722,4866.10856924336
-921.45523171496,-3178.23426605629,720.686660605725,5704.25659908269
3185.14489951824,1893.22284867976,1321.00448788084,4997.86103559614
-2305.92603420224,3549.89085890161,-5179.39910425701,-700.061091402337
-1455.5681462692,-4081.29520225859,-5338.38992861387,-2685.1708049265
-719.995243927004,3786.51034638012,-453.564530156929,-5769.97780648357
-3337.35245119517,4320.74968884571,-3531.73476413558,-4314.15505882956
2113.62396635805,4133.68220062467,-2347.49877522827,-5011.22428421476
4368.32284347855,4104.91068332858,-3918.18422053232,4527.91138642232
3211.80080014033,3281.90276994869,3928.61759594352,-4735.4892687811
-3261.59758474473,3814.52281994521,-5439.90694144319,326.259845549662
-3613.541726715,-171.624443596937,4963.21513687338,2936.78857189676
2279.80140748814,-3658.66644313305,3497.02867367868,-4344.23938930891
-948.61027417144,-4539.53592985881,-4887.92092009012,2714.18006519524
-3763.52200206443,2864.73523390437,-4297.54770624999,4226.26170229181
-3331.49156257597,3354.25247128767,-5274.11236346155,-2048.69120860063
4911.43398804769,3817.46216908801,-3901.58227777517,2639.11984195753
4938.58168209347,705.496761064038,952.503063201904,-5441.99474650267
-3952.99314081249,3168.25417529219,-103.865225509361,5523.5537507783
-297.116318861461,6417.53802939616,4342.86363897119,-436.613236902873
-3370.77787070214,2839.78397393692,6171.17922298281,2443.03131282634
-4209.76268707902,-1948.76080944186,-2606.21827692016,5110.22376092346
4033.04478528142,3088.9233875291,-2099.30050769506,5894.04906305727
3832.03115130416,-4032.39591115005,-5112.69368028048,-4679.21958398206
408.322618869856,-3436.2717141414,-1894.03694989964,-6173.68498316478
5082.01125271116,610.691586779039,-1527.50982550793,5358.49446015525
-3044.81241905205,3906.23089575366,2783.52809663983,4062.59799509944
2918.16731892296,2926.89001065403,4646.75470954159,1807.37634345282
-2470.80108604388,3714.34513454475,2247.92020150417,4632.67176601569
-3591.35208175374,-804.338067183798,6164.29170276565,-342.197363967577
-631.596894281594,6106.59672791201,-4685.45041607758,-2744.38719154585
-902.980352330479,-4745.30139497601,4992.83984613368,1380.66271910692
3921.60603567875,1357.28209719268,-4029.68850617568,3262.73972624352
2188.84710143412,6482.22257184805,-3285.82775711623,4543.64367196538
3540.6958901391,277.830072578942,5445.48509932703,2145.10885179004
-1820.38844928975,-3780.09850471259,-2197.97428017875,-4605.09434104588
-2900.84930082292,3600.23285412788,3118.69279112196,4723.13129802152
-2287.48285333575,3502.95936708926,-5028.11319368484,-3590.29045314212
2478.43809477575,3040.71917633618,-3002.33870749494,-3716.44295896232
1486.0375304187,4888.48153831384,4324.4737812447,-4598.53224956053
-2299.74432858526,4009.10324393907,-4488.94559084705,2719.88967861871
320.519882672684,4918.25739397321,5763.18068985804,932.500531086252
4097.17880436203,-1876.63653465047,3242.77136501637,-5169.91330531125
-4332.24931355744,3886.05803278915,-1975.8897207969,-6287.788128192
-2873,-3495,4426.36244669951,3932.41192604519
1387.19816430153,-3218.25542767151,-1019.93176934517,-5779.05232605422
-4208.94299893446,-613.898372341648,-4913.83002017668,-1387.86325984306
1247.18158783784,2992.22698736832,365.139916708303,-5707.20818080471
-3890.7373422811,2939.23819181552,-5286.0470294449,-760.925328017561
6595.95534977385,-1228.4727053596,-582.588729505546,4667.84376523261
-206.545276641846,5273.63222022643,-5163.89386733623,-2665.33435618207
3569.26615619912,1742.00582324515,-1542.66446035677,-5302.61260438846
-3036.47796398468,3604.73712185904,5806.38026568194,-1029.17293497754
3974,4852,-5890.18214452539,252.176800430348
4335.67614095323,330.324291786315,-4861.49778521766,2493.71425115697
-4676.46113703867,-718.709477986562,136.06976860975,-6086.23549064605
4442.91328745215,-3961.17453012187,4465.73395181465,-4285.76153002423
2162.05130308721,3622.31768248425,-4822,4335
1216.41946973787,-3945.91028721038,3065.83467532145,-5347.93592830379
-720.335743164712,3975.22016691591,4245.84383382171,4589.51651566002
911.901078303089,-3060.50292817519,576.333948421947,6484.61891628135
-860.556692960957,-2925.24692366578,2620.88590016583,-4894.92212540869
3797.15199592783,-2332.53926515185,-3248.35997913322,3890.27322063727
4166.32084175535,-2337.47160717306,-5217.20812256167,960.53686595114
1666.66916153929,3633.87561807972,3353.92293103239,-5038.0682419258
-4205.80580612128,2931.56765951922,1539.05860055948,5029.58298237054
-1969.30095715074,-5378.21012874577,-4776.33219463141,-3951.67997961084
3811.99616857999,3598.41104104999,404.813351277472,-6710.58520705321
3639.91013222409,925.742579841581,-5780.89280422749,-2941.74988482931
-2117.53034684465,-3074.40385185607,-584.026646673496,-5404.28198295143
4189.89986840747,-3194.67279630022,-2596.04127176045,4870.92309607197
-2542.7929008869,4552.93804259912,4125.41536901283,2034.68922726183
4378.79819096984,-970.037568963811,3332.45921026149,-5485.78236242373
2071.04035852311,3733.99288669499,6368,3089
1517.07527012029,3210.39971208075,2344.52773584916,4885.2851423714
-3361.14976843716,-2765.46038317298,-1084.18066276275,-4445.1632308943
1737.12311222,-4354.03797463957,-6022,-1878
2037.13399894721,3169.01892549983,3832.35827029129,-4873.2628453686
-3130.11861555122,925.049890041351,5221.51962333426,1278.40468040319
-2926.88926287474,3628.75215111301,4354.84353758569,3410.78124743123
2385.20107086213,-3744.43119423473,6299.6223056444,1237.11465021666
1807.04397322266,-3938.23614690906,-5523.29886594596,-3059.52373020689
2990.97621488255,3737.47875644472,-5102.63043963076,1683.30869466439
-3719.14551299412,3498.53224154089,4306.72255172607,4417.62855245861
5475.77442664297,1627.46620061143,1296.39552792636,-4690.69045838664
-3843.75471290664,448.219551859274,5386.38197280719,3661.7396538256
3522.16515605744,1751.53421223512,-6157.30982857143,897.452901149282
-2653.30251948293,-3354.10875385525,730.979951388638,5552.73774857955
-4540.57916832621,-1074.19426937018,-1786.3206245365,5345.58456732667
685.763639987625,-3611.58413706224,1162.35506556231,5983.28697707376
-2577.17666713248,-2564.59180409102,1147.43742007673,-5759.5874139563
861.198582018836,6012.01255602283,5298.4019924791,-1646.29610271313
-3728.80330781928,-2354.0105238564,5478.98618362586,-1786.16017661507
2113.88644772266,-3706.85175471717,5662.92796923935,-1755.31615679241
-483.546647221271,2787.86588919323,-543.245189258533,5417.60950368681
-3336.17222536032,-2308.31468979428,-5068.73166406965,-1741.09740708444
-1512.88125610352,-4487.36345378514,-2164.92994037479,5329.35827616161
3620.6648787122,-3620.49595805249,-4824.79523568929,-3954.50867108372
-892.013365694571,3792.23146604323,1136.16360308912,4834.66588218697
4214.18658164696,3324.76189611197,-4371.14065386227,2907.75479524085
-2648.63596764631,-3217.38619168595,3505.80949469615,-5870.18593181539
3806.29479498315,1547.55766721518,1788.99448003951,-4879.27730727708
-54.9915715235551,-5089.80639913745,4508.4733962347,2931.86404680226
4738.75906197368,-2897.55397697506,-4714.00023151128,2440.57247081615
-3625.47768281675,-655.122543644407,4239.57078947437,3486.09963884426
3691.37089797974,2964.43483274866,-2511.98250467969,4094.88756622923
3310.51481418511,535.568988525714,-6169,309
-3452.94532186305,2826.61116361806,2402.10228651012,5541.06993538733
3230.6329319028,2794.69547273197,3795.95216796124,4025.56262388503
-1861.22952352189,-3220.32220178173,1381.51992004121,-5050.63419755607
-1888.82340814407,3501.47949324324,788.295487662536,5191.82317088946
-1084.64521231408,3561.30014591256,-3229.01219103633,4225.24026972915
2497.41793488533,3858.79684138681,-4455.22666197911,1915.80006282054
5681.44643322804,-965.673459289056,5761.77521314491,2644.92924392112
1885.06752670147,-3418.46275627102,5713.03970581629,-188.31619713323
-3430.21418064038,951.164917776401,-6302.19433263094,-629.129262563345
-2355.11265277397,-4054.60718953597,-5046.13898044137,2951.19007902457
1745.72373056583,-3532.17510535329,3714.74064181402,3277.14385750838
3086.44260352475,-2019.17955361643,5345.00138151479,-1241.66280268222
3212.3452829308,-3165.69091270965,-2780.65438638507,4659.84581977778
-943.858356347933,3558.92153235214,-2124.37950311188,-5067.87002141294
-4267.69712301867,-1683.30917086654,3726.39161655212,-4410.13607821738
4003.38074429553,-2649.85414549493,-2931.93878518107,-4944.67660205483
3025.37675208702,-1914.05892996061,-5141.33575877609,-3318.03729658896
-901.96944620252,5155.92458114655,4977.12149073785,1466.6083984375
-3170,-1794,-6054.88674187675,775.403528546959
2965.87634999935,1158.41410368353,4824.40993911774,-234.647391845969
-3638.48278543189,-2733.58807381545,5312.64669730565,-1212.88513974456
-3112.6153646431,3002.12106315872,2057.9394719531,-5223.09447244034
2077.31684605043,3246.42011108884,3447.49214891284,-4895.17937545692
-1374.73863155112,2942.47702718086,2866.79213953803,5308.84381969537
3123.10956213611,-1313.42842784737,5555.65401373719,-1870.48318472595
-3310.57485351316,-3850.22515136692,3677.32787013405,-5048.07288537927
-5187.57300403055,4120.07374974301,-1861.73164957857,-5352.3078608275
-2230.26508593829,3341.60488134629,-4747.45691747366,-2375.67556515003
4590.29270824183,-60.0769505752666,3331.02218536531,-5235.36526881392
3008.18516839551,-2511.55397724785,5026.14484270336,2243.38600096712
-3297.624783024,3200.28959821963,2233.29598117684,4198.90406789303
3354.22065079512,4211.42106932057,-5098.86557466224,1582.60303901563
4051.7528048509,3295.56687342746,4404.61347976981,-3359.29485990342
-1204.42323098166,-4289.14742468596,-4270.47649032515,-3263.47237151456
-2999.09895034798,1407.36950529074,4926.56933645435,2431.4855496108
2816.78680733539,-3566.89624876522,-899.655689312285,5911.25396813587
2861.53536739136,-3277.09510040283,5296.61391594154,4054.86356942801
4440.01392010036,-654.681261790587,-3171.20938774332,4966.51178788722
-5086.4973297443,2492.89705076104,1945.361510147,4199.5209405981
-4138.75883780808,408.377407936342,-3996.93382426834,-4808.57529588199
568.129312572117,4589.07518646809,6104.513512604,764.854024584798
3197.95626939107,2273.17743683094,-4142.78287989372,-4352.3094530091
4193.32506617597,1046.12831607252,905.959021364313,-5421.74625470663
-4645.11195861293,-413.029933221714,1104.75978523484,-5741.78621132628
4506.45797711883,-2420.51850640486,134.370944983691,4649.01133847751
-4437.13715103621,1342.5163331566,-530.815102144798,5310.03458878116
-765.7784494586,-3938.41152809794,2514.53889399645,4754.05132042772
3684.7424524818,-3960.01755883742,5226.39160996278,504.269885800548
-3903.44668836824,2868.95617104477,-6013.53072613262,-144.491235977564
3318.10701737268,3550.28617048753,4497.28418271246,-1075.99702699715
-1066.43191702446,-7867.2808803386,NaN,NaN
-3174.69272040661,-3210.44427467328,2793.38505357743,-4980.153538993
-2444.73742366231,-3664.99009252395,6151.14205094852,-506.626789955826
3342.53837146177,946.834279709932,-2444.14631445344,-3758.26373882989
-3916.71476019526,-3204.67464884437,3283.92167265907,-4690.96963760793
2146.93544141374,-4756.7435515272,5085.83420388442,956.949516937023
3770.42148027582,-3268.96625345963,-4564.65700197542,-1822.37675755686
2056.16259765625,3567.29348824682,3716.0489421202,3977.95393302115
4170.66773185124,-1558.14161593672,2396.64392143277,4532.65608354763
4274.58041645119,1612.86783039772,-4197.00842442618,5396.53085661949
4937.17720290476,1270.17166992652,-5238.95822737805,319.751098492663
-859.285469884998,3611.49591739512,-5981.132055205,230.454820626211
292.589331014887,-4470.2215575372,-4563.25742493559,1823.64912402688
-2393.27910698329,3155.22025884706,341.282633463542,-5744.0483412056
1732.10618239183,3293.78258801212,690.04165347857,6259.98482619443
1993.78449970338,3050.41341043376,2147.41028046525,-5285.62386350095
3721.38534491223,-1597.54115956315,3203.49714790572,4466.55720733109
3916.69029961488,116.749390714574,2756.49212119626,6117.51132662477
3416.94464199995,573.275867130499,3160.22188852241,3647.03743113184
-1288.58375327686,4195.312048752,5754.91864469771,996.398121766243
835.004367524685,-2959.53469341661,1320.05548837461,-5035.94518015056
-2183.83477435053,-4011.5603566114,5719,-2332
4150.61653667983,-34.7651772284116,4177.37327819698,-3592.37472819185
-3206.7684998753,-89.3619919831281,-6212.61383155557,-1441.11936546274
3037.08461762568,1312.43486415202,-4720.38181659208,-2509.00509822841
2016.88022865247,3497.03216452234,-4280.70578460306,4820.80634955286
-2794.63857797502,-773.307526135979,4548,1502
-2040.37468208944,-3480.63986819361,-1017.99874441964,5571.21260249453
2855.77523554544,588.294505453719,5126.61898277993,710.718465019675
-3791.86364636181,-2201.84425188895,-6494.67619430444,373.878092784156
2371.9575508769,3189.63117258612,2005.95567877496,-4550.86923452135
3630.25082244629,1162.42524157072,5005.51466854558,-3435.41633807192
4290.52485276926,-359.517073459932,-5434.31738353138,1473.96859860609
-1610.40335142636,3898.11619719179,-4467.85344764138,2400.81220445182
-2855.40239886777,-3885.73038998786,-3021.515953387,4920.40160974736
-3041.7687025913,-3869.22714285552,1707.84322679268,-4919.68384395104
-1994.44556290545,3080.97509126636,-2623.06391787984,-5779.48324895492
-1451.18349211359,5213.07011116245,-1981.14911167889,4490.38143830385
-3445.78523685991,-911.172047206893,4106.21672629442,-4391.34248659543
-373.721582684423,-3823.73504503788,-2226.83641619936,-5268.23462236391
2225.19078152226,3414.11198061967,2401.41347938785,-4724.83647084237
3562.68484213795,2657.76488364447,-2786.76655183047,-4407.36098720855
-1655.61526921409,-3382.38082085778,-2758.83967707496,-4339.4837714273
-1381.91755854684,-4586.76611447647,-3934.5697180646,4134.24971945783
3509.89305608644,-1548.79289679629,-2393.52889178499,-5267.6784943938
-73.5430447685142,-4315.27721711524,5368.53141874861,-675.217633036966
4942.53123279219,919.451343031079,-1227.48965440846,5399.24068580183
3752.30831554983,-1286.54730126021,3916.39438245552,-2336.06703657739
-1683.47691587873,3548.00845040758,5479.71685134044,944.519754890476
-3015.42587195173,1851.84974802935,-4923.73575488358,-2395.41967771862
-1641.12173804568,-3434.94530401622,-758.869687489101,5858.35043255807
3725.49154553145,486.474306201712,5024.65703169361,-3608.7326811191
4044.72230083488,373.007932869631,-2957.76446077166,-3896.96823159561
1247.25013482635,-3961.5676770239,-2352.92472557624,-5279.34797896404
-3664.71905653063,-2439.78977732937,-5261.86678577432,-1105.13970267773
-1555.91004802541,2953.56095713285,1868.90202967326,-5246.11809040526
-368.671796613712,-3011.79423496382,1924.77685443206,-5141.44416313313
-3995.00398435169,1211.08910796398,2408.21172949104,-4816.40482666738
-3898.1748125438,2050.44217364567,5174.98889961872,707.918954216292
-3035.32597180675,1690.3248153975,-4555.13595287401,1864.41496434112
-2575.79649541551,3615.95814356252,-765.740587828522,-5806.49638950922
1130.32711854043,2832.22767208807,902.352418696788,5479.48757184007
2152.04304392915,3197.76715780256,4065.17246829954,-4747.80772791345
-2682.5701514502,3849.29942675901,-6091.57783688368,-2914.52678002308
2093.31117839882,3554.03778095629,5068.54114652637,3787.91316144791
3588.13695477816,932.02451658194,-4783.2892552426,2613.26305638523
-1535.66476118972,4164.35891098425,-5355.58284365624,-853.679793132216
3918.97023493983,-3458.94496372768,4240.43812314076,4011.41299491643
3867.21444233571,720.004388807971,3611.2509999082,-4321.65737431706
3590.45800305651,2460.82551261796,2361.78831945747,-5353.6688961545
-3049.35888771113,-555.460948316001,3612.65665468395,3732.18890925014
3707.75171380497,-2793.32405575839,-4466.38803329033,2448.0621197134
-81.1604220913819,-2971.28976016093,-1128.23428922996,4945.08327856411
-2631.65306307127,3534.3521737026,-5491.7653122792,1306.28467230614
287.472055469452,3205.84115245927,2752.6957396222,-4780.23599741328
914,4199,-2853.47061406451,-4179.64078128224
-3220.06863194126,-3447.24718421122,-4508.25008623974,4431.78417676487
1782.3999801371,-3851.12586410773,1453.90847402115,-5496.55881421899
-4001.43821494111,2268.06338103558,-5581.43495967389,74.7910657227061
3294.92087653744,1398.9839959003,4506.73332111437,-2583.63220813901
1721.90649851983,2877.46153880331,260.564230709144,5748.6159710195
-3949.81755249782,735.693233763534,-2527.89880489362,4708.72174065024
-4484.26271139986,-3643.21869958996,3893.5635579154,4768.06237435895
-3321.34741824807,615.014601235215,-4382.08418354006,-4067.19141012423
3706.39660752039,-1576.39511662464,-3961.25088778594,4356.65950186088
-3963.10974110666,-1579.54370764853,4087.34968374392,-3294.11902872322
-3983.11260691516,3594.79875453205,-5427.93503657445,-3876.24611532583
-682.692389657564,-3269.36439586291,-3475.20033792575,4865.46714120531
-3295.96473903971,1276.98860069524,4826.27327620703,2999.48131832172
-2316.69194327789,3716.31975748632,-3256.21220978405,-3738.32137961992
-2390.68670026492,3545.03374659559,3515.49139247158,3986.9539569871
-2921.01507651251,-698.978409701181,-3869.94231354242,-4194.92425153133
6082.20003025725,-2535.83839515566,-1366.89533109655,4678.6038047461
3789.40813680796,-2981.51882476807,2873.56465690841,4935.63120261321
-465.607856996145,4024.3713436231,3259.53293034199,4334.68697612415
-3837,1045,-5975.72287446323,-313.546981811523
-3617.93641244143,-2654.40748424873,513.980875762053,5455.29865314649
3912.2526453514,-1390.11659352629,3250.73388133025,-4255.37776636121
2729,-3959,-4997.71955172177,550.355325912946
3222.34157080377,1928.14139920297,-1840.0046202787,-4074.23095213344
2703.01150293908,3375.01603870432,-6447.31205846448,463.984694778927
-1710.04789876794,-3458.52113075178,3194.48488813463,3973.28786268553
487.222165996565,4516.53798714413,5593.57131358184,3005.34007360967
3456.11942917351,-235.301784693489,4239.31400552748,-3346.46266665587
210.397197190266,3601.65246466482,-4942.29853701204,3367.80519680674
-3408.78899815933,2906.79055285873,5928.80957927417,-1482.42645179734
-3804.36875406315,2567.46618673569,505.314088339008,-4736.20250049655
2444.13612499181,3226.47218613843,-2537.80754124567,5483.56236346281
-3710.24139323456,1755.54767076317,6109.74574773675,-1962.03510182194
-268.525289173544,3821.44147287413,-3221.3749223551,-5195.27226181243
3272.67150926528,475.474377324587,-5908.57051550193,-986.414308423623
-428.119489788571,-3010.3104921619,536.418160639621,5522.80612720226
3695.07858361138,5272.99203567333,-4998.88607676163,310.661627442414
-3813.48962461805,2753.01783903357,1465.7562054559,5406.34582823414
3458.37505032673,2141.33536310208,4208.53748005576,-4298.54313689983
-1380.10120176356,-7359.92982853871,NaN,NaN
4174.87394044349,4861.10318787788,5298.52729174965,1476.93973043691
-2878.47889419778,2363.14142196243,4997.24812103551,-2282.27423552934
-724.174334699207,5963.29262342221,4073.55768141953,-2743.051511737
3471.69026976824,3728.3929981603,-2737.03537498321,4986.21861636543
4307.26363765845,-852.05520062097,-4047.28494866525,-4516.81710387617
3699.83741367129,474.922693687292,-4590.91901479608,3308.63764028707
2115.38763066202,3503.94773976741,-4925.2778148864,-1379.37409564948
3326.49963797009,-2045.96257044502,-4327.21013624026,2055.38772696107
843.776382121634,3385.56987460967,1057.35169857709,-5602.48771099788
3219.64669857939,-2882.91705973765,1183.76897684448,-4636.49032506225
3429.87458528145,-1162.74120065274,-6044.39406840163,-3232.10110685793
1538.18605762704,-5357.03598080487,4320.65760330477,2375.31836225402
2863.72633256556,-2727.58770566746,-4328.07184395473,-3353.08387908537
3580.42577848301,-3094.66585476005,-3318.59071304819,-4861.30019261042
4020.41750235411,-1171.53746820623,-2843.29270230457,4875.20798190627
4581.62894019911,1020.47123501289,1.17968383903468,-5333.95117675876
-3881.89137973377,-617.022595902564,-1452.2791752684,-5069.34859390655
-2229.31333868002,3371.21400447898,4986.75637384814,1451.3318801559
-2277.63915970601,-2864.05228021683,1435.48946957878,-4931.4965994616
-3843.15372796181,-196.520200383967,-5093.36967721033,4102.85804272391
3711.88971780686,5023.94186196066,-2245.39489544812,-5012.08066127258
-3101.28561755146,3459.45379456984,-5225.72986935967,-573.591496394231
2755.62659728672,-4367.10741776297,-4934.54138617861,-2096.19960888116
-3307.85055910155,-1181.42127255748,2720.43443813497,5228.5407787715
-4324.48004230564,2730.46403750304,-5147.04450565177,2019.88385885543
-1613.11253342963,-2866.0348701216,-2398.97315072564,5071.22626264087
-1022.6984579068,4109.68364304549,3567.00699058913,3972.23114314062
-2994.24712304434,255.514419912382,-4962.0196596628,-3914.02467423902
301.207830545177,-3504.04324081198,-1256.98160441147,-6037.27600749266
-4272,1223,4225.94161668464,-3093.99713188191
6657.8189834291,-145.238913630514,-2257.4531092256,4106.17738702319
3734.13472020349,-208.719240074342,-5027.94720827989,2009.49323057447
-809.105022272686,3022.82753350905,4096.71656378292,-2580.16526452028
2002.73816701233,-3950.99065280549,60.6041787141085,5640.63705247852
-4770.88815389039,-184.654814782303,-3749.0072227487,2479.56106724459
-3991.469581262,3250.69017688354,5129.2967453934,872.312639024523
-1450,-3750,-4105.08236842081,-4453.36915097962
1719.74148387686,3228.38630646988,-1225.58545594174,5530.67203889033
3399.22948632759,-1868.66983862392,-2180.81198879693,-4675.51241126199
2625.74439210416,3308.23118280644,-5677.25448133477,-1364.45397132695
-1194.66185927089,-3448.85198728537,-1238.8233484989,-6479.15795146916
-2466.1277094769,-3489.14765855845,-2034.71620612333,4975.66070478276
-2848.0212170049,747.725138018625,-6195.89291758865,-833.544860885597
694.532652637843,3753.82105025148,-2282.08157218205,-4347.25069713528
1431.30368983301,3897.38211503227,2490.35849778623,4456.36280975937
-3141.93388663897,828.722945314929,-6221.60372493183,-1330.01311038895
3805.21515611413,3098.17387702594,-5777.28507480371,116.358536732348
287.490805328844,3051.30457746479,-689.820086111674,5450.54081368165
3274.14559816288,327.786525026927,-2561.59418415282,-5349.27671396551
-3481.04622020259,2405.15282143275,-3025.05401658114,4310.75207948813
709.00032968724,2840.44507449415,-1256.60889614102,6289.1665269536
-3191.09672931466,-1705.79359199604,-1357.01365653632,4634.99514270404
3251.06342178636,-2029.55585628797,5669.32280921892,2407.03623793282
-2055.58958789943,-3506.93672341528,781.947652536118,6011.70303192341
740.382583470563,-5263.383706345,-1082.0736328125,-5335.32946524278
-2884.09604582513,-3314.3461972149,761.447600182544,-4516.7001288834
-3122.15812219243,-2031.00617317521,-5989.60543259719,-10.2033843994141
-742.962317839112,3752.83569553941,-1845.12654391271,-5210.19372772744
513.017549325847,-2982.13295814037,252.023870032853,-5423.14928740639
2770.60588729405,-2584.47987734778,-1638.2808902106,4344.94856175107
-2784.69336016697,3564.79077742512,4028.20382480297,3512.63501649744
3374.94120119134,-1103.84908043753,-4733.74394373134,-4162.33732535893
-4082.51303437897,3746.70496287849,3849.42464619211,-3983.53158624588
1182,-3378,-3046.42118766496,-3852.65332636287
3114.87085303229,-3485.05171405126,5848.76815869996,-601.533569576786
-4270.07278596968,-17.4534986713905,3038.26083519345,-4939.43754889761
-3869.56151474861,1722.79260799817,4903.9161296024,3017.78509839787
-3870.79644656939,103.382230744647,1006.74159945642,6106.70414008566
-260.292403895918,221.738647460938,3387.8295368887,-5103.01461810976
-3302.31366383857,3380.96774814993,-1252.93541211673,-5843.30839990372
3284.39656304699,1833.87789845016,-6749.99086824305,795.205671533587
-1067.42929829245,3365.59392825156,-4197.62946143584,2976.89851427308
-3364.95435109339,1284.08196476407,-5275.42697326958,-3433.03550367684
3377.9910269868,-1659.35232241894,-5661.27946025904,-1088.03890906692
-3202.87620704193,1953.90000451032,-5674.36477572559,-1241.78727146308
3660.55857400415,-2546.42693118362,-4034.39140536906,3654.71603184394
-1152.65842842816,-3744.72708610462,-6092.67564464201,1342.89512920612
3016.03497207924,-1991.95609153892,4488.75772612602,3441.46042992015
4234.97979017824,-1096.43961454952,-592.040797498026,-5082.62215215226
-671.874281722747,-3509.16036453315,-2273.67840097844,-6662.65659431731
4224.99278547873,-160.716881405468,3490.64713158489,-4015.47240701031
3487.4121627379,2574.50399154579,-5745.85830398741,-693.874618061396
458.331657121044,4109.84793709672,5770.44246708751,-1609.79334067716
2771.41843132717,4067.94897823596,-5171.76218491609,1801.1820618017
-4992.97164349789,1381.86558464499,-5949.4190782314,170.105817676645
-903.406489336427,-3823.57818743403,3728.45778282474,4623.24063990487
-2748.6808730927,3470.96555133924,1238.89000822518,-4950.34889578279
270.773915910335,3670.69912311993,-4554.62937148679,-3798.65480941952
6531.38618956167,5893.74887411765,NaN,NaN
1787.01440532449,2909.83523241761,-3778.07265776967,4751.95283855914
2985.3896089064,3723.08761053415,4477.19774045855,-2515.23184602523
1545.57451376778,-5016.70961304694,4869.59377921587,3914.20048848937
-4710.36050657862,3397.71037461141,-1900.68307975306,-5208.71058409322
1761.31510935035,-2438.42821765333,-3849.16345550594,3764.49937520228
-3429.25809556038,1253.24874439937,-137.6923828125,5901.02565778541
-873.264586227861,2627.27348321528,-2206.08888498782,4963.5315485954
3591.46809208877,-2280.53873873874,-887.192633453787,5525.24179808666
-4623.12602626836,432.851950680898,4378.64083820576,-3907.43411705906
287.732945379776,-3754.25845656452,-3858.17142216764,2905.61792437784
-3701.72193884026,1905.70031720228,-648.527312316057,5227.99674485081
2693.38123686682,2316.43565413983,1390.04557952034,4760.49687836053
-552,-3650,-5605.94599964677,-1690.15642792488
-2864.21875,-1917.94425478505,-3996.40747203844,4931.23746512594
4555.19135235416,-3490.23544861766,-4195.3262177552,3844.48490076883
-3243.44948385828,-3087.84130429608,-1623.45753635504,5078.83897938591
3839.3948712449,304.202018222292,3064.54390345672,-4303.5819425495
3547.58806629881,649.407766436212,3449.59574857016,-4550.00101167506
-548.803317445253,-4082.47176641528,-4841.52860787259,2302.34438970825
-3501.19181191887,2763.28816775154,5156.42151725272,1006.10589326318
-1014,-3174,-333.682811281403,-5654.48319331058
2734.35930176844,-3761.45576543276,1936.26839075898,4743.75181134176
1263.84739831147,5564.45273893678,-4628.20037881815,-1696.70810171274
-3279.5967007209,1748.35330050196,-5736,1331
3205.58111677676,-1671.28187353817,-3501.07000243701,3982.62625769889
141.254083795229,-4162.97006112004,-5685,-2033
4238.75347595285,-755.213695088371,1250.02058806028,6359.54909522086
-2698.8351099935,-1419.13198066885,-6768.75392800024,272.035468947285
3499.82899176734,-1008.91829674376,-5468.5415517332,-2919.19410430529
4979.44820365893,2984.82324957624,-3145.07174707007,4521.75694210778
-2466.72097332219,-2996.6527839032,-5.11574404285766,-5399.26779589853
204.075897802806,-4441.87729976173,4332.90204404186,2524.32465126145
-2969.05496782119,1940.03911470836,3284.01276410891,4373.66396853401
3819.68080443671,-2000.30686562519,3434.14500115462,4344.71290398284
2803.08431266914,-2379.48049281314,3286.72822804463,-4766.08871816678
-3392.19194847169,1475.60723121906,5047.04523461131,3413.23894962557
-3308.27555417631,-219.795408017777,-2678.6011114463,-4985.83192574417
1917.31140283658,3590.21707651498,-5307.11979593713,1850.13730696064
-3860.3001753608,-3957.35171039421,-3979.23097532884,3654.87781792592
4540.09919295753,1832.14694859647,-4716.38481996075,2748.5265077314
-4263.29504693419,954.483055924039,1584.13939230355,-4817.86988839609
-4849.16684830752,1177.31437268412,4430.86878057065,-2184.71359948282
3245.1662673636,-1223.98313185488,3670.64447617155,4186.35666176855
-1888.51514977791,2894.30480391162,4357.86096881808,2291.24155371486
2931.90883098871,2445.58443344808,2708.20795652984,-5109.57175098298
-1116.75186586509,-3751.81013092557,-5112.26503836753,-1351.38468504594
3202.93601856763,-724.764811197917,-5583.76374094425,2292.24856535242
-3439.40766209301,1923.47789517894,-3998.66334431119,3133.95057380705
-3537.14655129467,-741.967738830458,-1597.74503234676,-5984.34164928985
-3274.92061192352,2981.04797843757,4653.92595106435,-4909.16827210803
-3568.60109820608,-3229.16685623411,-4000.03887245688,3801.66861531575
-3555.00184555054,-3863.43765887499,-3332.66214431283,4715.31372305045
-5102.48771898941,811.9956045787,-5077.02111600498,421.713278459492
1561.78691569573,-3381.70966293889,-4466.55306913547,-4764.00129776753
-989.343068669648,-2951.24604071394,131.747159090909,5737.7335305524
3068.21398415512,-582.91355384335,4641.96588502603,-2383.53443707026
918.81960987299,-2748.03933749789,4509.62303221378,-1712.56193518017
2973.82728372353,89.9763989129078,5817.96469253343,-587.900083092536
2898.89365507438,-2409.15022455065,2434.13425233477,5066.45621318707
-3036.99180681607,-1555.76413300628,6443.61377384529,-63.7304821951109
3353.00773754125,-2985.63151505036,-5691.33462727804,-2139.29787409718
-3527.46684285558,864.476149664985,5833.34944914316,298.507592773438
-2329.37839631277,3672.88192268654,-5056.10736266648,1320.41740572
4092.81197424022,-2476.133227191,-4134.07975146451,4454.51452077075
5612.23132255945,1945.09447973666,-3796.32138501872,3648.6071100559
3477.58852350345,391.318473556572,-5975.14021530412,-1490.48569483733
-829.042087683344,5471.30247853753,-5295.07488267785,-903.698850553889
323.307993183271,4024.7839176283,-5727.66541944922,-2001.88149169569
-4946.44030041919,-2952.75453631447,-20.201774597168,6243.78769373479
3202.89447197317,-2178.50162940718,3308.76130389458,4632.66983682212
-4335.09148405428,-1927.50148885068,2461.54504406754,4852.56085085761
-3770.86141636458,2120.94374230836,741.699927096682,6289.37915238179
-322,-4827,4944.6079428569,-2997.73344444178
3925.4163174903,-1011.41246213147,-3346.83367881111,5165.02638019086
-3424.35032253256,-2916.58743752951,1207.52294890822,4978.11907294036
323.119369505356,5147.77907768484,5657.64603915962,1770.56449267555
1612.63045546156,4793.34704447226,1602.79826175118,-5154.24176162481
2794.29474794764,-3466.54662366354,2189.839437879,6038.55357436077
4176.57065607365,-290.857540474728,5935.98545596599,2381.39535098007
-3558.26263674118,1689.08611916663,1051.98120898181,-5364.47289437275
-2809.06247465509,-3295.56592477805,-4516.66479468124,4038.86373277826
2087.43786509055,-4238.4661889662,3304.18015142176,3918.47108478527
3048.61439434218,-1119.94119499121,-6062.94754736221,-2572.64124341946
-2464.38275784221,-3455.63395950326,-510.76800984847,5708.03631596101
3715.59338380256,-1301.98554856064,1002.98533007335,-5424.41470909487
260.145386342975,-3722.06615403502,-2546.60065995103,-4506.37955101517
-1286.5110365539,3381.88489083357,2525.58236832671,4894.25443425076
3463.20135838402,-2393.52818700463,4823.29747486277,3225.96807311552
2913.42308537677,-2224.72443134449,-3304.66102174798,4368.48586751088
-803.498850234447,3178.63052715833,-2230.62815781704,-5399.31109313464
2952.38862391284,-991.441278833542,-4992.37088777615,582.975885991964
1462.03412189889,2775.57970025709,1076.6037025897,-4693.84876203128
-2288.23731617076,-3494.16862460066,-4978,2664
1029.66369217491,-3932.04327583792,-2388.6576055854,-4322.03145058463
-1396.17386843124,-5063.58429618844,-4789.33627832806,-3533.79895754011
3377.21573583399,-1486.27832538017,-4860.84139135603,-1098.78993055556
3954.56641595841,-2227.9150772916,6477.65146210721,-446.080014513978
-4481.19633330966,4196.02376377339,-4866.2570840462,-1494.21722647025
-3783.74741184131,-1669.3870685635,1686.38215023726,-5600.42353298117
-2467,-3531,-5514.80251287713,-1908.98714188301
-1982.88206541425,-1823.24510422543,5364.13377859559,3407.58212070123
-1183.71153709606,2705.70320277045,5162.49795208246,-582.477784015894
2480.7814621546,3472.59931699102,-5426.66854854851,863.323599121424
3287.80594508859,1154.7416419074,-4569.53330183844,2057.51877139183
-3234.23951831971,-53.5699005126953,-2211.66029228856,4942.25562481543
-5039.43348339048,1216.31596570944,1084.06860351562,-5454.37954879678
-462.328732215774,-3599.28335480544,-1406.19985878852,5423.94579513714
3594.91282156423,3612.0014332402,3637.73473567046,4722.15267236097
-3227.62072843021,-1672.46925296784,-2721.37297048876,5231.31669468412
-246.234931841289,-3921.13682474964,-5400.31375171221,-2330.39481487363
2693.78558005188,673.3310740925,5866.61821303352,-499.457054843073
1165.85762681874,3045.87766076869,2779.03174049182,3818.89471552885
40.3266176961774,-3333.24902885715,-5169.73862708205,-1464.33243040583
-3766.39861878876,518.211210973882,3031.66065918024,-4802.18897158068
3329.7395059389,1963.7153111361,-5000.61111797864,2683.47495319451
2874.9651627277,2681.56180557576,-21.3794290591509,5630.70707163688
3471.45007364361,-2144.85386738547,-5424.35294825835,332.861274672211
3071.87717744215,251.387269605388,2683.26314642236,4844.54741680211
-155.193164563413,-3621.7141381873,4866.41194796443,3149.23863501025
-3692.1578667755,1417.87361209416,-1526.79099390304,-4652.86781725796
878.181690670224,-3460.08203302418,346.401342205901,5612.70219027116
-3199.29707720564,1832.49886305423,5721.41410984312,-1605.73420293807
-3433.21619913268,-263.422385329422,-3107.80938871102,4767.96792421169
-2626.07413859495,-2927.62772658732,3841.08469583836,-5643.19120398797
-3638.827662563,2466.17855300084,-4900.52957163029,1915.7341270427
575.660817319884,3299.93639680212,2295.39899586533,-4349.36184062143
-3358.96654938159,1097.56439256621,-4507.37894323711,1352.11626843248
-763.077266621824,-3966.48778406284,5229.18923171362,4505.86016387149
-3008.82299490657,-3654.64192150265,-3955.35519678133,3049.0414427444
1158.59550914803,-6502.10878320643,2266.36398863344,3541.107529885
-3658.00568181818,-6428.6413822144,4533.24494234405,-1077.4847394954
-3072.75181211945,-2246.50326482236,-3097.80909575815,3823.93580488975
3275.35686296533,-3343.53093472361,-4526.63061125208,-2356.06783015306
-1706.49626803094,-3736.96513374199,-3799.25652167913,3008.11212320239
-3442.99423402108,-1856.9738012293,214.571246006341,6320.13171652045
3390.71270143781,-2675.06760129253,3898.36867713401,3996.05325131906
3356.95664213833,3689.04583614312,-487.314695104505,-5463.67396520528
-2759.47749986777,1762.10979352733,3279.69214179866,3796.76094995181
-2861.2021352182,-1029.90235071012,5669.23787399537,1318.55148485963
-3151.60965129893,-2942.96587388789,6621.85697624536,-981.890610320157
-3695.32442301142,3005.3049778617,4695.22664435752,2235.71061236623
-926,-6702,4125.57431182908,-355.588193757777
1968.48503710646,-2702.84086035022,911.306536140699,5707.63407665188
845.575936732187,3166.37208686842,-3261.38593662006,-4179.4631557021
2935.93150400022,-2075.22660753444,5208.98105893204,3753.18737442412
-3831.04091256183,1527.78327640617,4297.05603507894,2906.63009582239
1532.0613874397,3411.6080201936,3309.36137445726,-5730.70894561686
-3145.96403328317,897.788481857424,-3406.35603570477,-4895.34512923974
-1557.99501969219,-3396.29065396765,-3074.80213724081,5283.95711534212
1257.31653596741,3517.56204635196,-4635.18545353039,2061.48261573987
3260.32961759209,655.446846782753,1257.22626203633,-5675.31141771866
3017.65273579391,1765.45023868251,-2692.27306731919,-4213.30295857466
231.168934660427,5198.4527994151,-5083.35687923868,-3561.17232070142
4879.1718640473,31.5143963427357,4846.9268499681,-3241.35487401522
-2993.10798592949,527.511543319611,-2548.98845718034,-5589.31731968059
3497.13146686303,-176.723487997034,1464.40908472919,5630.56404929912
-3613.85010964673,2127.68127179106,-2958.4972222574,-5074.79842002409
-470.015833853772,-7784.50199346499,2807.36595435867,3082.44064356237
3521.70965612534,-883.955898365863,6298.824328825,-1030.02861896983
-2443.2145934598,-3210.13203118143,3430.24935926806,-4424.22790161803
-3060.81937639415,1350.21748194839,-4577.83050004224,-4889.69706354201
-346.972238494564,-3473.39763596281,-600.695670308946,7039.31326578901
-289.848243407536,-3072.97208669493,-2953.40995011112,5959.96244411902
-1699.5532569625,-3561.28505814567,4241.40740519827,-4122.26856227369
3219.69916764502,-3315.4465899612,-5431.41211409055,-3183.41232460006
-47.2194531349833,3624.60146857068,-4709.21464933264,-4139.8843865128
-1429.22379360373,-3695.15586618858,-4611.72305391128,-3179.14499448332
-3410.30821560967,-2650.91222571299,3612.67718421206,-3062.60257922173
-2381.81545566619,-3916.79512155846,-751.965637248534,-5131.11630014858
523.088533464567,4206.51278122823,-4567.03856009743,-3144.39094604667
-3588.06253212345,-398.606493713709,-4418.97047754935,2710.70267977112
3034.72009554068,-2920.29189714349,-4610.70535172644,-2691.45731696258
4285.85736807439,1664.45815414291,-2194.6264541621,5240.02547034015
-1820.34995959228,4637.26784291677,4873.92516868488,1510.10791708309
-1877.28645767142,-3159.25764316072,-3886.73597244532,3477.58965764493
3007.1934669674,-1547.89165390838,5871.57913677509,-497.982468806519
-907.77676242148,2547.75498773333,-5719.82055594374,1912.13501898738
-3183,-3638,4354.54684284324,-3371.80307576432
2886.92302604885,-1795.13682781282,5521.84581704469,-525.557959800597
-2423.93493835388,-4035.72682298836,4981.49728973501,-783.572418040309
-4489.28798888108,-3110.6274432266,362.571474656213,-5954.33081675865
1763.79382892161,3201.05213440799,-3840.64031786305,5165.11673612296
-4083.16769078,326.376168183652,2262.67517267648,-4986.99952524465
-134.297691900999,-3829.86478572601,-6503.61934893661,862.626372397549
2870.03583531545,1475.45489174349,-5682.279712505,-1613.0708933349
3739.07709854973,619.511582150205,5536.65603257624,-475.650644526427
4755.95964415157,1136.88839802399,4900.98990771016,-3519.91188955799
4893.42186572887,998.831378941027,-4567.64369092417,2336.91187002157
-3460.41943099447,2145.02770133491,-5482.80371821048,-3127.55440650921
-3986.61201319358,274.721171638068,3253.44870794113,-4052.2776313023
3397.00207065869,1297.3161081883,1468.60677854212,-5037.97614290467
-3663.68752391135,501.370754720776,2945.93432776101,-5446.28999948779
-2686.94663945052,-778.076481095548,-4506.31034720415,2359.13279609896
1064.43275826737,3538.08421421388,-3568.37408134468,-4295.24415967449
1358.36944872513,-3918.32658803131,-5494.37374870822,2053.03615922879
2164.23180473881,-4354.54614306276,4469.4666226048,-3511.82118349644
2432.34924348423,-1394.07353123839,5513.24812479231,-2973.2079428837
-3215.84122760679,2410.7631231923,-4404.42241024485,-2722.27316475824
3431.68444450455,1806.07128421498,3941.39795539648,-3606.9464181192
-3113.18441710818,-2524.29316385626,-5640.03149544609,2242.89104886543
2914.60680767685,3391.87647719823,-3508.54669923955,-4435.27310078654
-2280.89138103502,-2099.81968659808,-1523.55834296246,-4644.67421915674
-4982.51149119857,-1355.19653184664,630.30748158548,4874.28845372884
2958.45319701197,5113.79295562925,4430.00627201413,2639.38362968286
-1768.51336640705,2752.11493258467,-6033.63552845208,-211.973924029568
-905.804174898781,2910.31128751238,31.81640625,-6529.04702870503
1312.67823628928,-3249.97944927092,-6510.26758632966,877.601420454545
-1550.1983651925,-4078.93573172381,1990.33672509262,5044.48362364237
-4268.05583858009,-1413.73092301377,-3145.05280394834,4879.31855674169
-796.902827653558,5007.70068979993,2662.57517296083,-5318.24902686859
-2471.00612848524,468.399711946581,-5767.65865202728,-153.78589630127
-3145.41148976293,1487.03519637462,-5142.05997275838,-2046.86829195834
-7605.71780968915,-232.49779012052,3827.18314114891,571.617330241969
-3653.75254864581,1459.74628177387,5359.23585982332,1582.3237285614
3167.82299316782,-1585.71024059648,-2267.59656770619,-4891.02263609683
-226.063136479863,2944.79983896999,302.316361740506,6559.39638182219
-3572.71330089178,1036.17403065603,3891.99144305859,4371.6133814115
-2917.91213446998,1049.22143495009,5122.1799222794,212.046825014312
-3261.31280464403,2225.46954668471,-2542.09330723106,-4764.93252162535
-2669.59049069206,-1341.9150140435,6385,-1445
-2887.22432277056,-3344.71292302458,5113.05414383122,-1145.47304613984
-1553.41692652694,-3605.09319096939,-3536.35694355113,4081.42593818925
-3253.56184388966,2084.18184774681,72.5217229791514,6217.09331033099
2571.05953672584,3054.68949015039,-1733.75726816785,-4925.46655334997
-4633.82185867423,-647.341658775554,-3856.12552653676,3860.29892327643
-999.509307121163,-4727.21237211187,-1463.13661591545,-4947.62452664609
-594.544300661249,-2533.99936147651,3516.48532772929,-5188.55439159778
-2824.78995252081,-1546.05334836808,1349.03201082653,6084.07560845588
3740.28793957098,-1316.00668714968,2474.95524945175,-4785.5827923322
-2184.32081530823,-4268.70377048747,943.269718462389,-5087.19821661606
-4043.45497124283,-4708.04548033843,2081.42476495474,4915.88533446788
258.700253882704,2641.71952227124,3133.35390459936,-5676.54461214596
-3198.56824135242,957.589434078914,-3475.67588103595,-4755.21084145274
-3492.73184276154,-2741.83927417548,2118.48020666344,-5232.90049272587
4775.83017351061,-910.57939043834,-5664.62708909523,-2261.82621843611
1479.12638492598,3430.32798746204,-4911.78113525346,2251.61299703278
-3318.64726873117,2682.24515011993,-4509.92446127941,-2892.38770568162
3961.96606723244,-2879.39359052466,3201.21215161031,4781.5285917527
3243.74514131043,-1806.90740142211,-5122.7668786951,-3140.62520442069
1671.45759764962,3102.92673776966,-1877.40034446689,5386.62975527694
-736.942384578187,-2712.54242501814,-2860.81114881371,4569.82794080487
-3197.8753720265,2424.81374378365,-2265.78551926956,5036.92712720339
-468.850871427431,3825.89825218986,4032.96711659611,4089.64278495322
3878.27460759117,1472.70356408481,5753.93470832821,-1161.61022993319
2887.12382233769,-4470.13262930379,-3076.95551629869,-4826.10175213497
-3017.66834224238,-1784.97707844218,5666.46627010905,-1556.34804409848
1701.20933096004,-2265.20613494318,-1293,-6604
2834.0963575818,-1789.70162720807,3874.25898207982,-3297.40161148428
114.694344117403,-3745.90928925936,-2422.52562240028,-5022.76524968107
-50.6920247975346,-5056.1554148197,-5863.92509050704,-638.852361476168
-710,4170,-4368.47124559781,-2788.5315837875
-2110.78597329402,-2723.1878336149,5486.23546890978,2052.21740194565
3388.81110321116,-2239.15418605679,-5801.08506980007,-2822.4584978417
4440.49089514947,-2373.93289587524,-326.921502228541,5269.40384757168
85.6425794105067,-2875.75967481771,-1716.19942132201,-5106.35654694187
5326.91146612335,-820.150384805022,3648.78596871011,-4346.11903674926
-1110.33419227685,2942.80204420869,-5416.02982578658,-1037.99441284638
-2421.26727685198,1943.34549210039,2689.47199944385,-5897.14923532449
3277.11295950647,-1187.48028612137,2283.43410135187,5865.31918281548
-3114.75663443457,-536.03401863008,-746.100427344803,6244.33330299918
3017.06978921622,-2026.37203895499,5272.75573339519,3048.01484079072
-2639.46427577445,1977.58516574383,-5773.57295575234,-910.878854543361
-697.049562630197,3295.33055336972,-1468,-5723
-2005.33920606223,-3682.18491942668,6411.77043269231,-627.109932149795
-2001.40035251166,-3447.01002319581,2522.0164339705,-5993.81030858493
-3679.66104871142,-426.328050166976,459.805697578961,5720.26372616007
-956.950585760426,-3477.53139177987,833.699573208986,5217.15550164359
-2067.84031652254,3820.67250814007,4744.70947764493,1447.39026883321
-477.650257886198,-3450.33054361171,5575.68561137751,-50.4299395304273
143.798374024881,4765.78116280456,4702.98354859908,-1872.56048995386
-607.924694466819,5422.67733637016,-5509.45526506322,-2587.31404281069
2804.06887874537,3097.22093940952,-5918.96414795351,1195.6329876642
-1186.25666143515,3365.26056794811,-6334,-1589
-3361.398475775,2326.27108168185,6201.11923508455,898.141707474451
-2856.14933540669,3055.899471316,668.882307588712,-6590.54563070604
533.248052725789,-3203.38161288578,1905.42301834303,4665.37227140548
-2061.74671791292,3586.49575160926,-4584.58112672917,-2783.37389614332
1048.20445314203,-3639.6094300399,-4326.9960426029,-3551.21437886366
4073.95276907177,1743.72428284971,791.126775893675,-4915.98728366506
-3165.5863659674,-659.766149298383,3853,5896
-4030.11179285346,-3966.56302797538,5214.64383732063,-2761.85621403681
3859.39975568315,1690.49743906632,-4676.81143178477,4447.52649676214
-675.48206390912,3966.43786358081,2635.65178007043,-5090.28167518066
-3374.53544867347,3858.21954198488,5458.16959840658,3677.29450727764
231.939716547691,2937.50384897631,-3546.12779629838,4480.11532249935
3200.09798614844,-17.3128500959356,625.385757446289,-5901.3169918999
474.117539298038,-2653.13011889683,2750.69737069553,-5739.00766814497
1883.20585703152,2931.33326807293,2754.11209159946,-5671.78706035879
3070.93360457595,-3118.50369935117,584.149221386566,5411.72746543467
-1947.33528346117,-3850.75155992076,-5556.40744098517,-6.195068359375
-3123.59774551078,-2886.53652595147,-5096,2755
-3339.15898883936,1727.08118288473,-5729.93806373407,-3.68146370552682
3704.53495453827,1989.58271847183,1982.30410550996,-5852.37225723956
5464.20041010763,-138.298644813526,-3477.44636230469,-4217.03468500146
-1853.25838048194,-2735.39386840176,-2623.27118066764,4203.8552519958
3301.89761852629,897.602882880413,-4490.72021525556,3209.65092571329
3312.17163361407,-1777.05078125,-3262.4458372932,-4849.10594653981
-3042.98231417903,2793.98644669335,3160.47836387431,4958.36850342214
-2362.57044579553,-3603.9042318777,-696.580645784419,-5967.08976969461
3387.13638838223,-2451.34083070146,-4461.64283171306,-3941.12496808972
-3842.28580736594,-2302.998212536,310.321706198752,5848.87484576902
-1398.25720926171,2554.76343386511,1600.13666826233,-5956.78229256734
-3427.77107862932,1989.93006125201,-5496.73584750649,-746.789902876749
1521.60936175744,3375.71099830078,5255.95978615531,-616.06469879147
-240.380329165683,-2610.04131231934,444.141397584393,-5532.61034486078
-3301.59754353508,1311.30994460923,-3320.16768137764,-5349.12739012809
2696.67627822797,2927.69011804461,4681.11483207808,-3808.35337918613
1481.80377445148,2903.78133486726,-57.3250164526165,5629.52320647462
3391.34278030953,-1623.98688600624,-1698.27215049747,5442.93996733889
3616.51360505641,-2131.34506252739,-5016.46408737505,1113.86415709203
2547.51125852229,2124.40353953716,-683.327790034161,5639.20260811598
2134.20581786747,2509.96935699175,1454.00080611092,4611.65491464759
-545.664201045036,-3919.69197615888,4146.0627742844,4287.41568317819
3773.60176948879,929.994503081509,-4469.99676778552,2126.84527244653
3211.34055988529,605.621038078021,-503.474046064005,-6106.6549293523
3578.74611863448,882.142991939457,-1938.92468339589,-5496.10977525012
2114.7825840838,-3508.37188267936,-5180.79641133309,-4516.45883077906
351.441557312012,4230.39628587535,3778.31241719581,-2966.98285685447
1177.16525271273,-5082.05974957195,4790.76856730908,4311.87406726521
2810.78884461529,-660.046208217645,-1799.57774812288,6161.20064998338
1518.25890736342,2907.86503275619,-2897.587890625,5343.69241914258
-2090.03024574038,-1040.81340895804,6288.49345219966,3297.69588370771
-3054.42558251428,2415.48393072116,-1279.98234937248,-5754.43651430863
-3589.54753843429,2391.12337096308,-4266.47080042286,-4083.10147310293
4125.30215570441,-3406.21398494348,-5307.18801555372,242.138884957575
-3728.3701487972,1410.61023899467,-5023.20681020909,-3207.24915059185
4245.16227242177,3195.44270683221,-1142.95336537402,4861.69672483762
-2743.24077386607,1489.50446968079,-5141.59410119491,-2471.86473275189
-4852.32476497226,2112.39206777996,-1671.11120527998,4413.13031549174
2284.57580652227,-3416.46954211585,4063.52715955019,4175.64444293424
320.064542368634,3762.88634052238,5433.59464290562,533.204420949452
-27.4796144352403,3420.64854802746,-5373.08074916448,-2653.17665337219
19.3281125467877,3355.8455360649,-5346.57391283198,-1483.96190421722
583.967900343848,2977.37707959075,1718.34206857966,4953.31557068306
2244.59733359719,2398.13155038379,4899.55913122741,3462.71012487937
-3350.70735913936,1137.32075790405,3892.23037155948,3694.96303924678
3009.39384117143,-1408.5067472598,-3262.29204755881,5512.18875208897
3190.03482173028,777.521584396519,4092.45966260432,-2986.73612567708
1153.03825751226,-2690.11912934988,-5561.8656216269,165.06623840332
-2613.00499764821,2603.30757529304,5746.83464694955,-1179.15701808036
-2813.51908745498,-43.9196294246276,-4684.32490892242,3005.52606194991
1075.6671620393,-3006.67605487565,-3807.50777573748,-4242.76247218731
-1134.68739352641,-2470.59313211628,1883.46714680479,-4973.64773185974
2954.3846998936,-1702.25452409499,4299.67799472457,-2182.11484065336
-1571.72095063882,2309.26951313756,-4888.36609033963,4045.31676076942
3285.29949604381,-1975.92233335922,5058.52849157192,1492.08314141868
-3335.96858638743,-617.444001936794,-3521.19948380123,5450.45834653586
1240.01137818169,3223.59088964688,5397.60171600837,-2912.91709421642
-2141.1875564628,-3719.03600679999,4766.06372033343,-2400.70073745451
1096.53850998963,-2768.13637698583,-1415.49603178242,5943.95175264008
-2129.657572115,2043.41986370752,5824.02387256412,-2363.29308182676
976.769639756944,3588.75928430835,5173.16208144538,-563.47998490776
468.794015162606,2497.64564383361,-4137.6555792925,5115.99566547554
-2098.44563897691,2895.57717255838,-5480.18874184434,-415.414094209671
3368.73818121095,2752.60320454119,4501.11276386663,-2655.87834792394
860.1023218415,2541.91413009871,2037.87275967645,5805.40890880267
-3071.10892375556,1487.57958810065,-3015.26268609583,-4051.38078705829
4082.8980429752,4075.12115943709,-2406.05860255318,-3893.49403166095
-1767.7011359572,3578.04400320748,2460.28982644693,5884.05838592562
-3895.32846094615,-993.297679189079,-2784.26239532271,4400.62987063541
-2145.81901804125,-2622.31990856992,-6392.28793524808,260.067375419066
-2789.19481866438,2644.04219475369,3465.78306330606,-4992.35271112462
1162.75963834253,2833.92719721677,-550.442595348868,6300.06934739425
1421.99591550574,3445.90750200486,4827.98420622687,-1900.69298482591
2981.43970501526,-3585.28214250932,-2813.13132219943,-4642.01860178183
-1973.8924877485,-3702.49951434251,5291.76176030969,-804.651470121741
2648.698450263,3006.80574211632,5142.2601721979,349.68536804588
-852.975760119117,2690.46760296295,3774.43571281294,-5638.95502241805
1225.80234197668,2425.58529145412,-2727.3729141294,-3825.30910754466
1513.19204538619,3345.01114731831,-6825,-301
2973.19085423998,-2650.92171503218,-5801.12542747629,-906.418109836291
3153.68781640925,-247.701817655219,3130.43247969314,-4044.80108628855
2700.66347691867,-462.723608281426,5787.48468392398,2124.54157768801
-2690.7461792972,1917.22053949023,5219.09207161476,-1159.84290680466
3547.01939506058,338.026680141388,-2831.60828822338,4309.22407320597
2573.78061922549,-2586.04344214671,1447.12454647986,5723.70757282916
2842,-2786,5549.90538903115,1298.43149293223
3582.9813873379,5826.07247996863,3632.85242502505,1362.22884980158
-1717.5779349743,2960.13737528939,-5256.52381506665,-3199.2530099968
-2899.62378461705,1692.56707105163,-4632.86760852001,-3827.0981036914
-3251.54679308668,1160.07349573001,-3467.21202050587,-3942.13317741321
-2705.31250260244,236.268209545818,5336.99733598411,3490.02644956309
2583.84602649007,2632.85323108365,-3767.35835796609,-4242.70070621543
-1380.44953973561,-3283.70901222432,-6059.92737679903,611.75021212919
-2612.62998362674,-1009.12715473114,6537.32270581067,88.2954236640305
2484,-2593,-1014.35562896729,-5959.1071315385
-1440.79210986024,-3071.81578197393,-3322.2052774491,5290.68358645324
3341.16291073989,-1237.03869470841,-1816.61815819749,-4740.20084406488
-2596.55743595303,2700.69011978926,-5552.45307615152,-2309.82110413206
-187.595931119055,3790.93536037869,-1389.13202138771,-5037.14579983937
2288.65466007487,1282.53439789536,-1448.9753237357,-5380.85374709657
2346.02827791988,3207.42105071505,-3904.13922758856,2873.26622527272
3721.14518068586,-339.562903386528,2433.08024848125,5553.80538057561
-3225.52750509269,362.034336853027,2330.49984117626,-4396.76805456573
2235.0354116567,-730.474456787109,3903.16740520247,-3837.68263868229
201.718030030961,3658.61950881937,-5537.28531301726,752.534087509855
-1578.86839476729,-3072.31360565093,-4934.52979582803,-2972.07371344884
3155.35687463817,-1484.15748204928,5180.83244744865,3550.61230408049
-1989.160582927,-3621.37316367292,5670.32292509001,-2605.59607719653
-2922.41062924938,1035.16058050824,-4324.111488024,-4521.1714406828
-3641.54431063148,760.871929715219,1373.24959352083,-4841.09284008212
-1075.57401942226,2560.1820793232,2032.6041135286,5121.48364426229
5050.61902054242,-4188.86370127096,-2416.62650019152,-3572.11196010925
-1545.98561944668,2686.2954083611,-770,-7120
-50.1388513234213,2112.44001182468,2214.67618975515,-5441.90536153086
339.592375691162,3651.76586581717,-5224.14802481427,-1173.91128928317
2761.63016307981,2972.52401486695,-4872.61624290326,2857.8635938946
2058.95708237765,6371.00708914772,3321.38741818777,1869.15717371499
466.136505921365,-2742.8387912544,5714.99191525276,-1774.58092095294
-2069,2534,-565.731535043037,-6006.70803481337
-350.072601332107,2470.26042239869,-4940.6219697155,3161.82338817111
-3300.51562366317,682.009674085045,-2348.29291350722,-5425.11283487927
2623.71858049723,-1507.0657341836,-5032.31965621206,2675.85569753007
2939.19840013445,-1487.95734861985,-6116.28065085946,95.118746165827
2579.53795762637,2241.75650314768,3732.21291618689,-4362.95203347852
3167.42704087488,-679.630378806253,-3240.84823330647,-3904.14714405281
-2741.91401718487,-885.992542341193,5497.68139588747,-1039.90729610852
2563.09349953492,1586.49833483979,1172.05208333333,-5314.17424976709
-3258.61727369934,-631.178199320465,-1509.45245310936,4778.96063033988
-616.646484375,-2552.81405666835,-821.213142609474,-4920.83259386846
6644.13741906913,-911.900422997238,853.999998943767,3593.95604634279
-3394.12231555558,-513.34696386507,1894.20619790314,-6178.86279831305
-2399.81090240672,1023.7564722826,5007.28433130853,1384.05191950084
2530.10384168123,854.49451464681,-5592.27132770043,-1309.21380615234
-2632.65611340345,1133.00857789855,4558.69544157158,4175.9335986895
6514.79357848612,-27.0263306952606,-3452.19448897005,-1583.75798418026
3361.13197367091,-441.584858920524,-5146.54406545756,770.021658039123
-1318.05613950849,-2867.00896749584,2808.239637033,-5606.42906305707
3449.9969510384,-2476.74334549756,3765.57992347439,4160.55038441365
3316.29185168284,-2604.80063482613,5212.5836004568,2047.36114842987
-2325.11246771104,-2858.43610395472,5185.363423026,-242.785392303322
739.780742564785,2642.80418490244,-2844.44916725072,5859.09249001975
3099.95835096215,-954.111303736298,2853.06177260519,-5277.97383727835
-345.064474600963,-3184.70633899533,5879.91665867686,-1886.88204741142
-2862.73935409462,1241.53881531138,5361.14552183159,-387.473336965843
-1480.72227258293,2350.91845182605,5973.30445954344,-1622.34906083418
-498.43963551735,-2734.58467741935,-1588.580210874,5117.58673384733
-3722.15516235419,-2584.26919083665,4617.45780798383,-3287.40243856923
1155.4246992745,2576.4299308004,1633.88533114245,4466.2551817539
282.729146577297,2660.97884320711,2609.66150791615,-5304.56512803348
826.742353710261,3653.52411277456,-5764.92566846036,-1390.27658180484
-1143.0855852656,2378.83011944694,-878.768599939094,5507.41407131744
-2572.12660870037,1552.94212742856,-1308.10453795543,6334.2435804593
-3420.09568786023,696.076697573455,3004.13264978619,-5375.19740626306
-174.047870847422,-3002.67715454102,-3109.12810385376,-3918.11880520715
3255.29340473859,438.065812969616,6441.07966006888,-64.2704218138756
-700.753633342479,2768.14953055992,317.001842252452,5683.02816301982
-2585.27285709808,1568.04914875926,-6306.32149669854,-731.83511422255
-109.815477017634,-2995.96182660825,3404.77563634942,-5694.73177369774
-2820.84421221885,-352.546644636721,4417.29414072314,4383.05972563867
-1491.99129225596,-2460.2490679448,-5854.20974259967,-2345.48693202997
2836.99325812862,-1107.19095888949,3343.75847929713,4103.28845111394
2599.21729776866,-1476.58750196864,4238.78545755894,-2487.82534133986
-530.418557222219,6671.07754754302,298.830655187106,-3980.89691529372
-144.639246476354,-2956.99124162089,-2053.00137960119,4740.10087025908
-178.164684879356,-2677.28605790467,-4216.37271028439,2708.95519398837
-85.9375918375617,-3190.64585658482,-3271.62887316988,4679.96718572157
-193.31557975616,-3132.99478035513,4606.75800139621,-2432.9365569363
-1295.05827366487,-2807.78475770012,529.319108963013,-5283.77277675935
-2660.04461854041,-1176.05452232876,2635.56658300272,-5586.64501585452
7489.48692708525,3279.17991067449,NaN,NaN
-670.581466278368,-2755.10993679861,1640.9395388001,5911.5977741969
-2685.0137151157,8.89893147076926,-4564.20339944546,-4226.61955416841
-2499.20054544774,-1339.10407702104,-5148.06814187533,2575.58205683131
1082.26045897783,-2886.89307689771,-6623.20459510285,-520.120704964416
324.192961807251,-3151.9005362157,-358.895260322385,6530.42739663654
637.1,2722.72079192156,-3491.49532878851,-4527.51399244734
