complex_small_real,complex_small_imag,complex_large_real,complex_large_imag
3795.08105221985,-3296.0034919405,7597.81184281087,-523.973405331229
-2714.7829661302,2229.93211597032,-7436.6573399433,-2772.48655725897
-2026.14363065332,-2566.82081263045,4069.50927604515,-6368.61598222825
-6271.18413283932,2307.26390543098,5594.93738493952,-846.639634472096
-2784.78833830988,1928.95908307644,-6979.09556877163,-4017.5216709239
216.598915145421,-6295.24934901517,-3788.19497325186,-1695.11056544341
2746.74179280794,-328.46435546875,-6935.49281046959,2455.31467793179
2497.75558437373,-620.1875,-2410.04312204735,6908.95432454921
2490.96171006081,648.536115644803,-3617.88080738274,6994.56320233517
874.636369458,-4157.35050964382,-7215.79594055709,3159.26405714771
-3733.69025616785,18.6509657833093,-4679.17912212224,-6711.52182047148
4347.86325321109,-1573.73963857746,7263.89293779901,3998.57868339381
6248.85224351814,-2558.11839348721,3993.5251025453,-1646.1247025371
-233.549247031726,-3361.93742700347,4977.75551459803,-6943.97738510914
159.76171875,2151.61270373272,-6257.5016737698,-4745.76079493646
-1565.2080676335,-2705.23991530608,3923.16409420979,-6927.22496132149
-2418.6806912554,344.194293922102,-6447.134601929,-4982.61150148915
-2800.56096259335,3823.91872875653,7521.70614633136,158.566718633979
291.77597618103,2332.99480463032,-4432.10450946858,6897.72477520465
2986.13708796504,2947.11835926135,-6174.52767652581,5843.42427996416
1951.47288211032,2713.86095155031,3735.51461444433,-6638.09310751352
2365.14261379039,4126.75726052563,3136.7767681659,-7583.00766254482
-1493.93152315592,-2812.57649151903,5911.04822343266,6359.41844116131
-2056.65207951019,-362.3515625,-6217.39871406346,5842.09323270087
2240.42718126716,1834.80299116742,-6718.9242931301,1695.60585857943
1367.98488456289,3005.66009338432,3325.61569711009,-7177.97166272204
2868.35158468729,998.6875,-4539.02567843647,6907.26037477697
-2939.13810162755,-573.845706838165,-775.107950804846,7513.30794948045
-1939.00015198736,-3607.68036780446,-7404.3599001391,2882.80391024707
-3162.85587893359,2203.51692390965,-2352.99212350197,-6992.43173941417
-4618.411346678,4684.82705609899,-3363.36883336983,-2735.92106809184
-2445.00220601941,2399.20487905832,6802.3237733367,3548.33977336321
2647.78080178406,-1464.16306377351,-6279.95998474216,-4511.20385170234
1823.88016282593,3149.64248424659,-4480.0971527379,6208.10354907867
3493.08697846736,-2438.03046186363,7514.45169262942,2846.07147443705
54.8402709960938,2735.57375150462,-5135.73979074413,6500.24921745159
879.313642903782,3206.79455931957,6752.42202322406,3566.12060688984
-2374.2231678487,1110.42977393738,5673.5647230012,-6611.27783379513
2279.25453618625,2042.35984704911,6488.23309974872,4971.83701019055
1988.61196113552,3721.75841009025,1940.22433859573,-7433.24261553336
1222.79494778208,-6205.59640695276,4104.72254685352,64.2512893676758
2045.15047580903,2578.96005249023,5406.52757438615,-6344.94465385688
2583.17456673566,-1150.95338127527,-7320.36544362162,-1068.87267881536
2228.2218523276,-571.006427507143,6662.45235212597,-3155.46166537267
2476,169,-7147.00989760896,-3342.38436030917
-3872.49169362897,751.131293991637,-6527.71983764241,-5175.64686132933
119.139602661133,-3765.41823160418,-7214.56034310213,2431.43831760147
3401.79898948151,2853.69389605605,1457.64749030068,6988.47356637468
-926.90266483611,3179.88134230615,4585.14445906592,-6238.88654580493
-2016.66240116448,1166.50191449283,-2672.24794860066,7636.87730328191
2516.64001982348,2991.04966855356,-6956.49484580773,4667.78199864152
1899.37284319365,-1875.90573106585,-7085.99743861418,-3205.74610273654
1326.11985409067,2203.14260009924,-5742.52300159861,5895.58334853131
-757.053252379948,2692.70545160592,3697.60924374482,6551.66636089922
-708.31614353655,2514.64261328677,-3956.1140549102,-6732.91036168285
-1563.7878651801,-3167.89197368182,-3521.22019815483,7257.30306337087
2378.74540744236,-1663.57097459199,4948.26567539911,-6590.22315205295
1447.75520236441,3069.85210834764,7650.07847036777,-58.3628284801136
-2980.09034438434,1116.59744313526,7439.26869237404,1423.21801613199
2183.30010753084,1929.21606778209,7222.06886362037,-812.191386616888
-1616.94073443589,-3589.67774186342,-6152.46070293672,6049.76319353569
1187.49269864637,3789.08782831876,5317.31735383418,-7130.41502761806
-53.502804319866,-2511.88675424413,-613.923076923077,-7144.07541704856
-1510.47470756912,1774.15961013231,-2323.49140488575,6604.19437842887
2834.71260986328,-2428.25100911156,-6100.31975789258,-5147.4678926666
-1351.52263354363,-3118.64736967778,-6261.41145204917,6111.15948780011
1277.89374676936,3504.3156583064,-7541.08743026365,-2089.6467118035
895.384307518434,-2916.09597949283,7143.1872849311,3938.22821217547
-3676.87181025272,1752.84123482915,-7479.45367060283,-1050.42426139906
2617.722220557,-2323.33977220729,-4853.92627290721,-6831.46519985905
-3290.59137264156,1983.57090909539,-6768.3233709042,-4571.34282062855
2511.54543916671,-55.9890823364258,-7537.35832635471,-1846.07508052025
-2981.98076819463,-3415.40789727539,928.75652130736,-7470.67047481095
-704.711909541377,-2217.06797053582,-6259.85762958562,-3474.08832879543
-2486.79227905625,-2309.44814085204,6198.82389681224,-5490.23500588881
3239.2807532778,97.7818396821861,4723.52869804228,6823.68686180415
1616.50273591676,-2821.82436909898,6110.71366032751,-6813.91985432569
2123.3801526055,589.183998954905,7028.47554646973,4365.72313879049
368.810098903957,-126.842216491699,-6171.0623405877,6705.94083051998
-2449.04586611296,2215.73536663954,6685.36217832127,4932.30888155675
3510.03216920789,-1579.43003259987,-6944.19087319993,-4641.81008252244
3975.45453428432,1026.91221087665,-2565.72340164679,-7366.95225508523
581.299812848189,2051.41200116603,3082.75369491405,-7216.90542084069
-874.435223210934,1301.55974431764,-4156.65986446879,5454.10147922826
2041.31628027385,2775.82969304952,-6429.08875418462,5639.12901359297
-2735.25275229038,1634.74453500601,6748.0000450394,-495.203521728516
-3108.92343140574,-2460.65102813306,5871.42359726131,-6311.09876138999
2890,1072,-6613.22974227749,-4441.48611682018
1850.83487254232,-1477.83707341254,1439.35734108918,-7645.88180123292
-1857.3927062247,1247.19555503901,4284.60084479725,-7087.22625575783
1906.00833916778,2882.19082230154,-6865.04719544071,5669.98039717485
1986.46214615608,-1202.78038255678,4997.22503185339,-6734.18198428224
-3459.40578725025,2438.16288637166,-6276.99369031426,-5856.38224891482
3472.82986438305,-2475.93900514065,-7162.78373873731,-2886.23401219424
-2199.78694081481,2432.57877199979,5259.53872977283,6030.63426656478
-1359.17662999921,-3335.1967174678,-6135.43156217665,6085.36323850903
1971.84987232693,3322.61628096894,5427.82132324318,-6295.09960064474
2112.06970269679,-2851.49614692535,3195.05003380827,6979.32512954445
2366.55118644443,-2309.61881462535,6269.16112293929,-4442.92974753766
575.3798828125,2396.31052263093,6839.13249209839,4768.14748840845
2936.85779955621,-885.612622240589,6439.97151858867,5117.98147240464
1804.51929302417,2993.15950665979,5697.78708291378,-6396.5332898992
150.2177734375,2456.84986202052,-2200.80317423328,-7138.27229664473
2509.25112690427,-1559.71235933022,-6274.1586440958,5849.39857469915
-2402.82296611124,-477.505935668945,6019.1521003015,-6425.63001503863
1782.00788019039,-617.378631591797,-5393.63518733489,6095.40540041944
805.088495308916,2267.64336038926,-5138.12036483159,-6465.889765752
2883.70397619612,-242.603330139836,-3650.75842453589,6606.61433539799
887.27894524284,-1830.086618078,2653.16583636196,-7480.85577924607
-3064.81421820012,2244.52417138007,6373.863552591,6535.83240365988
-347.545270804899,2799.04880173502,-4229.84881648018,-6424.15147151907
2446.48996954449,-2042.33237940362,6326.48504495394,5861.58308279694
-2671.64461140955,3523.67409845603,-7146.39899774652,3204.43259272593
2764.62378262607,2136.0314130909,-3358.18220988861,6987.84305091226
2016.78047098987,2669.80658221137,-6341.04400841562,4880.05397803491
-1175.01919567659,2002.12943516519,-6.92374751117384,-7117.46901636794
-2286.78750720127,-716.200364332933,6948.772594638,-1471.85628030244
-1604.90242815152,-2747.77198776565,-3837.93738214198,6462.34483156322
-1511.85813231869,-2852.9069716988,-3699.36191415307,6882.64982602189
-1087.77506891936,-3605.66771414429,-6069.82329499466,5828.81140183147
4085.51122354519,-1183.3875048074,-6921.91806566493,-4568.25832220719
1339,1558,-6516.1855211854,-4734.04036285639
-1944.74411929275,-1750.32622202829,6594.08649025594,5096.4856427969
-3577.41457057713,-1094.31689493442,1069.58069041247,7282.18169749958
3042.42332441318,-855.401977539062,-3725.36914411584,-6715.26993419396
1081.10898366741,2829.33606840403,4891.78215136282,-5911.28010003001
2360.23118574524,165.395545959473,7139.76264748319,-816.187492417585
-3247.20267995921,-3597.61646247993,5283.81018284996,-6564.02131031657
-2711.50335131417,-2138.02941527814,6813.6620446412,-3371.00821780206
2161.918804661,3100.98277819833,2938.45125023521,-7539.5588266301
1327.24608525542,-3345.26416624198,7630.46199648846,-338.1678703062
-3176.63269554578,2402.71031670041,-7483.71030631137,-3127.23108518354
2224.24585549421,2901.1229732783,-6933.27110671773,3949.7917892921
-480.172065142672,-2157.86995373465,1123.04884826031,6945.3453139826
493.916206308313,-3125.09655696219,-7181.37292993976,4640.44273917447
-2311.39604282662,-2271.15700544954,-6736.66938409933,4887.38730017175
-745.710534232003,4101.93096839619,7136.38943328003,-1658.09049113496
2571.10554911762,452.511100903793,6372.86275510988,4759.50408961159
-2688.06476521959,-2149.07812678242,4551.04615785974,-6874.33747051537
-2675.16111697713,1669.06787112285,-5784.68426001205,-6273.39477779832
-800.606292639444,1849.0951015625,-4784.54877997288,6739.50976809682
1823.42744614474,2552.51466368733,-4343.77081324903,5719.48537400889
2248.18163608871,-316.915616275343,5963.91099171059,4887.27353382617
1251.2331407902,2471.93750264344,-4717.86221086808,6071.14091256351
-2478.87912973409,-3301.15790882644,5302.26613792798,-6412.6841648415
1439.11705754539,-2367.25436158338,1441.41444468966,6831.99624495252
2013.32284250913,1011.38847651046,-7498.39725452019,-885.188368596904
-4222.90270022414,2056.77396797589,7607.92685731457,2959.39258667824
-3667.63258268271,2258.6337232686,5345.1496872972,6676.18840179188
-6202.06351423115,-2817.26972991148,2774.56749879033,-3966.45550201403
-1854.38047676926,-2801.65548662787,5557.93161203038,-5649.2872274308
2196.97870064903,-2491.5773272917,5980.83002479453,5968.54227588102
-2336.52623924015,2251.57925919935,-6714.90449312583,-4338.03692138978
3567.45776652715,-605.418563604355,-7046.28656589635,3597.67883191668
-289.293953897904,2598.98133963099,4888.19099014586,6638.29542541183
2019.38078295028,-2315.03076600347,-5098.75965668473,6421.75789997941
-2214.54859704719,3655.44212214085,6111.06665745456,-5638.0938160039
2328.54357537448,-1229.0373261687,-1793.69048392778,8025.14398634651
-3536.35923491645,2049.71459506896,-7370.1836223648,-2608.91177199551
-3362.98689600693,1812.84642701049,5359.81466121377,6678.61587543044
1926.40081857523,-932.792064413147,3630.33108490225,-6368.92358702367
2282.14722533347,3162.05954368479,6396.58983181274,-4962.57831966225
-3133.34196815252,2332.07517004186,6235.17894605773,5141.95130826749
2871.70696929191,3293.81425424121,4166.04150793347,-6961.47010275037
2318.03495078512,1404.96357047883,-6991.65598507446,1379.90904936919
2413.81744412756,335.981028519941,-6621.76523209503,-4472.66758607895
-3485.35392301104,2462.33129248247,-6485.74347031361,-4733.39220174853
619.792917294353,-3562.1096641139,-7290.21658949624,-1926.10305726126
2989.81067389557,-6351.26125090642,-2915.4665184021,-2980.21194738209
-497.201101987231,1514.00241362159,-3601.44955252675,7169.72549373103
-1080.3506780379,1464.46008310266,4995.30892586239,-5675.13471744193
-2101.03909532854,-1008.63897891648,-6261.44134224678,6203.0431768064
2757.63597322169,-1609.05893709505,7515.57978591821,2742.94707599503
1185.16666253363,-1716.76027591184,1358.95347103335,-7508.54265603476
-1712.0755554912,936.280174841376,-4161.71571409052,7109.47145142555
-1358.46376594983,-3371.8488826971,5439.86493558302,-6371.06858585656
143.1875,2192.12212156068,1753.29905795731,-7599.78957152635
-2377.6469312297,-532.062789450973,-7068.22478612937,4449.60797100205
-1211.11192657242,-2860.36819218204,6744.11599320268,1131.58654958077
-930.689861103377,-1932.85787781691,-7623.83557335591,-769.451791379298
1624.6320974327,-2316.15383906574,5511.72298359061,6740.18563162788
-2380.90194364162,-106.457173149417,-2996.21588483537,7245.6512400493
1207.55597509097,2282.64733936137,-6544.12792100803,-3520.59673686238
-4323.34192463384,-1284.48478608794,2198.15219897194,7218.12279522088
-3543.82298559695,-657.393493652344,118.840959591968,-7307.83718620574
2601.41648198731,-2423.17528103644,-2741.14407173814,-7183.7362913891
2532.82262733655,-122.603459082578,-6122.7609924755,5016.49278496948
2841.79094816658,-1323.11697651379,-7382.04854051893,-1904.48748713195
3887.41625030145,-3691.2303386235,-7354.14323090303,-2035.41555268923
-551.467613220215,-2159.28896973389,3341.52155840567,-7255.7914429335
2663.35061812189,2949.78807296747,6108.48813570402,-6263.90294775662
2886.73063368485,-1605.59036567462,-6416.4721345515,-6114.50921217146
-2619.64551884517,950.604345278995,-7211.88834008576,-3673.18938868776
-2279.79547676458,-3505.14907034388,6457.90129056305,-6827.26150866631
-636.346755981445,-2573.53895941907,4887.95571873907,6456.67984809476
1902.80871707329,-1641.21658992066,-6116.83462885638,5181.96636409153
-1367.26383699826,-2091.80033222873,3912.24771438005,-6543.9715801385
2628.39118925072,3069.86837363278,-3904.86529592055,6591.07437574898
3697.88386716114,-2046.51125013435,-6444.64354783135,-5544.78234723282
2252.92305292796,-1759.42178069389,-1045.44117119622,7686.69307184467
-2820.32855418635,3010.49049041613,6871.66953606229,-3702.16469936132
3419.88842967025,-3205.86730919378,-7355.86955909919,-2080.3302063938
-3512.54773357509,-2742.57641447761,-1691.34417473229,-7290.49179346883
-6612.22072427024,-5865.9187054139,NaN,NaN
-2628.2187691458,1752.62096783854,-5898.66842127686,-5766.10654580621
-1169.23103441866,1777.68478900128,-5004.0108169615,5903.53667755485
-760.303298165446,-2674.0850750834,-3351.63155789395,7250.38377907136
-2448.23760985871,683.030680553265,7502.5262420652,2304.44059968955
-2489.86775912377,-351.389496359895,5715.58847068847,-6237.16793206952
-2329.16338978967,-2315.90804221437,-1318.18277877698,-6781.84723046169
-2808.16083959171,2132.49353096026,6689.66967584252,-5692.4848191052
1775.0562669202,-3310.78750025843,5485.02468537761,6464.88434164518
3556.82047996342,-1997.98559781964,6244.02443871095,6132.52396492274
3595.89610021756,1128.0806738372,-840.230213955833,7518.68711113702
-2250.30899035136,-2308.31806599935,1358.23569463973,7028.12466793633
2025.33240316938,-791.314551485508,-6075.35511615067,5674.56987385278
2428.80497530102,-1747.10051865484,6438.25511373851,4558.39559805825
-2935.69348415317,725.353904724121,-7007.32115283518,-4390.36322216176
-6463.60739097609,6770.14100343622,NaN,NaN
702.172214369879,-2243.35607723696,-1278.06399408976,-6762.1304167812
3612.55232437005,1355.50170859014,-666.779093374606,7532.89761562336
-4102.52114180501,-1619.29151693403,5056.89151485563,6398.33737830793
1784.64833737723,3105.98416298077,2676.30771223656,-7567.55491355603
600.159327231895,2652.73787820439,-6955.24536888133,-4111.20351721199
-1904.06018697332,-2391.62447050376,-6483.38617776452,-4965.24252950853
3089.31137192828,2441.35777694921,-2027.84049987793,-6847.55652319832
-965.809143360673,-2500.19851205633,2616.67342439893,-7430.99823975683
2143.33507634814,-2395.94120359505,-504.851313033057,7509.2128474321
1699.00377913799,1764.08719966025,5426.90381560832,5673.23050962068
123,2108,1101.14940908358,-7474.47725944295
1092.98372120731,1783.25445806227,7075.70173370926,3899.44899309019
3056.87190365799,143.238131009615,6566.32435861024,4844.28989982283
2706.58023372886,4055.21419357835,3674.05331899478,-7195.40549760261
2467.41954340629,2668.58069821943,-6351.12065701245,5920.42620904121
-2551.85103754342,1483.60132095959,3922.42342915824,6939.70610289231
3351.02540989423,-2248.67087261792,5122.63798654411,6748.91202612078
407.989562988281,-3917.08892883841,7149.59069424505,-610.433525085449
2474.72331099729,3929.84252749161,-1861.6644414608,7274.97368538381
-2995.4747441241,2397.07754207713,-5729.43436283096,-4538.62147590462
-2205.81314086914,688.130717704665,-6497.3114883124,4284.35256670094
2569.93169840468,2180.30739431,6360.22864234152,-5190.41999596384
-3623.04618446292,-1862.21292959724,2244.09329337672,7005.64664215458
3234.52342550537,-1186.01489299253,-6629.5915101871,4865.68517740264
4850.38516772606,-3707.56816074825,4876.63100469801,3360.68117629638
2851.86921026344,-1632.07057533279,6636.24303058028,5210.47292195282
-2900.92432497757,2357.50828467828,-6849.19831617483,3736.93543372288
-1456.10668531246,-1861.8163372962,-6973.81629009252,3707.51256192652
-1928.32354414903,3824.09590798195,7524.89480858717,-385.857006215638
-2255.28258050537,885.068786266925,-5842.29482237799,-4575.78565734164
-2311.77655458177,-2122.00736540285,-6734.07802014193,4472.63805464315
528.427905878242,2515.55713665968,-1238.87137562011,-7132.12965573657
-2491.11281248749,3041.00381937309,-6835.48880733232,3510.21708457187
3730.94868051642,-163.212960481644,-6198.39807270717,-5289.08604683085
1895.22228358638,2845.89225607052,-4181.30347661591,6685.23749356605
-2114.44322595317,-817.201248168945,-6421.51910922988,5131.62943759115
2452.83750864353,3552.91470065368,-2001.94819573746,-6727.951769422
2027.92647033385,3765.70901936468,-4275.57089174981,6791.7742885579
-98.6954907480705,-2904.69459040819,-4962.8815578685,6832.15100452954
1197.33869373479,-1785.41947904936,-5491.88340154576,6490.98803022931
2189.16968811201,357.994205298013,-7033.54155895106,-1163.3506774326
964.573135743133,-986.153857761842,-3984.75491422098,6209.22647500903
-2956.90385954884,2669.61401338937,-6408.85248955823,-5498.88663010305
-3812.73292046656,-90.9515236507763,-2497.14298374012,-7312.48761622852
-1839.80687247077,-3505.34560274235,-4188.52219108772,6604.35653570506
-2395.32537444024,-2129.18539195858,6691.27866344767,-3579.56757861376
-2407.97786242758,460.694350298713,-6162.97581793596,5881.94782834279
3553.59951403814,-2140.17563956001,-6935.23253283015,-4054.89006025345
2473.81108944389,-7368.87273162946,NaN,NaN
3158.16843367136,-153.934761047363,-2844.13841417572,7356.77608447739
1919.03931299427,2966.33198889494,-5536.82477852461,5988.22181575525
35.3152775179312,1768.81753202196,3735.09787057475,-6626.12077966082
-2312.4900514928,-3342.29611317465,6263.08731553206,-5892.99442623184
-2971.21286270132,1808.59125569979,7494.80193391577,1484.75384973908
-1589.31373127859,-3343.45763207781,-5021.78528293549,6184.31802777292
1247.46650486655,2311.52163266634,3111.32205499828,-6981.05671895048
1711.55446940912,-3420.04392313132,-6904,5688
-1522.5572833002,-4436.11018771205,-4274.79375690049,6881.62255248926
-2976.58692920271,1456.19968449059,2452.97405896817,7275.02886518009
-3010.59500417828,375.849452601567,-4284.60839102583,7317.14580101731
-3232.14599479418,2655.88425230925,-7439.59089557302,-2830.27067438444
1351.9639959432,1604.06710686392,-2778.12912436111,6843.93641382859
2657.44289730277,-2077.99201406828,4071.88905753083,6585.27247483238
-2748.99048725232,2041.67144332165,6159.15083977585,4092.23519978381
1251.18479070022,1225.16021139587,6490.30694055861,5512.90857742486
2321.28586275989,1691.15334821429,5231.5027984703,-6358.65464870972
2147,833,4687,-6162
-2019.75655691964,-3398.35566497318,-3207.17561954319,7210.63174381371
3119.34539742278,585.185430592504,4026.03010833629,-7541.67569693001
-2989.62652440926,-3262.91678845327,4600.84713337524,-6525.65074797931
-345.791259765625,3008.9993282849,-7367.07200392701,-2514.05499979942
2432.28409928456,3038.28364346779,4577.64772313403,-6339.3951419143
-1400.08244368265,3848.80138822101,-7270.27348500311,3086.91603845989
2484.35204522629,-573.906966816295,6012.63950166774,-6012.25160555524
2045.520560432,2498.24737425855,-3397.71304429192,6835.72934647857
-2992.77415887359,3049.39511690925,7980.13913446101,87.9171603732639
-895.212394714355,1628.84024034739,-4558.58270154171,7154.83961775319
1817.39130261455,2897.37682405882,-4451.16829094043,6753.42200788394
-1221.33838412335,3317.83238707702,-6802.51724255277,4967.45592237673
-839.308766806883,5935.79136283328,5448.74952546708,-4008.20199104387
-3099.546875,1661.98114496477,-6090.84441113372,-5727.49481178517
2279.00651690485,1075.19474192416,-5610.70351408637,6464.22893590355
3287.76549215878,617.547296367465,-2223.27579695769,-7051.32693839849
-2986.43840466227,1749.78161380659,2987.60023436003,6746.59801570965
-1903.58941261885,-110.731368675458,6242.9100201266,4357.99743811485
1345.9669475085,2573.26038332586,-4612.8916749387,5942.32473825319
-2756.8914417221,1843.86811218995,-6309.02818717885,-4435.06976521708
1810.20497166439,2862.99189523202,6492.53749880734,-5119.79122164885
2359.72067833625,108.56893157959,-7281.10508333021,-3111.72653120284
1878.39791683817,-4219.74180916588,3489.23293613441,1827.87159384311
-248.19140625,-2272.63195662588,-1192.41674179218,7376.71591283713
2335.61565753516,340.570564977724,-6212.36601542038,5616.70632690022
-3375.22394789978,2165.59325568767,5753,4346
-2315.16982468975,-3442.54964388169,3148.87919326606,-7522.01137703086
3250.71113237527,1302.81243461636,-1794.67729755008,7424.95968163698
-1401.23698861856,-3333.15172453679,-5444.72191458357,6268.10564071509
2554.34281117754,-580.222836157964,-7485.99149497312,-507.388667604309
2171.74357798165,-2369.8650653631,-7080.48261356423,2713.13865954914
3237.85247189665,-1397.18176884015,-2147.71203619267,-6839.55154051692
-2353.11575943921,1555.3019813226,-6706.97246090569,-3591.93617321573
-396.296875,1976.55036870316,-4950.69873500578,6282.20901240695
-2670.49665147331,604.54457336573,-6885.42168852049,2085.58974158065
2895.25794144585,1887.59973342388,-4473.30064472177,-6116.21954053019
-690.708785459063,2735.8145522105,7501.4773811113,2999.44865492183
2916.51847307072,2951.21359879497,1756.87472502056,6938.24274700808
-1148.69107412087,-2262.86308302849,-5599.20584023199,6252.17138855843
-3731.58079251743,-705.513059319913,-5611.80010148819,-6275.36118732915
-771.423709637965,-3504.81360444088,-6067.29255837962,5299.09319872593
3365.53288678581,-1713.47585581584,6591.99230163119,6498.17882208263
2388.6015772831,-488.87109375,-7046.62889925828,-3409.11454945272
2549.84812853381,302.037094905898,-6501.35039746886,4649.27860098971
-1865.37764347878,3138.02131353462,-4082.34659183974,-6819.40593225558
5796.97689903846,-807.50390625,5731.59045085067,-1040.26992432578
-1143.09369294823,-2867.69399938553,-6016.52883818711,6023.79323182067
976.849517875397,-1808.16131855378,4760.38149717319,-6544.04432469819
1327.41777224584,-2369.76272732995,-6092.38956199398,-5118.25723154152
-2379.51713734777,-1781.67427893253,4670.85188873839,-6423.03002436856
-479.77206799411,2270.82495119871,-6117.49433795052,-5211.71474642709
2937.7969620945,-2779.31605833312,6400.76561870776,4731.30028584043
3745.07242278646,1993.6650717334,1623.21035531851,6715.8992826867
-2214.64130076143,-2258.68969309261,-6727.59393237062,5877.10993713668
-3218.02850928591,2212.48533327879,5901.00390172829,6143.61338592753
5666.28017902204,838.787936179755,2263.64860091715,5381.17600633102
-3160.36022832533,1895.41970752904,-7303.00587017805,475.963563379879
-1566.39330295215,-1125.46344528425,-7649.28791987787,-1335.39211934106
-3110.93926990055,2973.82582200395,7495.64501561811,-2164.8004397292
2596.91866995242,3196.60015749764,-744.242876630353,-7122.66788592091
-1411.48789324352,2793.33239585826,-5560.53665270569,-6164.82229956962
-659.537812445709,-2342.42930445139,-7356.92551812008,-2473.6454105022
1065.890625,-1379.00105763091,-2042.24616828479,7146.90289531991
447,2028,-4231.05509087856,6721.2989504014
3318.58561643836,-294.058344198175,-824.482952554717,-6904.97142944592
3309.50192907463,-442.736928985458,262.118588919317,7167.01750608216
2734.02574851287,358.723135535813,-3784.52625553114,6671.52914337452
2736.13204828928,-496.030433654785,6387.71864793809,4259.07357311858
3662.70559525696,-2565.004676805,7447.95008724172,1411.97856674729
3015.3644138146,-2837.05695174873,-7015.86998140417,2775.77603024489
-2556.30809040214,-524.677180238044,6719.14101498973,4451.63373250535
-1304.56741697741,-2250.69329318352,7157.00006635977,1642.08411772753
3118.14290106676,-1062.852758071,-679.455897742969,-7435.96051649726
-1206.80863470519,2942.77971052087,-6135.89833598539,6074.21628333797
3412.60927030273,-1663.73081703469,6932.64791382588,5115.9702998506
-2053.17779741262,2187.12512511053,6739.45776671749,-6540.19299339889
1726.21836780615,2794.22069959452,5633.96393631884,-5770.66517416728
2441.33899114694,2208.806909494,-2485.09934700497,7141.0298182636
-2047.99938128524,-469.635673522949,3864.84941269587,-6206.57096057212
-1944.2891239307,917.325256347656,-7605.61165505943,-1900.82702199014
4006.33236864105,446.614410768072,-952.734379651205,7472.42606487107
-3375.33617760504,2880.60031157513,-5441.19085457459,-6736.30893734117
1772.2628629192,831.36514855321,7303.96771711166,3004.31406170494
-1700.86901488574,-3333.21940138147,5528.95611932934,-6240.90134489938
-2499.18927672941,-3351.46966655078,-2161.08551854673,-6888.14239051403
2461.77088626911,-1965.56215553489,6617.18929010187,4897.91290449687
851.826179504395,1631.54233269474,-3645.42666559986,7484.89280931455
1063.26372714028,3050.95173600875,-4861.00144210985,6519.25229364167
517.56031036377,2619.92336307706,2330.32508730468,6968.77544960141
2144.69980586532,1432.60213159399,-6002.57488268302,5224.53649685119
339.755473315061,-1671.50498335528,-2992.01927386768,7108.63660362644
1622.391902994,2765.73958334351,6657,-2156
2534.44774037932,-1407.79166356308,-6845.86247509214,-3715.87715371531
-1973.06013061434,2284.87576319168,5326.18794042129,6563.06655737051
-2703.1701741397,-1889.24303806526,-7069.14896415802,-4811.09045082084
-1836.21296719217,1762.37108295369,4478.87365691693,-7044.94588015692
1443.27920213578,2235.26231309908,-1396.06630757902,-7045.816396231
-1162.73415941624,-2682.12195896027,6164.17027605299,5372.68231405916
-59.2825300368803,-2196.84989348612,6263.96972221292,5700.89117283883
-1682.65623327715,-943.343208312988,-6539.3317371829,5009.29780112691
2306.21536158338,-2042.27753481658,7357.50479038817,2477.14982633821
-1357.10268547626,2207.58778115948,6119.15889911314,4687.65276268666
-1982.25224786812,2302.06896565655,-6787.4868165925,1739.65011456846
-2478.59583222117,2327.62286628117,7361.28970562184,2124.04294890691
-1520.12466694529,-3637.3737006517,-4185.79356358418,7077.19359764127
2836.99187778107,-1782.80082686134,-5850.21906318653,-6573.09212245799
1941.15966463378,357.353016820447,7406.34107491443,1762.11084851993
1699.82311193348,-2602.45391201528,5857.81211638932,6240.31265538919
699.772300720215,2292.82570947525,142.148339450645,-7314.86622291167
-2210.15681208041,1994.52744808115,4372.93555679749,6790.41458845632
2589.42702243413,-1475.05921097242,7444.15725741501,3010.27423685739
-585.264467904278,3109.69316252239,-3249.07015844932,-7043.64494268446
-2826.41381598908,2120.87752871482,4957.83050260808,6877.07374027581
2171.29989709205,1803.70383345964,-7145.1691389187,1631.4031749083
2350.72660350194,-513.186893203884,6606.80719755664,-3998.37687746072
-1155.25267881469,2290.14454489453,7141.48826106435,3443.73462672991
2014.18089829498,3179.39012472912,-5121.93529950198,6478.11618757027
2349.67414286972,3580.33811250239,-6017.37622361293,5961.51386216626
139.933433532715,2962.88943777859,4416.38897404259,-6189.96757840974
3176.20689309253,3591.28789652576,-2960.88535123018,-6930.08024155893
-2108.35188377952,-4033.09716796875,-2391.48196625192,7694.40050809725
3152.11743427925,-2118.33329314521,-1719.26872401765,-7274.99067089377
-130.606842041016,-6331.05841527208,1112.88120375309,4808.00674458393
1143.78236514098,-2896.46844221435,-3499.10007449716,-7093.99239103529
-1118,2333,-1639.84379893016,-7129.57467172018
885.313429354265,-1993.59060534591,4837.84136960605,-6113.52984889044
1903.31318243307,-724.167543047582,-6829.23366400297,-3360.38538988322
340.199700077399,-1700.65354320789,-4031.82289282099,6556.92317470621
1810.8781893567,2717.3816143738,3769.20878868455,-6937.8263256223
-2698.25206847201,2460.72351137283,-6453.94977885207,-3876.65820866414
-474.842467699552,2801.30563950851,-1823.67129753537,-6946.34687633036
3218.47912085854,-1930.01494655096,-7052.48162328785,-4236.77312801625
-2034.25814968897,-3578.82569696962,-6797.31117169694,5130.88123584659
-3626.85612470327,2179.27653219454,-6716.32643151182,-4742.40116121814
3583.44050461036,-2545.09007874967,7098.94779279713,5487.4439985623
2762.76199572184,-4891.97538055514,1111.10148739162,-4759.07845583005
-1630.0386833388,-3267.67876552734,-5104.13265381651,6041.74588146269
1695.29795069728,2208.06088580335,5538.69855975463,6122.83950397588
1777.16875489541,2391.29696810865,7347.8697259107,476.53953118745
2207.41549448652,654.404503744278,7479.13670175968,2292.75874944156
2569.53138980386,-1177.0935554939,6308.34319969364,-6234.34460006971
3860.58801689711,-1505.48026711608,6864.95674056838,5003.44792462848
2097.33625040342,-3131.44973219199,6872.41670027095,-4489.25208022837
-2665.97996579936,2381.16835871404,-6771.80009453901,4599.23854784757
947.5,2254.4362297609,6373.58264287357,5774.55096813932
3045.01982052295,-1595.61798319433,7004.92750493516,4898.79956011824
1387.4029848348,2247.90389676193,6557.79537197102,-5054.72620499774
4183.50684155211,-2518.6434753945,-7605.4732381599,-2202.32657948964
2299.6414537071,-2312.69961734694,7524.54704431277,153.673324584961
-1237.20991490729,-2029.31594068569,988.33203125,7049.12344971218
-2037,-932,-6727.28823560636,4238.50521312185
-113.010620117188,-1860.32191539563,-5789,-4845
2686.85405296958,-1554.8433401379,-5556.29052532431,-5571.04482535541
-2309.06501344775,-165.221460459184,-6074.48595044027,5200.69887275553
2967.1219944513,113.779912083135,-3891.31353438652,-6626.12886852643
-535.850751768868,-1845.22888573194,-6049.51602173999,-5973.21416089588
-1102.76664780837,-1910.06252891597,5372.16455500653,6399.97990016493
1762.98146801582,-986.094192200261,7473.85006514253,1581.81322904277
2361.20901150449,-2061.29397857005,6913.66406202279,4027.27127960633
-2280.32810747229,2267.74944587462,-6028.21307011097,-4750.49518614019
2178.88819572234,2475.59947809647,-5725.7113891675,6374.13252524044
2813.23246248302,622.402516413001,-5028.81053855184,6536.66207808133
-3091.5471518379,2945.99227007094,-6232.0173788886,-5098.41585027627
-2974.99649853031,1958.01726277922,7060.01503548565,4098.45375452516
2611.38220681736,-2262.5045723575,-6750.06393881085,4399.19475644145
5472.59734976886,2704.87817545212,-4024.79979239724,-4978.14348062829
2061.39535133653,3263.72526527388,-5449.82247533047,6102.45075458783
-3599.8263760017,2256.59111113297,-5604.549671814,-6205.61481330562
-3197.56593494071,1742.89420402988,-5769.1690330469,-5526.23966626799
1505.24634150786,2604.51218634853,4929.47077084322,-6732.3005150115
-2103.25284661001,-2893.0937615913,4958.07092512907,-6529.38284684103
-1904.77381725197,2573.64968482635,6526.70862125412,-5269.16715831317
1563.65688903475,3458.06704201578,-3599.05299128406,-6746.22314084443
-2803.35343409697,6879.15342023902,-3070.03119149333,-2507.23271659983
-2112.16739505245,-405.025535609823,-7564.27108637522,-2564.75737827071
-2864.47717316086,1982.79197631113,5034.11280374726,6841.38471161546
-2299.328125,-2346.61514489157,-1029.73779179031,7623.3232270086
-2629.77674297667,-477.336862827815,7302.79218719214,-1879.42723485966
2723.9515186788,3444.41207596767,-2611.55491989079,7496.60838046478
-2284.92069570666,-3388.36796915225,6860.67460036284,-3698.93166178719
1869.35309567874,-1328.30292750908,7126.7695438225,-214.929217739382
-2316.58012505634,-2446.04815150306,-6919.63602022585,2268.04635098936
2394.04364677006,-2803.31038770688,-6927.76960450611,114.447292629763
1966.47684816756,1680.88774717372,-5543.67197922022,-5689.42671073096
-2656.46204451707,1677.7815929185,-6077.36820858813,-4947.99837399598
2119.28696685634,-2211.86371341176,6981.4173456798,-640.25549940547
2558.68011930859,-1622.17447481709,-5936.92764684686,-4186.14583259638
2123.40097310853,-2909.9168168218,-7881.33959844989,-1133.08717552565
3075.50992823334,-1422.62129549119,2424.04893020948,6953.05139422512
-2387.55937502354,-1035.06307574207,7453.92772200087,1174.30527496529
3106.92426850258,-1334.89942005016,-7217.1866539894,-3406.80718159293
-3348,2252,-7091.7793454643,2161.39184188843
-428.580665588379,2908.21110319412,-7465.98849397196,-3198.26121054135
-3348.99750541288,2290.49224373518,-7758.66069426668,-327.59933363527
1633.82927286677,-1912.93225899044,644.437970075658,6915.86459465657
2078.53237270954,3047.68525170285,4951.05308086672,-6635.10322723548
-3424.89988128906,-6983.27147243853,-357.742833100846,4063.32752456698
-2187.37469258165,-1696.23948170053,-6779.48603750627,4726.53575176352
2722.00578199287,-3003.00575444107,-6374.15815593719,5780.90903577286
2851.77233294293,2117.6308154949,6655.64336657174,6542.15145096877
-2991.98660945449,673.585247249749,-432.961018633227,7569.4271601539
3022.31912415092,-2399.81980254569,-7411.62095260869,-2368.61818555287
-3168.10448794085,2734.38858388096,-6137.32599994904,-5017.48544117407
640.922424316406,-2531.93553002861,5620.0026517757,6252.07598629493
-3247.70255894913,-3091.06344369807,1324.09546253469,7276.81298295749
847.726332747891,1810.18412320729,-3027.92634590383,7254.71047422578
-2604.45931922585,2079.34587368235,-5649.37309931001,-6419.85763198242
2440.70489666321,-1231.97642299107,-6078.54564539728,-4836.03752096666
3256.40006439256,-2596.79959785523,3791.70382156374,6352.9926176092
6745.21977941032,4163.40127068384,NaN,NaN
-2479.52509828584,-1888.79157779924,-314.046636814024,-7122.12594381892
-2080.12811931508,-956.915657043457,-4233.60880218072,6018.10319328657
1468.43487016883,-2714.7315210861,7520.60718952614,809.710775730945
-2912.12486819712,-924.517066493393,-6016.55302719008,-5686.54993031717
2487.07587145919,-1397.22820909428,6939.94724099222,4206.92682591935
-1026.29017857143,-2299.91801651664,7286.97872142949,3651.95685751569
-203.097531688231,3956.87278912926,-7492.68861230328,-2530.65441128796
3013.72062540675,-3070.49776164347,4405.13331821059,6787.09135327281
67.5597039473685,2679.11304201515,-6678.64880242658,-6501.71676094657
6941.85219985015,-3445.0854681293,-5030.20060915337,623.984136685848
-2043.41933262125,-2659.02258644065,4905.27925752394,-6707.24251029711
-994.292999246361,-3055.35955363042,7117.43587373246,-1242.44293870597
1110.86088700777,3695.93302737056,6752.85004257105,-710.490234375
-3086.43167110025,3347.10414058861,6785.09496032061,-3627.22514531219
-1967.22782216719,-2663.85254212962,5100.87663389792,-6915.53562340423
910.667398118224,-2179.03183110687,-4185.39373429469,6659.75796852276
-3812.61885393727,1332.20056790776,768.670540423902,-7643.35134265414
1172.24366546256,3845.01850276095,-4125.17600775911,7171.35025000783
987.697795943709,2009.11514012097,-7174.22005184826,-3720.46247185096
-1718.37177498329,-3771.82823037138,4837.28348025384,-6521.33546514605
-679.188659667969,-2232.4294485947,3435.4907883558,-7209.41865619763
-1729.617105027,-3351.5909686785,-4650.21375280928,6736.03584418769
3547.79125221488,-1053.64868164062,698.282137622382,7267.94896451151
-2859.65460781175,-196.96533203125,-5685.59411894743,6578.37896458634
259.57311681031,-2818.67818922621,3848.65703241213,6967.91823927264
3474.66076855922,-1888.18652405108,-3121.41381624969,-7324.59916819524
1844.53671748202,-3019.11649903851,7461.19806031154,2039.13266359306
-829.152680805949,-2743.72445443035,-4385.9134253088,7008.67027587386
6701.18809782308,-2883.58337413899,-896.494606672201,2623.99206089761
131.184313092913,-3420.80222463051,7276.14640150033,-2423.80002545063
-1811.69803781725,1767.64619373182,5239.96777980365,-6625.59970595998
-1477.00888493701,-3641.31910014586,-5027.94438796086,6696.4428286816
1751.19518719088,3804.95985783333,6736.01183010981,-5270.09630386402
-2985.05521641289,1098.33065085235,-6757.58932100186,-4518.8710245075
2879.62596020781,-2180.80887261131,7387.0631794386,896.851499086851
-403.390625,2279.0361053295,-6339.65974986892,-6455.09147293919
1807.63675586932,2105.01906455435,5447.04274893252,-6700.70373054691
-2097.11265345982,-3165.26318308847,6681.95584598951,-4655.06364030244
-7321.6644709162,-1105.21729039278,NaN,NaN
3410.11468175911,-2596.08600646259,7008.00424925316,4641.67220313861
1433.81767346162,3405.32732645021,-6988.84164323847,2732.46676737283
-1104.18176594354,-5940.73417798793,-964.315703625221,-3534.16482116507
-1894.20958626237,-2728.76630415696,3755.07244400165,-6245.03677642951
417.191528320312,2387.98919222259,5733.61746672625,4960.84599550122
-660.478999016785,1793.89617651272,-4971.8241798012,6311.16560201533
-120.826049804688,-2946.79061775807,6574.69218329372,2438.54463053539
2244.09589601446,-688.637229332557,7356.71140908058,1800.0082738858
2511.50478899399,-1926.45985541017,-7125.9005666211,-42.7722709707967
-670.245601498984,1490.27659937934,-2215.94509365232,7240.5647938403
2870.29621996688,-1474.97503330837,6266.03872711283,4885.70316840936
-2074.64751738763,-747.345603942871,5811.46692886974,4877.05234949145
-2424.76607524304,-1856.76882634669,6184.62035970029,-5673.95178906868
-1922.55094074592,-2518.0791649589,-6946.8778174917,891.489929199219
-121.621499197824,2515.89233644642,-7241.69635692595,-2478.13618399606
-535.263074519461,-3195.67303503916,-6728.69437557748,4181.08741685827
-2645.92102851253,2386.33511817611,6826.27764592734,-3587.70383893093
-1055.34901014377,-3608.21992589115,-7369.44341784648,-552.088623866277
-3137.44042153135,2430.0104575397,7174.836878918,-196.631776508532
2366.76690983397,1887.22066371961,-4454.48284569061,6869.10701693165
-3296.42002779821,1508.20749244409,2201.72629384073,6871.89392865961
1422.19867807621,-1970.67214822547,-5929.93246146745,-6411.43483140171
-2803.55843103222,-3221.70735816055,4700.69316786866,-6209.69913342335
2725.97561499049,-666.860828360331,5948.16457962243,6465.51853920533
-949.021403301887,-829.50797306051,7419.38377708426,3745.33524709676
3997.83947744148,1551.55763578349,-2920.06990623036,-7462.00970524945
-3399.28313349422,2845.30239607451,-7085.0629141609,-2669.40660836674
-2887.10835238343,1808.9354053839,-7533.85832934599,-991.786982726057
2465.04368843673,190.83346056873,6814.28824408762,-1586.52624532574
-2185.88159915695,747.27490234375,-7559.30709725197,-2410.47365844553
1885.29292722608,-3236.09102093435,7308.8032363825,3526.76099311427
-3248.94757446551,1702.94531498868,6570.12737371334,6206.84593023531
-3096.96629784708,1638.06346924751,-6432.99058727709,-5578.80349587997
-2341.2253026009,-1555.84267178646,-7127.51072064265,1844.962707253
3899.2299606428,1732.50115600199,1829.55423533921,6880.40569473539
1444.18290092728,-2333.7682718903,-234.859854201449,7379.46937249937
487.460648779333,2871.52314966758,-3234.85767694947,-7075.54655828317
-3478.54515049477,2102.49994327662,6082.7206277803,5990.53760411315
4056.75893951552,-4364.99350503484,3493.14264155933,2170.81726395918
2019.9328273205,-2252.33075837202,6856.31090888658,4395.99856870575
-2230.56890809524,679.598976135254,-7564.46755327471,18.4817152667198
1033.44809067891,-2411.24235866703,-4977.47453244212,6351.16490129545
79.739692182571,-2655.50505785672,-5271.17328728101,-6761.81397816
1401.59845104098,2527.70894417931,3705.16879658136,-7075.17157894836
-914.505701900599,-2044.10403708942,-7189.03423717281,-3700.43848785453
-1886.84552565342,-2044.91910247362,7060.67991131159,4117.76773512846
-1850.82164889816,-2381.0698934034,6387.77767048372,5480.1756684141
-3388.14421970146,114.013273856053,415.782808303023,-7446.74778383889
-3273.15223877011,-1301.46946899615,-6530.85021062207,-5575.836860062
1550.89415418612,-2234.14793249901,1446.198380139,6832.84869523821
-3010.72434410315,-2730.72260270163,-3956.13202870959,-6778.34321101365
2422.90260416667,2839.46126535791,-367.761550531155,-7436.61225134149
2391.22296884997,2854.95874929253,6474.31521880068,-5023.04530625805
-2613.74376219226,-1079.81598381403,-6423.59832179326,-4427.17873881517
-3070.84218717415,-3420.90412146735,-411,7141
-2341.4778549504,-2025.84618989246,-6130.2167494968,-5970.06428774346
794.527131216867,-2754.70161638649,2161.88449370542,7195.65076034992
-1875.59682939139,-2597.8407772036,-937.046838511591,-7040.76830020201
-2799.35976478639,1619.92321416789,-7309.16266575386,-3360.83148502845
-2968.69093999476,-3183.88107832627,203.938217098562,-7091.46098438506
1147,3063,-5587.56467944371,-6609.96186956288
-2191.07277367997,-2410.77857991234,6088.1810857602,-5709.37603648712
2183.0056814579,-1241.15472146739,-7568.94741251001,-420.538499259247
-1352.55986127865,-2838.71746167322,-2326.38645776623,7421.84710731559
3630.95722977242,356.407990492069,4181.84118053256,6952.31098911283
1631.22208053624,2072.82652921306,-7324.38619230876,-4374.93497950653
3071.3792835657,1736.59537971049,6083.67170930338,5556.26091212802
2109.11428456085,-1930.90101953563,6203.40765880268,-6455.93113804245
3768.75371911878,1944.4033695266,6227.03075817324,5864.28866819353
403.658103942871,2836.62369560077,7148.43708830317,2728.88281545371
2673.99401146492,-241.97265625,6288.49751555918,-6279.06270164869
-1208.84520877539,-2844.28966538983,-6282.72300992263,5761.34368526886
2670.28618389718,3909.53965342142,800.678082842997,-7647.48356959561
-2205.85980298218,-2146.72574903476,-4335.9663971279,-6593.33547165348
2667.72497170126,-2868.7673366154,6453.48475653153,-5968.87158390946
-2932.95394167492,1124.93739048714,1833.45493732598,7057.7878248754
1776.51542744107,1119.6244032264,-7105.18284671551,-1.15198099655005
839.409117815025,3812.0815061814,-4264.97087309881,7163.76792884013
-2619.41479614674,1749.68962005642,-6315.22279608258,-4452.13289304541
-1123.89808713372,-3398.13779675259,4594.90495617736,-7018.68066882413
-2793.40237696652,-2391.3034596735,-1781.42686490764,-6800.41401290344
-2457.81347565911,-179.557253122109,-6581.18619196264,4735.176819223
1382.83247881623,3996.60312360408,4713.03882811845,-6279.29045178013
2737.64653805258,2593.32797086699,-4548.5542925619,-6465.30221414944
2290.33419851326,1207.63646723777,5088.83760605647,-6413.04604576146
-2712.79711131118,489.515625,-6634.81197743831,4804.29600785321
-2859.87073097647,871.707766649035,2369.77071634903,-7371.91507432499
1935.73413107372,2776.66287845697,-2949.15252246797,-6871.40392650763
-2574.82852454294,3586.17293117456,7298.56569625471,-1837.86697087331
2523.59335139125,2584.96846249141,-1261.36084174601,7199.56126273497
2199.41078131471,413.975093768581,-7461.76301379407,-1740.80746979552
-3363.55122365964,2154.22026259439,5884.29106101085,5588.72803876441
-2339.48254633538,1176.20886230469,-7008.97885894824,1459.30451208496
-981.530764449969,-2073.35093198344,3703.67206170198,-7134.22181891596
2835.48698321753,2157.00934509043,2633.42284639954,-7126.81683116916
-1019.825186034,-2565.66450544167,4282.04402862002,-6902.13302516914
2945.71078738812,-2882.20284521848,7327.12191332886,3026.06991232593
1376.56561899802,2429.44605423935,-7496.51217863854,-2743.51064988261
-3661.71581303768,2122.22437190276,7631.21445462924,2563.72102272083
-3106.51678108669,-1248.56300012307,-3158.99611467044,7198.90435065355
2536.61436235909,2445.60328571712,4657.44663251393,6690.74549081302
-2508.80571145195,1508.76425709118,-6765.70513695877,5495.03256616576
-1459.27210360956,-3080.19769452748,6055.92256426106,-5855.66031998237
125.275139286833,-1803.67379760742,-2012.79076167803,7873.8252023998
2195.9813135768,-1445.78491210938,7314.91129341148,-361.857463760881
3622.44279047351,1008.86914476,231.060764378323,-7208.68735849112
1337.90212483807,3968.6286665483,4774.48892420965,-6746.14183947673
2220.99929259144,3606.71742212268,-6670.34805335231,4959.17824193639
-2148.96967530584,-2366.77961817353,7061.19783639899,-5264.97408423859
-2045.04160118539,2935.24950173416,-6200.42961469525,6944.02885509731
2619.62139502992,-65.4892877792193,2962.48278276417,-7332.12240700638
732.737915039062,-2425.21838573553,-4530.47829512309,6301.69494821857
687.907670889655,2829.81559314646,-7908.39959327996,-2366.92632090154
1755.69398065752,3554.24105013314,-512.212612033751,7724.48063167341
-2228.1874025974,-2052.44479170242,5871.60256834501,6361.23046635052
1234.64341362399,3590.6882957151,-6407.27973308788,6665.27034200289
2304.14671005621,-850.449925763575,-5314.45186064543,6508.08465374298
811.811058044434,-760.124838526452,-2252.93300681015,7630.13069085686
-3470.04978689492,-419.875749906747,6518.17207629087,5043.00062512357
2457.0673392931,1593.76745998553,4217.32706948514,-6492.9898667283
3830.00326957071,-1555.50163584647,-5000.09322293154,-6457.4463503784
3192.18132967739,-1886.43630235977,7044.99810048344,-2984.85287197606
-2517.33252183705,1821.93026506247,4748.20186340965,6563.10962949093
-2488.68278497538,2425.63516605857,6942.01599872965,-4375.1303091529
-2089.54351944311,-2898.85207827587,-508.805636211199,7556.73744035939
-2907.92063020071,1645.07857487711,6217.32085061379,4891.76256187098
-509.804290911047,-3070.89142580993,-5506.14824955868,6057.8750915756
2201.71215201752,-257.6875,-6926.18957381686,-3489.10232595237
2750.75173816652,-1859.41693733558,-6274.73318591142,-4860.36482256254
1860.56979906501,2330.10937357119,6244.95057924443,-5963.02112648176
7169.88007626623,-598.142297650131,NaN,NaN
-1884.81035609275,-1719.0794349686,931.163513183594,6801.66740923103
3990.73439290931,415.950469756247,2476.36667419033,7259.73687303844
-925.10459157354,-3601.59154590332,-6422.49334433109,5153.66548793121
-2081.38413441208,736.862648727272,7497.62687623132,107.581487049882
-3044.00777794983,-452.094414933489,5990,4788
-608.154916469221,2557.76502531101,-4622.91151769295,6179.82659605519
1564.49605036067,1274.17030271765,7262.38699925757,2660.7129491297
-2855.24581769865,1353.55499769867,4318.47720222093,7040.35023949411
2284.74057040631,-1729.28165696572,6884.71097680428,-2885.31376562125
2563.48835887249,-1579.43477453138,2474.41559004855,-7277.94673028806
2635.56575866636,-1556.44757495381,-6941.90171475347,2229.63263210001
1601.74776873331,-2007.08586861537,-5774.73237930433,-5938.64020749677
3249.85492009241,-1143.18392605882,-5954.01278408388,-5622.35330092323
-2382.12388310698,-1889.19932572738,-4981.95376740625,6230.76959876778
-1714,-3362,-6628.66422854164,4645.1450289949
1732.53153020299,3418.91894959882,6115.28768624263,-5803.73782303153
-1319.22195788912,1785.92516712307,2528.06654460148,-7392.22790455336
-1862.33777004768,-589.969438494492,7460.22850917407,1240.29436142042
-632.95137680867,-2876.87051520379,6462.98640570786,4807.5051074104
1102.43935778014,2234.31667741133,-6175.29298941312,-4513.32677373737
652.527180102072,-2908.42596301683,5376.80799406538,-5889.34257266714
354.077475183864,2572.75497274273,7272,3506
301.396325851762,2435.9974512537,4976.56628094743,-6124.82072869806
1931.32935087354,3080.2802493911,3299.61627896825,-7302.65947636944
32.4481201171875,2776.601040832,-5883.66297435768,-6379.47888191555
625.621744625532,5576.42577887029,-4985.51750665988,2973.19303647933
3914.2084255921,61.6523788707882,6036.64375701429,6454.31291161826
-3342.1126221059,2979.74722508554,-7484.15442998073,-2428.00128386693
-897.198085912396,6023.19815633089,895.606816779434,4849.87874178593
407.973937988281,2363.44475190823,-6535.61814420013,-4640.84233739605
-2048.13735376131,-2778.34530099062,4904.70749304055,-6174.67201466668
-1779.39237741375,7450.45021227595,NaN,NaN
-174.483253479004,3870.61184672247,7144.881551238,-3177.05841749376
-2631.92490480832,-2729.03049470688,5720.48004113116,6726.72573547894
-2630.62600378754,1949.25180897716,-7077.36121573227,-3771.08780087899
-2675.81598319239,837.219315402479,-6907.21994653806,5102.33316022199
-1783.75156621455,-3524.21195305058,-3605.90771284203,6911.24999459989
2896.34082868956,-3446.07434836731,-7225.83204104183,2140.00928222057
897.188658838072,3445.0585865699,-7574.09118560036,-1929.33942234291
1270.88483375015,2456.07470319099,-3567.2768611024,6882.22243384892
-3313.86672715991,2159.10014092354,-806.345510511969,-7239.77724253845
-2559.00889401792,-2851.85312403303,5326.85231243499,-6256.25519493082
-1578.29212516782,2005.24134373,-113.568590995195,-7324.65521224751
-1824.38076979698,246.031374615827,-7434.78252471618,-2442.70157392027
-1865.82568844505,-3160.99328119955,-4249.43236054685,6898.90792892002
-2334.44678199898,-378.500548169785,7590.76916197138,2528.02826577672
1420.5633392334,2523.76680041318,-3379.94915332092,7065.97950315771
1070.00951041104,2028.73039209122,-2553.31552535498,7165.95808287056
-2934.58498969859,890.324281382006,3414.85905839171,-7359.63074858963
-3166.09396659225,1795.45984784714,-4426.65211889848,-6732.35198538875
2392.69127811084,-602.144836425781,-6660.8897144141,-4020.5687622896
2320.76815570868,1474.42611761408,5470.3778677694,-6204.81285576788
2875.71487748295,-2217.8275647843,5884.54757588703,4292.21481103087
2168.12584766435,-2256.4895383033,-6317.63755416524,-4802.6519089567
-2429.76287220519,2134.76026392662,-6746.86945882127,-4015.14236922362
-1597.34080169251,-2443.19574977125,-5472.48922914436,5924.78792801025
-2260.20903955065,-2317.61504345723,5370.34945142407,-6184.80170740013
198.349609375,-2796.13085063023,7457.136943411,1351.260199899
-645.317290893938,2612.66270391654,-6218.69351713285,4900.44740830774
1363.39088518843,1031.5885435501,6717.50855719366,3769.75492180753
2285,-2187,-3163.17011457584,-6492.87473408036
-1871.1855365403,516.68355930623,-6770.77642050369,-3810.82184938999
782.502261700837,2576.56862214547,2366.9122830898,7064.92947680251
2295.21227271736,2861.38941733668,3065.88918729016,-6418.20315296807
-2017.95269950694,-2516.26895693594,5114.16997329188,-6207.04357762045
-2596.76283430194,-1997.01795375075,6300.09215054943,-4038.61464714339
658.970764160156,-1974.25190872138,6227.82503750576,5214.33198726396
1465.64201244636,-1264.11320520829,4681.69725753525,-6286.5402319685
-1959.61643668353,-1606.24540038852,5684.07547038696,5017.19320492548
2713.56353909881,-309.150763974083,6777.90021058423,-1841.58433639746
-3048.94724010819,1868.7629810378,-6351.63655399693,-6036.95809301119
-2102.5905848837,-865.129985662148,-5896.36463549302,5868.72903602391
1577.23860934173,2694.89924359386,-4372.27347980949,6799.29058292289
2604.53385126647,-701.46142578125,-7411.55329003919,2576.7639686752
-2182.8433050815,-3883.56482462649,-4360.49871636585,7158.10449023251
2348.31318924906,-1403.88926872771,3186.19519068122,-7478.55686462377
1533.12751309021,2432.26554870605,-6618.17952343418,5733.63646397803
3351.97344060044,2742.85894093125,503.982615873343,-7487.1286889946
-3171.64740465177,2896.37491653927,-7360.55531870939,889.556042923964
-42.8652801513672,-2127.69941835058,-3373.36084334607,7672.26784381796
860.017354643197,-1479.02141689999,-3336.42522929383,7460.4988563766
-1784.48485597964,-3330.77248986178,-3695.58788561614,6757.91148091936
2982.48917609107,991.04647466416,2441.87907501651,-7425.7112882473
2480.73996475062,448.451804769164,-7149.89531908387,2929.09894486875
-604.093035088207,-2966.40726034175,-6570.4091550499,5737.30654468334
1283.89178385445,2791.24826375951,4849.86678026001,-6501.11207098019
-3369.94640241406,1975.06834251068,5107.49425323131,6599.35613081202
1496.1745170449,2179.48184180057,-2304.19471640663,-6964.08872777694
1481.07957252268,3334.16870444985,3954.55406492438,-7439.21236376754
2409.95751358091,-3477.28831139505,-7569.70037733793,-948.016570251571
-282.600938225931,-3147.98026506992,-6021.74156737523,6652.48495852994
1264.43575249061,4162.29247345559,4444.8851757042,-7102.28010147776
-1565.19853007618,-2337.30262383594,-4725.19704368539,6607.80665257668
-2735.35327494246,2087.74157134942,-6744.72170505642,-4397.23349403901
-4619.2266523942,-4361.37035801319,-492.575562643349,4309.0627954414
-1306.7551551232,2604.72420637984,-5086.96818634435,-6732.48069441125
-565.250943606425,2766.60082153862,-3272.55758013929,-6991.35035146554
2860.32067535091,1723.79928900434,-6679.76769710637,5208.33741260703
2878.1171626886,-207.492637177784,-6620.14479434709,5439.22652039665
-3030,2048,7313.78519343786,2043.731400833
-2281.53038716985,-2222.07046587167,3913.39361997378,-6465.02490882822
-284.798431577368,-3041.64636749054,-6831.14516253067,3002.84573813842
2208.22560197551,-1398.57568756581,6709.16207801436,3675.82302270624
1679.41542398546,-2127.12874289443,6755.84836697662,-2357.53351168089
-3157.21327475142,537.106108234714,-3337.78791176083,-6963.38696122119
3116.25209055683,276.447775902501,179.734205581567,-7283.38449453598
2065.20419340699,2146.31500663233,-6963.28279902377,2200.28095118313
-334.478650842224,2715.81869006104,-1063.26855492346,-7242.12990475948
-799.965946904569,3234.3556698752,-7363.08327847406,-1524.70233642041
-3298.29944908477,1778.75161869487,4157.2341026772,6985.59878780775
-205.612342834473,2015.41906700652,6380.41828712099,6138.54878389653
482.444554409618,-2908.78463513569,2184.97549313836,7118.13186530959
847.896414065858,-2259.90315900701,-773.368300197346,7415.84066986919
-1812.99866318308,1941.81597763072,-6109.21340808544,-6048.21310445292
3085.66375473089,-2672.72175994897,-7560.26835911012,-1815.63958798023
-1188.32742454509,-3230.97873637833,-3003.730022494,-7084.23893203676
2470.17894475863,2451.23223243337,4430.32908992193,6984.50203038935
3212.86257272628,-2471.7544703228,6761.35698716127,3717.9595823702
-2523.93652014771,160.726056807224,-6708.82694966579,-3855.76052634217
-2890.09153876264,-2604.79454625009,-2259.30437932847,7385.39576328038
-3324.20076917135,1825.3306527524,-7288.42026165674,-34.0793739089532
1631.31777958172,-3452.6897849642,6455.05508076168,-4874.14358113361
-3360.69807199443,1818.3345335865,6858.22103453419,3570.27294319992
-2678.08264675946,993.366970486111,6499.64949687375,-4660.93824953962
-3631.98065464385,-510.319854630548,-2364.18982234001,-7557.66234121728
-3593.85917678404,1529.64922858016,2745.1278018812,6583.30354182207
-2685.65375730036,-450.429855131767,6828.43978467268,-3530.08712176983
-2673.05221602334,2536.53384711493,-6711.70203593646,-3147.58248659991
2735.53226546985,-2164.52829812688,-5717.42302813564,-4245.62229915846
-2542.64826387636,-671.919214110129,5676.68700060966,-5809.68768913893
1213.17901603179,-2797.31086657599,6803.52457946191,-4173.59683820317
1217.33611577914,2191.71295219028,3975.69375350591,6242.80753479554
-3001.17733328275,1567.9172449489,6077.34221984147,4155.84329802925
-1849.40605250289,-2613.08410355585,-6688,4072
1871.13573995424,-5629.54915323316,-4085.99862675684,-242.107358993
2355.10689822171,-1247.56784516731,6325.93096029987,4695.0511462855
-2267.32330225415,-3094.62793883449,5405.91886949554,-6480.24558869877
13.3112106323242,-2203.91074872206,-7595.29954569422,-4333.84509402117
1584.89349972297,3338.93242939284,-4863.4348414653,6561.0660033185
1512.87149657502,3203.39870427233,-5419.35412869949,6401.84979899287
-2464.94890517519,1658.26521005531,-4856.36624401736,-6460.14650788458
-3177.98889735993,2218.82616830459,-5609.42121668002,-6459.53882230104
-1719.45044468277,-2706.3028945443,2860.88306567021,-7322.0079789098
-95.6871232747802,-3673.74426216844,6978.92570332648,-1006.43039194201
-1387.8149722776,2856.76462064309,5317.39148450817,-6536.21549305864
1552.76458761427,3195.78693054084,6624.24412549516,-5742.10472087094
1714.73325286819,-1219.97334528533,-210.196028345419,-7484.60477491783
1531.12943615175,-2023.97587917795,-5582.42447037394,-6175.74288840068
-245.464720694497,2414.12531374398,5343,6320
5954.43259538966,-1725.32176141707,-3972.33981564299,-5039.54815785184
-3347.00740957318,2775.99522494075,-6430.80276232923,-5682.50208771784
-2310.73872831869,-2969.6786212632,-6825.36180810743,3922.35768373836
622.688103563602,-2180.5056588388,-312.049826983447,-7258.64320776046
-5.34440831474328,-2526.97913590452,-6.77467705411194,7553.09838560937
-2231.35829720687,-567.014953613281,-6553.27749030482,5710.22976321827
-2399.1024507935,-443.088776412575,6166.11558125395,6167.27535370556
-2189.95402298851,-1699.74798769574,-6550.0884643732,3739.48891333563
179.289482116699,2852.89051798836,6537.2648879741,2596.92106725119
-2798.52977955865,1859.76682120827,6625.66669780245,4058.6137218304
-2447.44685033749,-90.1268730163574,-7260.61338260248,2234.84817395475
6863.33434999261,4856.35901566526,NaN,NaN
3352.26715350713,-903.279816367409,6152.02618840533,5811.95401406282
-1062.80360713777,-3100.0900082069,-7532.65047831889,-379.476004636413
3251.06853283193,-1838.74557190021,-1869.15289495325,-7426.53533068876
-1262.27252037267,-2965.7299420267,-6603.94024079363,5193.14444347162
-170.953342099733,2692.30945849945,6015.94724359178,5886.76128203658
2327.55066241413,3705.96970688722,-3282.99306346399,7145.78886609627
2872.26559561921,1600.75286554899,-6931.86375925445,4208.16363354957
-913.087368211904,-3759.2463443401,6805.19444992196,-1945.51072899071
2747.35476081031,-1845.50137733437,7521.70421584221,2661.68027377929
-1009.96654123037,-1563.96119966443,-6570.47558197487,-4015.08018862368
2265.44486624802,2803.00235921047,1969.35127050798,-7447.62849454164
499.631690979004,3092.2023500067,-6515.75282226477,-4142.44534290334
734.619402820279,-3154.32207294881,-6550.89925969798,5203.44364535191
-1692.57744775438,-2842.25888710127,-1933.29552410666,7482.03123975974
1756.45753762255,-1239.54801126843,939.130355632526,-7599.50275688897
-2287.69191465822,-3158.35019926421,4754.2591744749,-6350.97285950367
1224.24062836099,-2447.9238476205,6936.71849357239,4475.38110347949
-1963.9348928239,3626.72948860684,6445.38777344307,-5382.12000514519
-1046.67057786669,3271.45836165345,-6547.02393119279,4872.92299369189
-458.723039131767,-2313.99726253217,4871.39428864346,6388.67653222573
5205.02871804829,-3468.92904543349,-2190.35506800988,-2606.31564755062
2717.2246801404,-1114.76706795841,-6017.48807132413,6133.00156713981
-2001.6705848746,2898.83980643801,-4636.52917226156,-6872.26930777018
521.957993400724,-3839.1395585349,-6563.56565405865,6183.13163718937
1979.24875748279,2901.67006686637,6127.8811489555,-6334.04307783605
803.787197249819,-2905.08329967065,-6805.40195777846,2974.37326833362
2253.49330762289,-1826.23113879758,3535.53104407861,6665.64984280184
776.103341909555,2108.64647734738,-5250.15988538961,-6420.75417105905
2709.98194018894,-2187.7146142763,-6283.62879659879,-6357.04163842106
871.58054397338,2933.52568730843,1115.63889141507,-7487.7606529404
3941.19384668171,-1502.29509331315,7275.80455004206,4713.67126874392
3163.38412825195,-2016.5576227712,-6052.63745451838,-6134.5739227805
-2025.59443797316,-3390.56896931368,5059.20868118761,-6386.15599480821
-1829.01449816997,-3488.97624992906,-2682.43377334813,7534.35496023499
285.803467181192,3294.57747951154,-1104.84327430332,-7053.50127017871
3494.38849684885,-1920.04791491154,-5873.23770154327,-6000.75859915807
-1056.58526687534,-3664.97669824943,-6238.88559479465,5367.30860465156
-7282.21978989639,1368.14321369661,NaN,NaN
385.798400878906,-2624.72645763091,5696.48536261618,6352.92341743851
2697.13051824768,2005.47639199455,6011.1437549206,-6131.27383117775
1741.2941474956,3225.94839857651,-6170.17123059191,5802.42188434725
-3561.52995526603,2413.3276218974,-7520.83828235243,-2106.52474228032
499.292405477894,1116.88245635257,-6478.21874523648,-4344.33533921113
-342.236769676208,2213.12301626223,5615.7659521345,-5950.06614476057
2843.85628323011,-198.348068237305,843.392321358377,-6936.96288196203
1840.68037950266,-1602.09767404613,7272.87570390506,363.105284233895
483.203125,2540.3381089887,-4931.19333481495,6607.94410468339
-2490.86342569684,3084.02825172911,-7319.23269767333,1704.71791772911
738.183625002195,1939.09194986872,-4382.86316663441,6760.25234867906
-2610.78833248584,1202.10389523951,67.3353149414062,7517.99698117365
2979.38343703449,-1775.81553578093,-7378.90590641089,-2503.06437675117
-2017.15219253418,2090.83976723666,-6471.68618698213,-5044.50143545769
454.464295027185,2815.24058871115,-7440.83235936369,-2426.72536902167
3095.11005061688,-1964.38122615498,7101.65989428772,3825.9957777211
-3320.67710411045,3324.11770167912,-6746.126426012,-6301.87236605919
557.307568438003,2253.46692896422,3441.87088458397,-7273.96433330349
3269.38210350434,-1683.80767117544,-7584.7230536612,-359.43530587078
-1505.21117564792,611.51952336679,-6308.50906807951,5873.67475719322
1197.88867039359,-1752.52121304173,342.084041514295,7111.09313358036
3984.06401999831,-1057.6972155333,694.154082373749,7061.7338434202
-3398.62470695924,181.61376953125,-1175.10478821337,-7056.36695629828
-7329.58784385045,2754.9472946207,NaN,NaN
2626.97642348508,-2658.42974850989,7146.43669292313,-1857.31520834261
-568.904561592525,3048.35381003587,-4230.17708059206,-7051.65130711194
2181.65235097043,3317.54856812142,-2631.27955878059,7516.83900447179
-1992.3212364192,-2756.12628085356,4614.41493609016,-6747.48352038045
-2023.6835571733,858.121991007562,-5694.26131217324,6132.35951557758
-1921.79103795588,-3334.02740738614,3934.35812265836,-7159.25911290487
-2491.78427625605,3456.65620031067,-7240.06989814094,958.873619747601
2173.82771228749,1345.78681318962,-6910.72122857163,1303.56032706994
2949.65151943855,-1644.26838861988,-4347.78037863084,-6801.27263460335
1635.44378157268,-3041.97144086341,6820.50996703922,-3529.14387974842
-1415.75429171164,-1862.54869089761,3197.4159683631,6967.22972260143
-2252.33339983773,-2220.72422078519,-6425.38472615864,4658.56070182276
1540.73800329393,1950.80486915769,1052.96458262021,6951.23611803888
2149.77971832833,2162.0211180269,-2318.9787616122,7173.18303383771
-2923.70560978064,-3148.88478817453,1240.77372448055,7198.87685208533
3093.49506078779,-1634.73504825609,-6409.4005943706,-5801.84452215153
1561.46163154626,3841.78755843534,-5689.72717411591,6408.36497471407
-1930,-912,-7571.98326997137,-1651.24549917565
-2960.33176493489,2700.85418765743,6734.74888954251,-3493.05823310297
3706.92010591614,-1896.13975501959,6905.97677937359,4231.1826331783
-1770.64305759403,-3192.97145244987,6885.76385714192,-2277.80778069044
2709.97775648471,3262.9417164813,-1050.91734665173,7726.833097294
-3248.63874360973,2232.55400471521,-6632.35462414207,-5536.87389231744
1182.58087835061,3772.95802412894,6726.76141969763,-4861.15124912648
-2437.18003005658,3143.64488763492,6965.83231704213,-3352.11855394467
2366.06036822393,-1869.75076768634,6317.14926815738,4069.70392971317
832.44182363327,-2690.21047968972,1740.98235041908,7036.68089122894
874.388722987708,-2330.39192228485,5180.55587495446,6635.16792158264
1579.17523006135,-2245.48281065244,-6680.63795382676,-5106.26498818107
-3217.13764223845,-541.921264648438,3542.80806849075,-7312.94287015619
-1505.3703292022,-1489.57336769624,-6827.75755348269,-4192.65973842585
-3168.76162569582,-470.120790754046,3311.97569148084,-7358.5261019797
-914.475742728023,-2537.12063690984,4610.36240419613,-6349.76220072744
2334.99095698398,-3121.70422979444,-6734.11584752358,5660.97896839733
2866.91169762616,1800.15869420349,-6783.43018899102,4954.67694017034
-2695.9664921466,1281.97335259631,1276.64411998037,6952.75302674561
-2398.15159684681,2263.45726741967,4851.97291594316,6661.82482762993
2615.70102946712,-1537.04346717405,-6182.9451947998,-4633.39681075277
-1388.96541334914,2621.1381258758,7355.62331365446,546.609260642607
2670.0935579434,-286.68359375,-7164.71773886081,1757.10130615424
-1536.93084682183,5650.3527851614,-3184.53630264007,-2156.99653996647
2086.39900019828,21.3804168701172,-7409.28962526254,-3229.52343847256
-1889.25564889383,-3295.10543817066,7075.66887120296,-2913.63529095516
2064.3303964818,-695.01904296875,-5632.68127361239,6274.8126180302
822.554317226658,-3365.59585129887,7442.71422357297,1211.97781262565
-1757.70299542284,1310.75211334229,-7244.97707171263,-2932.45027819067
-1616.70554635223,2878.60430607737,7325.92502088673,1206.48206497249
-3455.09185835919,1861.97492152766,6628.6983533846,5157.21921138321
3624.25221702048,-2590.27119950591,6804.02283961783,4994.85484281683
-1325.79041223386,-3995.48982120876,-2817.58284876931,7232.02597313597
214.216998954441,-3066.32346734058,7219.5534078903,-3330.53626034286
-213.276812631944,-1754.45770061402,-3801.9029390616,6009.10824902028
2739.3711342779,-1963.42333724275,5902.50544077242,5509.36262518984
2890.39700329644,-1336.70240085654,-7248.28559927307,-3837.54814491048
-1589.52472170991,-3462.39065537392,4223.61035665262,-7212.63341581224
-2319.67145723124,-1336.96632655188,6689.48793962997,4532.01069315445
2700.27278322851,58.4992045671219,6652.0928846179,-5394.70963866573
-3305.58555451861,2005.38675024628,-6095.55422459588,-4482.29953566925
-1008.92969510019,2047.42288381139,1612.88827654849,6741.27330249141
3614.96572381668,497.481817745149,-6575.54062512752,-4421.44255775028
-2202.12615820259,-3205.98487805547,-3749.59733048707,6460.59047447428
-2903.98013769097,1924.53200652573,6777.098769739,-4017.47483696393
2648.28616229634,-1958.4440248099,-6256.11394142574,-6177.285734273
-2430.619614654,-1089.73137174051,6009.89537019691,-5208.3819719517
2096.41204399443,-2444.8072624799,3599.44884998172,6460.82071922134
2665.83609728374,-2175.48246947479,-5705.63397632204,-7023.24637513193
1447.77171792759,2321.34456028713,-6712.35450264154,-4501.3739318293
5775.77181131775,-3741.91304785342,1518.33105710445,-3630.73322309744
-2633.49364459989,484.85377441579,4402.8291348169,-6850.91903114757
-1767.82886961915,-3459.52836144787,-6522.39778798736,5143.64957703573
-3602.2758390383,1743.8203846001,6606.2766963293,4647.74372456702
-3305.96660515004,2370.5053785995,5990.04796918569,5250.38287156218
3336.66485160645,-1181.85387722036,5541.69552501312,6723.68722831813
2.8173828125,-2498.74268351929,-2610.32532389044,-6875.09414431722
-278.244859483507,2811.31048980926,7288.30880775957,505.925858668597
1941.89889081282,3312.37449124673,-4833.84372045458,6227.70805328976
2429.54417114674,814.479232788086,6920.67272687626,-3517.81700607299
3547.98300171879,-2265.74255449918,5523.49758588115,6757.10788668347
-2385.47921335006,1536.33044005634,2590.75497810053,7362.13680102368
3307.82374878082,-2525.54609565412,-7128.88421660714,2231.21426071659
-3054.54750213483,1956.58610389897,-179.042846385698,-7445.0745495935
-1248.28933827739,-3009.04182115874,3259.57699609861,-7321.64238419703
2656.74516036597,2885.48484358455,-4450.25892188711,-6781.03187501669
2816.72610081727,-2008.11653443467,7643.86790801851,2824.17955162138
-1887.5825027677,2822.67685890901,-4596,-6719
-1602.52033447552,-210.748336038961,-7171.91666350447,-3036.57437096461
-718.68926727293,-3237.74191032354,-6846.82212371823,1051.4632936041
-1049.09627155576,-2581.21561952872,-4493.2719999534,6144.03570652886
1105.24310436891,2863.76501178254,-5411.11174342024,6438.06804938226
2563.26401403717,-208.07177734375,6426.92035823204,-5742.94058508938
-710.572363810554,-2886.60432778424,-5767.51693136447,6182.00824596807
-1400.45656141062,-3665.77248842114,-6238.11971017246,6713.38649913285
1787.27113960087,3937.59164808288,-2788.52294248442,6982.51999824727
2168.1755642057,2288.08487374442,-5403.88846714574,-6252.89941030068
-1021.64038191113,3155.59034932707,-7542.75937357864,1926.08008645873
-2449.51644016367,298.79109954834,6851.9179676184,-894.178908416436
-3168.13765879897,1839.15875689295,4873.27478402902,6965.79482729989
-2539.26362179487,890.351439790576,2301.36497807197,-7405.94656269194
-867.660794049502,-2193.03178171833,1641.76916241423,6705.24324424073
1778.58480065809,2615.85442420713,957.969790716241,-7193.17181905444
532.319895337211,1083.671875,-6540.83118647449,-5302.05062230708
-2235.70022086673,-3012.4714380447,-7181.25836951954,3806.59587929637
-2124.56443653474,1316.01418175667,2607.59059309931,-7392.93072434193
-3787.44901990913,2125.01039608604,7684.05071623445,1952.14962523446
1729.90187200156,3621.95001312046,-4703.63930731758,6156.91632322343
1629.07528586539,3961.97899208999,6965.01945489239,-3269.96277061427
-2523.90654630955,2556.66353058713,4833.08146863502,-6513.59123689568
2643.39459866878,3257.60303856717,-5433.24404544368,5909.502055857
401.436507004958,3577.37568400398,6871.59256720917,-2178.76067398658
-958.857215881348,-2835.89297949339,6998.21448584669,68.496025396365
1658.56185411047,-3069.61900186816,6425.21141983293,-3302.48159229853
2401.19921014093,1531.80327350443,6601.6365271938,-5013.69385645484
-3320.78057764928,-110.880417130661,4208.53598866673,6890.48230624409
1034.19073816248,-2505.36954358083,6642.22869652189,5323.00969873357
2503.00925351131,2587.68450577762,-6182.35963376204,-4846.52488994999
-1113.15138163359,-3140.5724578492,4377.72287592727,-6611.18114211014
3202.47684973199,2999.6955876779,1452.70911865234,7162.30079599547
-417.831820141535,2447.34022111159,4032.16657401272,-6998.63408092872
-394.178673436292,2803.08869010304,3070.79332918178,6921.79338020484
-3500.51284934479,3370.96620241716,-7290.90701103304,-2475.03844954787
-1969.39232624858,612.260905274188,7305.1227899092,112.058328945299
-1170.04567477789,-3078.80294886364,-6831.86105987062,2019.38072396825
1957.66106000191,3163.86136860171,-6277.47424939196,6222.72435335267
3626.32460523031,15.8916524516374,-171.188796072373,7281.84064791489
-3750.01812351798,2294.02915526676,-7109.98725216374,-3972.0842652159
3011.52815408024,-1512.53480560197,6248.53691878843,5827.58753549569
-2332.88947101768,907.7060546875,-5903.19861075789,5650.11959194837
-2293.15444648407,1143.91159320613,-7451.1192084413,-2047.01101815098
6.49795081967213,2916.49747583422,4406.31356193323,-6539.4961105417
238.650915631132,3243.60164273014,-4930.37466062604,-6673.57206281884
2789.31588118318,-1800.06594214988,-5300.70017890089,-6554.07916552891
-592.779046078946,-2495.29226847846,505.270617450609,-7523.13806817482
-2699.24066777329,2775.98672629906,-5218.11618529851,-6271.23471553462
-210.560493087769,2213.734262509,779.245928697183,6800.12880581727
-398.64453125,3202.05334396362,7197.05803139564,-3022.77296126078
2380.27754469803,-1334.03970789594,-6989.44626526469,-3741.99483416403
2101.43877180233,-610.574529867257,7117.01643952479,-2246.04653389981
1794.20224592851,320.757703279194,7167.91324699182,3986.91128943682
3213.78430312586,492.954924985889,6574.8225083491,-4576.1545468083
-170.590538581629,-3786.97062294798,7222.53668399996,2412.11333395412
2717.39093048195,-2671.97050279677,-5851.34855395884,-6312.59189024716
893.118469238281,2512.95497826135,-4421.08603697066,6839.31554352546
1968.11451738138,-1606.43168310075,-3974.86215395676,7232.04998823571
1696.37879603797,-2541.72395426752,-7044.62036720169,-4207.6142692651
2516.80748956443,436.01666695266,1246.40720346348,-7430.90401131745
2396.64116358277,-221.038513183594,5732.13591794859,5638.06891814008
2785.44496538782,-2077.75509757349,-5840.79178123314,-4645.92824198844
-1756.98615176116,-2866.12264783359,-7546.82742343994,-1128.44441590671
1243.46963655532,4267.78646488102,-5298.61625823199,6241.65225532155
1490.80713959854,2528.81330645161,-5920.21961125034,6231.69400971266
2462.70239822201,-769.502917707509,-6752.23130829994,-4226.29494083921
-3468.31047589721,-2071.54743975904,3748.05854073457,7055.44482729882
-2621.75964483385,-2922.05558065778,-6681.91466087223,5813.74812998993
-3333.62163669196,785.751017055989,-1891.55797211492,-7171.61581852743
-1342.86318851546,-2624.55227649323,-4651.27039894628,6438.61429524773
2417.51241252898,235.987068813251,-3781.95423561442,6151.13062730038
-4589.27130517941,-6133.02272623737,NaN,NaN
2740.51193130063,-2471.43530397864,-5702.86110296125,-6498.0323762559
2453.32460996329,-321.86474609375,-7263.04298206255,143.871069335938
-2722.87847038637,-3074.78816863642,5102.78836608668,6634.18587735163
1938.11546391145,-1768.71633413275,-3241.46579767064,-7054.4865031337
-735,1971,1103.84583458534,6944.4757220939
-2117.95938334262,277.388752941518,-5841.19768137861,-4079.93958210554
1197.99938201904,-2471.74709217783,4099.93913999834,6862.93377280147
-3104.43074597962,3566.94188582576,7248.40108110557,-1910.2471797167
2039.60480532751,-1756.79227332367,-5783.01258882682,6218.43841232113
-60.4296875,450.118461413326,633.993168186337,-7538.16271110678
-2043.12009577427,-2769.01879850896,4571.06123375617,-6235.85433208288
-847.076844262295,2476.74164924685,-5911.23205954601,6196.43125832205
501.986110179721,2674.20795214092,-5144.45346704654,-6387.96844177544
2853.13753858435,-1076.62253339868,-6037.93261907329,-5040.27320253946
-1374.12482895464,-2854.82404724822,-6851.84073787754,4863.84696845604
2334.52856883015,2761.56308387354,6399.99829559661,-4484.62922487804
-3297.5148151579,780.067260816881,6179.78656937978,6443.98989639659
-2618.67757206567,6060.88626063112,3917.46731884542,426.330455427408
3529.82315727454,3854.10954797453,1922.51513952303,-7673.10374774446
1024.91065249502,2530.34671232737,-2753.24416112482,7374.11836957666
2353.64072795286,3795.04291093938,2946.10514526471,-7460.70424662493
1006.00376745248,3261.80292382834,6897.32758623741,-1465.05153604067
2664.46876020694,-2508.64634569787,5184.961338216,6666.48715842791
-2513.97140916905,-172.997052338957,873.481318098775,6834.0564971884
-2898.87254349245,-1481.08431143465,1149.90752974835,-7284.58337767155
-2754.08802698828,1091.89916992188,417.49568624815,-7259.60173608297
2152.41237528636,-850.596218577029,-6859.88891896158,-3745.20249406041
2241.98484890021,-91.1246677493253,-5455.2372503727,6471.43566473964
1960.10271751379,3540.79992191515,-6497.223473683,5275.20413479809
1372.10309326458,3599.01468441322,-6160.15058779998,6897.83454575352
4602.56641118369,5468.57836689669,970.674276285958,-4826.61000540466
-2733.96633622552,323.3642578125,7573.67713537005,437.126951967764
-1064.52905527099,-2831.312825319,-5646.32158794184,6370.94146322267
1450.7638691568,3008.52928447659,2513.39921855646,-7007.01673482634
-2350.75972390662,2923.63832497682,7100.49249735119,-3217.64095773871
2742.57305951941,-396.456025449102,4636,-7411
887.806175163706,2878.24202657934,-5239.66355888467,6298.2750601966
204.39697265625,2107.05212955785,1211.31149455595,-7587.80159182781
1486.27816109035,2401.08134293099,4020.76800753984,-6527.3744233446
-2769.10884346582,2402.085310123,6820.3461472303,4328.85527438805
-3472.0140712878,1862.47382868597,-2417.98463570758,-6582.10836555888
-4026.31639442735,596.231619652728,564.535944648143,7083.57518726129
1691.2262162072,2737.33559520887,4818.70078657051,-5980.47267550952
2603.89705606921,-223.846212091417,4113.09867843663,-7230.86413969157
-2543,464,-5884.08558610744,6827.10172493321
1891.28833456428,-1363.26666723132,-5107.06416471509,-6333.09064640344
2689.98606098522,804.520852617979,-5254.44332724161,6577.74668327559
1830.18712615083,2779.20388862945,3195.62918130204,-7266.56579274317
3079.62568340857,-2010.90627826369,6189.47536737281,5366.74910159834
-1795.64109003839,-1702.33653846154,-7530.74076648125,-2311.17806108844
1772.88579239146,-2270.78230033574,6179.774199911,4523.18880671457
2883.57279332728,-503.008398751811,-835.397561574216,-7316.42473102759
2137.84473803266,-1056.0166204909,-7105.95550206888,-3630.25332997113
3647.49625972001,-1384.8880185798,-6804.74919415191,-6162.78304898667
1710.97385945479,-3795.08983987125,-7495.65538263824,-787.833743257292
2778.76190093028,-988.943686499709,-6381.31383218498,-6253.51147427005
2213.26462108991,-1539.38850183766,6163.48124713099,-5587.01534254361
-1947.85035753467,1832.15094183741,-4973.93435359406,6256.91558656409
-906.59691619873,2271.76520104121,6391.17997472242,6003.07496451949
815.55207824707,2016.57166154608,-4332.54136634807,6800.51579035244
-316.264204545455,-2258.43487148117,-3269.40093612204,-6738.62258567087
2980.68056385669,-1375.30096086152,-6003.28958415628,-3427.40737216439
-6912.77853371726,3703.49652227795,NaN,NaN
1287.05527456647,2944.41448315284,-2071.70622958023,-7030.80824266149
2696.06138399158,4164.09409416775,1581.50291248007,-7962.33037348234
-1325.72293202974,2280.07448213113,-6310.15787244834,-6376.64113876831
-1787.24015407866,-3365.23889923096,6812.06913520442,-3400.44126954351
834.497926034049,-2206.69454187805,-5207.91311071055,6358.85487550996
2255.91189726658,2808.56201852325,-6840.43361399141,3534.53523438228
510.491632634943,1968.2541316564,-4631.79600673757,6274.45731900055
-1573.89975763546,-2926.50176317599,-5572.82050633096,5485.25884011487
2364.95250899875,-788.586629772186,7015.23802896396,2066.46326270739
2351.55390161252,1562.00586014677,-7325.35335100878,2724.91474666219
3698.66020845208,1268.06630358344,-80.8920703759192,7542.3764334211
3177.3055117609,-467.881324415669,-1781.83813944195,7571.60863073778
57.223274230957,-1883.79816006967,467.592652032784,6968.53044898461
-1561.81453223046,-2856.44485927628,3093.43712350993,-7235.18274142486
-1985.40965945336,-1658.62091717569,6886.44638724888,-2241.57082062272
3214.33882283163,393.948059082031,-3194.56470561855,-7285.7732908025
-1441.71228983292,-2852.92238129835,6251.95394309073,-5844.9369572259
2447,-1998,6878.09515305801,1987.34079945576
-1939.22019480969,-2083.67974892849,-4482.65403973737,-6026.86058149216
-6523.20653784378,-2848.11799018463,2743.93776424085,-3411.64816464323
-2569.17544024436,1085.92276096344,6996.69951075707,-662.332279228386
-1791.9731688642,-3080.03803742647,4745.54518517009,6596.70819077044
-1644.92134841121,3132.98121852976,-7392.0899179295,-2565.14761123915
-2906.0768960672,2242.31438653895,-6140.36726275189,-5478.41578730024
167.785386029412,-3306.82574313485,-5935.30594516836,6074.4891954244
1727.71505945658,2491.06750990335,6358.69631750561,-6482.89049070122
2096.92789426965,1750.90491315231,5471.01507724802,-6636.67619444779
1530.57842462473,1276.25793262018,-5604.30377992114,-3757.99674548977
6282.86608233937,-5541.64793259033,NaN,NaN
3710.24237777699,-2266.3207582782,-7644.51614138865,-2537.86295000078
-1992,-4470,-1455.83402022557,8294.96110675189
-2093.63616120439,2218.45837896333,-5789.14080196077,-5803.78005589769
2520.31238252422,1101.37822225975,-5450.72336142137,6620.13721139561
-112.616722187974,1978.15481841156,-2230.53627908266,7611.45319926916
2995.25819917638,-4859.91881614933,4870.37569955802,6320.07112900588
-263.788704211192,-3235.08699658009,-6982.40547339415,3380.75816876709
-2277.4414597947,-2055.71263857321,-2657.22044220884,7388.86345900466
-3133.39175299971,-1016.34271137812,3704.66815815025,7255.63893381856
-3735.65282184546,1750.56195244055,-5367.22648869598,-6423.18499527312
1398.75757226847,3032.62494549815,4585.70435712582,-6413.28556352534
-2631.27319219415,1597.95914736661,-6794.91154763833,4038.7461565872
-3668.43335782389,1194.69571621858,-6309.04162925695,-5343.50597700266
2758.95318821005,-829.456495948104,-5684.3307855927,6685.013865844
2469.22619245384,-2026.84238922806,-5712.11167547259,-4213.08569373407
2658.99363338654,-1017.83730265921,7133.90737050965,2765.94320180418
2723.26324142965,-2087.72122988833,-7288.52297133715,4142.84608824643
-2436.918524907,2137.16393117336,-6272.44930545781,-5164.92177482027
1545.19358800167,2906.1964502182,-7641.78247194012,-807.596132077516
-1278.75244903564,-2113.28480081031,338.985075844133,7290.30827793756
644.171886149826,2333.62581223776,3676.25020934122,-7064.5341212153
2246.08891278311,325.911071777344,4561.2808607423,-6865.92281689128
7196.15757954872,-1929.58237851595,-3945.68958268461,-1491.13605136094
1887.84510500451,-1160.97348520815,-6379.80678786058,-3497.0118646038
-2672.53204596721,2139.88788356095,-4724.66890650007,-6151.4158987621
-2400.57651147304,1686.8964175876,6688.62310668937,5802.97500877217
1236.37969970703,-2181.04513474209,-5029.65334496942,6736.44740085622
3888.24902225518,-2235.0361517944,-7645.79779372249,-2177.30631488329
-3412.35116141183,401.430219319616,5808.92620937525,6693.02482646853
-2211.65153557433,-2216.495289053,7376.41279415679,-397.758252583111
2013.18369221997,3993.30025747093,-6637.05034413144,5113.79018036089
1927.34909945802,2995.59243056325,-5489.98142821553,6469.71786410364
-1169.21206083588,-797.435698683063,-5986.3077124081,-4305.13564346814
2440.85963080222,-1391.61798650568,-7134.27801788403,-1235.48628330356
2379.44160724156,-1718.06726768377,6866,3274
3040.36607584205,-1943.22348679575,-5304.37358689067,-6813.1865394996
-931.177613950694,-3629.94680762476,-4138.71760215509,6411.3249698987
3771.89684868142,-1011.8593864163,-6517.34235298413,-4578.83517822983
-3023.06472215082,-589.632507324219,5181.89853543504,-5990.1252346856
1976,2996,6577.0253494374,-4363.12837431971
406.137216593178,-1748.41860465116,-2439.85453043898,6630.06082705832
6205.35751226238,4715.89754450696,NaN,NaN
583.419170884015,-6367.22794323779,3262.49584021935,1473.7376758929
982.045114130191,3400.88993566291,6809.87964934198,-3302.96893472617
-1923.87320862259,2102.41373818597,-5750.98115731588,-5885.30992112952
-1751.01910631795,1690.94545084443,5898.77717423779,5967.8450008908
-600.296633731618,-2610.5636694253,-2058.17366420771,7520.82693131476
3103.2887681272,-168.977113334947,-659.28844446329,7513.30659571501
-1753.43985525473,671.947143587608,-6688.5220285355,5124.87687534829
6325.81366096669,4766.99317413601,NaN,NaN
-797.258660930477,3041.9863463394,7033.43381988953,-1558.87669499308
-2989.25357800258,1906.03177110215,-6768.40877142324,-6782.97455714584
-1677.64011001587,-2154.30988316035,2140.87254045323,6934.15062472069
-2285.48809560527,2254.82972301773,7074.16309210709,3829.58683678718
-1238.52641269393,2684.63024527461,6849.89873900546,5155.85935510964
1704.32182665776,-140.907383928594,5577.98678118971,-5927.32948869536
2980.80594979061,-2112.97961855606,4547.68333228557,6305.44056574885
2132.3828125,-1980.21282728405,5152.65552003857,6708.83714536897
4701.83877838169,4368.40029489629,1194.27720651273,-3350.38477560945
-2487.23423430998,-1485.80905572053,-6798.73207773973,4856.56394306042
-2417.24694479193,-2657.88529365417,5809.42518634297,-6152.744039569
3463.54123544813,-1191.1850966701,-7233.11372080275,-1708.73393687963
2633.33288148061,-1630.72932756393,7340.46189031791,3748.15622544762
3093.44688182755,-1417.17054067457,-6246.61896267053,-5314.74379813774
-5218.0816829192,-4867.36125336127,2784.76568743442,-753.782938889546
2865.34709903696,-1661.20871863686,7471.1420167619,2367.63588834401
1251.39280295443,2255.39607711333,-3996.09667946292,6516.49336914753
2091.78488044733,2608.61743517416,4951.20388443938,-6709.27439881388
-1483.11901175934,-1801.71005954539,6282.64756174847,2944.25131630555
3691.4717718726,2834.54504205162,-2436.28153269287,-7450.64166125657
-3239.19647479271,1448.90966110886,6221.70028786245,5091.9166336518
-2629.19607487541,1881.88732250129,7558.71892523172,1166.43450247174
691.140519710243,5630.61135587849,2429.14070559395,790.0378923692
1813.29617628665,1874.0634347327,6686.07823262905,4411.435914294
-2053.82914877008,86.0679466962094,6880.88962804555,-705.546496405118
1745.18118629074,3514.17678899401,-6778.8460792341,2871.13722109367
475.642974853516,1924.60151964951,2476.79208498945,-7704.96986737352
5922.90205890731,-4162.87822840336,2505.77544512319,-1976.54931640625
1386.81986102287,2603.73229413242,-2429.35256745094,-6847.9002482229
-1318.12781025613,-2899.1073145498,-5144.87558867553,6427.39195507437
-684.403216380865,-2651.61869567811,7519.99346040531,826.860377196929
-1337.48831461576,1371.73454700977,-2577.23598783894,7187.75163129653
2220.82650288778,3887.21041047543,4046.54942706448,-7015.82299078468
797.913834745234,2806.43275228485,-8041.338477463,-221.915954589844
-2522.27312281397,-791.881465562896,-4500.84427608664,6783.12635494163
2222.14606022614,3228.80498554451,185.928489280379,-7961.53744955893
-1592.91713565679,-6509.29865570323,-61.9589233398438,3911.90496345195
-831.241512345679,1877.72445049063,5686.03230501635,-6068.23807477187
-3051.55576955441,1947.12649980364,-6552.65559356608,-3344.9518628633
-2853.73028175724,1666.19864445842,-6855.43764898748,-4952.58474356604
-3683.6021039604,-2601.6251177974,4179.09438635588,6904.81870087349
1988.25604470803,-1193.68773105837,6910.04802088744,-792.337724685669
1092.9835994859,2757.38027114527,4366.06989399161,-6551.80581165358
1735.90729088702,2087.97236953272,-3782.06329664632,6272.44658513122
1989.12620772427,429.962578154907,6799.49066070433,-712.690632370283
-2348.35931812524,5496.43792903277,4409.77775626174,352.377286461288
-1747.55594106821,-670.260002400272,-7335.55846164996,582.6767578125
907.389213819788,2143.67085413434,5841.99625899688,-5656.97101729409
-2843.17915038065,1822.53301000189,6311.25912557153,4989.62764257519
-3282.28193656442,1733.96834624072,-6933.19945399966,-4561.40695562369
5064.77004188598,-28.678291929649,-2065.87593825782,2643.06604657208
581.551008297169,-2281.66220256397,3197.8362779888,7014.06910743869
6612.70020832735,2674.14809732617,-2286.44253408463,3037.41575338689
1005.6127127513,-1937.95060285522,-1027.2759131482,7736.17205359617
-1197.91118222146,1937.64289895808,4772.41031444563,6501.07829344251
-2850.93739085404,3143.97282779719,-6860.97598034497,2856.63284641451
2344.12809865423,365.700402782476,6937.22278333754,-2514.10990710156
-1756.23595005469,381.824913024902,-4144.99255755558,5523.37496107307
884.84127149615,-2493.0734536982,-715.407875987649,-7358.94588981892
3415.81966089616,-1594.36337094277,-6928.14529308284,-3903.04997167351
2450.13276668697,2092.09580688747,-6475.65124093165,-5283.96668328744
1780.03460745873,-2394.84835488478,-5451.7633220278,-6443.20886952069
2102.12898681577,2757.30761381978,6722.12312363672,-5025.55033018248
1512.64976645119,1033.52061868712,-7454.94737347434,-363.560783802379
-1625.03964391079,-3056.54113939089,4122.19276039036,-6465.63149843785
2230.39213514028,-962.63232421875,-6411.52768629785,6867.01686400087
1834.92639925847,-2586.39303243657,-6879.45144968289,-4499.62722067973
2958.54634466876,-1943.09681761454,5354.88614488889,6452.38792165771
-3591.75517684254,1083.11089004632,-5164.27637555181,-6589.05913303693
-2511.24165081665,1553.31231129167,-7105.37994679667,1673.63699577523
2637.70752090339,-2994.04745003209,7622.45732496051,1248.32085304236
-2108.26295764125,-3187.42948151853,466.112929790104,-7416.39721567064
-2246.563553224,2416.18022219242,-7273.05440605567,2635.54078489768
2089.78421774394,1721.50608601093,884.447733654136,6804.02462566413
2093.65826612903,1213.24841717823,7172.23647827917,765.829267988093
2885.48064798026,-2122.84653857522,-7380.14167085865,-2458.3149222577
-1175.30276026391,359.729690740397,4740.35037204655,-6218.362039764
602.60868767136,2671.00053162587,6447.41767300095,4545.15746895863
-2606.08905049838,6309.96043521212,3900.71475407675,870.025953022475
-1653.41266826452,3054.69397099373,6283.05078178391,-6246.37506572988
7374.44809313303,1604.02791539038,NaN,NaN
2230.02957792261,2540.74044672924,-6943.84084853239,986.492855338163
1654.25529546479,2730.0121116337,-4647.60595959996,6283.55190111243
-1457.91043333738,-2258.0029010644,-6529.18523036043,5198.55149016299
2945.65154451858,-2214.85542820614,7169.59115742857,2236.19388640372
2528.82749679468,1169.05054330627,-5214.76395844815,6608.37823339508
-1467.51212509609,-2330.56378694182,6838.42399123484,4816.95765706743
-2270.96587598254,1152.37888857387,-7510.69775736391,-2752.24942590395
4244.16662000918,-2047.10920815932,-7014.01785170181,-2818.22778905346
-2354.41264409526,-2041.3685154521,6667.79309467042,-2437.06979695156
-2234.85182151658,-2275.31476925144,2835.53060730534,-7393.86079408185
-4876.8564082925,4374.66585083988,1643.7390821332,2960.84639216159
754.234917823304,-2515.15694893092,-4878.95372017135,6077.23702073466
2042.37649957063,697.999147498089,-6424.46000019702,5047.14325514462
2763.13149307739,-2205.05660560978,6798.20220240973,4018.80953526163
-421.386321626617,2630.38115102285,3250.01726754186,6964.15791806493
-1453.58567736763,2816.29497768136,-7128.6221455455,1623.6052300267
-2517.67573405159,-927.805920661624,7214.20839537144,-1894.14707676318
-1343.36779525251,3353.61212205366,6551.92537652034,-5053.0956190734
-2796.89260353162,1859.00031538545,6767.7649410129,-4087.47646301407
2091.29065309376,3094.953022653,6096.38342409965,-4953.48960045352
2325.25363006185,2678.1342409095,3563.96357691446,-7334.530505025
3942.43090570596,-2453.39105856977,-6624.98526148704,-3273.49120346393
-1709.63866442549,2133.8369716026,-6735.35636423723,3817.32312910613
-587.135734582957,1797.28738731011,2617.1457586238,-7604.81686592905
-3201.9849283004,1645.53652198436,-6272.37251187943,-5121.59993539691
-3108.24439232975,48.1614922782819,-6559.67649706969,-5001.92084181278
-2145.95030176917,-3071.29232403821,5927.82244540006,6805.19090436652
1237.97778301557,3114.84744719136,-6786.70787234185,4313.89699150378
1129.6011055231,1752.108897169,6826.13349608732,2969.7362256495
-1027.67488377652,-1600.4416325518,-3767.09961360366,6690.86450804156
2523.46174127699,-920.25390625,-6503.27086312773,4995.1741517596
1499.88439044459,3121.93984353643,4758.98047302089,6796.86961593432
2187.75819612641,-527.39367739544,-6935.3626762596,1013.42710639541
1941.74521140263,1364.42450783984,7473.57414111946,818.313975011631
723.155066701779,-1099.66196862949,-3617.81199607876,6660.34168568048
1602.00161743618,2793.82900184371,-524.388133824949,7130.13119923645
3439.38133045719,-1343.86200627322,-6486.84740902942,-6982.79804935791
-3031.8418289531,3105.74343396604,7280.05015992524,-3148.90221774194
3058.9930688875,-1598.12557917736,-3343.31413727236,-6797.99838851153
3922.63300428574,-1526.8321241755,-6596.93517132295,-5523.14452304803
2246.09918467025,1007.88740657803,5011.03361689948,-6357.85451190037
873.80322265625,-3867.947050015,6063.63661892801,-6671.36517129849
-1541.5767171722,-3487.13603285772,3486.06660215425,-7204.79013173769
-2739.3431996563,1860.32484156043,-6827.59326801862,3308.02817284156
-1653.73374938965,-2251.85335610256,601.419666672792,-7795.23554129349
-2953.42849264065,3053.97762140476,6971.32778413939,-4722.88034667034
2526.3783280908,-288.945138113839,7426.14542077388,369.916020326753
1422.77577970134,-1122.7646804431,-3319.36776258358,7103.59511642976
2110.2498746437,1142.64501190186,-6394.25976161062,6216.58681639474
-413.448181152344,-2920.37598390147,6302.11280825185,6091.26156496387
1746.66897071976,2951.4093721839,1787.66846626535,6740.38295810743
-1964.33501284055,-2154.87789543799,-5923.96697285112,-5910.97914466667
-2559.3503366066,1939.77197938078,-7100.00004887759,3831.70959688149
-3402.79355036489,1384.14799958844,7609.10479185046,2019.74858516994
3025.84324608267,-2023.80140423521,-4374.77116040691,-6338.59439389394
-1.14320637341333,859.855672242212,-7878.48504268385,-1821.57709287992
-1134.59716273717,-2091.38140599273,-7464.52488897985,-3199.95248442245
-2464.32195783745,535.012686500066,6659.37981551289,-4666.54914161085
-1251.04994139222,2970.44145090422,7218.49396945604,3157.84030995778
-2049.79851016592,2330.56392112789,-4008.4072444907,-6648.32360925769
5283.87720479456,1349.45826787304,58.1360620946926,-5838.62908714945
3502,-2293,7944.04868726176,529.536602380966
-2683.50059505845,607.287831639331,6185.58712863883,-6459.24627477482
2578.56579653586,-464.843467712402,-7570.45232279606,-620.592948374719
-2516.48231353258,1567.06528524446,-6213.98406817663,-3676.01437607833
-722.911944205599,-3967.61897505444,-5513.61460230397,7126.91297286292
-3230.68045656346,2109.53694372799,-5809.34084750054,-6633.41667674799
-821.93448638916,-1844.46386431905,2644.64341924065,-7360.33409406125
-490.000759181164,-922.58154296875,6413.53616154334,4764.81159746233
-1611.92830253668,1037.12227538739,-7104.33601217143,-3546.10794204976
-1594.81921393933,2395.86233650398,-6350.07137235303,4391.83294079333
2334.78508293325,-5141.26949200326,3602.13590896119,220.689062456712
-2190.86704654479,86.2357992496131,7293.77729010966,3666.58027703413
2531.9498886589,1237.5965507827,-6728.83926205183,5389.93203907285
-3361.36240456608,-683.139240075302,-541.089009936579,-7196.78902989204
2735.78499825254,-1737.32965460624,-2041.54255940899,-6484.4060112414
-2795.14306287131,1408.17692513436,7284.32209036628,4496.21943312078
-1980.842810621,2447.58351074825,6265.61247741802,-5870.39405090917
-2446.2079316931,-2054.87392604404,5025.38508772609,-6787.03468582532
1203.47381541885,-3835.37528411865,-4782.16857799016,6491.33407323166
1612.85685032922,2802.0123714043,5357.42706922195,-5887.18371148495
-3213.03072422667,1449.40320166665,7103.26850816627,3245.22991349826
-1778.27998193459,1970.60783232422,2781,7118
-3408.8625390013,196.797612648825,-5829.98961616504,-5788.0089024001
-835.644667795496,517.918471896341,800.84955334093,-7618.48250184222
3171.02204157539,-929.517578125,NaN,NaN
-906.042513126723,-3019.41658583428,-3775.60426153899,6939.5958160637
-1917.34030556631,2101.95689038902,4278.11576862197,6750.7378071692
3101.06547693267,-726.501072810246,6034.01210245368,5948.94165263718
-2022.31382115457,-3744.71893707149,6489.67091488524,-6177.72102971432
-3169.9882212122,1337.92142151186,6818.99263167544,4703.57741997373
-2717.66892855981,1784.68225418396,6165.23340157333,-5786.43745320486
-2480.75599269525,1435.92148872138,6968.16433142577,1416.01452319497
-6111.33872279772,6544.09685409241,NaN,NaN
-765.740295410156,2169.29457014698,3744.14172120766,-7362.51906442876
-2388.15107673617,1566.17309552187,6501.06511595048,4553.28866817047
-1312.32443050992,-2218.3325565316,1172.50278355597,-7722.48516802642
-2388.91505484905,1299.90895843506,7312.07386258863,2588.43540010108
1171.51585903084,2133.14640063412,-2538.28343560722,-6838.75453911602
676.924164437269,-2675.97833876949,2644.0626753597,6711.34571886844
1135.37204300744,2762.99961246471,4681.1088157447,-6852.2986697233
2539.39686534846,-2142.08265641344,7551.57226296551,2113.76285880876
169.407653808594,-3466.91385646139,7067.90373453126,-2453.97382703463
1675.9250090282,1221.2187938602,-7602.59846654801,-1135.74939578596
-2233.67181170386,-424.177709378835,6111.22196811935,-5319.78121684218
1377.69280544766,3363.33652315072,4976.57301769383,-7220.93024999659
-1748.36312238771,-480.39852142334,7341.51146682369,2592.76451989108
2830.26064695266,-1814.5363851146,-4260.11322139694,-6641.51250995083
2425.63795215131,2258.88546255672,6716.63806460734,-4726.89430524903
2010.60964917108,-3124.08392194206,6900.75082658084,-1168.73979454914
-1157.27123131609,-2864.29285589275,-2899.04538568876,6242.58325182933
-804.414123535156,2327.42471886804,5612.22655490988,-6990.62682431966
-3532.03303236257,1411.15748997918,-6523.7007398917,-4911.46206794572
2591.79295799809,287.130193476272,-6542.99340484054,5234.97487238345
799.287766433688,-910.247815277713,-3403.08842853436,7338.56671503407
1555.97087295058,248.487812850175,-6341.0932324202,-3414.88192212562
2086.92893607191,-107.228828430176,7003.38290785619,4123.17456832088
-1849.70475769043,-2846.60366441014,748.971313298093,-7763.12505014085
1670.42158605553,2688.98764115766,255.017893186757,-304.808249613601
-3149.99426800272,2106.39200417406,-6961.5109065057,-4114.27539902478
-2466.87876977921,704.411822100908,6865.32269941592,-1922.19077358578
3475.00756316489,-337.558682397252,-3534.20965936609,-7155.09525932239
3199.48963446341,-1511.66764887317,-5404.05811195754,-6556.09943816882
-2319.93476340245,-467.547203063965,-6724.54195319579,4680.6062533196
80.1267370301747,-2519.58208716409,4223.7562416977,-6229.36938347656
2920.61357149014,276.858467130483,-80.3828047188846,-7181.83495707193
-5999.85304758782,499.296084175982,-4089.30451626864,856.488700111072
2281.4764747646,735.508546424551,-6815.47856762538,3859.88201858859
2846.58379678502,-557.83443568303,-5977.68102668237,-5870.29859024439
-1875.61492231017,-2357.71915551084,5521.67972122766,6067.76230572775
-2774.22678376807,1785.35899216002,6866.9390138481,2065.73203585313
780.637750657075,-2583.40570012849,4290.58273832952,6874.047087576
-2023.5723272463,-4098.35092345553,2516.70754172585,-7808.17832283217
-1931.75324239714,-3390.4571480516,6254.57017534005,-5357.55681362869
-2403.56312668329,-240.763203457262,-6836.4467544095,-4341.43184534784
2301.76381139256,852.751462535698,5185.70076136012,6408.71375374339
-2103.14813648113,467.179491151054,-6749.15023622894,-3564.01348927226
2538.80966628469,-1287.60452697884,-6542.8615388593,-4612.8687771686
2838.9772527425,-6308.24848297592,-3162.62275508386,-282.534044257898
2014.79455445545,1395.00696433145,5743.66794912995,-6170.77169080852
-2265.5671999502,-655.555641856161,-6958.15529720539,4215.95580593033
-1975.37202784282,-315.011618473507,-5422.90284317039,5751.54949621261
-2824.70614604916,469.144035339355,-6094.51640164075,-5408.99798339624
-2919.31773895462,-3010.33752043145,921.575494747091,-7908.25951744855
3323.40774716966,-1392.54863992579,7085.21743250436,3598.79173322446
3546,-424,1557.64467754567,-7815.49497555733
2237.1950006001,-317.984074519231,-7786.07907720393,-349.840845932054
1870.61337235681,-2221.07040071692,4905,6110
1747.95037759374,3696.76473594839,-4434.16923421982,6977.43760596933
-2119.85810757898,-1535.50473388036,-6442.35035244039,5441.88849599239
-2232.96226140773,-2555.32044240686,4560.28553411302,-6180.18561021591
-3019.5940174159,501.808524531897,-5907.41948955619,-6703.63543778434
-2046.35853150135,2017.09536320043,6757.70067167075,-2500.51838086436
-3634.93027613603,2102.92736780383,6797.94507773744,4104.8675847249
-3459.88803710008,-1739.6419773683,1942.33016219256,7439.10221448044
1842.14372217183,3062.26597596468,4640.381790548,-5771.76559562428
-1219.54335404464,-3792.7303553214,-7140.95613567123,3048.64449505909
1735.57716016283,-1458.79788246402,-5839.8013212242,-6224.04489091301
-1110.01735321773,2317.85021147186,-6224.22636748673,4739.3414224034
2306.80952380952,848.499471417041,-6146.45499418601,6987.38090820333
-1460.13356909684,-1479.85601952278,7869.34935056844,2963.061975664
3218.4171874164,-2437.41765324433,-7239.50281712841,-975.669283519562
1970.13432779555,3270.93739074482,-6067.52262526175,6731.38007882582
2176.67119409873,-1081.35109049928,-6809.951771354,4297.2569962252
1678.43928148771,3047.14841639085,4784.34525340751,-6139.4491405105
-2475.3373759711,-1849.9091240378,-2319.89917990984,7659.64767833949
-2369.35058416093,1997.67127071823,7620.84059034294,2086.66713711862
-1272.10283600195,-2070.80698270116,6160.29806875892,4934.62632576071
2117.44106592556,-1101.13345264627,7725.7325127605,1292.89977071406
-2443.05590951139,-1480.51506253619,2423.29599690795,-7392.2192708118
2008.56958831696,-1888.36059331861,-6400.4062624701,4655.80438012759
-425.774570982839,-2461.13762061746,6589.88799429805,5238.48702324975
-2358.58176529432,-1088.56761565836,6654.382103071,-5198.47107827724
3071.67132287676,1604.54298557494,1907.81205966192,-7707.81789000398
9.15142822265625,-1968.74330642033,-2859.48438758289,7475.46462880231
2788.50611757374,-1441.69112681624,3987.7551678252,6308.01055386746
2094.49330942478,-47.8221435546875,6584.82488408594,-6169.46802496484
1488.77441061673,2848.35001717861,-3687.97983343051,-6735.49201956734
-2279.72419944448,-1865.50574996275,2229.48731592576,-7347.80509697234
-1409.21634069509,-2786.91747197243,-5675.07189760863,6021.99792484676
-2296.53615663254,669.680119638943,-1008.7636573722,7310.52304051227
-2786.24247799644,695.344656893167,7209.86832041907,3655.11545047513
-1904.06272768669,-2789.31698276151,6208.68435252013,-5930.5804265062
1464.69388313293,-2144.21634876,4077.34990445407,6741.53015452902
-3458.52038641532,1528.98450548807,-6513.66817832198,-6844.45619336242
2040.48476027991,1525.35515213013,6001.46426872504,-5814.68360434712
-2598.37079691277,-931.134284157352,6068.38153048326,-5156.78011278936
-3000.93068696053,1072.38330264492,6047.91568841898,6358.17248050225
1621.04423522949,2302.04029120588,-366.22998046875,-7418.86236832855
-2627.7263920135,1286.54408023329,6434.8394596959,4867.52637405607
-6392.33253622539,-131.523639494243,-3463.33556849228,2568.48438621054
-2201.97102525035,236.426666259766,-6054.03732700453,-4196.74019544413
-2534.04622248734,373.313594314222,-7025.5106233306,5490.63883294292
2361.67934143273,125.881072998047,-4587.709277831,7039.15906130232
-2474.9487917641,-3016.6176241111,2753.82289369083,7097.83435633745
-2276.06206122744,1038.18911505896,7015.1745692441,3390.6581448695
-3498.05495563628,-65.7470930232558,749.864438496751,-7323.2397384282
-1471.49747749224,-2242.60544221546,-1349.23074450558,6988.87594473098
-1190.03448486328,-2475.58186863067,6604.45699246665,6633.62095774568
2109.02546170344,-1840.45111280449,-4705.05070054542,6714.7928282799
2692.87228930187,-565.096912270989,-6688.32627568284,4745.30837581697
-2041.87541517199,-3119.26859379413,7607.51695581973,2088.96813730731
2387.32217610776,-1244.48703294422,-5973.36861401686,-4868.20775749206
1674.26553274146,2889.1160265515,-5909.05333536675,5865.90123601073
2436.53356760375,1409.49609375,-6528.35615840678,6530.20503662427
-2576.71541203692,1844.31836650791,-5724.69297996816,-6594.63061775417
-2361.87525514467,-1358.68216753039,6962.30454975511,-2356.01451075776
-2362.24063979394,-547.272026372539,7426.48375261855,217.933342365385
-1601.04057425367,-2677.13070602115,-3883.58619715514,6115.10381962363
5355.50856837947,789.443158512248,-2334.77371964383,3216.20388793945
-1759.88402264645,-541.763504929894,-7052.84102376413,-4230.35223400274
3007.22678050703,-2653.63537911638,6237.5827353423,5273.81481676603
-2975.21477841991,-269.952937621758,6194.89469404051,6244.70393085059
2326.79674585521,4167.95948625429,-1999.47548608513,7545.31409555643
-2682.62582840189,710.64957605154,-1763.45405362455,7486.39339661973
-2887.28605686695,-82.2491124260355,-5291.92716093378,-6662.38253889365
-1229.76708984375,3097.63996870905,5839.02575196929,-6465.84268021806
-1611.5385632622,-2209.61176915323,-7085.36950262511,4301.44656994663
-2929.25826454475,-2267.40062203198,1734.42978020434,6714.41257508553
245.4873046875,-3527.17847174029,6497.34752682741,-6017.55982313892
2435.26369494267,335.626757324719,-3353.0723557151,-6764.24036956539
907.875199506563,2127.63707555772,1839.13907853318,-7528.74707890646
-2188.26830685781,-2784.28898885089,2241.19611578596,-7650.69301966866
-3761.75597802052,2444.93870624743,-7546.64222046126,-501.14063949626
-153.737286614871,-2168.30457223952,-223.987401574803,-7190.0606657242
2081.87515155693,2256.37994509414,-5558.99436567067,5679.94729104001
1837.82690304843,-382.406059265137,-7700.44367636953,-1732.90953081575
2689.06722983206,-1530.38856433439,-7525.72883880413,-2955.06498826425
3259.91881832298,-1371.69333674316,-5866.71154163649,-6200.01504012026
1713.35699764511,3426.7868814252,-6449.12768977192,6316.05068430223
