complex_small_real,complex_small_imag,complex_large_real,complex_large_imag
5282.42371472207,-3852.50229510745,2793.97161144578,-2787.20424047802
-2248.72910711441,5683.10788390832,-1368.73048268697,-4048.5673721662
-1546.33761400076,6619.08133412466,-4783.92409060331,-1171.24484261124
-6775.18838682407,-1011.13441785208,-2086.80208376074,4424.12911729785
6597.99071218161,1371.39352800475,1024.37940902856,-3520.48399657321
-1445.91876776783,-6327.00033948254,634.912614332447,-3916.11021385481
5621.12855579623,-5651.60937223116,2923,4794
-804.966665536876,-7070.36910440042,2658.34730993544,2302.44125052073
5285.58928216796,-3062.21120634429,-4470.83415946569,674.47193859175
-3494.26203096924,4634.00085573977,406.994004327743,-4195.03277755732
-968.978216209402,5930.15903303702,3042.96588355249,-3304.65446920081
-6077.5262400244,1138.62736150145,-3749.30768213222,477.659515674153
5112.25214445246,5198.42713762762,2723.67764510442,-3444.93366785614
-4283.18447176536,6207.96081380131,-3148.14764017112,-3089.70584870439
334.066921616737,-7516.3485075603,3407.65242054338,-2327.70342638783
-7301.98458932486,1328.20389738296,546.07062019707,5225.50971615869
6483.96267204731,2384.16909171035,-2583.96803883778,4147.05872519499
2636.04388154811,-5978.6643407053,3267.61503023915,2377.28055083282
1633.72947940908,7090.32177569171,-4891.00110330599,-592.466185854763
6009.36151555247,2319.63256044231,1633.00165277424,-4495.91827868394
3176.64628047948,-3906.41949579327,4058.58085919144,-358.205429077148
-4713.61386611367,-4089.17561475422,-643.250658913889,4377.89384317582
3723.9149503544,-5639.03993541025,-3232.10381424679,393.898622105388
6120.32314969602,-6125.21150376858,4201.78642946755,3218.35474744474
5833.04254875688,3361.35755745454,-2588.34964762849,3427.60643982608
7095.00760875499,69.700972707648,-1172.722742737,-3684.48472606804
6575.73407337809,-3670.58621584138,-2923.45402750491,-3914.72902951337
6811.98154554639,-1155.22353657493,3182.00281285478,-1951.37344697647
4761.83844713807,-4519.72092197555,-3719.88312472272,-1148.94245370572
-4194.74347533363,-6080.46593673855,1382.6314662272,3770.69986167298
-6664.90370760946,-889.600654153398,-4105.16179765762,3107.22485497524
-6196.25967035292,-1774.40099234892,-2686.1552845131,2864.70518705135
5916.32925187268,3064.07921232554,-2091.09889602952,3861.02535859197
5422.15485256606,4302.25389937775,-3491.16054832707,3664.96047222318
-5768.33307598386,-3869.76648054193,3397.60761771874,-1189.7515001367
-7365.74768709086,-515.417427671172,-187.9638671875,-4064.2113512576
6086.32879177497,-5371.03408201291,-1723.82132753004,-4124.92612422606
-7158.78931287808,-75.6521761147141,-2911.77678000426,3509.84763277337
-1254.97694074526,-6760.810840739,3669.91308056958,-2502.49323564332
5775.68269688417,-2649.22984845876,3280.62810182527,-907.483060700628
912.256370826011,6494.76105822579,1112.29425166203,3877.04039220642
-1478.03961876625,6276.71188725188,4290.06817831312,907.131233714355
-1528.57761519167,-6733.81746004378,-3193.92785449531,-2389.7119983407
-6083.60543053698,5181.37097318446,-1837.78438621751,3577.42034276719
-5750.09180500033,-1781.80196924233,-4070.91448723742,939.047406601005
3951.96490027445,4398.79640060507,-672,4706
-5290.53203823084,-3587.85131431697,259.210660732427,-3896.15995034721
6575.48059820439,-3286.47568062232,1804.60991645962,4174.31805407948
-1443.10088439792,5231.35926956556,-1074.78946596244,3213.93478341218
-7045.71597485424,628.816342243095,-583.352084395263,-3853.33085569152
-2231.32281674731,-7682.5523915199,808.474635132219,-3343.82887237587
6092.08534413343,3025.80624409703,1157.23806120102,-4671.92051199025
-3283.13603580847,-4147.87549881837,-1921.88619642841,-2013.63631318563
-6172.12792745443,2107.69724154448,-3869.47506629274,939.717183354145
-2821.30618759374,-6822.75132242386,-4929.12127861185,-396.104614257812
3298.87196337403,6067.0055349295,2695.66311206507,-3173.43599976394
8.07940326426307,-7595.80856534427,-3587.51926429995,-2937.16744560896
-5246.37756840945,2953.93594776,3412.4885896989,-2305.41681363888
5301.19860891321,3204.89270123759,948.579944134778,-3675.58085582235
-3151.87925058857,-6987.01424051524,4598.39340740993,-1886.31841423806
-4443.81818657822,-5880.10841086793,3968.5999996298,-376.914699699413
269.901835106383,-7233.8067530067,5134.03746787512,614.986049511349
3007.82657080323,-5875.77009308053,4864.78311850508,752.471770530523
-7377.00617202952,-1949.55195564175,41.1495590965347,-3276.41516679079
-2853.30986161277,5677.15743257494,4111.37713089607,-1499.60543524472
-6004.92881104476,-1460.54719422816,-3684.69934763686,2212.74174432966
4798.81095799705,5735.41518130767,3657.68585039411,-637.111668328614
5841,2686,-2193.10506517831,4455.22046427891
-2207.22985217395,6465.02227463807,-5037.47571349703,-1781.04991570647
-5324.4039656948,3075.16544226096,-3044.40954153878,2814.4177513958
6277.76975372287,75.1185526945152,-4527.72254093189,-814.065845326649
-1102.33032226562,-7205.19339088156,-3351.74825814771,-1837.16135369945
3651.41135093257,5236.82756722273,-127.175139805056,4097.8230625183
5997.12182202513,-3706.17042712116,-772.981750318739,4329.23046756703
-4011.62841393064,3697.75420842846,-3128.45259892792,238.58447265625
1118.69698154021,-6195.61502329617,2494.64388761733,-3854.5367764266
5802.24722884969,-2555.62097308029,3509.32245257813,-2687.12297009816
-3197.08630542817,6165.21212043906,3842.99737834997,2210.10040912186
-5526.34072377006,-2651.68805676218,896.736837170209,-4062.98894243763
-3463.14975518908,5732.09004738335,4164.95937179685,2896.09082975089
5367.12675452235,5225.20809704111,3253.62211102211,1829.1978948806
6997.47726097959,-1570.32524392293,2337.78359697028,3710.10411147303
-3440.13080580577,5123.06000242177,-4750,-867
-5023.61049548857,4578.2284470276,3708.04876030646,2915.637315052
4864.26319498002,3000.35237673993,4476.87375135929,-578.67773663769
5927.85056886314,1019.39979194973,-2795.56368164062,-3044.04346348705
-2729.05979069752,-5214.88424540531,1457.01126507093,3705.82062525391
-166.846940548864,7486.42481172953,-2891.80560804645,1721.10422577091
-6974.34366195502,817.850150189369,424.856993431356,4447.65231409223
2568.76616081727,-5604.79570577231,3637.4730363106,383.377113946228
-1397.4760107304,-7564.5143114576,3657.19569829567,-1327.17816126624
4076,-6303,-3916.05669827845,-3696.05748766697
5057.87434676337,-4632.20874035531,108.340572807733,-4414.14613115493
-3628.39867583055,4617.88760031283,4025.85082860495,905.287043657695
-288.517306629124,6998.58044169525,-3381.34132853237,-1683.58326924095
4041.04405101718,3986.34278020215,1631.29521632262,3221.50899417124
-6268.18867826736,-2726.42575833259,1442.13779052129,-4306.50479042055
6654.08759588563,4234.56641292088,2142.37081239531,-3748.4785368112
1132.4820148864,6841.23894458193,-2963.0322198147,3518.28314589571
-7010.83739466007,994.737088086185,-1532,5019
-134.810062866211,7174.8639984915,3981.77155724502,3369.36330697673
-6565.05995881732,-1287.43658078213,3364.49393709475,-3102.32890103634
7111.86109790435,-124.603585118833,-592.981389420346,-4089.26739931215
-6001.11585649211,-2970.7780650173,2133.08191178208,-3479.35270679098
-4802.62005337473,-4406.84277569209,3414.95574221897,-1309.24547544287
-5839.67770833164,-3517.0587903929,2096.66165266516,-3614.52590910638
-471.947121853857,6201.76346392907,-3067.05134050111,3588.13472274644
-5860.62704606888,-2492.92656441433,-1272.92792428375,3799.70684348536
6162.59916627879,5124.41593404089,-4125.59032366626,2209.69739350313
394.861427307129,6840.60925868304,-2932.8134199849,-2875.34357938838
-6784.50386067722,1294.89374239422,2093.78069283729,3944.3164117937
-2829.3814631521,5777.56705159369,3473.43434709616,775.711749861726
6051.73222586384,-1341.96579743088,3715.86443101763,2319.55633697598
3781.87839461154,-5109.44513893234,3708.78053461062,1334.92177852508
4508.97629038243,-3395.02181581204,-2834.52559033918,3081.56184788313
5404.09532142701,2864.40162674416,3913.41104324738,-2125.14681636868
-6543.99081251435,956.967266408482,-4029.44008671188,1887.13435745239
2930.8749471935,4914.83128148982,2048.68032929963,3236.33758153623
5048,4400,-2201.49673615716,-1476.92046640718
2085.22735180412,6579.71309888753,-4011.65669592592,1162.5254494516
6033.42979862567,-2388.86229378795,3963.2995328083,-1257.86961838962
-4461.99597415758,2163.07289703937,-2498.32180314755,2767.07873760921
-2194.84207837149,-7300.46714405543,5488.52353134279,-329.49964339358
-7350.44631226612,-523.933083410953,1122.21888649151,-4595.31194622574
-2228.59997853794,5757.02662901608,3510.74543074367,2820.74022928874
5185.9559823559,1241.39735338892,3247.17151010763,1506.98727678907
5603.30311950682,2445.87430112953,-3591.39233866938,3296.01992227945
6578.24790269291,-3787.65237182115,-784.919816017151,3765.68266163392
792.143689717332,6145.40944940851,2225.27287005579,-3729.00905238343
3129.78637350255,-5899.09235420712,-2975.04858105124,-2058.57806246873
7009.85220991296,-2239.58319773644,407.950548749988,4595.46326028201
2548.5717690808,-5870.78432642984,3897.77765163997,1150.6060936257
4075.10537278193,-4010.97562320062,4592.33758514968,242.721007436261
-6299.91070379489,1303.831339636,-3490.66699000388,1696.08286191568
5000.03110787152,3948.11387458767,4039.03307911169,-979.436506916706
-3677.08640766402,-7064.63618469593,-4318.67750073018,1209.74571150017
7099.54950633968,295.680017111247,3855.55048783767,-3546.72450243869
969.951273148148,6314.38255101319,-2837.31186607814,2929.7480950572
-41.8526544041638,6381.05742356535,-1156.00392546477,4397.47699807821
-6205.09400985159,2021.06581788387,-3241.57600583646,3013.64753228126
3959.17864459898,5626.85157424197,4179.75895957513,-280.764191782152
6070.88962709818,-2519.54113763058,-4587.27942109746,109.619818663623
-7121.79741098709,2125.81443422829,2765.34872340441,-1098.28940274141
-5525.48039037034,2456.13209691606,-4263.81332575688,1340.17914968905
1094.14394992929,-6238.1010501701,-1897.71851122855,-4859.81023441289
3831.28852298691,-4212.79850640068,4158.18524095817,1073.86362132947
4079.95926726493,-3671.66148586565,-3366.00941683886,921.118687344189
2458.18374061514,6302.8537451203,4504.57830374744,1674.20303015028
-5208.73664421639,3170.10918009169,-4133.06462634218,501.537824879091
-1879.42753932274,-7299.63757275924,4139.78112042515,-1540.30942744625
-5553.26834234389,5694.49594095595,-4003.96356200138,-3185.69764948836
2476.18823688454,-6357.51703899031,4026.85291853713,1985.4073547301
4888.48165049445,-3022.08919276473,1717.79305520972,-2740.28248085339
2644.49569796366,-4888.24244243659,1717.75879105227,3788.82707327268
-2899.26840235511,-4778.60734923625,-205.671426525553,4502.70181964941
2964.29792215979,4615.07502801332,-2219.69565217547,-3355.56252279991
-4417.88105706756,2410.72683426661,-4060.23272115683,-547.834703120948
6399.07970025274,-1780.19021405059,3639.02600173307,-2525.42641211326
-5502.60290749026,2182.60788260448,3949.41927639817,-657.793314496726
10.3857907744824,7106.44228248423,4137.40441343396,612.943244934082
-5276.1172708956,-2800.8392041534,3705.68400719041,-2105.21963589045
2499.88487355088,5704.91130996046,-1306.23776894276,-4201.03177331967
4394.78941055928,-5095.48881804632,-3433.3199946605,-2005.58473429697
5846.75466288559,-3504.87120788541,308.7763671875,-4393.92684948308
6540.08742091152,-1154.64675114836,-2568.60412862442,3833.06770578916
-6569.74008029621,-1233.2397558962,-2428.61620187499,3698.27721661776
2720.10068639282,-5425.51807107992,3081.03262440636,-2159.36877191761
-5069.56731041577,-1979.66366513862,3052.51208052573,2608.06082274743
-4432.87972638265,-6445.68161849262,-3427.21831331579,605.174790326287
-3933.01124842762,4269.14847556111,3525.50233582869,-504.3876953125
-5908.35127252085,-3434.77125248289,-1927.39476990094,4665.49200914846
-5323.62483403825,-2111.95591226861,-3716.33052157966,2614.80619975089
-3379.25007256894,4403.99264264501,967.567414346948,3622.35082790376
5326.45312991445,-3607.43651735598,3656.36245333547,917.376821290644
-1417.26449681704,6331.96372763087,-3007.00939001607,-3178.02315946221
2192.27422079393,6765.29686466317,4263.91453632047,-2317.81579172692
46.4897066752116,-8018.8364306716,-4446.72221482169,-449.482654890991
4709.66923315765,3145.54056137638,-387.705802807522,-3023.71648441812
7096.29936254088,935.723899274726,-1906.69492998419,4199.98957065055
6719.78005108958,-1889.53249072438,2647.5299955244,3295.28353644876
5021.10447687354,2825.65957041617,3177.90038166799,-2412.98494803165
-5294.97202641177,-4734.05351428364,-752.881957443717,3656.88367094549
-6567.09057939231,2764.10440776539,2489.69221995368,4149.59199802132
4344.09923384002,-3209.38376377761,-1618.63973504948,4340.7120260033
6000.63658268319,1222.64615348947,-4274.89357957394,-35.4838709677419
-5138.46929070083,-3694.86182352482,114.194755554199,-4685.61049141938
5250.77492994094,3416.55644992154,1033.93599848246,-4103.42006449724
-599.634813474388,-6758.74527557924,2319.06192085814,3557.88493922658
4314.55067602979,-3072.11425537146,3406.76512908253,-1282.26060525687
-7002.73880604025,-3007.08900286304,2169.0580074868,3186.64096842768
7840.53549930769,-11.3510938783895,1244.35975164432,-3648.32456335294
3783.65838743964,-4780.47238482152,1175.81546095588,3136.47291785611
2887.54252889824,6834.40015995611,4308.24398911354,-290.429234692483
-4533.65727486523,-3024.4003362685,-4018.87179559816,911.313566806985
-4835,3419,-1640.72134135973,3605.32050478317
229.514712685033,-6958.98906394543,-4868.39689391191,-1257.81799697028
-5181.95135371975,-6253.08739017263,-3143.61091277028,3052.96092268939
-5048.00410201644,-5180.42386372752,2421.99915280458,-2977.68534003364
3577.19117958567,-4321.84595190759,-2267.46284247241,-4480.74851925738
5647.65827361115,2194.60605389786,-4882.52778214303,477.883777573529
1020.21000858148,6656.22071438266,3941.86926400674,-2217.7596768066
-997.819112922145,-7264.37758957836,-3976.38486682673,-1392.89110024151
2741.68354220519,-4850.30768535068,2003.02284386583,3735.64799134921
-303.678315848358,6253.76623389794,1658.57278243003,-3040.81251272446
4002.65626961429,-3988.00817022677,4428.24853595641,561.626666241654
-4699.04901922294,1439.11371050579,3247.62904649704,-1983.81881694475
1779.69735456131,-6075.19444441175,-1776.15447965216,4656.81267097974
-4712.98854799672,1393.39961070208,-3311.96966824727,2332.48473306375
155.179863941653,-7010.87647828105,-2191.40061260755,-3810.1349965409
3095.22863753484,-4566.47024029811,-925.365005432504,-4267.27734256219
-2732.85426199398,5557.06815352611,-4375.07795314562,-76.845334818075
-4528.21177261945,5219.99935787766,-3017.52568929853,1239.20087955185
-2323.4081444726,-5947.73516762145,-1500.36035297683,4419.07255429652
4107.58449628834,-5104.58097945205,2974.41924934594,2763.42803935994
-3613.03625995488,-4331.97529784819,-500.857125125714,-4168.70419834085
6094.98487403303,1844.37132524317,1081.00905645461,-4008.1822009227
6909.93291929751,-1051.19258905386,1734.93331271916,-4410.57815844937
-136.258642495784,6592.46533175654,-1683.02846854074,-3989.60933858847
1920.61132187604,7337.60344493421,4120.47048062751,-1295.5337165231
3105.82785031913,5812.08176354301,3983.38227882799,514.397646484375
7063.95836128808,-1267.80326936188,3823.53426988277,-2825.83813557884
1936.93456877979,-7005.27941736434,-3661.30647508488,-1829.40177074491
1113.48483090186,-7120.59310927595,-3847.89506586925,-1294.98896441398
2666.36654154151,6358.71419100409,3166.71939346221,-2446.33276324491
-5348.02312173229,-2237.35594383236,-3722.15916028685,3625.96299509147
3885.49168344714,-5430.1793271036,-3806.01459409678,-2565.0826275729
-4886.04663085938,5044.63271226229,3276.28214863844,4205.61015945591
-5540.9888293277,-447.221744803978,-4675.45404549145,-154.098869077621
2391.2974147599,6797.95938209429,-4866.90945129676,920.957212921035
-5091.59538479784,-3324.91182833762,3781.93045758271,-2121.70187164426
7069.87698555179,-144.683021966513,710.484848484848,-4592.85806045221
-7309.94192624073,-857.304542197606,-2400.21859361918,4612.02292844681
-5334.60583145007,-3278.73916226978,-1790.57355035439,4701.32952019446
6204.89283823972,2397.67199200637,1623.3473647209,-4000.02963127749
-3885.27048263704,4532.57427885733,4909.94527232257,1586.14706141083
-6611.60211223017,-4627.735949557,3462.02744323364,-2022.08948873481
-1321.39733188236,7519.60229808212,-4254.3179603085,907.449450785388
-307.694318181818,-7446.46176801208,-372.559122801833,2192.90913969097
2848.60048590849,5652.8574108613,-504.484786121085,4522.07163749768
-2427.45015218836,-6501.36783647098,4240.37727237282,-1907.32865553564
2939.53722179298,-5120.87575381448,-4143.60106515712,-1409.33996874486
5835.95553480584,-2090.54547714037,3195.05015834913,-2118.87899158794
-3272.43900352705,5778.38362396626,3772.86904200494,2087.46116642651
4833.96050484456,6263.27815272955,4412.87702114198,-2269.68950251449
8141.1318222875,256.345244263128,-1292.8145470443,3784.58508102344
-5619.86568316324,2227.44356719119,1129.18349338964,-3405.56350085219
1319.26332789922,5535.42338124212,1417.16014131154,3229.62432775566
3476.31731303969,-5299.29135444075,3274.48962061891,2506.11958868585
2437.7431031287,6829.01521512135,4819.50180195864,-1472.82294211015
6472.91283230203,-2643.80488105484,2808.37596211243,3389.69865496968
25.64907848193,-7378.54627420493,-2459.10259113845,-2784.10960543623
-6754.61854570375,-1200.06682649806,-2066.84525199342,4502.30231634631
5238.00519967145,2835.31736132602,-3937.71499691467,2879.38052161018
-5149.76994498863,-3601.4910631005,-3603.03423519581,3159.51411907733
4563.03979299239,5247.28133099437,-3335.72662256746,2806.17026735738
2203.35582616249,-6836.87669435815,-4316.56389207281,-361.18342679939
2860.20235353475,-3824.29855480411,429.864339916607,-4620.31365570703
2372.74278818745,-5881.77248484069,4680.84585623265,2487.84137962372
-2513.12252437315,-5230.55067561882,3038.84677127391,2728.50385300479
4581.09008542601,3736.49723337826,-3759.21124902974,2241.3705992993
580.425156391211,-6921.34345626584,3326.11542315267,2895.20307334066
-6448.27848424824,3922.02408261217,-1189.81144147799,3489.94674707946
-6273.81712167043,-1563.39252089094,-964.016970652087,3980.99539881268
-2773.02490015319,-4765.62288584007,-308.498226020693,-4496.75728365534
-5307.97428337882,2583.90229289815,4668.81309742197,84.8349873310811
-5461.18256363057,3881.10420216233,-3509.69450053448,-2479.14253791144
2335,-5252,-3894.70188997274,-579.840468497577
-6261.46369989089,2844.64878082275,4106.94081450836,-140.059231054595
1117.3016264327,4851.1133646014,995.34549896777,4339.53749694135
-6103.3655780208,-1962.39015561999,4236.83599459484,-2960.35906980485
-4271.68779376281,-2499.94709223768,-3214.89554834906,-1086.21392133159
-2849.31075731287,4437.73768394042,-1362.74187092279,-3420.20568817084
1694.33464845503,5342.93186143922,2901.68194796954,2144.55528092597
-6087.67575551082,-2339.55259700459,218.966047777342,4546.08223108404
1253.2179419923,-6549.63617518709,-4305.0223250707,152.85008396965
4464.39856903874,-1254.99072769708,-2428.22106137904,3143.10705547974
-4754.06406684926,-2168.98669355235,3243.22271074792,3461.48554133638
-72.3281707763672,-6592.58841076185,-2088.55380746473,-3183.33020968008
-4521.23526676849,-4365.61379039889,-3124.82368974195,797.8502399485
-197.372322435175,7686.84385648016,3273.20606804132,-949.2599464731
-6449.23184616858,1694.83257358366,-1771.04175607782,4348.19518238435
-2245.02538534432,6392.54140306351,-4244.66323341464,-1109.60114225045
-3422.08761753974,-6125.16877044863,3908.3865290687,-592.954416319553
5521.81806003798,972.942848836842,3526.41609763389,2461.99528045568
-2779.42477728351,-6922.85244249598,-3149.90624905372,16.1198883056641
-6691.15385384098,4317.95014802158,-39.2459285693541,-4669.51964325095
-3405.44359802849,5102.93917585033,-2546.93008799738,-2828.48160167784
-5726.84802149487,866.736532267464,-3173.54266704022,2807.59648931628
-6050.05649473735,-1922.92337419392,1054.00627835718,-4579.55800037687
-3873.6105018826,4942.64923013341,-4026.0889607189,1345.53845645747
-3714.28582217765,-4166.66519042111,-3011.67750768196,327.686702265021
5802.88655058759,-723.465910156581,2475.92508986923,-2222.33903645474
-4810.86705119262,-1808.44369256045,-3947.22371179893,-528.358946014732
-2260.37509635548,5970.31697644474,3879.61622810612,3200.46379641829
-315.445035193577,-7509.0974434918,-4530.32259471683,946.254229187919
-6428.93554178652,3047.15463840052,-2073.49525905464,-3649.97513168038
3730.26037367148,-4785.56259307558,4376.09077942501,1713.10086857013
1456.22602646639,-5848.1157310449,3598.29919841445,-2706.76155130101
-3921.61334507455,3999.49097197359,4647.91756851006,525.854448411754
4291.93859550618,-2205.51427457377,-3259.28288614698,2633.24637393956
-2726.65615234375,5610.68951640247,2882.95492819424,2041.309555568
5012.58808733025,3002.71585232537,3554.84351792905,-2890.30984056123
5799.45438241933,-652.703639277705,-3717.00715351196,-3328.26544563196
3960.87634471777,-4796.22678150077,4847.08778545812,1758.68554546164
-981.820241216601,-5539.7764748836,-105.150394270334,-4070.71411065314
2437.65892439182,-4831.54917913494,-3234.58320355085,1346.55329569797
-2114.13112568834,5899.14497957192,-2490.82145738953,-3349.23237598057
-6121.27033433773,3539.81267983269,4076.28589747651,-1786.48562280509
-1607.53514001561,-4412.30306371037,1021.22282658137,2935.64131233272
4123.92174785542,3913.14074897423,616.530909849971,-3623.14262079711
-2990.19200362479,-6170.6494663324,3110.1585230087,-2474.62371795863
2783.99997932741,-3983.61348733896,645.85969189191,-3955.10741317272
-6115.64557696467,-2458.96037431175,-746.435321000006,3562.94796332637
5518.13379767412,-6760.78009449535,3273.80167617616,3447.38231908358
-2041.26022623513,7136.11787353193,NaN,NaN
-6711.24210585701,-497.700067864386,3313.82162624115,-3192.60515602935
4022.75485068849,4292.89926172449,-1521.2664133121,3996.41060671448
4509.69412953827,-5277.24535092794,3256.34125408992,2355.91932340177
7454.32433796227,4187.88606836511,3324.42532104427,-920.873977184296
-1133.66789616765,-6146.36645845876,-244.513082804174,-4049.42631015187
-5726.71477792616,-2115.34049842265,-4215.51273449328,512.241506221447
-4532.66772215546,-4089.00258850403,3560.51227280031,-2349.94435614224
-5523.09199407375,4043.47471711386,-582.278404418377,-4356.82002627229
-3883.64561757626,3367.63604086761,-4146.6406080333,542.558288855487
-825.647768545344,-6940.24580856131,-4605.24375448327,1354.35095554632
-4203.53046342696,4789.65658840207,2741.41865806271,3936.46103045816
3113.76050869974,-3222.44598753788,597.46205813204,-3864.69359574269
4499.40222512837,-3489.02247634799,327.605353860294,4396.9399967568
5371.12675962224,-885.217535190448,2695.3459738897,-1762.14869831477
-6077.55996625506,1867.00503575501,3780.54416929504,3464.85915294411
-2700.38274377264,5014.08305033938,-3651.87944917157,-3006.05724723934
7019.48825490521,-1079.86871088637,-1291.79338720017,2551.1702798714
-3261.6240490279,5042.62801259332,-3157.36993974063,-2269.91944306304
-2940.97491817648,-5860.27278043542,3975.7041955097,-3160.76089864494
4960.50821728914,2791.79013595403,2923.25080426684,-3149.53566857024
1321.32667541504,5598.24439668907,-2096.49451886802,-3672.57467017814
-1341.98068214154,6379.52660113195,-3537.41908756916,791.093065115122
5816.43267675324,-2622.84271588883,4148.46018273619,3344.01992019985
5777.65976564757,1504.81259912774,-1915.52880510915,-4329.41551932594
6870.23660515253,-4341.11164164747,-1456.50579785092,-3847.97447024329
-5250.96588553824,2339.90096563901,4409.66146539367,193.916056245525
-7077.38857219719,132.069213867188,-2714.5335047944,4331.80500351304
-2150.28690126613,5295.59245565205,-4595.64865726362,680.886764284785
2803.74240592391,-5371.72548906007,4672.9101839649,369.473595901916
-1630.18486555371,5407.03324878106,899.20646155706,4315.54520565803
-3467.19411593603,-4230.9719839139,-2591.72970216338,3785.75955676758
-3282.3484185399,-6040.4119307884,-3839.7386459698,25.961067199707
-7309.23853945526,4286.07639408359,543.245273826862,3043.09696308168
6902.72842248895,5463.71406729903,3755,-2383
-5432.74458847375,-3.06393716062189,4059.22188077835,923.147194570554
4187.64270058566,-4696.54382318262,2770.2494421844,2936.53018968913
-4303.8030911403,3266.61033256096,-2090.24077751503,3864.78326014588
5694.36523501949,2712.81695544763,-451.994018641324,-3872.33537235333
-6771.8298711993,-344.025955772114,-3037.70063771193,2425.01616749963
-381.634278320983,6714.00012359893,-3759.75944818296,-1108.73638303612
2908.05745597869,-4895.58314451219,-3785.31898942693,-2140.06829990783
4037.65251173478,-1896.11913095988,3470.60283057649,-1024.16642438721
-4409.89360114799,-3342.00975416934,391.613134113838,3870.47204206868
4850.40374595589,3179.59680808755,-2907.24624620069,3367.17392463922
-1292.75776565563,5831.64475755937,-1875.80308190225,-2899.45216801402
-4130.58319437994,3235.06338131391,-4082.37392223425,357.081678917566
4547.86182271594,-1418.66205858147,-2504.688388156,1280.0097937942
-6162.31408757291,-899.450603524734,4172.20788987883,-358.736781230231
-785.451652526855,-6128.53694676563,2503.10731114141,-3217.10796264654
7604.79407687315,-3092.33484845937,365.413067008876,4165.00657314967
-5104.0475526551,1670.26260097532,2322.6606110191,-2704.85118863233
2429.21849175267,-6117.0941994316,-4416.34528538199,-881.601643095821
6792.83604564016,1234.92371004158,194.166731431979,4687.87481782355
1946.92997216728,-7504.05854623589,1873.01414701709,2522.77004488486
4432.04103044341,-3201.88585068519,-112.386985778809,4778.18101887799
3434.87593790548,4036.46895961018,-214.967660300707,-3460.52789481002
-2982.66792773221,-4365.02108367242,1173.19548387158,3510.8809800831
6969.54682708065,-25.6336671241554,-3083.8250350661,-1834.94146322062
1922.35049892451,-7300.14317971678,-3140.97281675233,-1721.14117011822
-3431.72304461976,-3198.88251687528,-3774.55815958239,-2133.94333636342
-2867.07825337774,-4050.76743453579,267.765696042544,4164.32348529608
-5955.93800766202,1003.1875,5030.45774202639,462.722884162155
7697.55332211528,-4545.43547989545,577.591117377511,-2519.72965928633
-5570.00413410367,-3168.95684053403,3275.93286512821,-3324.26656909496
-4654.70785812095,3503.64227044095,-3895.53150782276,-1679.42279350134
-903.528712155798,5423.60376725324,3034.22118113065,-2735.43592367962
-3852.99734857564,2830.17574981812,-2700,4151
3034.30864826436,-3734.26646022191,-983.776152469566,-2981.04463042485
1763.20038308656,-5292.53621433516,-895.921554098593,-4156.69949790762
-1817.66406874151,-4245.88298018448,-1329.09813570851,-3209.28625223288
-645.068130493164,-5739.45856062059,1474.52687801953,3811.99927999925
-3035.66298375144,5259.77359426121,-3278.04551633755,-1215.72432381816
-6990.16149650183,-271.862354557208,-2986.12389808643,3164.61980412373
5393.47475946869,-1350.78845695434,3997.03350639562,-868.727265505061
6937.62112019222,689.926942311393,3333.97663007855,-3954.99184634002
3169.88471473307,-4523.68311865794,-1581.19237918216,-3810.23306836487
-4079.7733748357,-4312.73600734526,-2416.52369844213,4244.99181377436
3618.28575091548,-4778.52420397321,3506.42199016975,126.098522495579
-4706.50311231737,3203.7745811523,-729.326467381135,-4235.50551494189
5430.06447109231,-2983.49270692998,249.079647403447,-3694.14882354249
-4984.60269403908,-3723.90677277574,2021.87970492565,-2955.96934118335
6601.47846874655,1763.10286289262,3491.90591067824,-4018.98904926499
5199.41308809132,6122.66602514669,1178,2574
4611.88320516861,2968.48126577992,382.086814812643,4288.59807878609
1535.91836744835,5767.47170413368,-2401.46113063807,3687.44481336477
-1383.13196520124,-5506.72865528138,620.862903225806,-5178.89718162478
7954.69881684414,-1841.29288816417,-1742.80054756611,-2949.36504487605
-6889.66927215205,605.549880218506,1445.21887617622,-4134.61537449817
-4540.90596361962,-2230.60348963534,2531,3772
2582.45425784082,4488.24194831156,-3689.81830879855,-675.885115606936
-5144.80454831103,-340.305967032191,-3744.96063865161,-1624.37966478316
1918.45085756465,4125.68280183809,68.2928439670139,3205.69965881769
5843.75082405127,-496.253049109307,3068.97791677793,-2931.95941987455
6325.9716936016,-5461.07061117564,2817.21865933817,-2281.98655460897
-6059.50469257676,599.084697517994,1629.14337023849,-3043.68235145495
3072.7736257357,4855.90505320053,-1439.08677380531,3932.14146161882
5663.42392124573,-610.345915282615,-4627.7664972153,971.642265953356
-1356.26724993596,-5690.33745040981,-249.131374239172,4351.64638430274
2860.04588702768,4403.19774585176,-4678.32756207806,-908.105233011225
-4504.08837169254,-4130.5898247047,3134.84348190058,-2840.09497039502
-4304.58494982827,1801.50077704382,-3079,3170
3846.60312542747,7449.03994447994,4011.25580292721,-1219.82637645558
-3070.43886117217,4724.90536163444,-3148.17246238732,-523.617784267055
5138.17295568525,-3763.38064279944,2147.72506300678,3256.03286398549
1372.33593118782,-6823.02432641557,4512.89064857893,2196.35867128826
7180.81354686882,-2767.89395720455,1232.00568006098,-2518.93276962869
-5520.54831926003,771.150268554688,4756.29403480027,-1135.14207635513
-4546.77005331175,-1683.27987955177,3689.74265949559,1838.88746995192
4431.56111140029,-3361.82564874669,3712.48283001605,1178.96148885091
5818.67805361579,3821.14018490302,2390.67657886155,2148.12539871728
-4322.44675561222,-7083.07010215799,-3221.03867168956,-185.690378819886
5541.01832162432,-837.265518188477,-3799.37137791665,89.5357894860693
-2425.12401260179,-3993.43797116687,-2808.15525452494,-3613.63882097432
4356.49244240475,-2785.22444179171,-240.151550292969,3866.26180150735
5629.77221714761,2371.30354366847,1216.19599706386,-3913.18424862571
-3580.81550501886,3542.85794455259,4624.4629469397,-860.973216770431
-5016.16647665231,-2965.24233721806,-5002.96986461616,1989.10884915865
-86,7821,4879.70807143787,1538.42430789733
3204.1190502235,-5022.26309240168,283.109180934934,5122.04264445659
-3502.80148807241,4158.77134485835,3671.06743163854,1770.52334804104
-6542.70591786236,-342.66015625,3005.15818534547,-3874.85684511919
4913.3904772563,-1559.62487828627,-4140.23504115088,-16.7186576598055
-8019.87560431827,-138.422973525262,-386.622637086599,4387.52278598912
5797.63192736359,-625.874389636308,-3266.42102049883,-2598.6619544581
-5374.27394527603,619.997849492231,-4268.75580493048,796.23585428906
989.354919433594,5760.62698729487,43.2964401245117,4814.28766032774
3425.67320512064,-4664.85740836682,-4477.52167783515,-1049.1891634981
1982.90948640256,3815.30868478515,964.873604966369,2979.09687016359
3423.9849573209,-3595.65948800806,3735.90301656338,-1101.90949899378
-7290.1671240163,2410.34515289515,-979.825716974463,2421.43403920776
-855.933799743652,-5764.92882205968,2654.94189045418,2180.42748604442
4769.79926474807,-1518.14370707473,4340.95961933362,-149.69499358212
-6361.33700424679,1641.2141623528,2457.32400713233,3376.88650687033
5307.91545562533,-894.506293619417,-2394.23597716676,2975.39271699892
-1518.2495357666,-5055.98377518895,-2788.76281662009,-3307.75768443693
2473.68349371049,4314.1756520701,-1355.81236982572,-3409.40674180191
-1207.53892353508,6239.16210825273,178.651648816809,-4558.61531928489
-2223.54380066046,5063.68859896808,3504.01052928039,-791.261706743315
-1239.92272031802,6326.65767332287,-1671.83648042039,-3886.32208747438
6060.14513748484,103.118404677629,-4462.08315272452,-1517.7030486723
6371.03385574753,2285.1909963258,-2173.81797828636,1376.42083865652
2547.55214180888,5395.09460125548,-2565.92335882535,3429.62159566241
4739.60416875162,-6455.72258282749,816.236294023727,-3207.96983926191
3845.889828576,-3287.64445152243,-4405.06199475079,-813.479942688739
3731.87181163424,-4509.95517945177,4466.74984616508,868.547683923706
896.707079733304,5494.40768324182,-2461.75974836065,-3139.16852768218
5840.37654647978,-2100.59167556,-3336.06964387635,-2428.02374622824
1283.44601539659,-4528.29921218316,-2255.50385073402,3114.92626506191
-2181.12983112222,-4404.24279927963,4224.01437867338,1564.5312812324
3339.25738911872,-4044.78047553197,4257.24451082711,787.698918269231
3314.54066816081,4854.35910714181,-4123.1765399384,1151.56031990051
3649.73602746612,-5456.88572962444,3624.52043634577,351.260593660416
-3850.70621882486,3834.78184808498,1989,4662
-1368.23354667813,6245.66436459918,5135.93543505675,972.783681891714
-5841.44743418331,1756.8888471878,4075.49232089597,1846.32397253702
-3922.46509666403,-3067.01407949282,-4890,995
-5179.34187017108,295.476513209779,3504.4138925888,-1611.89307666519
3116.55798709758,-5364.63592145928,4045.38847368554,1297.01406875642
478.611299351283,5862.61012685081,-936.18189887907,-3632.382897526
-3649.13529193785,3981.36246095927,1319.95235088815,4151.65187488156
-4122.02200705792,-48.0375747680664,-3965,1268
6131.12349619388,-449.890113830566,3137,4029
-3013.60051486563,5657.22097553143,-4658.4317282784,-1901.47990420588
4564.90871164588,-709.536871395272,3642.1453274835,-1601.5874732947
-4258.49539942905,1070.34350638142,-3366.32032119217,893.002739706853
-4485.35912244709,-3586.38489334752,-2394.63525390625,4101.79210867651
1837.46811526002,-6197.37311707462,-1397.9192703138,-4454.35829781201
-5826.48166975753,-1458.81597079168,-1166.12813866958,-4506.37654532957
-4411,4195,-489.613348725328,-122.700275673636
-4001.76151249833,2071.05903168222,3431.63920796287,-2872.29168671877
-6687.88671023832,-73.1119902477525,-958.204372889976,3586.72371638063
-2404.91174060384,-4833.87271459199,-235.779113769531,4329.81763524153
6621.30643545343,1645.91998800458,-2331.11988671454,4580.0163025364
2830.88031653108,3834.03964906725,-4919.53237733606,-1239.2876252315
-3529.90031213194,3769.11428382545,3790.02180091595,1120.42497306034
5335.99439630733,3432.93783736947,2249.75839954696,-3752.25472580333
4051.25107234728,-2576.81431022337,3714.41038920887,992.741550671516
4185.03873312232,-4352.35902522826,2450.06975167776,2702.44299708447
1733.4661728297,4361.65696186647,569.513128396739,-4017.98312562338
2011.47220180971,-4040.70808040177,-2801.70073165796,3624.13775021442
-5067.1717275791,637.395759831263,3482.59089010932,-2854.6824210628
6185.81863544112,-3185.59571804951,-2724.72276057636,-4131.7628680836
-3822.19986523223,1239.91790950905,2401.60702989586,-1182.0826103715
6186.88635299949,297.71560680783,4428.62719082395,-1567.25857202933
5465.73926964675,-53.9705878363716,-4483.51166295355,-1021.33660741826
5482.40725231717,-3104.89555593698,89.8109028312424,4419.0363389531
4557.00771523089,-3777.14067583909,3995.05296900179,1964.46001574563
-386.087658748008,-4156.07278541272,-2131.38359562239,-2540.5390686976
3921.48247967308,6374.28860951649,-1163.97591037902,-2650.92806953973
-779.655378947489,6903.31041213168,-4597.49095426297,-529.477428044663
-163.110755855832,6606.62796136417,3158.56684731534,4094.16043605749
76.8447369925439,-6729.73242030683,-4424.18101866397,-1341.94987641728
-1916.10429628188,-3848.21931182389,154,-4327
-5855.12900770579,125.869720572706,2893.24313649239,3236.48941191187
4210.50847479292,-3370.96266393789,-4420.82571566141,-967.625304642571
616.833900712114,4465.74204886344,313.096488952637,4743.58641190335
-852.944173018647,-5914.86466726676,-2959.28636429739,-2672.91466778155
-6830.87462442085,4673.43347949853,1462.03490197944,-3569.34634331597
5871.95700169415,-1625.64136719791,4040.90887394898,3563.68120167401
-1528.35593398627,6247.40989649415,-1335.41923393949,-4084.06722750831
-2380.76824935112,-4049.56898370236,3005.88668828326,756.021006936466
2015.74521184534,-6190.80757531703,-2270.89078410139,-3657.35145596845
3616.30705038866,3881.35043189041,-4059.32388978175,-346.88042650996
5171.49005768915,3458.14860622128,2301.94394724067,-4145.56715323139
3108.10499351677,-3757.69654774519,4043.44858329396,125.380174946581
-3815.59602480204,-2687.51413415619,-2823.18498165838,-3487.37176538788
7631.79155961129,-4525.68509887928,-1308.94822100518,-3147.4684238813
-6657.05584971695,-115.022475917731,538.915036604248,-4869.60138650882
-4358.93419978602,3026.69524804251,113.489435521568,4066.9080840113
642.858824692304,-5445.35646932603,-3013.34826768976,2079.22368508655
5457.71736532606,-2350.7573853599,-3971.74095694426,-1596.1145048616
-3542.31305208629,-4192.52918840248,-164.549199227175,4307.21066676626
-2447.52893981269,-3671.50573974001,2361.03263327478,3982.57651567879
-5143,1728,4528.61758257445,220.095281427557
6961.70033847139,1021.13472553864,-2646.26779964029,3512.3867454157
4824.31416439409,3174.40882887235,2015.96876936655,-3677.76171263009
-6293.10061292273,-1510.97919333947,3438.60814909859,-3365.6213406148
-3742.1841317077,3248.15357109392,3211.78583998694,-1690.58314896285
-847.153011327899,-7243.35888471904,2568.76530069735,-1930.3161342826
3861.65196499863,3195.54491240907,1945.6922244268,-4306.70168979475
-3993.00323711503,3197.59949865703,3804.15044799518,1137.24099766354
-1712.63961857279,-4413.40085590186,-706.876417631172,-3343.71268466307
1899.60530786308,-5929.10627619608,-2747.50013666203,-3347.68768010948
1274.284438835,6430.58462993237,-3604.66467040988,1570.81942045476
-3334.84004197579,3442.05823589682,3721.33256234382,-180.104949951172
-4511.50508703402,561.914983104794,2495.48791168291,-2772.12875219148
4136.46223566284,4863.44716211071,3216.96127689609,-3646.99724343573
5357.35915925996,-3254.25343281992,-2354.66226707243,-4354.19050977225
-3159.38372894594,-5197.1125180038,-2739.86768011518,4337.7786139953
-1174.79183241433,6462.50646788977,4226.6641284808,2843.87415896379
-1781.74125013834,4392.78516845732,4034.52648071724,-2016.88354854832
-3399.96292619922,4059.25807260259,-2275.53083464447,-3300.05607224714
-6119.28223745735,1639.03530114559,1170.61296177974,-4592.89089173656
1236.07543182373,5068.0800512544,-849.354013847763,4192.99876777501
5086.28007399508,3108.85808441759,-2308.68997229643,3800.00816190086
-3146.28787667473,3793.7495614636,-4118.06096177431,-857.857209544916
-59.9142560238565,-5467.47722767784,-1640.25663019288,3480.0953669797
-2711.18802029565,5914.38803939193,-3258.8270300501,1244.35006872536
851.682456970215,5009.09134896073,-1698.75351134587,-3454.46257987027
-5504.71473959429,-1573.33672490873,1089.17831192163,4691.52861164324
3485.12744545864,-4059.32993880462,-3437.51157796027,-2027.51174874814
-5691.96706437846,-193.681221941888,4426.95564778369,-1134.24659604854
3863.4863947942,-3457.49935820337,33,5304
-4773.1952097388,380.310787906111,4584.35864097142,-884.320883990137
3950.21526035043,-3781.49276495511,1584.03009806729,4496.61859642319
2535.21248170593,-3086.8679433552,3732.09714580468,-2955.8626639597
-596.106630505967,4397.20684790704,-1819.42416764694,-3720.46940084234
3643.74307636336,-1466.20685483871,-3265.09194415256,1842.90983124438
4374.48965991517,-706.738791058145,-4273.04068152397,979.733895976157
252.603533309892,-5557.1017305455,3461.2949813134,-1824.06921391915
-6121.32002674194,1375.21569367495,1441.36554820502,-4264.5514299784
6021.90214962304,453.305233824487,3909.53127917549,-3158.63409383049
4630.27759089335,-16.1823764288752,3379.93587005396,-1908.61352170747
3271.06032548781,-5006.72662966757,4167.97270355114,1669.15588117642
3713.18880202553,4006.37221103793,-3330.61027168525,2104.94792552015
-3640.09427091912,2104.80460613641,3523.09274776132,586.71957475511
-4306.4399490947,474.245280815677,-3112.54513629165,2372.64050078418
-5740.49243355684,-12.4352844915234,-3527.40861642072,1202.61169805636
5577.78338762988,3535.49888907176,999.569925206556,-3647.63542336118
1335.32553805213,-5769.20239206933,-3722.44059898093,1414.52331117245
3482.30679510356,3996.56961810541,-1726.61689253166,4166.41325242048
4809.61195668161,-2190.65332017545,1087.11729101008,-3441.23789551249
5905.94199736768,7.45368528828041,3821.66972593621,-1332.85688099796
-6071.20880550348,-6222.24680843193,1024.18748677153,-3457.62676167369
2445.23086852768,4596.17927683211,-582.300647257789,4189.62866465627
-2062.67555923704,-4719.77143769223,3525.23069116709,1685.37996095919
2247.86898195124,-6313.3608247663,3983.21214320362,3463.97890775992
-2338.42085256949,-5376.68255635785,3061.4990329906,-3826.57906119279
3104.28651295948,4758.37231801101,2873.57798342032,-2906.52125336316
-7178.3118516158,-831.990060143248,-333.924425354998,-4405.80543994017
3891.71680888495,-242.394341454551,3339.69368211911,-1538.48456433399
72.5761582227308,5617.14325017152,3407.24379312245,1946.62319713335
4433.15445738179,-2599.80121156841,342.043924925062,-3643.01903961403
-2400.20631537401,-3443.82428126866,2481.21725906932,2499.11436928331
-1391.41003770562,-5176.46805280076,-1405.0641330924,4477.70052554115
6960.8674856092,1211.98201664241,3705.56253728642,-2016.98952060985
7210.4998407136,-1974.08361257211,-2491.16703974462,1756.9477676428
1383.59550261089,-4749.03646918907,3164.86641389544,-3022.96969778505
-3809.09032343324,2995.58190186376,-4197.35698848551,1102.37491900816
-3428.19031245001,-4399.57936303012,-2856.99705375936,2729.44216647864
-2192.01308568525,-4372.52150315012,-43.8915307971014,3661.63743888935
-2355.29805160902,3405.49205486367,2302.45315427388,-2838.45842074723
4544.31287967523,-6469.6385624155,-2979.55587405742,-543.238522955308
2838.78027575485,4991.86096699571,3694.79674115879,-475.660942106427
-3728.69027643273,4515.45062637329,3257.30713554075,3192.71384802461
-7202.90372492837,3740.99421437571,-2344.87318385194,-3969.20635390812
6264.99595318481,160.445216870763,-1390.07483851237,-4019.55961081072
-5095.28081457518,751.642290884449,-2431.11917650926,4203.86582034293
-3716.00619954497,-3900.25408583177,-1452.5015338585,3894.20320878685
-4265.74890965956,-2825.6520820488,-1805.65873552711,4095.2186458594
-2351.20189413959,5980.71565907746,3737.58175732815,1131.17959805613
4810.69544230739,6109.15668828288,-3836.44694672415,1596.46052344703
-3354.61218221915,3355.03100216104,-2654.73046888023,2713.63443303194
-60.3724426269532,-6701.5615523015,3774.54189599462,1960.70562279936
-887.791621624877,-6544.19130097151,-4721.07561829396,366.899396268205
-1517.80156547497,5127.37112900611,-2763.67190679895,3035.28316230661
693.007898100803,-6159.47039629487,-1840.59661888084,-3067.69308208518
5353.77134432783,2454.59858557965,-1488.34148202291,3707.55517009863
-5223.85289705712,-1646.80462587275,4210.32613961532,136.756797065948
768.084342948471,4779.90673813387,546.433657896272,4585.41385788478
3699.54845048202,-2994.47794618463,3851.63220989147,24.6562453348925
118.152221679688,-6422.01922376331,-3732.83505700521,-1257.55776621635
-4918.76111317144,4517.97486205408,2953.66441317354,-2011.35278648834
3372.2251615782,-4871.19359103351,1925.27292046144,4196.63179477768
1903.81372163445,4959.33952906105,694.695682010135,-3920.84015887543
-63.9966145833333,6067.79703475841,3825.07555693704,2965.02203781047
1452.72804680119,4479.52908464062,-2285.46448462418,-2629.99028877035
-5139.65521562545,108.201110839844,-3743.51244729339,841.294494796893
5884.7926262622,6396.85214215042,1863.476404283,2993.19611453903
-6492.77018801204,-1546.51167664193,-2907.35900457214,3375.45454931251
911.174830760771,-6659.53732711707,3529.19423151492,2479.29262309956
-3524.94444430237,-1752.32095620293,2515.1015676525,3079.26286425086
-5347.90751289359,-737.058559263373,-4724.39020274203,863.777911109924
-618.033159487331,-5576.44709529315,-562.883356720151,4157.81965784734
2394.31405100735,5911.33172224391,3870.47882536591,-358.691842631551
5556.98229876719,2507.4995294333,-4222.69898107685,2667.07388833162
-7303.94559671429,-1436.31606695992,985.188249500333,-3075.29868840854
-4665.95874582095,-3230.63669605257,1297.11164999772,-3764.58389516019
5948.4913037046,730.684854294479,3144.35157250421,-3211.10462287283
1993.2248566139,-6098.77229731463,2971.50950273375,3529.34860665242
1201.27234177637,-5220.65335994136,-2987.03543039589,2085.01824498076
4945.25626234998,4152.27899292089,1959.51718263165,2261.69577929523
5770.82045432639,-866.501533865267,951.655736019737,-4140.14724052587
3212.93423077958,-2782.49062004642,-4254.90693128243,2184.65533463379
-4244.92822365585,1409.33122511534,-4581.81323583569,918.889817402355
-313.939458491971,4942.7524103365,1800.08111218707,-3347.75081533806
-4400.71760784062,1292.56501237316,1557.04693047514,-3423.61411618142
-3895.05301712709,-4134.81669769814,-3648.69694639742,1837.9374246121
2752.27758541163,-4632.3488203201,-4531.21040086184,280.731052673969
6855.79054382756,6454.24619285064,NaN,NaN
-5378.44315931137,-2762.47852314969,-1094.51620096556,3922.3773882588
-1584.10064000733,-4865.99191681183,-1728.70817351405,4398.54728728436
-3500.93529981356,-3364.79155094971,1153.84284210205,-3535.81103106973
-7216.48096188335,478.110297125739,1997.82789866582,415.031485849057
908.003975298312,5565.20075724909,-1452.23539228779,-3743.46001102043
-3949.69280136207,3178.63156275231,509.870394991535,3485.30536226061
6993.30249269516,-3198.3700209171,-2759,-3487
-3911.11773794408,-3590.25226349192,-2061.95976639848,4349.72695644341
254.289978027344,5018.8702790531,-90.8966025075605,3968.41513541809
-4219.7367775351,-500.530421832717,-3638.19010892922,886.801084499622
-3509.13087451855,3435.54346658926,-3820.88021608512,126.995206489676
1542.43371202575,-4862.99431018694,-2517.98269765092,4063.71690385797
-5866.44793763539,-1920.09020537407,-2815.57847166939,2584.065320376
6001.53467406283,1585.87365183608,5235.8393649815,-993.217823645206
1115.26687978692,-6848.31694055971,3821.82157642821,1205.25738277646
5643.07034926527,2257.38455976154,-4177.7601234701,2109.57930236096
-4151.69418793716,-3617.71268710716,-3878.78834735956,3232.50770340109
3976.70661830995,-2419.20344951305,3458.02449402668,-3352.79964718982
-309.38618721525,3967.03362702,-1801.73323652614,-2899.09627188089
-3032.65776467423,4240.05055769608,-3717.6624087735,-2843.3675086178
6497.93163917124,499.766083623134,-17.7041588752839,-3964.4386612792
2782.20867459836,-5155.24049967352,-4194.40076704103,-1100.06327872871
-3451.97304509461,-4202.74117714111,-3971.40544417607,1217.8802140495
1958.330240625,-4995.09737978544,-2124,-4699
1145.04803262513,-5424.28184735633,293.835301831285,5072.57276147097
3708.82292187008,-1560.21986450307,2642.90999262674,-1540.71854633614
-3183.09079561576,-4452.07994489918,3941.99621814686,-2098.09298845317
-928.442898482728,-5348.26282189655,3393.03618780279,-3303.19251449936
-4027.35382224936,453.633768518523,2915.57734253867,-1484.26364633419
-5726.87360206422,-1454.71790089921,813.040565179552,4226.70576437551
-1629.8795882859,-6249.19864274054,4304.00679348687,746.79489889954
3007.85267497619,-4477.04188159109,-3306.97248654399,-319.206370091
6096.03873826822,189.989547638558,5138.44145594887,-1100.01828528005
6297.71558018791,480.839448451996,4867.21817595375,1426.02399691687
927.176700178803,4785.96553355543,-244.722984313965,-3462.99550120977
3160.14550825239,3236.89723536785,3110.59866639506,2767.99745567458
6678.67128640992,-3438.31811062095,-2086.40387596787,-2467.97243041095
5756.06782123715,2203.69686401967,3325.74242393134,-2722.6981277875
788.171499703169,5932.28140190234,3963.02680594093,-1106.91252484758
-5485.12127653791,-485.776713314435,4018.89737771525,-573.161120279261
1526.47566893006,5264.21553441074,1645.08083295519,-3790.77663239516
3864.50416049877,-2929.51417599086,3995.23726613002,-2170.02065283084
3382.61208781473,-4356.99352554193,-3973.55822864161,-1614.30318373194
2378.19171297381,-4282.81782769805,-1877.51339400577,3826.70438621076
-4886.59900060024,-4492.34370410502,-655.24513307108,3858.37342068836
-1688.9114376341,6486.39438990388,-3975.34101773704,-518.021981829766
650.295348358508,4973.32027361182,-2937.02489051637,-2164.05911391892
2651.40867025905,7053.50349338637,1559.34526653759,-2501.19414146464
-1804.53619018404,5340.76621048604,1862.46657764649,4279.18986323837
1336.25503888317,-5593.40728015543,-2048.29269814165,-4639.66841096698
-6204.70316551715,-5233.12765728047,-1349.5907125218,4164.63614058343
4885.71245412238,1966.61166106655,-2236.47701543207,-4168.89429261081
5012.79376708755,1036.4513542844,3903.45913659386,525.787997598433
-5682.78638291415,5550.94235858803,-1474.93523589028,3368.83501184834
3068.10445339561,4424.73414467322,-1553.31189833006,3408.87142268346
-5864.99879759482,561.12381031365,-3029.13345146477,-4078.31284033249
-722.998261857379,-3806.02148615883,-1483.55805763278,-4008.85528348547
4104.60511001169,101.12824426241,3612.25561217055,-1420.09803696955
-6315.10666483516,-1438.59894482098,3044.88964882278,-3291.37411441559
3714.1218143627,-3108.92860566093,3803.76104415188,1968.61830415307
1951.21565479145,4077.83199150715,939.094533480131,-4158.32877719436
6535.60621793275,725.937583111702,2824.30810998191,-3302.73141295227
-4936.35459444957,2761.58457481783,1036.0503702324,3040.58261809446
-5577.54103383102,-723.624854430289,4329.42945391751,-324.091247814316
3605.95110167832,3548.6542857035,-1460.1671005996,3894.93952070034
-6701.11442344854,5113.56809931136,-452.643451696979,3630.99560079886
4395.74745790982,-2097.62625937806,3706.44367423646,2003.35267478814
-6746.76300039435,3045.98315832973,1613.38847351074,3964.50812075697
-5549.6339932009,-2345.76814746486,1335.9019268446,-4136.13534685634
-3866.36061444888,2635.68940527244,-3546.73560117114,-329.664825146015
5584.98142661629,-1313.01353677235,-2973.04202875559,-3224.66187558696
3313.53566484972,7466.25509161861,3001.20544349372,-376.506242226153
-3663.2252319826,907.437897606279,-3353.67439114128,1823.93472678739
5106.65066079171,-288.542216366797,-2418.42748944797,2896.71039915994
6806.37898857311,-5133.87060486867,-685.006257805864,-3375.87818720668
-2763.09278461438,-3579.65678586401,-3334.413383088,-2824.40820644794
5970.59770888751,3336.38245295016,-1182.44414309492,4301.1854896417
-5510.59412086173,-180.555648803711,-3853.47793650974,-2052.2709047426
-3835.98087268657,2503.35933104088,-2665.02662955447,3019.50685843168
5195.9039492662,1272.872613826,1324.00589622642,4222.40202002534
-3503.87600924029,-2812.07324414578,-1771.62439099977,3468.85454262968
6170.21565316386,2509.49387324644,2974.62795580172,-3857.64432151566
765.357806413459,5603.4656640344,4091.83433761099,1200.05143681978
5334.61762793001,2954.18713532883,-3718.58391058897,2147.00535944556
-3659.95798671074,-3246.11281288586,-2306.14408354064,4356.72735599326
831.3877648534,4324.21973418147,496.490763606965,3471.71677237715
290.834810404439,4605.38272614297,-40.8476937517005,4425.63294468226
4046.22289781727,4562.26545356628,-2819.9346676928,1735.474896579
-11.0127419316108,-5718.35207668375,3837.93156308158,-1312.92381548952
-4660.27116795933,-3340.39126740069,1572.74982406756,-2940.45090736728
6845.82326395965,2702.14504086471,1343.45391277076,2926.01922584985
-1001.27899692133,4563.5346975711,3239.91193868391,-1673.89272305929
4129.64758868123,-3001.36194361357,-4486.43764700097,-1953.22282976857
-7056.80003177331,3760.15855795737,-763.470444295801,2654.3436761723
5385.4928211462,819.40967922343,-1668.21960133447,-3922.42952120899
-2002.06659376889,5437.90677516682,-706,-4539
-4105.40490759365,3462.09707604009,2265.97778045264,4446.72126973242
2056.71441588941,-3764.63607229655,304,-5167
5623.32356652545,372.860369514017,4692.59629035066,-1840.79267363611
-4054.53581689485,159.299553571429,-3541.36427738981,639.988626260332
1663.286807148,4073.9263388724,-787.927498357733,4415.15791046739
-4223.91025718665,1076.21488004656,-4490.62416236674,-239.752210840334
5164.06178651597,-351.935550569622,-4189.58245477372,-1973.70571347892
-6566.43767370701,-3969.89382780896,-2915.11324480922,504.121607784336
3449.57236590483,-3901.02861580436,-3140.5398577397,-1838.25521810624
-640.740149686304,4623.0013423066,-1992,-4031
3684.67225127145,-3448.68126370851,3194.50062417517,3281.68520677636
483.634491336987,4846.91842851102,-906.921317446329,4905.55432590739
-7056.43224401801,-2734.50177830876,27.5380375180926,3888.98453586621
4852.47151748623,-3058.1796697555,2763.52035493329,2939.63345524209
-3924.43022485617,-3994.5435582797,4429.27128746767,-1789.54576623739
359.921246898263,4084.88593652782,-798.522177172172,-3152.57161990245
2109.75720244692,-3942.12396108096,-2840.96135540369,3896.91046989226
2873.09106435358,-3342.16988849899,-3331.39025218469,3666.02495694384
4123.86304889417,-1853.84037363315,-4011.1241750246,-1134.61601470299
176.310241699219,-5362.89753733351,-3863.80777950366,-2521.00529796894
-6358.71587119018,4393.73103383647,2485.75992597461,-2553.11672321003
3454.55535025707,-1202.2900127142,2870.2261427404,-476.801452557372
4360.24878464601,1316.49087538651,-2862.20214702015,-3354.66781042718
827.415655626569,5635.89970624153,3823.96075926092,379.771008262753
-3202.48549779547,4403.98912681968,-3988.28245413523,-2618.42090177925
3881.52589992618,-6654.72132006451,3956.37868862916,1441.35763449149
2236.91865317391,4843.51247706414,-3038.09549341748,498.284591624502
-5216.01730375691,-3430.12586664604,2631.31789452023,-3580.38250942888
4668.65121056609,-421.671938564775,-4656.00862804896,90.3666164592161
-3870.85341424734,2719.05600880885,-504.349175129122,-3699.36815352419
413.471749440635,-5090.04496762691,985.687638224742,3246.29196997732
-2343.38575477872,-4460.75917160586,-3705.86652387039,-184.680326530732
4533.88498159718,657.444366852822,-3958.09740032495,-1083.61645650413
3114.85785517363,3512.77890074891,2409.08202579966,-4341.75767287591
426.266837478654,4472.32946854753,-1502.04981518021,-4100.95460724801
3455.7543883483,3585.77911003695,1127.73833922205,-3518.68105700879
-3769.53758190002,-5978.99145468676,-1826.49827275662,-3124.32223658691
-5226.24950841834,-439.389872510146,-4864.70523349621,-1278.81138734686
-1517.86837548325,-5934.03718566635,4404.96279115475,-1722.4056597577
157.610728850731,-5050.13864677192,-2950.04455898929,-1608.50123768777
1192.72407719654,-4424.01476872767,-2247.5276536268,-3153.18981699777
-7916.10908808473,-2616.19582374658,-1840.79441378282,-838.262640449438
1240.62869353797,-4850.86383746148,1053.52657035112,-4466.86695281941
-5338.06424581006,401.502758056425,-3129.2112265084,3190.80911514305
907.57834958624,3868.68148186993,961.189398877592,4409.54849463454
-4783.4827843663,484.106902448277,-1182.79048156738,3387.67650900631
7417.90392854543,2742.75923398798,720.442122777303,-3360.6551576139
-4326.19028514078,2962.7114552105,-3371.29617538602,-2221.19431684296
3526.50747432375,-3481.91818904601,-3610.18074389184,-2196.15325391354
3490.5553480563,-4949.57272357703,1938.6119129302,4378.07132889802
-390.885987971379,4948.17004947894,1804.88725844532,4148.64563228566
-778.243898325736,5252.69872010984,20.1161880493164,-5168.02297473872
2134.59220062382,4352.15972398373,-1066.23825947322,4379.994336826
4236.50514587759,6640.80493483508,-2264.20474272475,-1131.37395109339
3155.3565248074,-3912.33279418945,-3698.24612345968,-2861.92214378998
4237.33080208141,3235.3784404817,-2415.43796227073,3359.38862072465
3801.36226104331,-3132.05461557036,-4126.50950545743,-735.144254154767
-7623.50864689784,1708.90093964554,2019.64681988051,892.840566493282
-1822.27382357575,-3883.21740710832,-606.544853375112,3678.91598597575
3563.31595969938,-3619.47276995498,-2012.67910730524,-4068.00983413968
3811.11998839625,-2875.44040952418,4456.25688766504,1399.54042698753
3791.41441689624,-4610.88365138643,-3919,1907
-4844.56137013269,-3705.05571378304,3437.67846480464,-3724.34025309493
-3621.66355644494,-2251.43752549137,4233.13123497104,876.045358243334
-6131.96564679641,-4954.10061692195,-2474.72301993408,2462.25569795404
-4352.65911760944,1838.29340977265,605.364332303748,3308.17526521856
3359.1187158872,3656.44884277613,4587.06307624322,1718.20359556282
5136.82742877428,700.243596145342,4356.88152274799,542.654417040669
8.8706838185511,-7255.13937079354,-3590.93409832854,-1441.83679339745
-1132.77396150066,-3339.79700672593,542.447438075616,3860.0186269074
3718.43092252685,-1878.07531587069,3137.37149780581,-3296.66650032174
-3832.00808460076,1622.97938805423,-4121.35132713371,-307.796634359921
537.341995239258,-3445.44623856047,1113.02056823818,2905.39097624408
3352.6626954371,-3074.06398519614,3748.6179211898,786.485400303067
2038.14438642508,3525.62936498741,2841.49788906459,3221.60383590849
-7498.64935956038,-354.87305130752,1079.48492753695,3217.39831804707
1747.77201905403,-4227.03465963086,-3422.4769760359,3233.09290520191
4513.61758244244,2844.00913968756,-1211.16380824599,3851.20402269685
3034.61897521988,4898.96240905484,3272.63121830794,-1655.12859482811
3466.34444807793,-1480.70798098688,3077.07656175874,-2183.23302922876
-5708.50166479204,-2434.3087097848,1976.36218930471,-3731.9200459052
-1849.97071492115,3616.82962120923,-3392.83263287756,4008.04008872579
2274.32518862289,7790.87587228255,2941.78503372356,795.595688914451
-3703.78780101677,140.43359375,-2460.62666462868,1836.95056692596
-466.795781637717,3785.81990647709,2845.53484324777,3192.3631553225
2385.59210526316,-5111.39973802119,968.432610088351,4772.8231792702
-5396.82742671409,-1203.55254245805,-5046.22864793403,2.12834743195516
5220.09090488561,2203.46712097841,847.598324983016,-3813.17958946098
-4263.27325720771,-6443.29851855723,-3233.59519785035,1448.32937981879
4491.50726377393,1622.17077249038,1143.41098218605,3853.78544047109
-3243.29749480267,4782.19998388623,3466.9942551694,1423.26041203046
-4835.07318235829,-2802.16607431781,1782.69670371273,-3484.71318758495
2859.31794281625,-6415.04739764048,-3318.89113979466,-2282.42135804535
-2427.73392868077,-4664.69225888973,3660.73788171656,-2152.09991243292
-45.683529097101,-6341.39061537536,3737.73529184949,-1466.53268828892
4271.87006843891,3459.96585374121,3050.41415807,-3659.58634803839
821.489815586131,4137.65071409373,522.8430183089,4336.60026950365
1983.34209367071,-5855.10120532202,2713.34344584246,3382.74592306688
-935.759181651333,6017.09262722102,-3170.15446464521,-2116.10028885723
-3237.81975091533,4078.58923990255,2514.21670270723,3856.79759077834
-4511.37026380045,-131.323115811803,-2701.31239864035,3930.57987168819
-8066,-1082,-2388.72552055767,351.142852160476
599.60171567948,5842.66349018042,-4604.42364438573,-870.828406778133
4763.03239949424,1259.58159432497,-3249.95548925866,-1911.91223506434
3203.63905789424,-1655.90121556465,4657.07302671784,-795.098578744095
-5440.97112147527,-823.492805558649,3546.78485576923,-2912.57852769158
3977.10716283284,-7074.51934660843,1825.56164736675,-2780.70291200534
-4254.34170148517,3281.55530619385,-2274.00387266939,-2940.07330949178
-3567,-4628,372.029731805376,-4321.3515912108
-4449.65325919444,-1676.59648513794,-4805.88759191426,-373.90312282596
3275.5355700924,3677.14432578256,2228.10410525267,-3430.19527780964
-7610.56401242944,1565.09320893159,-1816.7186221046,-1101.42596531414
152.061964348181,-5300.19048050766,613.42436533526,3512.60757020719
769.232105625867,5755.19929943027,-3477.91289237529,1834.73794905941
-2889.20296882002,3891.45701765097,-4267.33769691057,-1395.22711678633
1605.07703242719,4905.6493654399,-2176.24829742367,4127.04198224833
7226.70966816133,-4157.80041295302,-2369.65338373746,-2945.82482055198
5245.37126861485,893.222084876334,2581.95780610098,-2653.50984362825
5112.62916635583,1604.09181699715,-4776.80769089686,245.542638131918
-3971.65363400642,-3058.96311675817,2772.75877557848,-3519.50430044581
-5666.01516928656,52.3618767119024,3598.23563021939,2777.50687905607
3746.76267630276,-1805.04694440759,-3623.29205548833,-575.509437919463
-816.646762777691,4356.55982909659,-465.928719502119,-3486.25376161666
-4368.00880126554,1171.59583576257,4457.97837025562,772.198078749286
-4114.58277101548,-1793.66921281384,-1202.62112372011,-4031.54630470276
-3760.68379567189,14.1074433182754,4320.42879647389,-984.683519146583
-1993.36195496491,-4396.87264619227,-3933.84889690601,972.772626171479
-2553.25900366872,-4100.16260669137,-3210.63126845472,2189.25715079698
4422.04970097302,2073.3940121614,-1574.54396268892,-4501.90609603302
-7399.11528019225,310.342106280941,721.245004501743,-3841.46876842485
3590.87478031479,-3852.60190953622,4520.69209796629,1842.26404359325
5829.3459328762,223.780418795283,4667.12926449499,-441.259190771084
1264.44315852296,4598.09569906048,-4675.41078216921,-186.687831910899
-2404.07630847708,3099.47543569596,-3560.68344367534,679.198690917356
-357.40575592041,3849.25045397443,388.870968620834,3231.48496488963
-3707.77894644603,-3963.98419582047,-2145.76585978955,3152.87181441398
4689.05399756462,-3458.26794068028,-208.641619846159,3744.6062175665
3335.62117965417,-2069.74211828196,-4579.79765908593,-691.134981448563
1279.29666805782,4820.875768264,4506.7372518624,-178.984698854023
6440.17953605652,-4679.59855114563,2826.38880613113,-1886.2489009184
-3248.96310245204,3468.54489944053,3826.63218448299,-2465.03734869399
4105.35876428937,-1177.31362297666,601.111302769354,-3210.6260470022
3416.08122924972,-1587.50758293435,4425.96950149536,-250.375983916133
304.62769667356,-5740.84493123823,4762.00503017734,-601.078842531299
2832.13990081039,-2752.65337448948,3487.5003917937,-1206.70122398717
-1668.10693405199,-5048.27300563523,2476.85051874754,-4124.33326660133
4973.05315694605,-5969.48504163183,-3126.46973350416,-1220.04252387075
-4616.2934022767,-93.8427200317383,-2116.9836678873,3769.57677189918
7237.86880144402,-3089.18840395218,2667.20933219098,73.17626953125
619.843755089465,-4894.2547119685,663.483549159564,4084.43282841439
4125.51591533406,-632.575283718973,-3670.82691073313,169.873999101939
510.863957547593,3751.06929536083,-200.249536678814,3365.11399922452
1444.57130855557,-6396.69302374637,2798.42274483059,2924.71562249002
-5886.50208529128,-2445.2231900585,-3711.58151680285,3296.69885218102
936.450902815814,5696.94760205051,4747.57633012061,-570.250459791347
3821.01500886868,-435.312161802032,3470.06813607734,-1441.72814215744
2073.39414353658,-5077.01805463554,-1740.26246657064,-4154.93300151338
-4444.34972717813,2592.92760336542,-2694.2135032822,-3085.28906880246
-4352.53805742392,-1134.50466011405,-2666.79832192778,-3333.10529075955
5592.33321642863,-5390.11582348097,-2136.02066550522,2984.12883603181
5371.91044905003,2018.0870403048,-4453.72038072579,1567.8466026258
-5400.12366789913,-5310.01298132375,2740.44296229108,611.100810443084
-512.945363302954,5120.95100906812,-1382.7131772688,-4040.50272023445
4619.70446684432,754.344177246094,-4199.7223786113,918.133749014196
-3007.66724603246,5357.4198962161,2501.70876733426,3329.81163242349
-3547.93525967952,-524.418936965812,-3261,547
-3033.56320194384,-2867.63061772605,-3313.69084244655,-1122.25328173294
5253.97959625485,555.561762628389,4120.22754810118,-1150.33476492422
-764.613191293169,4759.01245940568,2188.74048814803,3367.40822293068
2191.88721702003,-3497.62295277305,2190.69947962434,-3577.42007412286
-3297.47645603447,3197.3939383689,3399.96307752545,660.981308411215
4367.37596788286,-1415.43649671538,-703.888023188294,3888.59720658886
4029.83241773747,223.365393542266,4758.35706928536,-573.277220699337
1538.11491435698,5211.26865702757,4207.16693478316,-911.652477613389
-753.182730356796,-4171.87068114922,-369.114782175394,-4016.04948697589
-2744.3094999736,4880.33044766582,4145.44158399396,2023.45275253119
-5398.45952722826,-1001.13737516956,48.1985698499178,-4075.99832044851
3184.99269938394,3303.73629002131,-1517.98921761438,-4383.75363838107
2842.24291556452,2996.74031806808,721.402498730282,3784.2326722256
4211.53681625484,1945.42738083347,-4685.43773100962,-1695.41615351262
-5040.56470496046,-1725.16971455772,73.0418000806842,-4322.3965768174
3587.81060852316,-896.53604768419,-3458.92260399834,1664.15524069128
-4544.10321061521,1505.42825938447,4369.47127245476,2286.40727013103
3857.87367534697,7103.9839124215,3160.68522218409,-1652.14502728714
-3541.31920968881,-4330.1310904585,2808.58589940573,-3175.80084745763
-6096.23467091849,1683.63551323682,1643.49957789239,-3886.37583705357
-3202.48791451535,-3667.36306559645,3232.36675433633,-2468.75847135114
-3270.69460771926,-2461.64377872984,91.2833862304688,-4077.6888383112
-2979.51141356975,-7617.39407010154,1667.6328748972,-2366.84397977208
2287.77433331367,-4834.44442397547,-1152.24874142532,-5079.10557819046
-3367.83467641577,-3858.75065906601,3760,-2969
-2493.958823514,4197.11372511154,4664.57500717763,-670.820820210277
6133.47424037061,2068.93265852736,-813.404390320937,4595.88018126023
-2470.31643616287,3678.70863398437,366.295709230503,-5065.57727043205
3780.30331960805,3316.04222720299,3458.81576219217,-3188.30146005099
2705.80937557483,4700.26890884479,-3251.82673814562,2521.41619796408
2920.71605182472,-3906.08474473568,-270.718993000601,3910.10182638389
127.159716437845,-5003.24723840363,3071.64999725578,1150.13995698071
-962.130464515944,-4012.14200424294,-3458.08157589809,-2153.28986922916
-4751.4604132399,-6113.00673066165,-3623.39185134048,1755.05029837408
2354.75371860329,-5476.23951091445,-3848.90124039315,-3184.96104140772
4729.55166911244,950.528616810418,2806.74491595767,-2498.59026116853
-4150.3644513473,2861.88393086051,2041.01355606063,3746.50967816757
7290.46005165444,-2600.39754288227,-1965.64141340055,-928.391136504792
3238.05358833447,-101.644231767079,-3906.83506944816,674.301856115559
211.995439212791,-4060.74410152949,930.15149783725,3685.34900490281
-2411.38620534245,-4212.24202004552,4282.14702608157,-904.367888793596
5264.71195151177,-1486.98493768383,-778.408101929758,-3706.67981409388
-337.57992916296,3615.46608340099,446,4097
-3126.52893183121,3503.22077804036,-3547.4168503853,-266.24564628483
3195.64419569068,3076.79668130013,-2044.06207250637,-3415.01558612542
4491.86103046236,3694.45868832365,3651.44579424426,-3298.28039364315
1177.25933518065,-5499.42732946469,867.214594468581,4689.42260532144
2278.71719016106,7695.17137032251,1785.82433610434,-2353.55395213667
-3966.17307180064,-1469.07145257366,3526.80459601312,-2241.39604613826
4991.04985777091,3556.76147771275,3434.9718756402,-3835.12430645495
38.24609375,-4867.82851268994,694.434664802908,-4293.38234841758
2636.83336647562,-3926.22563867807,437.423357664234,4089.40936005182
1883.20486035964,3032.44511621932,-2516.45066164727,-2623.43267950366
-4851.14201259311,-6315.90577276214,-184.316349428316,3235.99789126242
5090.61829102745,1273.69601212687,2794.88826415881,3650.27483626802
4825.09220172832,5698.17577047999,-560.167295968511,-3120.09689863363
4604,-994,-944.003583007658,3532.49972801279
2648.24164217784,-6114.53645493827,-3030.04957701545,-2889.6384523239
4154.75500706264,2774.63301554504,1420.48992724682,4690.10703576215
-3215.88596746042,-2776.76107965287,-519.475931116785,-4684.2844430411
4002.56127752495,-2395.23245208849,-1025.77938738867,-4151.53145432128
-3389.1829098122,2631.24305637058,-541.770826253186,3976.31060555335
-1748.39816192655,5382.66506424032,3851.31179896874,502.834549123591
5191.48456502198,5110.99848810566,-2443.8035006809,-2519.38407218356
-3774.38139995922,2732.75337358914,4045.8949271006,1244.87104639736
1508.28582075883,6178.78336775874,-1177.65497728808,-4381.69218565863
293.921279952105,4613.58354474865,-4123.79463177417,-1379.77698259359
-1317.01773553173,4950.79397721117,87.4578399658203,4227.14774847119
-3068.32020210976,3208.50516511361,4249.89527622581,-1072.7889960324
-1655.48014961072,4244.07378290296,846.86,3854.85936972524
-12.3070907592773,3440.22858722531,466.093196094819,4288.85828680996
-912.990800645616,5395.0175927403,-3870.77038852578,2355.9932037253
-3654.18098201087,-6940.99940047354,3685.83098186826,-1426.43355002197
3521.53760045622,-3115.45922849532,-555.935581545858,4210.23302787617
5023.82656818355,953.988725973189,4210.21841465351,2010.35618075717
1106,3094.53888164156,-264.046316964286,-3398.71519926959
4120.68088776766,6678.13102214517,3580.18134406154,310.790748596191
2145.95152925134,3820.35722441352,-2220.06196561478,3140.00544327171
3112.37022815285,6333.39189451303,-3413.41724479683,-652.134689097104
3261.04085177279,-3700.73205351843,-340.077542854976,4214.95018015521
-115.510801977041,4507.30764462708,-839.428496868476,-3634.46563888038
1108.05923195738,4205.89405334588,1197.22794675364,-3660.03689522174
-3135.02116325869,1922.87062895356,3659.16864908806,-556.203471695113
-2635.18421783901,-7304.01968332134,312,1608
2614.76140587075,-5245.87801713495,3693.77903838808,2076.07478826662
3355.33702370774,-2384.47773961983,4122.22834847149,1957.60952555354
-2046.96956830153,3017.04573336703,-3058.81268450808,2036.92279161973
-3912.28335207205,-351.964370674923,3602.67957771278,-461.64796693183
3747.79180515279,-2659.08862853495,-3103.98216616375,-2165.27643883497
3708.20989065273,7191.2095419859,1766.43329416167,-2617.27268069331
3984.51244652131,-3931.1262192682,2627.32188944536,3095.59792635458
-4674.93520492995,-7232.3305388676,-2387.44235284275,1459.20743626034
4059.08791198063,-2764.64077018377,2861.78529514582,3175.48237338131
-5316.94182506091,-5788.48409756707,2692.77273539277,-3098.83269820295
1930.13387223796,3227.82574736173,-422.845696822457,4040.35436322162
-615.669587663907,-3857.05537319092,-3235.25374845179,-1823.9177863983
-4332.50647940982,967.442686796188,-3721.96978109183,-880.180021587171
-3336.93022091727,-7284.93076311744,3853.86798228454,-1829.04283934079
4086.78752959927,-148.294277571151,-4370.25130139767,-244.938548827439
-2871.57754305228,-408.50992981676,-4136.1774635751,1594.54063528584
-2395.68172995497,-3219.48443765956,-419.826194910434,3275.62898783855
-7664.30856028223,-2649.99497377653,1295.38120151907,-3621.73459446684
3594.49055061888,-3537.60825986831,-552.505432312902,-5391.61284964904
2869.34869266895,-3061.08984343668,-4658.65577529377,749.6463152297
-1986.11314444149,-3225.36274465814,2326.43611872828,2667.75837036577
7539.54121946791,328.453147353362,778.520401671284,2078.7359926802
-1041.44221377846,5294.20813854182,-4625.67052617237,-1021.73008053934
1171.05613500422,-3732.55224844467,1537.4133176132,3340.01715706019
5041.93479953871,39.461515620797,1094.15434827303,-3392.47134746161
-2410.1826808642,3901.65478008576,4209.44504247447,-3.47603246330757
-2473.04440104012,-3702.78518396745,2512.52895031507,-2500.76713468995
-4972.46073486468,-642.103209170586,-3459.57461431256,3617.99141700279
-556.125643086817,4708.80554730882,-112.985785640887,5151.00645680123
3534.29110014825,2851.74332959641,2479.35126635446,4471.50682320488
2875.58872219277,-4040.53588786053,-3142.51840163292,-1387.62551668654
-4574.54509173179,-6696.99933971085,-2795.75942663681,-1841.18883646452
-4605.17317470661,1761.26593698498,-59.8777540709902,-3830.21337882821
439.338204451433,-4811.28191076283,-72.2631910266028,5000.72320720188
1909.44822288831,3210.33919368705,-153.133795142779,-4071.91193656441
149.623720535235,-4455.19468977188,-97.6134704589844,4710.85750851692
-3641.01522533352,4141.65786075436,2966.9425646723,2395.02671919337
4487.75528762341,804.176875046217,-3766.56691265106,-2241.20125527618
2965.02137868289,3576.28252799986,1448.58687117293,-3422.36143780282
1995.42439532747,-4179.30242172191,-5054.2330935055,1244.44622493155
581.29966887014,3619.03265817111,-412.528624398368,-3762.14967395413
2047.93273823814,4011.30467282624,-3516.15999528163,1610.40202719478
2132.10828484439,4262.05541433961,-3925.59528276146,2927.12157435055
3714.28248123299,3566.64595411612,3296.08537237943,-2713.15835182538
-3272.67961543406,4225.41642096453,-2328.79371479283,-3362.72963022741
-314.240970750569,7944.66060124798,-651.457148087206,1722.8666323378
2498.78819102752,-3187.69988546987,-2230.12111230395,3527.99367719064
2731.03611457826,-3559.94808973711,731,-5479
4009.5220003175,-2467.91705755495,-286.251906386015,-5111.58043108414
-812.105206869515,4275.89490006024,2151.9513315828,4275.59865696461
-1539.67940528258,-4219.37906346858,-4546.08027300779,403.802954447638
4409.05877044027,6666.49604379283,1646.06608840817,-3788.2931915756
-2056.51282847781,-4099.9155487832,3701.92779679877,-3142.66516614926
-3708.52722013851,1613.84121997185,-3517.32472700889,-1493.05657827815
3579.60502922096,-3134.77273312399,3583.67759516087,1998.7733822499
3655.57431945279,-627.767299540776,-2200.01602609172,4187.27616770365
-4960.42447883412,-757.761815526464,4495.66846659927,-985.629152057467
2527.93186750283,-3855.90183007424,-883.965421679169,-4364.88185331417
-4854.84950620693,-1173.076960095,-3842.22686821165,780.787699407053
-2640.39115067184,-7338.35007459834,-47.5094612780042,1719.46912001153
4903.81954107265,-846.052972371143,2995.78834260515,3999.68304404035
4428.23874255629,1218.01923429629,-3076.97392120194,2090.22064142315
4206.87315913729,1390.73725432638,-3433.63169844695,-2968.26079982891
-4925.8919786016,-863.808799342105,5307.66012980889,-57.300946224437
3775.07187662716,-1645.60752934609,-2978.79457050394,-2235.13142390961
6126.50789709411,-5376.8200699009,-1938.93265500482,-3278.5131696429
3577.56799995848,3265.12682636615,2050.31907262959,-3392.42293921245
-4400.78118270767,-1525.02003350196,2596.40541057964,-2913.10466016687
3700.92649756033,4058.74389680524,-2974.36446202625,2206.28916875983
-3368.90894631839,3934.85934491405,1615.35983392788,4111.37924689879
-4941.33801981705,526.12152836467,-1041.64784544087,4251.11174884896
3804.25924520607,-2807.18196634813,1801.41463158982,4242.57269435933
7917.26547595606,429.799481859394,-1898.51511025358,809.52538510227
145.727854378044,4582.86059554159,-2081.06796592903,4320.90011990535
-2311.07093889257,4959.5303570479,257.757047300297,5419.68868638664
-2746.86279036701,-3532.40568895275,-2460.21278674517,3455.2961929842
3198.05936216274,-4770.48908135972,-1984.11334508649,-3700.39818725318
-2054.83175292191,-4662.68062749683,3280.20943056021,-2740.78998520795
3974.65101985971,-1309.32959094463,-4337.22802266201,-1060.53062647677
4426.58438988502,-2681.31269158124,-1937.72258613515,-3886.50027117212
-4751.79387781003,-151.765640162862,-4595.86194685434,-1117.71763704609
-2536.89161425173,-3750.59789626441,2489.56941309255,-3166.54803908519
-1346.76797876232,4943.17215200905,2841.46138345913,1887.55943238862
1122.56171065796,4795.52593861861,-3795.79940123535,-284.164023615325
-3093.79181538697,-521.185437260842,-4162.28155445405,1745.0210754834
3961.76316653481,-3989.01314278072,-4274.3183177635,437.261525203797
-2913.10857456763,2612.18215582911,3868.27712272243,-4.03182374541004
7342.17430485074,-4904.10599333892,NaN,NaN
-4243.93535659196,4197.64496586365,4336.78917956486,1791.90655732458
-3997.04837972904,2873.27244651466,1220.62236084453,4113.41995411999
3058.36572144103,-2013.2121070395,3331.16751702288,41.1059875488281
4039.81703786181,-2349.25673711107,-2881.59661775075,-2748.34181439864
4019.84148959918,-2737.22500444195,-3594.45377801861,-2879.19351503002
2755.57282589378,3289.90521391134,-1711.40598641493,3806.24443509847
-4318.0077359068,-1064.55794630028,4260.72817485129,-933.95001591285
1091.22045116862,4807.73762003546,3683.56106257818,-2477.13321112892
-6759.69648173088,3647.469503102,790.352740613043,3568.34353504658
-1478.98546769801,3492.67319175544,1018.68611046414,3246.65106336092
-3309.24866412892,-7424.5000443821,-2507.37908794201,-875.181492855674
-4993.41658600149,709.153037705483,3108.07190306535,4282.23846583013
2182.49357533256,3730.92824152605,-1386.29264818274,3287.09418400049
-5233.02524016449,-1792.0110736711,-4035.96326602586,1317.67850638334
-4231.13556574475,-1015.72243897653,3820.21841152038,2019.24213389393
2214.60324183004,-3311.27298176831,4059.27543665701,-343.622517823939
-441.117775537634,4788.85651535934,3958.77363479208,-1588.27856301484
-7992,-442,1687.99355822203,2317.00360036711
2892.6208586986,-1615.47761782739,-3137.362420318,22.093505859375
7466.23009855108,-3096.71048756469,1922.39167411392,2175.93218699576
-3364.11988606978,-557.135181864754,3940.88242970887,-1287.00746549202
4362.94055683601,6725.16767145618,3031.80155583626,755.399222032079
-3351.09573414268,-4128.65426181994,-3072.10353595624,2828.6004283394
2076.051341845,-5106.80903881734,1689.60689407177,4924.88600541319
-3068.23267894502,1473.05554933739,3782.03208428366,-2090.3685920223
-1629.71747359489,4677.10377994389,-1099.33227633957,4624.71632187425
-6971.9248262292,1007.57263103926,-1959.64128543403,2944.12716201873
-384.60443295745,3300.92872073807,570.609096433628,3087.31696267153
6919.36264905604,3110.51364990055,862.268221883379,3186.61803911995
-3407.63611757379,127.56923310959,2691.50129129064,-1929.60984119266
59.5994301089305,-7286.2352823434,1738.31507623419,-1466.43048853459
-4162.23370931946,-1745.45181049221,4410.18940759227,-1387.33930417729
6991.62210637873,-3997.59628729698,3397.07512264027,1256.52772198589
-3777.32862740204,-1845.15421737306,2829.78491092788,-2731.91415567505
-3013.6307030962,3127.62065673494,4267.2478350583,-45.9814814814815
245.917950524883,-3332.38070815375,-1912.44715326621,-3774.9957333077
853.146717337529,2973.19385118302,-117.278607536765,-4333.80460368354
-3227.43251448481,-3492.02617727828,1536.57374948622,-4326.97866124533
-3118.90427038552,2136.16801262109,3797.06170201126,355.795144994978
-3026.88728557817,-3706.42768804759,-4698.99179792443,193.499338852566
958.064812929915,-3666.26154809546,990.567118800947,3521.72311035006
-2080.63209166176,4887.82378966452,-439.980396664839,-4679.7073095063
-4557.15406608154,1783.83488739294,-4090.99812694286,-1594.44633559114
4781.543962318,18.4263076782227,4674.03116915788,1736.99473181033
-289.131958007812,3745.92347466277,-1373.09233090218,-3669.5
2781.23133600161,3430.60600576749,-1211.8313978799,3814.5529843089
-4974.61347585692,-1969.86579536612,484.899156098174,-4167.43187163088
-1933.41316628836,-3596.68675906835,-2315.00700015709,3409.47431150786
2760.01524394243,4570.62613943251,2394.73347783719,-2317.070530772
-2104.19030163486,4945.4812546364,-540.467495301869,-5100.48310616614
-432.994695563065,3450.7086647614,-1691.53112040686,-2736.7739692385
-2053.68165682879,-3691.97561526771,3029.06223781997,-2793.98070111812
7113.49120285316,3648.2310407358,-656.754004825798,-2435.05218354616
3437.65857692533,-4637.66348375041,-1079.93831983025,-4380.02358494512
547.510534936162,3905.9357524255,-429.541216784184,3840.27223571291
2690.15380475319,3555.89788761372,-4216.56479782203,-88
3413.38240236729,44.5726470947266,-3324.32364516421,3203.13789886075
-5719.55458450736,-2300.74094438667,4114.60849439521,-538.12678063266
-646.546372953913,-2963.74446803034,-1237.5402411952,-4234.36693058662
-5151.7929468293,4438.04246430658,3477.01026851643,-1711.90020672801
2579.11442038519,-4840.98797477829,-1865.02492278526,-4391.2170904043
2111.18270069052,7116.81182844787,-553.548984034833,2187.99848195868
-3408.17009226496,-2223.98295153048,4430.57560584858,2511.05787233634
-7874.99405117181,2228.44326210818,-246.232231295621,2492.24076591165
390,2855,-799.743615924557,-3130.65906334024
-7792.26171828006,-3028.63428649358,2565.63978455274,-2557.01308120089
-2688.747791267,-3562.3027775459,1264.57621636425,-3218.51425654587
1477.98184609591,-7610.27041715432,-2634.84583760554,-487.440664723433
4636.44350802777,1473.51759500367,-4239.04394283148,621.299541938596
4313.29172064374,2926.42810852779,4484.92333377628,-955.587445661765
-2490.15195969756,-3680.17761395696,-2566.57576735589,4185.85877791096
-4754.76803585418,-1794.88579573211,-66.1497421264648,4550.2708977188
-2965.66472146704,-3223.78197849231,-3215.71035905381,-2987.64638958447
4130.07929006183,-1781.40304963128,1532.01353807402,4529.97979395274
-77.4841923867503,5531.38674745324,-4417.28079873649,486.92553693091
1704.17576174066,3100.51790137363,325.011413534037,3610.850587297
-4219.26861709127,-335.2016680091,-4635.83225191952,-284.751612613076
-2799.5401720535,878.650872816924,-3489.80650743927,1081.99043114903
-3044.50970963497,2570.27175299024,4244.75188975941,-523.349918651446
-1016.69208515764,4084.01769600871,-2161.24403494334,3995.40950970427
-905.369506835938,4675.06386099913,644.714297913133,4110.08780399379
1677.42423680987,4062.29346830067,-3632.53341189933,1362.12998016448
5236.93246598507,1885.16875858277,-4935.19495081905,-315.234701523758
-1441.66255393394,4288.98656498694,1660.53857406289,-3976.89503607646
3844.78016069393,3635.32811948875,-4607.65131686037,1808.09475879858
3111.59170223271,2364.34108056945,-3403.22867327635,-3370.30924821937
-5360.04458195086,-2271.42914986451,2678.86829540731,-3116.36599775273
-177.241493225098,3272.16939898294,346.113424313145,4517.036698059
-2503.4299771649,-3156.03343631142,-275.127329229323,3490.95862300704
1681.24641734903,3564.16602250934,4478.92200810581,1544.01069874995
1404.8549670822,-5074.38096449901,-3323.85766287963,-3571.48664857776
-4014.97468052397,3467.3374822975,3710.24227181909,2546.54267305777
4627.50676742106,728.764258498272,2834.84687466282,3455.27504335375
3880.69924145876,2230.21648760313,1454.25472179515,5210.42755786317
-4154.00936333644,1972.64694431728,944.814646511281,3781.71117143225
-3769.78786042182,4067.25450207905,-3168.78207425828,-3100.44778597769
4102.45371670266,-1014.90080347794,-3892.6065839281,-2161.44366197183
-1096.04447268245,-3675.82404554551,-846.332420487192,3592.66825427748
-4145.97022519968,761.500772799898,-663.173991355279,3938.90584058524
-3770.97560882773,-1709.12083667329,3478.85140732755,-1835.8105225654
4717,369,-4973.56048111037,-929.869635898836
2158.18473973173,3365.26735623667,-1112.49790672229,4018.48914516514
-2453.65318616517,4544.57618912553,-335.83126951694,-4393.41193430521
2325.61576160839,-3815.91295116359,3949.09707144218,-1942.92706473352
1747.60457299595,3354.62582443873,1343.73735640781,4293.67119601503
-1752.77031597884,3652.22999760279,-2995.65457852859,2755.69852431245
-1370.56609615958,3613.34645642907,2518.87296047124,3359.19362174206
-3980.36215740532,-794.287434515552,-4698.94858484726,1268.31826828479
-919.001975680124,-4479.37580919464,3986.50680336294,282.635513630319
3891.88622962829,-6670.37568115273,1326.42470278926,-2369.98261887912
398.021826775667,3855.60711255985,-3674.65844540379,-1412.27871053118
-1828.64453924876,-3153.32115692962,-677.438354009314,3765.94070989933
-3105.72957802189,926.964460415461,-4226.89738564627,-464.225551305178
4264.82063047705,-6994.48966346356,-957.54404450791,-2845.11929497919
-3380.26497225482,-2868.85271460477,-573.755644009874,4042.23851966909
7303.24406581793,2944.22620547864,-1721.61313943302,2334.07912531159
-3004.06970015726,990.577090322279,-2629.75390730966,1734.02571631802
-2115.71194579007,-3724.80705192443,-4849.66583323423,-961.305082194947
164.289532557596,-4544.11797551537,111.785280487241,-4372.93203323753
-601.045690303065,-3364.54504470501,-1146.12639060507,-3333.27342093754
1372.5756723477,-7535.46241279889,-2390.38105066242,-2112.10953052979
3855.07026956214,-4132.87889973033,1805.87575662814,4167.8575612036
4404.59933041598,535.968529119388,-1964.87265005388,3722.18744676204
-482.696184158325,59.8545184365423,-567.283400095598,-6813.9177980591
4471.92904404554,3047.99169612934,-4306.17563482874,1759.3658278412
2416.75112969031,-2530.48199727841,3292.40453232456,-2037.41766730834
-1963.1561279607,-7854.82169692369,-628.428173719376,-1357.81967213115
-1735.72811247957,4354.99319049076,4008.45603933478,337.677239184087
3368.13824056443,-1826.02111676236,4373.51293721374,1433.76721867335
-4628.45688638636,-1914.74523396977,-2660.55372407004,3294.60819967901
-5634.77653114526,-2175.06937686715,-2924.35135904648,1767.76030723536
1407.99456821207,-4454.82971794716,-1931.68470977359,-4326.46040163435
-1392.68226020985,4511.08806031428,-2021.20762132346,3880.46334979602
1516.92040530706,3751.11773324973,114.76133063201,4099.93402057967
-907.997019374068,3267.9856737507,-2551.67486637441,-3097.12978904972
-3030.04964699459,2773.66849115748,-3731.60855541163,-734.474419414694
4953.2594082172,1899.280772948,355.566906348207,-4956.41129866872
1434.78567940353,-4836.33913852003,3877.32945637134,506.509291604301
3598.48651072659,-7660.12023588651,1552.5754079287,2487.95902682254
4282.39304712057,-284.815779364927,1343.5905968629,-3532.69829629643
3497.30939939208,-1588.76468844444,3476.98655525121,2296.70238871808
-3395.85209238544,1236.71868265086,4498.23418311842,1197.14592518308
-2397.2043603749,7490.02969514233,-2665.10385099657,-1169.86241304103
3169.42570870939,-1728.65012249909,-3187.94862096458,-440.309254536833
-4170.11831006864,-2124.82074174725,3785.22796131594,-2086.11551854462
-1948.3883299714,3730.73585779084,-2112.24090245113,4353.80532844543
-4247.05762116232,-6257.35893092402,-701.529923716405,3231.18943885048
-936.484616331757,-4692.18950545851,3698.36073798044,-1562.35977948165
665.444399808135,-7917.51010227172,2064.85188798645,-1924.36853325412
-3022.96605306954,1784.95895992742,3414.51719204945,-3852.43234967942
-4183.61444997273,-1458.65225868051,3040.69911959574,-2958.10739720925
358.014795596862,4635.046935297,1660.84286041134,-3980.98056769565
1615.30484646116,3637.81931139284,-2886.89823550316,-2164.76328409902
5091.46116366314,2138.78743036091,5402.25662790643,363.374740600586
-7492.87125272701,-437.216191911602,-807.743599043287,2911.56018814111
1442.70553271484,-3157.63217393697,-1559.86283906735,-3217.92232622983
2270.59779338942,2686.76462513507,440.003781780975,4771.8590855921
5009.88500579155,2281.89922236012,4653.79411618501,-1015.06679115462
3472.08228519934,2738.70005329991,-419.529947916667,-4282.50260090435
2889.86969962287,3571.72594484145,-4494.01247397605,147.147534466185
-3013.88186773378,2688.89524901069,-4762.08972350322,-755.105789953581
4971.22502066512,1928.46215569258,-4560.04141140456,426.621381300743
1993.60981920545,-3529.59093351777,-3146.35121232612,2863.23459958932
1008.72899740066,4386.38238903322,-3983.56625677403,1897.64075596129
815.327345987725,-3138.42001077697,-2702.87515353152,-3275.82272155733
-460.283431368252,-4656.33905090095,-4134.53730834847,669.241244385495
-81.8561498818277,3933.03725261683,-58.3300170898438,-4097.61556618219
515.219855873909,4105.5471188761,-3078.76573106501,3653.16879672438
5974.67426276726,-4120.13932365316,-3603.69542128974,1909.9358750437
-1495.69857747656,4341.20319118067,-92.3027484227741,4887.29912107727
-2672.58276126128,-519.142301959114,2873.76107409075,-1009.15299507217
-2880.96513278204,2750.51963901412,4104.06519823828,-3391.41699273466
4860.58784707634,5737.12284664092,3369.02535631252,871.367410107592
3259.20392029094,-1240.97652760402,3600.67128297384,849.544362981269
3591.95053917237,2248.5933513816,-4347.38878943917,-2019.55390831236
-2564.8973614205,-3389.6024543862,740.402368176245,-3476.37692131064
-3374.39151257427,-114.001355229592,3099.28738835653,-2584.29926450138
637.787975745146,3497.92519790068,237.703141731552,-3918.0463807025
3414.2404694029,-2535.54763534972,3252.35623418476,1506.57916992071
-1804.84710286756,3083.56831731462,4138.89929492198,133.14476776123
1298.90463449289,2601.92307111056,-704.245094936709,3782.74050931075
-3499.13546545122,-7219.44281403625,2774.62426922559,-83.7826509855961
-2610.08980800373,-3036.44873551881,-96.3870294744318,3629.71763932194
-4626.79679318845,-2759.10526652683,4862.60713036822,-201.111131392887
2874.88359756609,2860.13889196054,4331.80513503753,1105.68370349321
4909.85534272839,-6297.09083867443,-2387.378217739,2606.06393751377
-2452.49699550717,3899.84249584559,-210.386395218123,3851.45142637148
3474.96990258132,-2034.27059181155,3387.72095613613,3069.79806783199
553.370727539062,4076.10258118514,-3535.58654491547,2347.15848387747
-5145.38241382217,-6079.67880319075,-2798.02069376218,-1744.91355526943
3570.07954148122,-1533.30699590735,3140.89650369609,-4228.74804361771
-4666.19895211333,-2372.48003143128,3218.87858880039,-2293.54501887576
-1122.19591426092,-3137.47646221833,-644.501178288864,3821.56899937248
7523.24559482566,-3906.98445268623,-1113.19403802314,-2871.79788863077
4720.93064737301,-522.989921022305,3019.02894714034,3639.75566611194
1962.90726892274,3536.22072174451,-2287.65642238831,2985.92089304359
-1258.19144803886,3565.89901932909,-2756.9494349631,-1816.32016348774
-4031.71771343825,1177.02779649006,-1074.82183510301,4534.23228070532
-3071.27668063682,-689.363098144531,-3525.27425511374,2578.10503753818
6078.45494674625,-4894.20184462331,-3460.92637591663,729.841040273063
-3099.89041497093,1941.61382429784,3073.85295674617,470.846849241912
-2933.7409263174,3020.17469279976,-4574.44516891435,1322.26449207721
1390.74839204661,2658.66607167419,177.63904673659,-3934.30852751802
-3384.19485909598,-796.940934065934,-3835.71980042185,252.697423302255
-1678.55261073412,4740.30072247278,-3225.98523639872,-935.635896120855
-2195.74337555926,-3359.1659218834,-1725.3728409924,3674.43940453679
-3990.13739804466,3966.91115191808,-2786.6519153649,-3006.67146636276
7493.36055023542,1471.28689011431,-2056.8520138967,-367.501095686288
-1409.13556181964,3179.75814706747,-2629.67243035292,-3348.77765797421
2805.10273487068,2.33834075927734,3567.12553937994,-2847.76163814585
-4296.3896744921,-2277.74371438376,437.834973562122,-3821.57729915129
4929.05332753532,1996.89056460316,2558.80006948498,-3218.24190037927
-1761.84076417973,-4160.1196164307,4519.03109214256,-501.242771381579
2044.33621123861,-4423.83706743536,-1601.43433245129,4867.76936707535
2579.06963425949,-3504.402515139,503.207302517361,-4877.96652068186
-4414.06157302141,-1119.70349601195,-3813.07395768441,605.324263594392
1730.35479688488,-4386.74533946817,-481.90621479505,-5114.04474725444
732.359429481899,543.675611331859,-6356.46448336482,6536.27746170774
2923.97158712245,-1741.61838668195,-3270.39251050265,-1681.70852923501
-4121.43313498407,2445.94825582921,-2241.19663761291,-3515.13332616603
-3873.63197921755,4280.02137753674,2837.10515911682,3196.52162434956
-1207.46974298958,4425.17531643724,-472.409437308282,4200.56705222516
-4333.45017139561,-2728.40625224784,-3016.05045330592,4316.17438578532
-2631.60981348718,82.2128295898438,-3336.35381557677,489.664037020111
-3650.49924772572,-3439.75687535918,2958.76655818175,-3081.82642716769
3071.73277531417,-1665.57620817844,-3316.85564696597,2545.82200409306
4040.73841805523,3065.5195367733,4387.00256801988,-288.03224006066
-4515.56437803272,-3033.34463005504,-3943.93852946332,1197.75036699462
3008.12736136474,3013.85565718802,378.057174457492,4087.32699139063
2969.86114582711,-4017.71162294574,1064.93164698287,3619.23093117712
2139.72776381016,2778.21330811679,-636.507484313173,-3592.52104122311
3790.17746588476,2749.93828087458,-3724.73819226673,2964.70381790376
4029.07785768662,-1377.10000982143,682.650721987083,3570.96966300022
3763.28759957584,-1464.02796262427,-1390.80063842242,-4322.53599776465
-3206.98832233138,4060.00464688664,-758.934719328073,4753.90847406362
-3312.47311115989,2192.10807019331,-3277.64313377651,-1456.8515966499
4108.5699502271,-2549.40796134914,1509.84929147598,3571.45405955567
-4220.14677325584,-277.042358398438,1350.14392618533,-3847.9364964962
-1015.82026383154,-3406.84382671114,2189.07082389278,-3058.40602643615
-447.787244778887,4364.54696736024,-3801.32876790605,2246.21422705143
4368.20244879152,1377.19386955128,-4508.63455379773,-1251.69665358335
-1921.35676224544,-7947.73736094547,-2818.63350529286,408.831806615776
-1200.76221788413,-3747.09337247581,-4060.73085473326,288.666323990772
1105.35878951283,-2924.15819444852,-564.108177185059,-3995.89575314576
-3958.73564672358,2356.20566029013,-1599.94322585683,-3604.82906494141
3907.15157763949,-2248.61886006381,-2908.68202784879,-2455.88311761448
-2812.28738076926,-1375.86187171039,4358.24496527632,-1384.86975849836
-6771.98265813148,3739.13082289136,-3707.93695988353,-491.601180076599
714.92201257349,-4857.86777243837,-3887.39866571915,312.982925546235
-6731.20821449827,3774.87409187985,1660.19429735324,2890.00562124394
-787.088395751245,-2983.58615336451,-356.900119324909,3079.78260793643
3730.13182512606,1475.67744997416,2247.83957034365,-2751.63126993345
-1147.80052834979,-3405.53173292462,2257.00265336806,-2942.28130567948
-4746.31086926761,892.917052741349,2336.48397515739,4116.47072429729
2072.10435469763,3532.35759952036,-4794.20288398631,-2180.31425743245
3718.95358278624,-3280.81730242857,3616.17897904646,2228.6210859863
-2786.3289248855,1874.3238427155,4082.2695908085,557.0390625
-6217.74328519372,3802.02427659771,1050.9418885738,3840.93888259241
-3793.85349008165,-3958.26613032441,3013.52989316522,-3313.80130523372
1139.94574641066,4070.63405963669,-3226.50882703993,3767.89905669055
-258.819091796875,3744.77986465283,3278.87494329035,2058.53547553935
-3048.85676899992,-1312.07869291855,-3622.63273768163,911.174008149591
-2067.1146951202,3958.49611202502,3588.71276655118,549.428563581194
1618.43919789523,3773.66787766516,-2543.79436219765,2407.30937421165
-3778.82968668157,2472.81024356701,-3531.63431289977,-2374.36591637436
4035.24761335246,2524.75036552487,-3214.37979952348,2430.18695201219
3035.07937013632,-1010.81331613311,3870.26356732701,-1472.09822741143
-3941.03706488478,-912.336294320913,4727.22407274296,-285.478469333312
-3178.3361784061,1545.07071574388,3550.46903393312,1831.41008471383
-6510.72798368792,4275.81754967279,-2617.26153511645,2559.64194515677
-3101.84818471806,-329.750380856129,-3135.58591724758,2444.62338509332
-7543.1393333883,3415.27986247291,-1746.64995868389,-3280.73204874368
1802.13970665297,4277.3115913989,-2717.53817308481,2433.46231478188
1287.20507024659,7042.73003020184,-253.659205534936,-1328.78452100128
-4471.57303975953,-2482.60616395717,3320.76731918639,-2187.76072658941
1068.7407341959,3037.4278718652,-2713.6458083527,-2258.16188597087
-4334.05110692265,218.738432835821,3779,3113
-2820.11035975055,-2660.0595650025,4312.65049632184,1930.73185593012
-3445.42747450589,-1492.94944106127,-1840.19476893131,2894.13413120309
3450.70513030042,1223.89116616778,4622,-1265
3365.6264971667,-2016.11810062168,4013.45847783655,2037.86512752961
1492.84721442545,2570.24094513425,495.784426418098,4076.56001532568
488.814310569421,4021.7682643628,1596.99294200138,-3966.68643253683
2772.15358639653,3228.01295880994,4472.08104140961,1914.63919169072
-2465.893873997,4423.91780518762,3349.90847974623,2905.19687650669
-7212.67504645661,3451.84454586227,1750.74555314039,-2292.11841038215
-648.257850801183,4333.51607397961,-750.472805023193,4165.3100043191
3860.72755851518,6926.70760041696,1985.62852108585,-2068.80695775612
-2728.46646243645,-3995.61669066151,4332.95346833016,-1451.90057362313
-6272.02762507732,4080.20725204006,-82.3015398297991,3036.97640025157
3081.89155509589,-1419.88160651678,4223,2118
-457.907177038421,7410.22699967601,1385.51115838068,-1748.98591195057
-3759.86356989624,1475.34069850652,2574.7602323783,2762.31630696457
306.318420060609,2977.5382506395,-722.52358400369,4449.11507143128
-2911.24587790605,4573.84276572223,-3978.18453473275,-1090.29823381064
-4230.83907393783,-1474.46847978662,2683.94980240523,-3368.93744283668
4547.77535582405,-4173.54415504393,-3517.43987455662,-782.120580418737
515.357967677011,4642.91909012642,2909.53368803996,-2558.18731414889
3028.57111660563,-1405.89954547074,3792.54044936419,968.003378378378
2370.31532087843,-4736.08782160265,3339.8419289164,2531.06247515175
263.237372908503,2805.97865293505,-442.499095623926,4472.58178093214
-225.118173630984,5846.09457266433,-2275.72237690294,-3308.59789779956
-4065.08483128761,1252.47864150231,-386.404760660817,4763.08033958228
2468.59816881131,7238.69081823352,-751.622169024087,-3004.59081012326
3385.84202486123,1494.13492551248,4324.05244767087,-829.620545476505
-915.184492246167,-7423.47832646268,-2263.29998340588,-1347.94486202335
-3743.28785149511,3659.35311614378,-2909.81088852689,-3623.32234348493
-6821.00865882376,3678.86380786986,1288.78028092829,3017.75607345746
1515.07922831828,3460.36318325877,2979.31015009102,-2949.65096470509
-3880.99157911837,-6929.44613676084,116.762983524355,-2233.90792653456
-3515.73948826504,-2307.16229587896,-2013.26145160382,-4538.79323321076
-4247.82837075146,-1997.1398573499,3267.10668467544,-2809.39158297535
-733.518422035071,-3237.19808106328,4461.49373548394,1740.73866349185
1367.84195700853,3884.82879922782,-3835.46462673611,-524.728407118056
140.683033051653,-4443.5412711568,-3344.71894413806,2707.60926879121
-2014.14613193119,-2922.1642550575,-3993.10046259299,-3532.04773798826
-606.350400807827,3349.94693219993,2893.78150898893,2986.47238928441
-1408.75331442557,-2639.52347623522,-2227.62394957129,-3553.11032434762
-3227.69651683981,550.067018439628,-3214.90621049417,-786.493811854343
-4219.80352057989,131.718872070312,759.535992217899,-3567.15765237276
2042.76113072787,-4032.8769390201,1329.16639961187,4705.06541860221
605.034307268511,-3263.74600222632,3748.97014779631,3176.3652184485
1183.71459260881,-4020.57517179118,-574.158975941695,4445.41389016404
1029.42239735697,2940.21790263088,-933.227287749706,3594.24959911423
7107.67595501476,-3659.61505474519,-1349.85933187403,1076.41095393638
-3005.32880557125,-3134.54285866621,197.699471120084,4691.89422319955
-1609.62484922358,-7689.14411173558,-2038.76851753166,1063.99355597835
3230.75917636232,-1545.18690754792,-3364.35897266859,-2239.37839754834
1719.71884820182,-3187.40181446277,734.517742780822,4398.73564566572
-1978.87145590694,3296.59360311718,-3027.96410971589,3849.15455823151
-2733.69878346075,-2926.93181920595,325.298738379227,-4683.66516599482
435.791748046875,4294.24886497994,3684.45705656057,977.712520823759
-2492.71057481816,4194.09998986597,1357.65628041157,3716.08187429141
3895.51403765479,3276.62423024192,-4114.69451241039,1507.05884311188
-2300.16214204707,3904.88135024822,3254.57880073655,2498.66037750063
-5786.65804267653,-2234.26368572319,-2544.30663861095,3597.31309985816
3528.13067647652,58.622956928454,4008.91978677259,960.734615791135
-4192.79370794104,-6013.90870740992,-2453.66445339932,1494.1081189223
-2592.9398969524,-3765.52843365222,3209.28306545546,-2035.39096401927
-1484.38491314199,3356.39368370396,-3130.46188131313,-2115.93260267987
3593.54335309253,2487.49510299529,-4650.29288716073,24.4855910636283
-2965.19768345112,-1242.50055858799,3431.94728507356,-836.985963800041
-2891.47430044142,3750.05774610304,1935.02231454531,4623.7241575846
-4245.2410488976,-3371.11321403833,-3864.41824127508,2352.09277977248
-3289.38800733736,701.889467210825,4000.74998698098,1483.82736751286
75.3142022129044,-7639.41397175036,1245.54019891488,-1952.79020922918
-813.718155522009,-2619.14029127512,-910.646961914806,4253.51971037067
-31.8040618896484,-3936.61707107386,-3813.93588918259,-1317.86363414994
3665.40558096348,-2188.82639723558,-2399.83049178826,-1975.53645074792
-4642.71244189347,-1841.60649820003,-4670.92949084073,-7.52048689835555
-2085.45784467927,-3140.6004982309,-1041.79188129666,-4039.75614462846
-3823.21883802254,2127.55969385692,-1338.19098884649,-3825.89206158428
3313.24640609288,-681.023432131286,-4310.55916871421,1393.81762793361
3833.06391439533,890.221898351599,-3933.90246207957,-148.497110726069
1283.41336581957,3973.29459941974,-4011.12569672819,2135.45852111751
4841.48572315572,-348.968904423445,762.459338285881,-3671.80835706455
-845.794471485823,-3984.65029493873,-4109.42766932437,2121.16826655625
-2193.73658916151,-3902.42053449374,2977.12804236779,-2616.11833307881
-619.738175687417,3458.07703429998,-2958.94782317422,-2880.284620522
1831.19026145558,7552.08525775602,-1803.75545854263,2278.68390577355
3425.32620693468,-1607.44705627364,3233.44037638094,3297.34328625187
-6618.53800855925,4243.27152716495,-2748.38927911192,-1394.63013778194
-538.319463845055,-3794.23184679083,-3122.36260553808,3489.59230570928
2744.47288614848,-2300.24213445097,4177.22746459031,141.254249572754
2849.14602250363,2327.53256973585,4061.09230344457,1152.05606641622
-1661.35603836984,4142.63748417131,-4173.27454290817,-178.106183796029
52.4866399684874,3187.39070772299,3429.43302157174,3369.33602207562
3717.25492147608,1564.26720588235,4088.49335550041,276.073235544218
-3446.92081829211,3398.46057492947,3956.3831368046,2357.46117304504
-1094.46760535047,4310.12281341719,-4131.8508175573,977.708024854784
6500.24359208684,-3670.59594782488,3294.63005791607,1203.32850637944
4224.57953435108,390.093134652907,-1954.39630054196,-4022.6734172458
-1440.80261071405,-2784.37238464413,1197.33526371806,-4413.56638905122
3490.31756722879,-1562.11886020891,2858.86967960051,3062.67814913874
4258.50622293672,2665.02088519394,3297.44738166502,-2552.65026920713
-5742.28125631315,5787.76254979476,631.567797674649,-3218.41315872591
4193.12077848255,2673.89297754606,154.825629087274,-4501.31817583611
-1726.5298192033,-3338.34700072356,-1578.59358589458,2661.15277860196
488.46354529018,-4154.80986626656,-4350.07696560965,494.258710369857
410.25987747727,3568.56478137955,-3996.50498329069,-3048.40111207153
1054.87787344568,-2185.5869127368,915.349353178794,3975.58649336352
3387.82099688507,-3181.47772775714,-2791.80778553145,-2348.52746225938
-2003.4266895553,3797.98530842655,4227.45448838512,285.125339887529
-4503.75265078681,-80.2474177433894,-1915.60700807634,-3898.80286198621
650.929357979166,-3699.93886119526,3405.67728739308,-3813.98479960022
-1815.68668317567,-3327.00407433844,-2203.55964917431,3721.67487743507
-2076.52532517173,4688.68590891232,-3090.21888053855,509.463753589678
-3373.8692077636,1095.09985410687,2183.41805079872,-3953.72532885667
-7264.25412529487,1881.17629922746,-1192.26176609653,1961.23270336019
2963.44897454333,-3862.56072155354,-78.4949356155779,5164.67332143479
772.563906114097,-3955.45562479117,-3308.8022325217,-671.086835699379
-2376.13450490005,-109.147735595703,3677.26623404934,-247.722081815322
6462.98281302514,-4690.34196165165,-823.234378517094,-3025.73310725471
4690.04719655137,2020.70976502954,4006.04738737576,-1510.07452972686
-3676.76720332365,-297.356819152832,1652.95474433967,-3622.7295504371
-4100.37542217962,323.814535632358,-2433.9807035006,-3733.6334392352
280.093758550184,7419.16165239529,2629.18368970727,-1190.80381374078
3627.52515728765,2259.03803023161,-1089.9332351241,4060.95948045644
2644.89254456092,3348.02263258207,-2890.08696737729,4112.2156160997
4.18899269991141,-3042.49852077668,-484.296418406629,3444.33153678932
1631.93972834848,4007.82276479791,2373.38555968863,-2600.61554046686
2777.06717076303,-1007.00804255739,-4441.68727930371,-1097.62912902205
999,-3775,-3659.05392735005,-1063.78742688518
-1185.99252173843,-2799.75757892041,375.505714922842,3198.49788283147
3862.02219465183,982.448694384557,1534.98447638898,-3335.9134263495
7467.25264136745,2126.08184488916,-141.165727801971,-2548.73383344223
4821.43204061923,1990.04006162012,-2667.15232692364,-4299.81346881051
2279.7961407169,-3735.6858653807,-1991.37410008907,-2664.50549223222
-4207.43374195199,-1817.6519988875,5011.87982102138,1113.21350481356
4055.91134432591,3351.47087261442,-2047.14688501646,3945.64436571608
-2560.07421099666,-127.944581306907,-4473.32496457869,1024.59978012001
3967.19636902071,1883.96324452494,-4156.96823248948,-74.5373825517673
-3715.17108037104,2993.38849459921,330.18036512435,4713.60329805023
-4226.04916356933,422.347928169808,2637.88444058016,3417.84499026216
784.188976028203,-3486.65623490236,-2567.13986048766,-1665.16346864886
4016.31520318834,-755.246475437439,2067.17312284426,3300.87605945247
-6471.39460572509,4677.47567760352,-899.494058723711,-3493.42707732539
-3921.72207741985,-2615.65495097252,-4087.49092492779,1158.86385596414
-1181.43635615979,-3670.95289570389,3467.82224519588,134.712636691709
5781.22745332984,-5725.2080815491,3137.99037760263,-234.013817524884
2643.25704313832,971.805997109827,4070.62216444446,-1140.35551439269
-2772.00940637638,-2075.80880739696,-759.377373312762,-4705.94708480884
-3475.04561965144,-6712.47797709368,1621.37031235607,2817.59906698252
2348.48221828789,-3425.67789111351,587.678494022943,-4255.65578859864
149.782025418039,7302.30500943658,73.0031152647975,-1451.74762038236
-4205.6525685519,82.4830932617188,1972.42339881821,4415.17441652379
3995.17061941787,-3510.71762238702,2074.8883888409,3885.18203357224
4027.20353592793,-274.332386363636,-1507.55108980727,4064.15419229051
-2800.51134773511,775.046644585253,-4184.39882234573,1320.85660392928
-2741.69408042814,2483.18446670971,3616.82501864228,-1367.30086187026
-3469.4320800122,-2096.01032366925,-121.86971282959,-4834.63206110479
-1347.47127821874,-3512.41574752215,-2086.70767512579,4100.36353757262
-3513.82080196186,-1347.72670734252,-3180.8508763142,910.885989450128
3740.41635129263,851.602263412789,-1617.31852820877,4088.67291455079
-3607.00022779203,-6963.16467978224,1613.30622635874,-1753.84476438601
-3686.05867915787,-3297.86560238859,3396.94885804694,-3147.36364543457
-6005.72066242802,4629.92212297346,-3258.14002155808,2086.06202194339
3006.59466518104,697.247753639065,-3812.40475558163,210.821202384203
-1272.9046131276,-2602.8590945369,-598.450091723364,3197.52378532322
3818.43276210561,-6468.47639638389,643,-2815
-2096.60189517182,-2853.87934420035,1182.22817570984,-3559.82197648801
2870.73173376959,-3440.48690104123,2750.90045116731,2305.57246793993
4434.43582396693,4097.11049447824,-2745.0109575799,-2160.56317276367
-3911.57215434745,-1227.68313792686,737.171558343893,-4460.25855199427
2327.75224291947,2044.61018893203,2894.87101260459,3021.85223586654
4127.88070519135,2980.14550417184,1875.8290501006,-3477.37705810751
3631.71497828189,3366.058747357,4554.04439942633,-127.048838526129
-3377.42495499534,-1116.1009061033,-2702.701896601,2195.75621011648
3786.72805211998,-1948.927115125,42.7662029988516,4588.22695897653
-2496.12917256774,971.376721619366,-4719.4757874672,-439.607535707902
-1790.95045334631,-3925.23303934871,5037,-949
-559.328591871995,2708.69965007455,-1617.75608786986,-4089.82581790762
2755.60256727543,-1109.78492553118,-4492.85100299893,-502.799585057056
4289.97418656031,52.0405522479012,3513.41161499239,2428.03275817497
-2674.27470046613,1466.13392571976,3949.98964256078,1220.02217805286
3841.24067186793,-1860.13095751511,419.407148929768,4239.67993519869
-320.603518872051,3705.30351342744,1274.53993536721,-4516.24400587234
3805.0361839158,1132.66744760551,4726.77187936952,728.124214385475
-3571.39998055417,-1457.16167234276,-2601.53624193746,-3994.85555376456
-4194.40129152532,416.808189452538,2954.96821379637,2973.84871893746
-1613.05456377326,-3013.18883612874,3155.70613259736,-1907.09744364129
4403.55227635023,869.484335252122,-601.502125097618,-4469.94527030896
-397.839917021852,-3764.17075789264,1219.39216287112,-4672.15431222231
-4490.36700825825,-6614.4523817417,486.335756009325,2638.69992864168
2838.73683651227,-1421.99689889298,-3679.64657807761,-1754.1860152264
2607.13160470761,7366.96469417167,2199.14205499182,-894.943759863671
3240.74731847894,-1058.4681427002,3184.18223150065,872.549875227199
-2696.25502993837,1317.40524359754,-3641.26880889402,-734.711682524
-2584.81113964636,-2629.48990359006,941.991455809059,4784.11894827409
414.331715873033,3757.60598515236,-845.771725919494,3553.3434877516
-713.471675495838,-3569.68502982728,4128.78045795073,2422.02633931439
2940.27955947045,-3479.82533705592,959.053001173649,4442.3817013318
3772.71047780389,3226.16415998768,-4193.41132231975,503.7745270502
4129.71556648433,-3315.3248878263,1854.77907327802,4508.73646444093
3504.62439577619,-944.835042599991,1657.64587684035,-3967.50758523345
-4109.18227895185,-2054.88754585833,-392.253608703613,-4283.02762364953
1990.59591788767,-3964.29437532857,756.223527082308,4179.0283437751
1719.43277824279,3189.41157343548,-3850.22515144858,-2901.75590349008
915.762518458429,-4092.25533688798,1571.52315593849,3448.54036707539
3241.8102829052,-3257.89666303043,3380.34501507991,3008.73623846912
2166.82049394324,-3688.75110707046,-2138.07465240881,-2433.51407587594
-3248.48097756284,2548.58350998416,-3588.08177611763,-352.550074140231
-1853.69792507102,-3135.43459750955,-3639.89987464873,-2524.6392002805
-3976.08560504442,-144.248314743203,-2572.12262350644,-3197.56846382957
-3502.44519831836,2439.95684805215,2068.30253193276,4286.33069385815
1288.17742171806,-2786.17757155056,894.966033198617,3357.72570354325
-7551.5813196694,1413.59532897091,371.454052660839,-1861.27045668737
-3083.00690700837,-3283.20920121772,-4996.16754692833,457.886827256944
3946.79602533704,-541.690604030377,-1698.9328515625,-3384.01307745004
2941.27290548391,-3567.74565319473,-3627.497971322,-1700.10306027222
-1845.28454579442,-3430.43174909342,2625.91012884012,-3004.21929087274
1936.90961351494,2611.12465917199,789.790954351425,-4089.52598822299
-2765.0148512146,485.296714690985,3332.02300056828,1035.80388195987
-7700.46229171415,2806.93334501742,-74.3760604858398,2254.69985347126
-3291.2518391278,-1256.86551983928,-2526.1250598576,4083.0560705319
-3156.90840087343,704.71419498931,3701.36404709967,1308.23906760134
-5146.70963777983,-6002.82112079589,2101.09640373673,-2960.30726996536
-2575.75930649217,2897.95077418985,-3120.88708497856,4319.97456810837
-4075.22619254341,565.8966325752,-1964.41782259047,-3037.48492914003
2589.09372118823,3624.22573001402,3059.62755390707,-2785.95288846067
-2113.2215876377,3015.16138678209,-4415.75414419708,-250.737260818481
7400.93697963697,-1475.30854029662,322.4619140625,-2469.91657924532
2961.74145274497,914.364038360253,2901.54318251923,-2636.58529969762
-1368.98504028045,-4113.5052713632,4383.39770771769,786.565044738417
-486.340114182692,4138.78589581137,4719.47160724634,-816.340203284396
2544.165591909,1068.04724631137,3070.47361748458,-2025.95826834328
3749.74036945567,2692.47271563744,3953.62725969343,-1278.67943851077
-3303.02435143189,2793.25597985032,3276.88886481802,2652.78019188312
-3843,-2112,1990.94324568563,-3433.42886520366
2511.87519020614,7353.97831561573,-2080.18558519215,2226.40282196045
-3970.758044048,-610.62768905969,-3277.42390514158,-3883.30276545436
476.219300034467,3446.90600709615,3700.91485715046,-103.116511968369
2191.74656493402,950.888629053068,3172.81841513864,-539.413197740413
7516.75272783048,-2991.29082583527,1366.85425540051,1696.74919252498
-3586.23375447647,823.615232458243,3667.92726478887,1338.07050519962
2665.67018068947,1397.82763778115,-4128.48041752989,685.601054597
249.158541640751,3990.44987481813,-3249.99061377217,2250.37982485512
-3190.73064217881,-155.736822289157,3706.82587591369,345.619284349111
-3975.6981895255,49.1654606312765,-3140.20186011353,-3650.88781852518
6631.38710172796,-3964.75782120198,-367.250202568692,-3066.90639837142
-784.899262894679,-3703.23975626181,4665.7177875512,-29.9755859375
-2829.32830426551,3501.54988154885,-1997.69361056322,-3310.37109495928
-6082.72326020178,-3826.64303320252,1205.18941968232,2380.70772412076
-1678.08138119596,-3050.8068557659,2105.22988547808,-3745.09809452865
-958.722000523024,-2544.54310504072,1763.7585576784,-4397.70965152932
-957.057191593279,-3231.70287791655,2612.42517205004,-2627.49598408406
109.834090567163,4004.69174190575,3740.49760553488,629.084901154304
-3525.17328567775,3189.42374442619,681.586552679343,3715.15703824967
-806,-7167.51874483306,2240.10982098042,-78.9290161132812
1278.50687249179,-4645.88333130484,3459.72819510009,821.513760898653
-1807.7694549088,3734.69522889995,2751.48907604817,-3766.55037117767
-139.617618346482,-4110.42793827237,3366.00115935204,-2785.8029386145
-3160.18025335018,1125.32759300181,-3903.81929194046,-1946.79000328768
-2860.70116953476,2756.25488321618,-2342.27092472744,3768.53967552463
-3627.9937035614,-6480.33749694456,-1638.54316748952,3373.77026110688
2812.17585076867,2477.51625831241,-1263.04705584232,-4335.95887861338
-3677.23016553563,-3776.09476262296,4416.16818785522,-1867.87006134794
-967.987443777231,4123.28125121377,412.964720376446,-4576.57286495146
3821.01329436304,868.278938201996,-152.804931640625,-4448.50011973399
4863.22802204915,7777.9832409567,-2319.51863381516,1785.94533561896
2980.60672973948,-2364.75892017454,458.302608818497,-4238.75041851568
-3738.17811999272,-1750.90223403155,-4516.0909692252,-1602.97390907513
-2900.77009782449,1394.06503631158,3577.70260238647,1931.32936455078
-3318.15387886666,-488.976166010525,4459.23110534541,792.085771308966
2428.96884155383,2213.71019847973,3101.14778207065,-1738.29716865166
7836.29108561,-1932.47578592717,961.350774371098,1928.87216636042
-1508.42895394554,-2963.1527789822,707.128042887193,-3321.82747470283
610.459051443156,-3753.67814554745,3550.7515054709,1701.9385835564
1737.62546190385,2621.31028891509,-657.840787096034,3081.34395592566
3624.82070608884,3681.43291072484,4171.38976615095,-2736.95646157447
3498.39874083586,-1113.78408547718,-2640.68919605481,-2606.73784927232
-7556.5897418712,-1974.36128943696,-1952.23373040667,609.239202033069
532.316182454427,-3881.15510988419,-3098.54560409573,2761.02257914339
-434.197722666462,2320.00614349068,-12.2495957714927,4380.10239700029
-3166,-3764,-4623.34752664266,817.976496459916
-3200.68969916783,1696.49405236792,3236.09852897147,2571.82779193438
3418.34182449044,364.55111075448,4701.48225541286,1201.9291332026
1358.19757846248,-7261.66796815036,-2058.91021681202,215.313641870471
417.003982886071,3297.14372215907,1436.79465212342,-3736.85295211379
1980.95536620665,7549.48050015313,-2379.46276611145,618.23477935791
-4382.86393758843,2214.65808168874,1836.77414486084,4497.79316368461
2599.83317180453,3986.11823322948,-3510.98808139705,2170.42467374189
3765.6091420822,-2150.19013211457,2090.81098565242,3738.88937103308
3342,4552,3391.16806799415,-1173.47517145682
-3635.69165600101,-214.496596519644,-642.425676153417,3976.8596974966
-785.665223533476,-2880.95041890553,3151.92979459254,3558.40590727492
678.181657738511,3410.62580927804,-2172.07392886132,2919.1770426759
-2934.03640806424,3143.45856432265,-1084.92879772094,5348.17454021923
2796.39476284919,1617.24543942073,-3166.82195270559,3352.44192163977
2475.62497176954,-3061.63749916903,3993.83156072343,967.231746150245
3365.00597796856,-1332.52939289584,-1989.28085563602,3669.35223217658
-4159.44686802461,-7046.51978926431,2744.51597639522,-273.560576685507
1339.68552426154,2444.06895044311,429.347561725263,-3377.77316635539
-42.2998997183832,2947.87106277694,1011.30724672357,-4343.51488366899
-2794.8104790529,-751.294993916496,3302.04753345159,-529.587420309744
1069.33361244202,-3857.37389923382,-1834.88678379492,5034.47923003326
-3270.51305953687,-1931.21787794707,1147.73803331028,4031.61202956471
-5002.0111360975,6480.72226991016,-1301.17448706805,-2718.79804573221
-2598.4946031374,3742.971999971,-4275.93800742303,-1889.5025290204
-7163.11646421983,4446.53902558762,1427.33846594004,1895.13178459774
-7275.02825033366,3083.70449698032,-484.153025430926,2645.3576578164
-2925.9820414954,-345.673875899281,-3568.05710657935,-993.880306603774
187.008116026182,-3525.12418684962,3366.84212715642,-34.942503776435
2439.24020983993,-2116.38895845619,-4996.84959119351,1171.46184353617
3137.2514886972,-1876.58606937852,-4190.63854805873,-738.073273606667
2339.52231149772,3969.75550170463,-4422.10934693228,1560.7499313273
-6727.22772653175,2826.82268611997,3389.85213251317,-1276.34659470463
3905.61847504602,1644.39168270623,1125.75280761719,-3310.09674704724
2950.58427094459,-227.766458114167,4079.41684128959,1832.00346222112
389.820956749752,-3156.93192862513,-178,-3542
-3512.28301839165,2582.45134756449,-346.37186665068,-5230.52575429384
-784.125158208182,-3411.62565562164,3394.38941652806,-45.5399316583485
-4400.54717501076,-6266.36919407008,2698.45890270226,681.364870758801
352.773562974664,-2656.47942525831,-1231.14709058661,-4580.61187766432
-1682.91350106295,-2574.32486879858,1912.21761390678,3689.32812513052
-6373.94340238122,3991.02946504788,-993.954342146401,-3229.44654725598
-708.384194109813,3432.0974532522,-3344.59137243212,-1263.2602272571
510.104494400607,3624.03553385476,3769.15314216762,-468.323521168203
637.499315693431,-3220.08058657534,3416.60981278204,2578.31226789567
-73.1191924983838,3192.13376464844,-909.473821386495,4501.45434945649
941.1116777604,-3250.51301047204,841.981160930559,-4103.38039992498
2409.21278548751,-4062.01823652994,-1737.4909042436,-3547.35254636478
5474.17538362157,5293.36834625983,-531.2328180464,3379.2060811407
1584.61102691569,-3153.02635427872,2272.88050339564,3136.91015339664
2624.18984291115,70.3707930429721,-3658.95003782306,-434.893923824224
-1568.29658317006,-7106.54872075932,330.157405201982,-3978.82025932575
2140.42004266004,-2982.22775886219,-1689.72746754416,-2930.39875239936
1353.01364973636,-7226.46885313967,189.147297019125,-1909.06807950225
1519.65922759909,7255.72997042592,-1968.56232210135,-659.193298868111
7186.37815757958,-284.22607421875,586.485925184942,-2232.79996536568
2244.97744939639,2890.04984936594,2706.54247378308,-3552.38118115479
-2418.76157953141,-12.0413065159574,-3650.02763819095,-433.812147974603
4030.30521095677,726.407550642976,-1305.46307977483,-3502.83267509493
-2386.40476990326,1303.44836425781,-4072.69976101495,-1027.0164824902
1070.8027420529,-3541.66399667846,808.762207950958,-4330.642378211
111.094924926758,3372.49461424002,-4560.47795712626,1.48990082322507
2776.52816970513,881.644711538461,4110.58683213458,-1269.28346392983
-3526.58218711294,-2950.89699436853,3825.69440172102,-759.877128953771
7105.15070089025,-1951.84437507811,1990.46818296092,704.134300947128
1636.90135426271,3707.81426979358,-3779.77819088727,1612.09037336691
-3162.74808174822,2614.96450106252,4307.25816307975,2032.67273749861
-7624.03527749296,-1073.61484318776,NaN,NaN
-2684.86193413098,714.65916374543,-3413.73502029644,-559.878789728338
-2507.93930912374,192.116015815603,4552.48577094049,-621.483698050238
-3867.29675720591,-7717.39112408638,-1894.5897926793,1579.39340515874
2088.69175835808,-3512.37069657795,-4847.81512845457,-380.849050833819
-3054.67767458324,-3182.21445531619,-4258.52827292705,1466.88870693024
-829.128906656278,3677.689282551,-396.041266418746,-3867.9648293773
3304.52415167282,1788.70703125,-3275.55941032469,2705.12676405364
2900.94096072705,2525.46067988938,1311.79848007991,-4048.2140092506
-1613.38206794006,2766.48898724484,-1324.78054115147,-4047.03092403436
2452.25250699772,-3216.22082321659,-4171.00563036107,-438.407031389118
1685.07711060445,-3891.14704004334,-3313.76967025782,-2082.73650163471
4115.38996474874,-87.0764763018836,-3660.77071426013,-3559.0944296995
-1464.54276078254,5026.66481718302,3723.86692225274,2814.7154238961
3777.00404746426,3019.10226120437,-3989.56474612948,860.502127860481
-7223.60947488746,3754.19353553083,-1534.09407070085,-1916.39839429382
-4932.77392418749,-2222.55104560082,-4091.42321252029,1370.38634030504
-874.185320271956,2092.6118138096,5.01806640625,3352.69267862969
-7146.34359799938,3648.04403485993,1513.01815610087,2057.75885731799
4492.79876019142,2799.76165313063,1916.75016386329,-3205.99442457626
2366.71867856676,3928.26240897311,3655.91636337167,-961.128859060403
6385.9575360949,-4762.13451418329,645.347176277905,3087.07102987465
2651.61624991176,-1503.21121380386,-4136.97667243979,-1040.01392098546
-2797.7771363628,-3070.25042872361,-4094.81083452144,-800.983490636225
-7005.55113901529,3413.4427731902,-2553.68691088383,-1341.19276174939
2839.61500575604,-260.221720923354,-4527.28843705328,-896.75447015516
-3730.54028321267,-868.08931504817,645.052119735464,3691.02412862391
4511.88939305234,-6670.15951507774,2012.08675195736,-1633.55810843602
279.757270693512,-3684.36753700431,2242.61881956454,-3576.84117366857
3277.02741206097,-3494.89555235758,2959.64050166177,2589.35329162269
522.52201651463,3946.9581459319,-3277.27631893633,2722.44821991792
1526.30512128379,2997.8641189931,3934.12768684073,1395.86296589796
1954.51368698947,3283.53945756874,-2510.72788461014,3129.64261807717
1505.23250982125,3535.40149185712,-4254.5583823276,1749.47279024877
5368.5557476589,5974.20137630369,858.585242155889,-2930.11054119716
-3.89585782274787,2933.86986002966,-1480.48558137463,3943.71195297127
2020.01451671214,7390.45615711487,-2494.16692853793,-177.12273415463
3092.26815349385,-1626.89598640643,3753.99623326935,-2179.77176729745
-1226.13237931842,-3154.25571049929,1447.70331535452,-3146.62569957223
4031.9543480214,7304.44480206886,1311.87945178396,1302.57654825058
-3764.17658004515,3075.00127916148,-3091.10455889035,3120.53574191204
-2585.26470711109,1041.30849972648,2883.12236484133,1403.34059124091
-3637.69730921007,-1067.81863896074,1487,4224
1683.77577759456,2370.12589920252,3607.20275743565,-1191.13904291582
-271.438976352062,3289.36696237014,1527.84987812396,-3901.40970261612
3924.73423167875,2678.98412694331,-4285.00299562492,701.260094114669
1686.45031743824,-3497.70965424913,-5124.9756667813,-172.541500044858
40.18663063113,3063.05959070461,-1122.78710903529,4654.83415255101
393.109682499765,-4019.39928159811,-2628.91155417814,4514.82912095085
852.724635722263,3019.84826698145,-2006.15079220773,4076.8492782165
2405.23426104634,-265.686859451071,3691.49960372473,453.742127573494
-1318.94262873983,3312.19253485328,-3401.43130077545,3628.56486889783
-3449.53036907745,312.893284521732,25.6511670664737,3770.07324240397
344.731016203249,2289.53296709237,-451.180278684713,-3340.18716888877
586.778466506763,2586.10094168112,-1051.53951653307,3653.14162340924
-535.434906211572,3143.07321632132,3382.18522093613,1371.6309391985
1269.75936984599,-3318.12064975662,-277.283454639334,4479.98852373073
-970.252335870998,2946.35291216652,-2463.87646343943,-3731.13150412739
3278.21079516557,387.928881569748,-1823.07317921552,-3714.03357982635
-3917.40701145058,-7374.56458236069,-2864.52879342823,454.971401792611
2601.35587740299,2126.40286298069,-3557.04299583911,2070.90416928716
4402.69401834215,6864.42336368134,-2099.56230259785,1570.14532819826
6501.51650139075,4581.18893458693,-2477.6053764031,-1889.45497058317
-1245.287891699,3467.90832749946,-847.519888220314,-3571.68882011104
2444.68644836856,-2129.96200469879,-4097.43176591661,1307.38963292857
7123.57904943698,-3828.84765788261,-2168.07058778011,388.348656880867
-2644.39732279547,724.4375,-4108.81995043427,-305.520393863801
2901.4901347548,3088.65669892964,-4973.99460971862,-1007.92634313972
-7306.74214693161,3526.86969208681,-1676.86897351752,-1114.3729042582
-2115.53076943029,-4761.18955662922,-1504.82742874711,4557.30096322551
2141.63601366731,819.609478789251,-3804.01787672929,764.609487656854
4994.6606310464,6753.90678320198,2379.91030038763,867.493155580273
-3570.9343015012,-2705.47508424554,-1158.10452643623,-3627.07332450489
-247.275517222217,3691.73543926415,-3102.87807748287,2818.60065185033
-3357.67128120342,-1625.32175963546,-1711.25716660613,-4810.01940061944
-3568.23504743893,-515.676359174596,3791.05196493958,2206.51822610726
3320.07158521874,345.434581605036,-3821.33838466817,-881.222997981158
3639.61296335327,2520.68682879083,2582.11988560312,-4069.10450578549
7023.01611169844,-4089.23670395715,NaN,NaN
3238.43843257182,1706.10949221524,4706.93767362156,2963.75630281936
7790.29895365712,-862.490620083279,-307.448365335696,2626.19499057368
-2046.00317261739,617.857147216797,3671.27602057056,622.535334374855
2856.69680253008,2028.86569235285,-2713.84419581654,1930.68519518045
3402.10546172107,-366.813040676193,1336.73158094257,3517.10623888912
-1208.09223381699,3296.98855794302,-1236.57836201812,4699.17024188382
-2357.20301355822,3581.87127886472,-1380.618666476,5084.83608506228
