complex_small_real,complex_small_imag,complex_large_real,complex_large_imag
-1805.02200704225,2466.35892742458,3291.50862354109,7339.41717687378
2525.63075807559,2145.89273648649,7717.20921736126,-2292.8975473367
696.468233292649,-2219.41534872206,1884.29019696189,-7745.43432025798
439.564610720762,3711.49607442488,-7138.11743607993,-1876.11164997612
-481.628845214844,2311.5214769593,-2863.42150721704,7053.05780662622
-2429.30603374384,-2544.68658668666,704.055607318012,7684.20059193008
-3587.7412540862,3202.63775545254,-6112.41251200483,-5447.43434983917
1596.65579088816,3077.59306235827,-4382.92869964446,6048.81820390725
-1996.05096729783,-2681.03958317906,4652.91715955087,-6370.41913040342
-2457.51624759328,-1925.54986724173,7221.32238528227,2574.49083927023
-4563.25720653803,7273.92623854216,NaN,NaN
-2048.9126258955,-628.170129846643,-6916.67314788136,-2849.88912952385
2587.51235160394,949.037752820716,7789.70068350576,1748.818761848
-2661.92112889981,1485.21198623042,4592.4893056733,6650.91364121472
-1386.06427001953,1739.54312583865,4470.73328035894,7683.18893683477
-2953.38315393757,1978.4269061168,-5521,-5275
-34.5662141729284,-2365.26894942408,2958.94953634035,-6989.98742385205
2769.07512747222,2655.78847345584,7158.39506301974,-2187.12502112704
2731.25612252058,2079.33431192368,-7201.27297751672,-2094.87291003812
-2284.10111635715,2702.6656583117,7011.52962762409,3775.39402230452
891.315912603022,3623.90230514602,-2649.89156792371,7452.58711431039
1531.71844075479,-2084.31688097537,4579.13021403117,7661.43940476364
214.393493652344,-1292.57061896851,6024.09726558769,5699.82508230454
2731.76742977875,-1545.985265246,6351.07546684015,5979.47810170686
-2053.6812955953,-3411.32270391567,-6211.3628896414,6614.69372026944
-2761.27583025921,2059.50488646863,-5901.66803895069,-4718.64552407622
2459.15415649357,-3410.83629227761,804.556763458252,7282.52609218901
1419.12106970663,3461.02141009138,5706.43120008693,-6728.45376122263
-3369.46843184558,1525.64554200544,-6257.34804749984,-4996.59259974625
3324.90369661783,-407.983488215232,-6792.15435376596,-2224.80832701752
886.09510206403,3971.96684767793,2905.71833368157,-7026.23531778759
-3598.92558658847,655.465502531161,-6762.64048624442,-4617.37745556823
3105.09846899822,-1632.60251290823,6524.3761537741,4268.40738204744
737,2522,4642.76363433979,-6013.09501116147
-372.35246801773,2300.37539338699,1755.4946345204,-7142.62771502058
2074.38639096541,641.460206457451,6787.05385024505,3636.0096185987
-502.9375,4052.35350039255,-656.167663574219,6943.49259345198
2083.22370486074,728.426884653095,2625.98797237013,-7716.84176703673
3633.59636737733,-1425.23615699606,-6600.35146388878,-4618.94047941184
-2184.83101777113,-3009.46764945998,5132.98555374224,-6404.6730740943
-3061.29072992241,2460.06182868367,4627.74291881822,6624.11398526684
-2331.68024611746,663.206137048193,7383.22446896186,-2136.06999964942
-3279.49705512113,1837.63410335411,-6748.19337022001,-4184.69292435095
3088.24339333886,-992.368519881527,-6721.57614969323,-3518.03816347511
2396.81719692709,-683.19552825218,-2532.68597880881,7223.36467499119
-2451.59307424806,2127.14172962213,5569.51319940488,6303.14223720294
3216.45227384871,-3508.03143961472,3803.27467748111,6062.39913176548
2752.62143970114,2213.74758913374,7222.60875979582,533.431764026089
160.303633438913,-4244.75983124401,-2081.66415479864,6926.71314208103
-1965.83611174909,2473.98462752648,6377.36261729216,6735.6182113864
1122.79457250713,-3403.91925169044,7625.67795841438,2664.7549120458
3867.68622194474,-1566.40874531881,-6482.87505027147,-6298.65990722004
-2162.98314876147,-3738.92779108807,3357.63381432507,-7521.38333233761
1269.33583519633,3281.2986062118,2638.14594227886,-7064.7784452228
770.380291440762,3553.63194600906,-4208.10201724096,6605.88196431374
2939.30197773845,-2260.69396687742,-5864.65728552113,-4580.71048490324
2900.45437763814,-1668.31734074502,6244.05843936574,5269.22124102464
1246.51913805662,-3497.74972435726,-2258.52030268012,7451.67904165854
1569.60433086696,3463.02802876001,6657.02084353311,-4938.95438081784
-3486.57389902456,-2484.61273035481,982.299850598109,7330.20214861528
-172.243818778217,3443.36520820143,-7768.71307101732,-1218.41525888548
-3257.26129664398,1810.77570332264,6047.38921718691,6760.91758038529
752.857698461329,-2626.00654358495,-6766.90372825139,3536.93766890876
-768.616638183594,-3319.1445090554,-3003.66651674011,7211.29223313633
3124.86930388636,-1951.96889895283,-6326.42880537698,-6545.55482581113
1898.58221682844,-3486.32685219603,-7088.80296726455,-1362.26610417104
1407.53320127778,2509.3153463265,3650.09972350284,-6348.36295269232
-279.319435119629,2120.33497922445,6347.88924313765,-5812.41693654662
3757.81774984606,-1790.76447788324,5850.33588323682,6006.29547779381
569.637705828692,4506.53995730914,-5964.7122848032,5807.89152750592
-406.055595397949,7516.1835381603,-965.25,2940.93156927857
913.971732003348,3879.77019473461,2779.80289173321,-6762.74688621104
415.405618406128,1307.94775593609,-5264.79328389569,6643.77358153898
-3684.70743615608,2609.27845656102,-5657.70629986281,-6971.48717612196
33.2938221483675,-2403.57717941925,-6791.54617983041,-4235.57558975315
-3249.73516222496,-1669.21564230136,725.454026140144,6574.93363210773
629.782210750651,-2321.37374595423,6741.09957496992,-1861.86184376051
-1320.1484465726,3845.79138906106,-1107.71673535503,7432.98256805242
-877.685625942425,-2532.83555532436,-7561.83329770482,3109.13442967203
-2876.11976358718,2091.29798109012,5865.11484164497,6507.10758774364
-709.485461780003,4603.52509787627,-328.430458960103,-7345.21473936685
-2060.46588882283,1222.26354684347,-7341.03243005235,2951.83015682757
90.8062744140625,4198.5224602425,6240.03790861327,-6185.89097498697
114.09810371517,-2380.30191621849,-4897.81316936159,6600.02573741391
280.152777983948,1033.23411659524,6983.31357362653,-6776.17027372581
-2330.04678814758,-1883.09632450665,4984.84398840505,-5744.6458205727
-3517.8397345796,704.899251302083,451.098590745192,6924.49238267941
-2505.36020986861,882.196190451954,-7073.57565418378,-3426.1821672425
3385.96186270685,-764.506281650767,403.138101591569,7832.76895423827
3561.86603044152,-1592.82130105743,7002.48422130025,3525.91167034829
-1977.24270589857,-2797.35539847824,6198.89080682537,-6801.99884833508
2802.77631095606,-2413.25257693248,-6928.90288718862,-3109.06990120998
1211.65941563583,2741.26235182509,-6628.82907301682,5369.8265707189
3763.87659980853,-619.455615997315,6662.88171137156,3835.15199184113
3444.30926528897,-1169.92767221101,-5458.89215531327,-6310.13307302767
4045.80085909367,-133.910636901855,6930.82015944686,3422.51233816258
1132.995099283,-3176.27839713441,-1211.51301059195,7068.9451827304
-830.567133557611,-3256.88432789889,-5894.65158715945,6562.02678243186
-26.40625,-2237.93774403545,-4270.75263740975,6300.56344603236
357.40234375,2997.4540967568,2912.37182547079,-7015.01766320443
-2895,2606,-6795.32021708844,-3530.87025355755
-2509.7238631094,540.088922552005,3072.60744359585,7011.86637412344
-3674.86806529109,1276.71509718712,7048.88694381078,4808.04713243603
920.840130706633,-2294.68344646631,6614.96116599824,-1976.55637849076
-2833.73169913076,-2495.59090909091,3215.27328183188,6876.88577285701
-1603.85635661529,-3081.59810418726,4443.83242871598,-6934.2874243871
-2064.6152635841,-2836.86064949998,6983.40158390852,-5973.00646391329
-545.958669238247,-3782.53349034926,6231.32477259209,-5990.23424557255
2740.77744963888,-2139.93087873746,5164.61290278398,5832.42086091481
3235.23143553508,-78.3138830966637,-146.872987385421,7667.67832970397
1345.32851661008,4366.59955530065,-6946.81069525484,5484.09176136364
1682.88371086984,3663.78785772104,6035.31546492602,-6722.91201851056
3627.14657920003,-98.6740951538086,-6458.37060105481,-3476.29800004495
-2749.27041544219,1259.05335281397,-6122.27187505377,-5064.35034160981
-3647.898390824,433.928708561436,-6819.3275361701,-3692.20008425035
2923.14158505216,1953.04035957712,7492.67138893988,-713.087206602466
3836.06731409551,-609.379699707031,7165.61935151902,3281.81465789986
-1235.03369140625,-3738.80348633781,3031.17955736582,-6692.43959064476
-2802.3586773215,1975.43403627137,-5712.57903370001,-4071.20176973456
-2056.10182326121,-2690.56194729537,6547.33202521218,-5855.00346697623
-2788.89018798474,-3263.74730254766,7270.9575075476,2196.3264687783
1436.30654847722,-2986.33906963928,3795.07493799761,6993.17596427236
3049.01661381502,-962.498720237997,-7183.31265879453,-849.591785101052
473.306951290999,3806.06179753675,2031.41992324707,-7419.23718786225
-2078.09490019493,-3134.34747170276,5720.76066005987,-7061.75457162008
-2831.63431185357,2049.3256000636,-5089.28116143389,-6914.47914087978
-2264.31787633884,5259.83729878028,552.065326624218,-6259.8983911939
-596.716744887643,-2809.17005957019,1679.99701587574,6673.69488584662
830.877197265625,-2909.53521524842,2338.21725412487,7173.82371781593
-1588.78292141742,-3077.61724766775,-6758.30671748888,5153.98757706135
-2985.02158637585,-220.620247840881,-7287.87348459209,-817.161415100098
3768.70039445716,-215.814041137695,6388.59352706325,6362.2968558097
4057.31994675764,-336.745384216309,6981.36507239788,2619.48419739033
-602.677339949457,-2167.53510656813,-6880.8173273787,-3425.60329444069
-310.776304910218,-3975.3429515444,6905.1388545068,-3184.66575933435
-1909.03989845718,2556.31346706636,-5415.71736235905,-6029.99159764325
-247.061769287109,-1459.29607316855,7269.54873720047,5138.73325386317
-4394.35214091878,1746.69355512234,6807.25222617392,3169.02597087827
295.313579041281,3790.83107889326,525.550628662109,-6850.68545512886
-1022.62001529587,-1906.98295556957,-7026.74414118596,6688.31724865623
-3247.13986965844,90.6873168945312,-6467.77522507778,-4134.18333328386
1367.54510498047,4154.9844953775,-5866.59244699581,7259.81375965928
-1352.27055740356,3656.32038175846,7492.21728651128,834.089757037341
-2165.04992833599,-1240.48642701251,-6937.29098092022,-2065.16987035065
1188.36147550615,-2473.85044286484,-280.003185403758,-7149.46673733255
3372.92608304821,2451.28603607157,7261.07823627762,693.778861062569
1689.82838882356,3093.8418597612,-2456.11430432247,7428.19374642853
2988.48507965899,-1845.2478141199,6577.91397433237,5137.73051706255
3302.45656904033,-2669.96731978186,6699.2579375933,5233.9903042361
-1573.54819663204,-2339.75508708464,7603.21409972546,2591.99126495351
2780.83025701344,-174.191970825195,-6371.6887364512,-4618.22236303345
2783.70897310475,237.95849609375,4784.16332316687,7167.20579775818
-2872.94718240075,971.779796158427,-5954.41991170719,-4220.68338316762
-2226.1113382351,-566.001581571192,-3542.87995566889,-6791.93781850702
1019.13915358744,3074.29963587552,-4310.28637063974,6733.98404949377
3752.07044039789,1361.36147540984,211.867812302918,8022.2951295734
3038.3824574902,-1894.45868374027,-5977.66088762119,-3514.22916142285
-2627.54801950788,2458.1014251709,-3449.0241695073,-7310.76565515917
281.046016812325,-2868.43370136183,7270.96640431555,3083.2076087685
846.017805636495,4591.19322264707,-7048.9368143333,5661.18468725854
509.437316894531,3160.69021547852,-3366.88558009466,7019.94060676884
2975.57494144284,637.730021017006,-6977.22651438171,-2903.57254633162
2581.17115992176,-2054.15412008789,-5537.55618973098,-4305.62555718278
1425.59353553489,2697.60325455972,3443.08691831203,-6853.00507393876
-682.423564515652,-4179.39172702209,-1935.90079423386,7238.67674875074
-934.168779573767,-1990.13463516055,5289.32004858078,6772.76576293965
3506.23107120926,-1786.64200573467,5966.59219411142,5167.91564204525
-696.90152122206,2849.33349031426,-7283.85461867686,-2788.54047236504
3737.5480779565,241.101012927741,7183.2048298987,-1609.64418498191
-1542.22677528026,-3755.27475383579,-4321.35116384472,6635.81434535908
-3422.60447480027,3317.42483780665,6792.01216223563,3312.33005345168
2070.07346594153,1556.6482355113,-4171.02310656235,6348.15737817279
-1927.90298279729,-3149.0082365333,-4557.76154978445,6432.62038131243
4591.74288676296,1184.73480224609,5900.86126149049,-4758.683977039
3916.57847390796,-2522.89079398463,-6989.40416163236,-3496.05373033128
1059.71140673574,3248.91737298186,6636.28546743263,-2322.35260969669
-3041.24462050741,-726.34387168225,-5647.74647875752,-6032.62582754813
-3021.27698848544,2471.48768756365,-6618.12613299404,-4061.89081201173
1195.50822686417,-4630.56415659328,-7635.05741568183,38.6803476210009
2945.34172255465,-1643.04491032716,6181.59694395841,4478.69863393626
-2619.51227807136,1881.16072098741,6338.02389366337,5288.52547181557
-2340.10847975707,-3215.018078762,5279.80365783866,-6708.909198742
-7207.73380911061,-3887.46778886769,NaN,NaN
-2601.32253166059,-3410.32972073368,4191.7133320774,-6678.06436130467
3151.43871749073,1385.67175066313,-7176.54971223752,-2114.70360444481
4.42564157052266,4106.47202648435,6708.02249720699,-3774.6898019551
-2714.52167136342,2469.94325753979,-5748.86089325591,-5345.82059944747
1949.68156089672,-3076.05671569226,1370.54369539828,7111.31450125445
-7129.51402960184,3611.16620299965,NaN,NaN
-3817,1102,-110.974068190647,8004.8437687754
3448.25187311595,857.609494640123,-7246.77259431152,-2676.03682983293
-3187.02450900235,-369.122059871735,4263.92737642715,7089.87698076147
1697.17886216473,-2114.68922515482,-5063.63123488829,-7392.13669860534
3673.22110199097,-578.076819768496,6981.81645670069,2745.77653931184
-2887.52598779933,2109.82976399411,-6288.86886145747,-5325.94836549282
-2178.14247964874,2691.21273239206,-6097.68444755543,-5521.38770419043
-1752.05260500496,1018.81360645294,-3534.36409974302,6712.04790529673
-7102.66413717202,4849.74742099812,NaN,NaN
86.7931047882164,-4258.87199149028,-1615.78383390466,7677.41089499959
3606.69855887025,-1757.85283700419,7075.9237021682,4788.69295975939
-1239.74142008242,2539.72806165004,-7268.42598741668,-6171.01814391287
1652.95077763548,2229.22875753347,-7395.77303630922,-2643.70243184046
-3347.58975852231,-2796.83402442932,-7435.12459662181,1608.61710681685
-2635.45623638318,2359.04917986534,-3774.09393392231,-6591.0124350207
2458.98035778095,-38.6083702989804,5574.51537957895,6332.09663310944
2343,-2611,-4822.46584505859,-6808.0238233922
-2437.38229496194,-1573.83532931827,5835.32806617656,-6575.96431431396
-3290.61614875757,-2444.36144353562,5864.14138735986,-6760.92306846374
535.849889672058,-4357.06289749446,6423.35368173308,-3304.46397375958
-1383.29983469708,-2435.43471493462,-6390.93462947579,7092.47430230393
2659.77933848603,-1759.49388623773,5208.70868750668,6645.15035812447
4066.58411743466,-1082.38456528946,6339.59081076039,5091.14981173248
-1082.73431396484,-4125.4365781368,1622.3223531348,-7452.5114760314
421.5,2592.98304319483,488.395622446676,7347.12918456956
1939.48772781465,-425.115561973758,-3702.67766395766,6122.13939660903
3469.6897021384,523.015853225394,-917.886081298626,7623.71889617944
895.119126297498,3028.62612290567,-324.381820678711,7186.34713416036
2315.3338800414,594.411578341014,3745.58842615472,-7150.1725536908
-2380.39210178712,7331.06339869806,NaN,NaN
1642.07423062148,2870.94877350161,5935,-5739
1733.39024762505,201.565138496547,7600.11920519775,4465.60746481682
-2000.52054331513,-1129.65383862099,7122.41632345035,-6331.34593552184
-1568.5370803899,3116.44128692577,-3779.39946211942,-7349.27726139472
-2950.50168235782,1696.8592075821,-6636.03378521858,-6778.9237135481
-2668.87840769881,1826.78525342706,6056.52109014889,6327.24124694641
-5762.8971126188,-1398.07942979515,1011.99127861744,-3932.39484855699
2705.8612012987,511.058015344758,3229.04346378145,-7094.15140447285
3384.2555664144,-976.612508678521,6833.64947615587,6287.76593881678
-1108.82326772478,-3005.86636896625,7047.27744064127,477.678820430428
2530.75357735792,-2306.91623866139,-5379.8000928287,-5610.21509883193
-2262.57592586793,2276.91159942907,-5516.52596585073,-6654.92011224599
-1765.69941348,-2846.3069092905,-6531.58422807463,5811.26943901164
1642.14887544078,3399.96608444429,7145.07378957981,-1854.11125871476
-714,-1749,6326.93162730073,6651.10510011088
3455.34323910611,-781.396512802333,7183.01909105858,3270.30937199426
3946.36834057424,-1019.55942431386,-6991.42823179924,-4871.57270465752
2590.36749536484,261.19135046518,6004.35054869029,5855.10115505507
-984.924399924489,-3609.73244917931,1433.91353114654,-7218.4186937633
-2159.68108639521,-2532.21804376551,-7076.41336694206,-305.673876088547
-132.058882103027,-3054.40462352243,1241.42148788257,-7461.22647188409
2447.86980591222,-2002.57776223298,-5970.1615008133,-4359.1550368274
-618.181818181818,-4198.72851532432,-6883.39460384646,4710.6715562535
-924.018671328642,4024.30069231167,878.563070718344,-7449.14887205349
2668.9375339537,-2310.767326366,5864.29909559503,5849.25238515596
568.267105064316,3767.96460273012,-2595.80873363714,7204.78286273607
173.955934279264,-3967.11276413325,1584.20858846869,-7769.00514992311
2785.46517604733,-1689.980901729,-6384.07075690502,-6329.22234441201
5617.7818707934,-2370.73061054438,-4157.08373776041,-1833.21693787985
3048.96957699484,385.492797851562,-7404.10640272658,197.491894350214
-2360.010665521,-1690.73600318788,-7009.33397835442,2106.2923927146
2699.21350412117,141.924840124968,-3964.71843485224,-6634.89143923523
-3494.12599466963,4340.03491717782,-6236.11566925049,-5412.47734098663
-1588.88675782289,-3267.67177761157,-7327.12523361199,2617.95216941598
-1977.81387288514,2950.27007080117,1278.70598284605,-7784.97083878015
2686.95746141033,2204.24015273529,6842.03066602911,1021.9085109376
-1900.91418804832,-3614.79241502858,-1835.3074146246,7733.83643248465
2522.05723412354,-2744.24168516569,7132.01152168934,2675.83408551388
966.218625391592,1872.35261783208,5985.61707517822,7454.92637271289
2126.00047557829,-3821.70239314479,1574.30206533066,7426.71689080673
2961.88103525183,-2628.7637162642,3827.95731236635,7134.48778969011
-3196.10958465706,347.28247812632,157.349356017565,-7323.33232714573
2213.2088292455,-2677.82301466093,6357.98788899971,4492.4820639646
-1340.69870721105,-3446.79937794545,3308.72467152644,-7234.04074449201
-2171.84314744743,-477.390319338993,-6876.03080218213,-4817.01002110649
-2643,-770,7233.44735402462,2384.09125058247
716.862289124751,-4326.9988784649,6490.10247657693,-3924.78943626374
4134.273713097,5253.04476038613,2033.63212771909,-3668.81772430792
-2519.18066258487,-663.382038148616,7201.10790098894,2577.50215489151
-1770.34596777349,-3806.44215307544,-4678.09275451059,7221.75742006084
289.659702401186,4565.53031194982,-6711.55879665516,4836.68996599032
-2614.31426716962,182.588706917494,-6475.8429933247,-2832.96733626059
2176.77966048411,-2713.8482556177,4445.51152333298,6744.40778919499
2587.42627587315,-1177.74000643556,7270.98371400623,2012.61630661257
574.884011008523,3303.58549024346,-7314.8610865077,8.68566014332964
-1572.75297929264,-73.9009294181035,5950.41047311939,-6040.22316967062
-2465.36039152118,-1774.40525473008,7704.07405056696,-3972.10919414791
1248.43239743398,1255.46103700946,-6882.63114080404,5184.58757057441
1235.78557934509,1721.07684217592,-6034.21536907536,-6773.76841985857
-3593.62520814649,633.339569091797,6962.99258231651,3938.27044623499
1511.7775306917,4131.42229281487,5871.62002032886,-7168.84060132008
-2643,-2067,-7209.41280988758,1647.59094209532
642.997171067133,3193.40412999886,7236.9391561747,331.981015872395
NaN,NaN,NaN,NaN
1180.99183913388,1009.12302683516,-6634.48754922757,-3949.13640172636
2004.01731124691,2238.60419772212,6344.28546828436,-5496.97352468942
-3760.4577193133,1961.32132447646,6472.73118524609,4836.94538939053
-2034.75168816099,-3254.36366966197,-4875.47986592324,6712.68042639672
3104.89217264379,-2948.12479657346,-1964.64658610949,7302.79413805547
3692.50545969909,-1264.82607740415,-6291.56528991481,-5279.28828163056
6898.71946001209,5069.27832770774,NaN,NaN
1161,3913,-4240.17849245231,7102.23446909588
1088.35517628544,-2803.24159000141,-2779.83067129302,7330.48721852683
-839.8427734375,1715.40465590898,6640.09924740893,6656.27462775052
3405.30200205538,-1357.0643475574,-6358.88183668258,-5309.0372119222
-2573.51825510748,-2502.71603981224,-7385.03867731549,2531.3866330745
2136.96101350888,-487.40592736713,-3257.38926876016,6600.4265114919
-3412.2580891713,-993.925983524819,-1915.65341756575,7297.36728352207
1796.22458310374,1661.05159772803,2936.347857748,7237.91153417291
-1896.54699707031,1746.8690151623,2461,7445
870.35174323694,1460.81934944179,-6283.30371613085,-4207.37975606796
-1310.90736082477,3053.8120076453,-1108.28571551588,7018.77438876609
1446.43159028432,3234.53857945586,-4023.07721315275,6016.90603252692
-2007.69463593929,-925.279608004388,6525.71737742678,3327.1239777632
-2623.36203500612,936.869602776287,7063.42828765842,1512.44042686213
790.099728000401,-2312.96630462383,6316.84967971268,5359.87487793379
-1065.96551676874,-1630.27827220274,-6782.50664228035,-3487.39502912493
189.759331893993,-959.49325325602,6227.06155898521,-6072.42316711668
-1540.56681912807,2144.1559074515,7000.14078545837,-101.167606173404
2890.9569260207,-2636.22572606784,4746.83370841156,6793.78570503626
-4299.91189782201,786.561431884766,-4319.60224181644,-6322.23216620676
3698.41499171384,-2290.26606886418,6791.82363226758,5443.66056121726
-1914.52742530635,-3242.83560643604,5169.50248829665,-6752.64820629388
-1619.06417707186,-7307.11986696667,-2718.01148240286,1323.56293983488
-2222.01258986971,-1332.421875,-7353.48606065454,2920.55235278512
-2508.45942424027,-6844.82991935203,72.7722778320312,-3713.1658906596
-551.618578649889,4060.60885127352,2208.31321900026,-7475.43025898483
3635.76309223852,-3483.07943106629,6651.22281242257,6407.68973403462
1327.80485197315,2904.84464284054,-7027.34403951461,263.317500545289
-409.05114232125,-3067.79277570959,-3954.54423463907,5838.48956012457
1681.62796012597,-2166.52914216115,1709.32280152544,-7269.2466772491
3437.28871161581,-405.308156945732,91.921802324829,-7527.40788351364
-1430.38611069042,3854.37497591388,7392.21987823877,703.536197673271
2372.77875486128,-3269.314274038,7134.46219588354,5035.31692222643
1464.82716885747,4098.51058684317,4882.29918497414,-6880.35154685406
-1340.21742660092,-2540.35724129549,-7030.2376278939,4538.78283981419
1528.61025280899,3887.08655958143,3601.6781227912,-6799.61549065521
-1707.0721881961,3433.61473522896,1018.45708352583,7354.66530859308
1376.79454848137,3546.56471782644,-434.375155370744,-7407.42544824968
420.849209110113,2957.12925670034,-5381.08094092517,7544.12703302574
-2573.97849587805,-2792.70247654927,6517.10406173314,-5850.24472035261
-1522.31540723392,-3291.32590628653,6315.10545762119,-5909.87844148404
-1984.54753139474,-3847.70012977949,4368.84994691319,-7348.55817988591
-462.482401058223,3484.16328641161,7593.81183123844,861.425961998315
-3115.3342917706,579.9814453125,7048.32031371532,2765.48980570333
-2284.0077666719,-2417.2552974318,-6400.96666318196,5025.75518528186
1467.69360596068,-2008.69230836236,-6766.98673467172,1287.14710666822
-519.431781901319,-2607.09682270278,2567.12913105085,-7054.96474418813
2877.95095596157,-1782.80061729223,5781.9995384246,5846.92565929445
6772.98203354542,-682.100002101632,3631.49093009554,-2005.97632420835
1932,-2134,3395.94408979198,-6986.71827097055
1976.27147335423,3826.13609418175,3246.8676170828,-7343.00723101973
-1833,-7520,-934.818976633175,6308.4490720136
470.247474151088,3763.10352268869,-2190.99765030655,7168.20603292665
2474.06023315088,1887.75650293328,7464.40960156884,-252.29019759783
-1388.06398918264,-3304.12012384024,-6247.48622322052,7246.07806235871
1516.53729248047,-2296.29524541991,3131.79349256478,7134.61103123513
2066.96256681551,2705.8702885937,-7028.5188505826,4623.96298046259
-2273.75284402619,-3944.22075023626,3255.75853606657,-6635.33095205501
1541.08681743421,3433.07641526442,4734.00511884989,-6328.00042253993
3789.15997347684,2228.73655494491,-518.206727309186,7346.77547216488
2924.12947631509,-575.945381821827,2016.69321251859,-6625.48553633004
1303.26904801567,2902.79257784849,2380.53423752323,-6924.22997824148
2945.04017545391,-471.185385427167,6572.68140274013,4440.2697900901
1385.92608913278,3275.11176851488,-3093.87515274688,7215.93114155925
-2884.53884008475,2353.57945067521,5560.88887294127,6585.53922724367
-2214.37468907863,2364.22452141854,5782.23066483702,6657.91539535309
-3025.54069955127,6515.6259761721,-2915.46858929984,-501.615284592426
2844.99264119268,-3389.98758536076,3620.34101080235,6913.99634290634
2164.21879427747,3222.9620117271,-1528.90401345803,7273.52035617383
-3880,-286,7228.2584294253,2960.84762517325
3852.12912514957,-1254.27736034872,-7111.73036405513,-2568.97237312198
-3010.03601504004,1032.72666549813,2589.65246622938,7362.38102679369
2592.98440756466,1360.93554544489,7544.07277025622,-672.988465350081
1298.94095465638,2817.79951715259,-7169.18495197389,1831.119629492
307.759026690689,3368.05040071817,3263.73952086195,-6593.31291566006
-272.860220001965,-2560.40360143971,3632.16315032145,-6830.2257017037
-1998.5809427452,3938.34057028437,-7317.86029198659,-1470.05212068294
3012.1896131857,-1883.4551139111,-1807.6056925361,-6715.24581096435
-6171.83054584262,-6665.45829060903,NaN,NaN
-3372.80977998134,243.736831665039,-6634.07919992955,-2580.69336917362
-3807.29641184397,2981.88523472471,7127.84527067679,3375.43134527926
1648.49774666734,2513.24605751959,2566.71817691662,7157.81876790556
-1721.6127639159,-3122.18942592342,-6966.27134071836,3041.70150638854
-3525.92784773838,293.658752441406,-6895.74592062913,-3750.68006888568
-3790.02662187037,1602.25298214504,5949.29915223484,7225.27072656108
-2443.91178273191,-2013.44738769531,-7662.62926646193,1485.36268804632
2573.93778296696,-2780.67681897085,-6274.44911672559,-2752.47255199518
-1762.79612637617,-2775.47410505286,3719.96625241083,-6708.84730522849
-1895.70449043553,-2269.47258006985,-6515.30907509933,5054.86289928776
-2965.87125730154,2180.9821785581,6564.98373975488,3920.6422478694
-79.17578125,-2032.03465223935,7173.20233720006,3655.18466957356
2137.68939910369,3944.78138344602,3770.12114263581,-7255.90375021185
2907.66656315377,2148.86686499579,1446.37489974303,-7159.23534771031
-2801.16433676831,2131.98030704797,-5605.70105555091,-5908.13508215558
-3270.10459729922,2288.92611204078,-5193.80191757,-6395.33123503577
-3169.36700456267,1510.20407620275,-6817.17191392401,-4275.79079591479
3192.14469903171,-1399.47521594394,-6482.06484099813,-5041.83329514895
51.3989764739335,2696.27930075415,7582,1778
3422.03453579382,-820.986039547744,-6308.57622350022,-4150.5622952889
1584.38458971311,-2660.92643915275,-1404.6831450751,-7157.01912759691
479.997390305771,-3207.89441514033,-1289.94956777844,7290.05780445582
1075.10625,1431.02925841991,-7162.20658300826,-4768.91903087051
-3990.20845941892,688.083427555521,6827.40783464071,3583.46885639457
-742.468698431042,-3457.26095271603,-6616.41373752784,2907.16233791844
3380.81634888671,611.278756832331,4753.05519132525,6567.30911092814
2446.9234948428,2491.49335093304,-7055.80607226873,5108.26261379018
4069.15929847265,87.4471081989568,-6869.43695781331,-5271.66109080984
-4506.73563238164,6560.12759485865,NaN,NaN
3539.33708377849,-1478.8457216862,7082.68207047362,5033.8265266092
-1770.49398040771,-3531.75106689861,-3493.09134589731,6610.9603734756
-204.530578021496,-3741.84963306625,6707.91263513945,-4866.64237204212
-1664.89086069592,-2834.98543161182,-6292.94635598907,4926.20145869839
-3606.10685093052,1295.29712866916,6007.59146629928,5663.79151621852
2771.51790020746,-755.992350374956,7087.30648733123,3113.93399620586
3583.61266244448,705.043730950131,7221.2597019246,3136.34621711739
920.494648790158,2549.71856385963,-7188.7237051034,-2842.82278254515
-3081.7716211166,2009.85256562671,-823.804588317871,-7313.58311496492
-2603.63445280687,-2159.8854728958,7118.56310201645,1425.97930594703
1724.5340174554,3556.74357777784,1862.10527450943,-7461.91687110328
33.4398254394531,-3308.27443576036,7570.18111381185,368.513488769531
-4161.62307822107,827.595944306484,4556.14555396648,6164.28486845581
-3783.17650872118,1176.0138109168,-5177.66467390296,-6645.86207189732
-1930.49959381336,2289.8998365755,5543.78687899273,6227.76511754971
5441.33979732347,-217.738125688166,1826.4075461356,-2582.00998792113
2321.38763200038,-2403.3816950585,5982.83260668675,6446.12384239721
-970.239031546457,2747.39361060077,2990.56837606079,-6998.19776172694
1544.89858564989,-189.998437320134,6778.38411867813,-5138.22170526874
1527.66043835977,3782.87994110414,-6282.88389229518,6183.15346099771
-731.010045349082,3654.86910839553,1292.17645603769,-7585.52027474362
-3808.48543461366,-276.079469256073,7072.46838615002,3119.15145697473
-3119.04003286342,-370.4127350677,-7054.15413385529,-2205.2478080644
215.64892578125,-3934.65508940989,1705.95543074053,-7151.60690338042
-3114.44960404704,736.139258310752,-324.927429608601,7734.53703441462
-2349.99566408793,451.072207856514,7382.22809694787,-3739.57468909819
1142.22079157757,2857.0300750997,6919.74982408716,-4473.25053681945
-1055.62635040283,3949.9424325894,7202.4469901444,-4681.61059932916
3870.45038175654,-3235.86423880265,-7083.53484647387,-5362.16893236762
1648.52081676064,3320.49129488456,7026.58626598086,-6969.57942985903
160.96357615894,2498.40750780846,-4780.05788578682,6278.1145071656
2721.1474801305,-2103.51206874847,2055.12730820519,-7645.51292280114
1196.65182674937,3330.6306215393,5570.15581244127,-6997.03868344561
690.034577244259,3946.81047221492,7143.650806733,-4346.34026877933
2338.59700028044,2523.67516684209,7055.24579720722,2840.37589811401
1243.83511943717,3330.31527487022,3853.16534708075,-6885.04700666973
1917.24234060471,-3276.37581897901,-1039.63607936069,7198.80012354445
826.114666907423,-2985.8253148877,-7224.74160034087,-2406.48072892318
-3400.81299087215,2634.95542775336,-6170.28457367701,-6423.19089122565
-3217.03946787849,1638.85106890938,6134.7783866525,6047.64854730003
-2745.9944073316,2088.72941406403,5497.24700239277,4859.03289485538
-379.038635001681,1948.95319888477,6697.79328505276,-4042.03564002632
2813.21678334109,-2062.62617173945,-6657.44344280674,-3277.83428998263
2024.41500130006,1163.53449609988,-7033.54621724831,-1579.24798258116
1908.54446018421,2771.96232782233,6332.53806620285,-5786.82558322993
-1965.478372175,-2191.55988086528,5596.49147985358,-5849.6706870511
-2457.265816049,2733.70303509972,5530.50714092883,6497.9576665164
-1623.15971404464,2674.99941410603,3920.6240623288,7065.27646114369
-1407.17617931024,-3968.22961366062,1483.87570612455,-7349.85026323555
-3258.82886660776,523.397994995117,-7019.89781506946,-6403.50366405479
-3589.240667607,1200.61950484699,-5413.27675319848,-6731.64078859926
2555.78325261021,-1348.39433442338,7464.05560365606,-400.54411315918
3.7185158990834,3286.94916306093,-1910.69890089845,-7351.14133289028
-1032.98216705726,-3857.4033958912,6812.15152887836,-972.06235344207
1652.68238959992,-3659.56788149613,-483.402931680485,7197.99529074214
-286.77394764459,-3717.2576694635,2436.04965376415,-7034.73192279686
-2326.96130701602,583.275499462113,-7440.0829867022,-235.962950100065
3558.29169014856,-953.805893248473,7237.70408898197,2990.46110866267
3572.13417381326,253.01318359375,-7161.91385866836,-3387.19788739522
-2489.75721241376,-930.248471870101,-7123.6954043378,-1719.74125729372
-3319.1812329901,2856.54907255167,-6258.05086362694,-5311.64767980837
-3394.379847808,2576.06362904922,-6861.9989709498,-4098.3790794575
-450.440770809369,-3559.85878654172,3617.06257191474,-6808.22650923861
1327.9930371026,3363.89068319702,6803.4063841091,-5917.47976251034
-1634.71095063025,-3716.13001996242,-3727.32312984217,6952.9282652358
-2063.02706228459,-2895.39902859194,7181.94578732807,-2539.06695603235
2777.80616396816,-2236.63508356466,6222.30278405514,4938.68752090135
-2199.71359489085,-1842.12741737028,-7065.37569291845,-659.4140625
3171.69252529646,-304.811744689941,6733.4442489402,3166.55018715663
-2508.60346921736,-2459.69720461403,-4044.42936522079,6575.75335640824
2036.58445435186,2420.97449880455,600.13623677299,-7360.81107203419
-1376.59778744984,610.52488635409,6185.70295645158,-5106.28189361967
1424.15329340296,-2864.73481376063,6423.08689766796,3909.94998191239
111.017164963942,1516.13246109114,5577.994641192,6098.72145713725
1917.58069326198,1265.60418336153,5645.33190694067,-6241.63306642938
-1971.16664992629,-898.662325509881,7178.97030464104,3598.49360594125
440.640294224986,-3521.70330846845,-2754.59138713023,7246.4093741502
1496.34208824224,3694.62113788774,-4457.28471841634,6859.1579185354
-4030.82272291183,-2274.93798779345,1461.22232993508,-8295.22672799227
-1956.17284395452,-1243.98238172029,6724.75276144451,-6477.58463144839
2704.38145817482,-3183.79690544012,-6955.21859220954,-4232.95170116761
3396.66600032734,-1500.41198688514,6868.07751372088,4754.5560170307
-2345.70239062862,-1736.30679792516,-7270.42722085691,2229.43510622377
-3046,1554,-6508.55636500498,-4017.26592029268
-951.876169466125,3596.05667703375,-53.7003855985754,-7475.10146756518
3029.60010154508,-3350.01505727042,3679.56979105099,7074.3020963985
53.5211357347893,437.035727454211,-6650.43765324678,-3709.61372158913
-3106.0717969011,-1762.41063082122,3170.13294564758,-7305.02653723954
1827.983615791,-2006.70244648867,-6872.93154020283,-4710.45815673543
-4165.19194375294,112.170577942618,5978.14808521043,5172.28356456856
-2238,-2910,7489.19799577483,1570.7383680438
596.06372833252,-3126.97988414764,-1068.13678301395,-7234.36220099237
2417.86904907798,-3750.9474579755,7546.25780101599,566.798467835736
-2594.69943752788,447.095214509394,3640.72747990791,-6653.64056871946
-2844.61125650517,2203.23075852707,4286.16763353207,7152.33375645159
-1715.54632997513,-2574.25758332409,-281.851806640625,-7442.80287766637
2538.57326694359,2863.67678498245,-7114.76339907622,-2118.23824377537
-2789.70137612099,604.591691437205,-5905.22119735373,-5239.31754358248
2139.3683766756,2480.70136577384,6353.25795908252,-5459.58141394174
-779.500899147237,-1715.89432742233,-6840.40731864733,-3462.52689696489
228.75048828125,4443.31786116728,6790.30388648887,-2941.71500764387
6190.41800158498,5172.3941615691,NaN,NaN
2163.59990854883,2639.41050271427,6680.77023848821,-4928.38686684255
-6847.76866808521,-1585.12262061011,-1333.83852896949,2418.80529953597
-1081.05898862133,4242.7182909962,-7600.11638119422,191.479787715347
3350.27943449011,-1463.47313318049,7138.06328838401,2945.42678905753
-1225.56104459397,-3899.96553973146,5486.8622288368,-7562.08280315631
-2621.84728253368,1707.04471677594,-6169.25349415149,-6134.52468361605
907.224232758422,2820.64929836449,-7442.74677460599,402.025139626492
-3391.18568444207,366.749200610826,-7127.92285607902,-2659.22032772889
-3017.75536165091,851.02349988152,-7192.09949933324,-4179.15194832905
-1085.65827446456,-3375.55368908049,-2449.44626877456,6684.00476043701
-2146.99369757716,-2723.2933648057,7267.17829028733,347.714084841945
-725.616105235358,2304.52786546147,-7200.74074012723,2747.53140506569
2781.26370301822,-2305.22762945364,3612.12893289771,7968.8297253326
-1117.50475251449,-3752.55137439512,4983.39198891066,-7034.63719699645
-108.243614653446,-2406.02234584651,3737.22110781207,-7470.83783182915
2351.38616205031,-4416.54835556981,7169.6658988357,-186.730499916888
3304.94710361139,626.641967773438,6870.20926138319,2234.27442166452
3050.86005165337,-1188.19702399842,-5120.20493942827,-6478.20152409756
524.285445038836,4027.37967830922,-990.250247661541,-7554.4581608234
2610.17599069019,1736.16463241555,1968.87439067942,7239.30762523414
4317.08219532953,89.653694152832,-2853.72878496871,-6989.63160021327
-2865.16252668799,1986.65933033205,-6364.76026858174,-5340.32773064704
956.808727997763,4156.61471944302,3650.32489082711,-7216.06228856741
-1216.6223526001,-3205.88283915613,3460.08186004334,-7048.60354277082
2716.95604851541,-1616.48864463418,-1833.31649754313,7262.61994811241
3012.2722219008,-1955.35848978805,6296.39043887044,5079.07025750029
-1985.50552185181,348.663026094965,-6466.94457508418,-4309.05197286676
-1627.00845778142,-3128.37280787779,6513.95218372263,-7088.8715953896
1169.77010345459,-2638.51518022316,3245.1379593719,7701.57417573403
3367.02546977552,7111.01150292611,NaN,NaN
-2111.23981837539,2675.55743854353,-398.669243298676,7048.87788735324
2659.42079426475,-1944.61408464949,-1184.12788231308,-7003.94972587701
-2921.95524744613,1593.08492531763,-6135.82191328344,-5134.0145371153
2585.41530576665,-1321.94709447487,-7085.02250418209,-2789.04118502372
-3028.20044928968,343.001953125,-6607.42670433868,-4036.15276882402
2864.21801286045,-2332.31022163426,5589.11583431423,4331.33883620072
95.1589822404372,-3035.33011425179,-917.02444621664,-7370.93152208205
2920.1023538806,-981.377901649359,6640.64563385089,2515.1772606018
-3168.50525800884,2871.81329256446,5584.52213070156,3636.68563408625
-487.625397713509,3491.73156232762,-2481.87383703286,6969.15389443746
-710.561305370146,-3689.68302247605,-6624.39126662129,5600.46117914022
-2091.96732897248,-2208.51690173349,-6754.75240073942,3497.98675170675
2878.87316176471,434.612580868762,2821.19962448577,6859.22775731542
1807.76574988818,-2321.99973955231,-5534.27063973488,-5706.67221216862
2106.10750475179,1834.84556928668,-6247.96149072857,5908.26064946922
-2015.10975145172,-2431.32836023793,-6224.81837376893,5534.60445600425
2233.93309074933,49.8377046431618,6998.32170189767,250.736270397081
1116.19572415211,-2161.82519866196,6048.03554423844,5814.13718872884
2136.16305227447,3206.65022683813,-4253.06849289899,6357.32373332801
-1811.36844552909,-3029.14069328006,-5127.66167994489,6800.65247582254
2025.59394567214,2948.81905592498,-4563.23029468027,6535.56915514308
220.832562109375,-4766.98703427399,-2941.31648862977,7018.330116858
2207.7592706263,2890.30324660363,-7012.49630270676,3859.02901073165
-1527.2334666058,-3633.37912153816,-2620.86420752335,7277.09992317859
2542.2573411741,2621.76180314057,-7096.6695679736,1217.12959084157
1782.16275512767,2940.63452398023,-175.097417211744,7184.54516289883
-1573.06283346037,-3499.72731073919,-3323.41984429377,6861.43333900918
1282.75289744159,4024.18309937666,3103.09763566324,-7539.41111987962
55.9869384765625,4302.21640254923,-2765.96460334364,7034.44962375513
1328.75217229072,-1661.51554204453,3131.01632413799,-7464.20339099201
-1421.72493942149,-2809.79000117668,-6499.24504291897,5692.78226163621
1002.72911155617,-3051.88201073685,1504.1692362425,7178.05334255339
-1563.89680510047,2443.58181095441,3550.11606320368,6999.79832418536
-1640.39517661404,-2932.67621667591,-7497.58858134853,2066.66679117677
-1151.99644606049,-3454.84357720377,-6553.15925581485,6045.29474024726
1047.56585693359,-2923.35565834171,-7458.03364916886,-1406.84163299187
1408.4243889621,3462.93428887996,-4277.12939382268,6642.82449605175
150.986894015119,4377.63697820711,1649.21431381149,-7285.38590669684
-2620.93238163546,-1616.71051774624,-7214.16903433259,-1743.56996492246
-2018.17812233126,-3252.16753410827,-5185.77174780623,6488.2033739598
2837.82066078645,2121.73358187008,7270.34919018392,1440.28480090327
-2423.11430710803,-2816.90120356979,4935.08232886824,-6356.46845767492
3055.70725077559,-2814.26911729856,5004.50019234753,6820.04170146932
-419.565223720431,-4135.8920245737,-2612.87876279244,7052.35613744736
2278.87838443651,3363.03009025406,-4204.03771416246,6567.97007686061
-3515.3709379904,572.77451369,-6885.00855469474,-3488.58300185844
-1871.19692296249,-2930.46287545968,-6511.07151652978,5688.06171029933
-2772.80633993254,-2306.14782583202,5490.21933643679,-6695.39603918251
1697.95596476397,3503.11486681916,5588.76559517194,-6669.9163540533
-435.738886892996,2426.08388037431,6339.13109485161,-3189.26326350017
-2713.12371668829,1090.50918210189,6326.32227465495,5825.35606471746
1850.70540600607,3419.66661194842,-4211.2037871759,6601.31711493521
-2525.20298190752,-2102.40474516657,4089,-6717
1625.94346098609,2820.55729702759,-1176.18839933318,7040.13316455421
-1079.29065860647,-2104.17674394845,-7247.18302366072,3869.7249664197
4126.74361339296,-344.866462012106,5491.96827707811,5803.67031266051
-780.079236724361,-2371.69339475328,-6726.22113857131,5656.20139278382
-2004.12049956901,2651.54322237221,-7293.49057665729,-4748.01376088306
3551.72667954096,-910.476860338981,-6567.22870717473,-2797.41422858888
654.759792883419,3129.64298571963,7264.94350859319,-353.632751853125
870.659536996671,3383.14156506913,1234.85299311342,-7541.05464463667
1277.04173153915,-3011.99323071189,-7754.39483769567,-1131.17390843232
3572.06744372063,-1342.93455220538,6477.5687383016,4136.92385335634
-1599.33759634579,-2612.88153154659,-7756.67262426334,4965.71872674503
2770.26653473707,-2168.75531814578,1859.87829005746,-7662.41737637682
1474.22270645634,-2289.7486975792,-2782.02339801602,-7741.55379713452
1774.91824056999,-3922.81854241887,7541.98061652445,-1043.7751222425
3896.95008361895,271.6051297869,6964.4914420796,2950.21763852386
2870.24863163823,-2606.79808758423,4962.13565952456,7492.7802245467
-2778.65985751471,3012.73822684345,-3123.33846610884,-7375.19930646886
-408.83399772644,3866.56335649463,116.283550740929,7493.75281301515
-5971.06400327276,-3320.77775176197,1279.58782708711,-4543.7209577581
-2264.11686571247,-2958.80271455721,-7144.14249360127,4242.88177398847
1713,3082,6506.21110015509,-5444.53974875729
2394.20195442595,-864.80200690766,1874.04181209875,-7987.19557235142
2032.23498700863,3491.96640264247,4220.57151829749,-7198.13108766533
-3677.10959414251,1401.13859730658,6489.16671157004,6665.67374112036
-3706.67630149166,502.010160605113,6935.67774109323,3208.76386424747
-3030.64290783076,-1170.086060353,7195.42183225787,1802.77761053513
-240.808285361842,-3624.12455177932,-7221.15783615228,1527.7654308007
72.2569811234684,-3154.34629496329,-7795.92664703389,-469.97457883849
-3051.87581352329,-3023.21351780893,568.467849716731,7542.66859226517
1598.36255882471,4092.48758719241,-4386.56294248542,7360.41048559505
-895.862518310547,3311.16982632532,867.754100004056,7383.88592285543
1182.86005261453,-1658.37153223608,3892.30720772314,-7519.1295323687
199.91943359375,3678.16508514475,-2995.932346446,7152.39665813977
3264.06669008721,-2145.20848372003,-1044.4921711669,-7153.82040216947
1338.4921875,4139.30056451156,3863.77115025141,-7510.6384327485
2758.00069429205,765.287399414575,-7379.76437897052,-3538.29664194043
916.956062316895,2721.49430885968,-4812.14968843484,6431.51322307006
-3549.81571429117,308.27250755287,6821.64969540677,4579.87698833976
-1313.90094735631,-3755.42332241442,-6042.80532414703,6531.3215922172
-3221.63638172599,766.763189018659,-6680.53151192583,-4819.14434509836
-3732.17560525761,2855.85860753909,-6962.78190995721,-4856.57159581512
-6573.23486382711,-511.08158963148,3365.83134413005,-1905.44714236954
-1110.09714649368,3188.62033610268,7634.33325763785,2019.87745736719
2715.12830673917,-2014.88681398276,4332.93040608363,6893.70233325809
95.7627919965086,-3264.34601167776,-3939.81933640023,6903.09187114975
-3615.53041413046,-2288.8483936495,-261.862522458369,7790.79914176853
-5089.75056773877,7380.72989892982,NaN,NaN
3361.64024885772,104.023599367093,-7162.42445166125,-2035.79733313069
-1587.41386551286,2699.49681621997,-190.783916196085,7243.45424134074
-2665.54237347159,-1189.26160965395,-7156.54391055373,-2216.87799934075
-2231.42900481584,-3010.4283199475,5309.22589583733,-6423.74636443269
-2464.01513513208,-2041.63223861376,6984.08391358891,2860.42766305013
-3205.71254602543,-1388.78225171983,3827.73426306964,6872.46554446665
1466.019140625,-3130.27431971639,-7304.40080703897,-1025.15399490367
-1216.29740138747,-3479.95119851387,-4706.49289351114,6702.65742508986
-736.317604108873,3147.54061353111,-7270.06295210287,3891.20585344896
-2272.64092605314,-2646.15857943905,3989.92685860829,-6581.01600012289
-1159.6138030333,-3148.25927635691,-7254.70274237441,3220.8577185471
-3431.45350780804,-827.137098746019,7028.16561471963,3484.15368978272
1508.50221063628,3726.72371470786,3025.43779303922,-6994.18231914008
2588.53305897635,479.758847832009,6915.89850736231,3202.66896804614
2920.13116415902,2938.09515898965,-65.4806356991039,7370.11320009896
-2602.12354937203,1518.97177180914,-2337.44386875517,7326.30971566389
3481.54925435533,-560.95182143745,-7303.75897832144,-4640.93875152698
-1593.72461530897,-2758.55772895042,7061.72003347849,-44.31982421875
3981.885560694,356.455852508545,2568.44526269167,6725.76461972779
-2215.20758297663,-2020.15544346451,-7194.46500614056,3219.22425792585
-2898.66487953813,858.233747973885,-699.92228372981,-7411.826076556
3751.48013177972,471.340384196844,6664.87743095229,3843.25554215764
-2760.77181016032,1860.43857341496,-5339.06771069482,-6196.73378070563
3390.20029082465,-1539.81451455139,-6872.3910577053,-5608.28962158307
2777.15707577571,2092.28756122321,-7474.52075432496,-458.386832417686
1021.79275570804,3754.07344748441,2121.5390435489,-7959.76683788184
801.427156376853,-3964.60713387688,-2668.6446512744,7164.29625004478
-2537.26553251468,2311.10473542001,4648.93544192334,7110.57394069526
-4128.95896741888,491.695536358173,6996.12564177619,3797.27177826778
1702.92308104347,2423.01558400487,-7662.22740285199,3506.16198712195
2314.9885702319,1748.08530612522,-4580.12386343233,7327.01539571
689.852517585232,1401.54316797379,-7399.69363054278,-4486.53912607384
902.221601062938,-4049.869229843,-1260.25575832611,7586.00847670223
-1735.0894398195,-2161.87869742942,7592.58708825652,-4708.11520921168
-445.234080194014,4019.94573453578,-1802.02118471251,-7576.33756733676
-787.337454764777,-3826.84798045429,-2442.23266354466,7109.01108839153
648.765434265137,3854.34513568765,4463.84018321897,-7246.30327902836
-2799.70931507104,2142.47866079372,-5612.31496436154,-6990.89461806598
1022.50208179803,6996.39055198407,2291.81915407999,-129.10932580824
999.95712538195,3621.16576952742,1770.17862796162,-7269.6327858278
2354.4903704288,2433.05389982707,-7258.26175000826,4322.84037793501
-2325.42243447689,-1555.46290244145,7088.47858182686,-5606.99231776751
1611.76506764317,1878.6302567751,7110.71864393149,-4523.84160025533
-2470.60064936154,1172.84770253734,5900.75853677096,6729.72188545829
3656.85433161809,-136.432123728131,-7167.08766645717,-4405.84680736893
4067.81104931906,1473.74887010306,-568.239127786485,-7908.86686361137
-3118.97716655716,1808.14449098019,7442.41593614129,3219.62828165768
3086.30856312833,-1958.12484453791,5739.86201830415,6685.33605831923
-1067.42743733481,-4999.01219509537,-4265.2346195115,7216.60527969849
754.319755554199,-3576.01179223513,-3284.67630279512,7010.0945843325
-955.707799623286,3684.64816794006,6587.32339327985,-4675.90208715246
-2684.29518779468,-2351.72672522649,1420.0187952417,6472.0979966039
-2518.96035859539,577.903240977735,7109.54255836946,743.750846862793
-2846.68705638904,-3375.15558374235,1396.55454991535,-7270.45759243243
2183.25048615829,2359.78484575273,-7039.12527167568,4167.23155785855
1788.68712505768,-3961.66863837582,6589.92148654948,-2333.75809716599
1800.59094967216,-4090.40813376563,7208.92421254334,-1300.17508401152
-1023.20280555365,-1253.03845049565,-5708.02346142768,7168.79635192359
1065.024363612,4229.18170946841,4420.63083486849,-6317.06308987014
1818.07557045839,-2397.28791257609,-2533.85567616233,6975.66912390833
1511.51703395201,-1922.43392444856,-2537.72424106424,6951.64657022879
157.038734108736,-4163.18533235265,6553.61029183135,-3899.99122699006
692.025246705527,3906.11472288516,-4361.58650387829,6570.31531523197
-2730.38536338819,-2062.28710609135,-7430.87044156598,-1341.17316771108
7517.47673923666,4139.53455970885,NaN,NaN
-1727.57600307922,-1988.28964222615,-3156.65375491603,6747.19176652223
2998.37807142751,-2703.29488830444,7965.6594523561,1503.079111725
-2523.11822342727,-1342.3487783432,-7257.54370012013,-648.91331559665
2209,2518,5685.10548825085,-6117.59448164921
-2990.14241951932,-1103.54126949958,7094.81993614714,2504.35115076828
-1948.70366640638,3224.8200227125,-3972.04699274353,-6734.02358142501
943.596779215259,-3206.44648481769,756.770944852173,-7427.95021036093
3924.75268533105,2236.24555207697,-143.566123300099,-8123.85671162967
-2087.26340742973,-2548.55910646046,6801.38101959229,2719.50836758137
-887.175758847323,1668.80983901661,2612.20177014455,-7454.64597595611
-571.49111714544,4120.02973155046,-6657.31196246971,2258.16038569698
1948.71163336828,-2178.68741586697,-7182.20387102232,-5078.71260418222
-3797.08983967241,1420.71198611557,-7844.00621557244,-4009.46395302439
-2212.13486699098,-1211.23660448472,-4722.74345450903,-6485.10626718183
500.859252929688,-3661.02132242792,7148.72761908263,-2208.77716958699
-3186.56543164589,1545.54422054347,4741.61525751743,6975.21766881464
-206.352356518131,1870.56682649627,5963.09209520995,-5948.63028518386
3427.48442989506,-2390.83354648056,3765.91775674733,7299.67109924089
-3406.80696138884,2294.66606801048,2902.83302091378,7474.56610122597
1083.26612338373,2677.87925639302,7205.96306185903,-3383.62994550069
1205.57324302575,4047.48722326741,-6773.76826059466,3609.32679192059
3463.05438150278,-26.722282381216,7011.01038588943,3099.47153359136
2729.81750411517,-3279.28772174904,1118.20371141551,7129.83223599471
1570.89222392959,3903.79663457124,3992.85471441781,-6981.69621481495
2782.37880769079,474.944190979004,6662.01228207909,3832.05705719178
-2636.67712539913,598.208969322411,6789.26869791065,4092.81533520658
113.962990532691,-2904.6049605389,2958.49736180248,-7096.59242228211
-1414.98972093265,-61.98779296875,6016.71149329038,6567.46943016198
961.741262146043,2807.35462243927,-3780.47804388121,6564.95464272268
-1691.08667137938,-1028.82971908391,-2299.27251675612,-6865.29778141742
-1747.3909297132,815.794407302707,-3761.98888139723,6154.59292109948
2348.945893701,-1756.35011847755,-5890.07376581883,-6399.388201185
2853.15438135608,-793.768108654616,-6131.46810790823,-4450.99971391758
1959.13914819295,-2549.82312406325,-4030.57535382258,-6904.63267893278
2756.13537273226,1493.48491900741,2541.25675371445,-7190.6121804195
641.403321437124,-2371.15939676237,3561.783949028,6636.73520802958
1352.30688138006,2249.36353375232,36.5595098487762,7020.88908092769
569.514084150206,-3583.25153741915,6666.13794291193,-3289.80037927397
2771.21726434968,-1381.19389680827,6266.44539472986,4504.76001939379
-1425.29114736237,-2479.73865574188,-6062.16978789114,5619.82101399083
-1909.42655410345,2688.01761540358,-5482.36391688778,-5938.43146419261
-2278.57170583136,-2748.69082595827,-5864.24533398476,4915.27886749758
-53.8154454667864,-2684.80682440104,2929.39929639158,-6805.8840460478
2289.05663346148,2311.1704060825,174.327880859375,-7381.86975449818
-2021.58008315467,2705.41887872735,-474.731097720983,7009.6472780782
-1773.1765700354,-2588.33247680696,6086.55562458397,-5563.79900792924
-3265.93023473063,1298.97466203343,5612.28310027469,6565.55202403871
3299.17987031194,-1180.76681156072,6479.695487034,5692.12826961692
-361.473693847656,-3985.25409836066,-1773.14709301834,7425.40006226941
-3831.014702127,7051.78055612117,NaN,NaN
-2848.71394502909,2523.65907255334,-5294.82355438678,-6698.66112608378
-2872.46726334141,2582.99141903507,-5025.1012097464,-6565.43584501682
2371.66859752357,1969.70378085706,-7669.85550536417,2135.90242591756
-716.053093341945,3673.83156755151,6459.01610489353,-4866.10715051312
-3165.13869558031,1382.57749224785,-6221.19151743057,-4595.79171088697
-1420.36933639431,3085.90638659664,7709.23116034743,-1649.83365666946
-1070.25698421139,2296.15645773606,-4591.73856274376,-7078.36067469974
1264.26571826608,-2767.53797101442,-7014.4710916855,2070.80301824546
1578.43303439997,2711.44655768237,-7405.23103852284,4797.64843634468
-2560.24387017464,-2832.73961376455,7372.71271461576,1946.4904761695
-63.238669755877,-4354.21796427183,-1193.86346252862,7489.23228009322
1437.24377660466,-3947.1586155166,-2357.3451120477,7190.5735397847
174.851544359044,2678.73583548195,-3913.42558196175,-7422.68591986721
-377.464534562307,-3351.14847635683,-1968.51308699813,7127.37171472815
3116.58839396037,-218.572328131701,7015.17559839862,2432.43155106757
1318.45858791582,3860.28648392011,2077.89951997288,-7528.77116679037
2396.60175238715,2964.924725855,-3201.6221958538,6744.51129189376
-2559.08230115358,2229.43628272339,-6303.21263914722,-5796.11726927007
-2847.92982309312,-2859.47025790272,3057.44208525637,-6741.49015561058
3370.50349932191,-2501.79854434614,6547.74923556405,5266.08435398494
-42.8323364257812,6645.47630263867,-52.2507631269843,-2495.80485563979
-2702.77626374185,-57.0971221923828,-7121.02524682103,-3097.92304233166
-3370.10376378053,146.884771449877,7270.22392777343,-152.389705882353
-747.450196707455,-1846.64455043881,-6725.7845029246,-3343.18952666664
2411.9433130735,-1295.37948197656,1121.81644439907,-7459.04403356812
-1197.42035819447,940.574160447761,-6921.31987116212,3046.48959823595
362.015963045278,2440.59198493776,4525.93781663008,-6269.3390802769
1763.66393506227,3023.89531283823,-4677.0790772836,5814.82778043508
-2242.24069649116,-2749.98776696233,5733.92417931033,-4984.1943556704
-3085.87862834756,506.832153320312,-6668.49504849776,-2687.77326329289
1158.66749744797,3177.92545651927,2446.77923013936,-7046.96340645113
-1384.77560675938,-3236.22523083542,-6524.5030406077,5611.4319597604
-3897.19498813339,1285.7689945414,-6434.27161099639,-7056.24034818265
3395.49855188837,-5431.77727581241,3551.95924655725,1196.87838990949
-1458.58427964114,-3934.67927331124,3483.32161714894,-6999.14950944907
-3661.98788161377,1450.37535071277,723.696143683077,-7586.20008643914
575.57383898281,3363.84326758148,6707.03482063439,-5212.2510787143
-3106.94652431837,1287.4716015461,4850.66130287917,6765.3268658432
3089.07174954584,776.792083870445,6988.8363965712,312.369049072266
-1631.87245178223,2495.34132140308,3190.81382659898,7156.09148746409
3037,480,-7465.9405411709,-3000.16857151294
-7722.72069871831,-4654.81367853711,NaN,NaN
-2842.596534729,2606.91083992605,2427.28068774329,7346.42360652738
-1198.16772460938,618.304256335655,6959.81992891542,-6242.7044319358
-2028.71902185989,-2423.1375862015,6199.53855183066,-5230.90381128396
788.592964172363,3540.14475633762,-2050.97669598103,7110.73758100121
-499.00962967609,-3823.68511977074,-6036.07611879818,5169.24756801661
2574.83153917534,-1530.38754127971,5024.61876309619,6411.37494272844
150.217386983199,-1835.73094947338,3899.17096182291,-6854.00536902967
-418.052157636622,-2734.94993621061,1331.75666408012,7174.66999405218
1723.53336422833,2457.41545730852,-2517.67204602863,7074.78691554915
1430.23928131182,-401.587104265698,4678.78524131699,-6474.26459120904
-2589.46318960541,2488.02197245908,5553.77488728187,6146.15865087186
-1272.51282729018,1224.0171577112,6471.20763726013,-3385.82547954011
-297.95570903934,-3780.34647664978,-6625.27905308444,4165.76252411046
958.540620943395,-3219.76651177192,-7018.89532380531,1275.75246710526
1846.31619536635,2214.10682785645,7251.08471633483,-2359.68503090813
-2047.30550354958,-624.450034230204,-6925.53719623081,-3890.23097989196
-948.774200044529,-3649.39971280004,-5550.60938945298,7282.13400118764
6579.828142452,-6888.56975995837,NaN,NaN
-3230.12533546693,-761.097544963864,-7372.06664230358,-2787.55081546669
3518.89981247615,-226.308422620958,6868.67704074955,3790.911030323
-1181.59358421222,-3360.44446887445,2007.69023755799,-7179.29191056835
-928.146460159825,2294.89621764186,6783.78079555512,3523.39884692647
-2454,-845,-6645.27448993275,-3649.16271188664
-1378.96835460509,2516.62959705056,-7339.70972771374,-3352.26925757232
-1673.38256064443,-3114.63186371022,-1683.97048210109,7644.35568086176
164.803971908512,402.502084560249,-6508.28973390106,-4973.35567206557
4865.513429674,-530.56480662028,-4327.23118598411,-7818.5059901957
-3321,1130,6684.31943504298,4079.06162816295
65.0130466707759,3469.35597333869,5406.79807668139,-6841.62923665912
-3486.47709301003,-193.626365661621,-7349.45487583081,-3075.92076109633
-1220.08738376783,-3593.03685737549,-2977.58706124021,7227.3175319366
3329.60421683737,-1782.54491788662,-5695.92719608628,-6595.05147508728
2579.02206060804,-1855.40436922941,4214.32409219762,6487.93845379857
3427.98249720179,-1567.1126847256,-4848.06700352794,-6475.03313206429
2421.39361481052,-2169.13660997028,-1483.06146148616,7443.30302579778
2901.66675646566,-856.1877915976,-6148.04080022746,-5131.59331317865
NaN,NaN,NaN,NaN
-2214.84250278616,-1608.80075652039,6971.71674970342,823.498167516661
-661.463727878724,-3423.09347361051,-6530.05216970271,3902.625
2643.43389039671,-2033.70745129592,-2412.08033698053,-6942.55194803054
-3041.3856075826,-1557.65364712853,-7266.83998099046,-2902.4925857549
-3853.63226501299,675.382899470345,6617.63866285324,3925.67315254949
3932.81738091686,-1049.50395639794,-7399.1277885466,-5096.30955991282
169.078332480531,-3960.7925960701,-1773.55640621161,7184.24388930869
968.81771396974,3814.55099627653,6269.1739032586,-7337.38608622772
-2165.18309745684,-866.414309794882,-7144.27131036673,-2518.62314267888
-3298.52762252242,1531.92434750328,-7067.27668486485,-4131.79625724106
-37.4450762674449,-6806.64651037729,712.246026110108,-4073.29357409002
3668.98887631739,-6786.05799842868,NaN,NaN
1856.14387363177,2639.02176300848,6648.35003492142,-5285.02729640034
267.026942413065,-2135.07986553878,468.016493936702,7082.49183000966
1203.70786441392,3077.58039107812,-4082.49451171219,6651.8791440279
-1637.65161132812,2463.11935944695,-3741.08721551452,-7258.95220236416
2367.44832276015,-2656.73659025338,1044.17761282327,7122.80328532482
-3594.04736049295,738.396896049074,6106.39294358063,6887.85421854076
-3389.30102516514,-169.99676233996,-6994.69780444063,-2507.71404762044
-737.511074804677,2260.19286978131,-7195.16378497061,653.970993864798
2256.05626627425,1887.26521288338,-6004.8807310819,7533.25080295769
4230.52222783589,-7266.13329199619,NaN,NaN
-2958.81791093454,1226.07498899648,-6705.73689284954,-5419.08092596448
2070.68696572751,3001.92112591157,4288.27749730204,-6419.94302188519
959.947710188533,3451.38634446636,-6642.09213343382,3758.13092318747
2341.21844243287,3538.35223760723,-3889.8031194103,6762.14748213216
106.369815414703,2745.35621392991,-6887.87756847663,-3727.62208353687
-315.399310201969,-3715.52807226687,-3013.61097958362,6973.45498291281
663.885833517821,1372.11331773442,-6868.37806392085,-4966.16748244808
-1385.41852812527,-3029.13432561793,4659.45542642485,-6311.01969543411
1851.55413958238,2912.78069106289,-4459.34997331793,5799.97181023352
-820.726597325409,-3182.3346477434,-3909.59176385422,5400.92832747449
2875.74021187562,-2373.54979011194,4250.57575823622,7480.18257362485
2646.77640636789,1334.1451341629,6915.80861841008,2466.09787290912
2583.9967403064,-610.602853160626,-7590.3949398378,552.725475805744
2999.80199649678,1386.38006654333,7198.46862625886,1476.46414642114
18.7746810913086,3561.0781094851,1676.64820966446,-6998.23548388821
-2508.34241652222,1957.5110048066,-5666.85377409858,-6484.2189962072
-2551.7754581927,-186.809480247042,7314.22920700058,4672.54590034181
-1113.64553257901,-4090.11176239182,-2212.79236415177,7379.61833604802
-2518.44510791379,1612.40990284341,5603.3195130752,6109.96088100368
-2966.89479156715,1467.48799582956,-5964.72826866966,-5824.8216783149
-252.379408654689,4029.43321831958,6568.29207784337,-3894.65285461729
1507.23667104493,18.52351124291,7312.55443598646,5465.84191678252
1806.43713354288,1039.48418559481,6373.74230391253,-6488.78238410249
3392.56971611453,1411.23533142768,-2169.98570712772,7450.47762677249
1996.97865923221,1258.25651055501,-6956.76505785717,3349.13877890518
775.436669582715,2865.25899468969,3831.64161222105,-5983.99202124081
2720.43405525683,1809.15467584077,3681.54011838032,-5567.29495257159
-1013.67490184615,-2902.27135202967,-7339.82719950917,1713.80898270408
1877.81468102702,560.636413034601,5124.46794406574,-7023.14515036538
-839.805349954745,-2611.41194665133,-7214.99548841283,1321.71826043793
-3834.94912390242,1550.18673635115,6322.41545587277,5195.21995925676
764.398296587296,3325.57217017478,1268.65613154827,-7908.05877520541
-118.371632285811,3681.7182333434,-2485.19764099239,6999.12380354045
2296.20608054742,-2805.73546993843,7389.16366834583,1134.03520770994
-7228.87121141842,-4883.61226307116,NaN,NaN
-3169.34765738705,668.021056922816,-7303.92070400375,-2819.99748263961
2289.5912226136,-2942.80364537824,5396.43962840267,6707.44234265313
-2890.64996059594,57.5144653320312,3865.25965044265,-6765.52531451543
2593.03289351832,-1746.18286404698,-6521.44607545172,-6375.87593957541
-2168.9816283223,2245.20845316313,-5882.22029358547,-4860.37989019507
-2752.77711585891,1053.99107261002,-5911.50105369881,-5329.71086824419
2838.77769946875,613.931151270342,6847.43777837189,2837.44462667586
-1155.05948379742,-2861.60155508184,-7487.18306757118,3083.5721186598
-366.413020984547,-2808.07478766803,-7079.76043289984,762.278173103979
641.884805844974,3638.02623798231,-6135.60834030092,6182.91830506536
2077.76955527729,-515.937104652155,3739.73837056539,-6988.07054292619
417.61936316759,3755.40312685699,-2010.42135837623,7409.43494910418
2479.05923404339,-1922.98754976829,-5378.06029139589,-6942.67962125208
2921.78074110146,2329.87410927421,6918.1687008844,1604.36207423327
1805.67587474919,1597.74013866509,7183.49874027366,-2119.13899210802
-2517.95318981863,-2808.58956922251,5441.85693456224,-6569.70691156963
-2114.07273980657,-2239.83660097445,1109.49973707933,7047.71247981293
-2471.5081541516,291.616566422594,-2774.41247182778,7287.03373551491
2606.65387090418,-1886.13369009999,3782.59252797761,6988.90682765819
1175.0637257688,2966.27513585993,4807.66336993781,-6481.64047032418
1278.92496548233,2718.71816778794,6958.87846889345,-2026.38388855189
-2087.4911301761,2650.86764870622,5911.70391870858,6265.39593186706
2308.59755214638,3091.869340574,-7440.3331603286,1402.61809100795
2411.21607179338,1590.14266848466,-7002.75309697917,-2445.45281207666
-3232.62233230217,-5862.62434121397,-2167.6158942893,1426.67824844656
-3076.72960536927,1425.31948183192,4743.4682443449,6831.60807289925
-3726.79118533459,485.644254557292,1052.39051560844,-7508.29784458439
-808.857976219558,-2162.49147316262,3619.12040171786,-7705.32842724457
-975.881373460268,-2996.43761687312,2312.22767627183,-7014.78452894491
1974.01395608341,2811.94417635205,7134.37109602853,-310.50585788713
900.036201963267,2253.13219878412,3422.80339808836,7239.84760604893
-2242.42038801619,-352.408378601074,5716.42372351358,5766.096324481
-2182.94495981879,-2379.63758933047,6957.93309794386,-5279.84737020296
604.936656269486,-1986.06705788158,-5385.59079341579,-6398.94328425711
-2846.46644729657,2888.88555684704,-6772.07579144541,-2913.94207199384
-2822.47124026671,1673.40761754724,-5743.92348083079,-5276.71027199644
214.208557128906,-3780.76075552372,-6934.12981232995,4091.48186108062
-1521,-3649,4952.51746745678,-6546.06955605985
-1039.74926709266,-2832.5300379387,-7014.58472857937,4435.63827701585
1717.03386090608,3221.10875179505,-3362.68259597219,7413.52682320192
-360.293783137951,-2465.58308396169,-7214.42189578399,-3206.51857422959
2529.97243107769,-2521.8429346341,7011.29068018874,6590.86251726033
-2265.25911354296,-3568.79246804147,4742.78348596734,-6696.1471888687
-3188.01448438678,1442.90643875285,6671.37868380519,4072.60505912613
3308.77271833796,-905.306613963126,-6999.0212033181,-3900.02110010584
-255.089112746694,1849.81133447242,3629.35256058865,-6902.1586965959
-2474.87936337655,-980.053309572645,7040.59461403061,1798.55443987763
-2076.33091708239,-2946.69812187137,6149.0986006008,-5609.56420996389
3390.56578424441,-1622.56082608864,4834.29382283416,6734.05112304628
3272.90463894505,-2225.01375928243,2735.37425486995,7234.32507610385
-2465.51552278011,2623.01887401959,-7659.16798187153,-1744.07306841485
-3181.64568714819,3174.57477678571,-7231.03383851803,-2384.31973901155
-632.805045946292,-3411.37892441065,2443.65546263846,-7222.53480300936
-1861.09137179993,-2161.27591311704,-7507.13106021268,3856.31981943582
3875.33731403953,412.906234943988,-6996.29056265873,-2542.84187878294
-795.074843322927,-3290.52482624291,-495.77285514377,7280.2091659249
-463.590482488815,-3613.99349882428,2140.09316975128,-7327.87842847012
2530.41937355527,-3046.87276931556,-1066.2996668422,7266.55023472703
711.881773756483,-3460.29493259068,1906.69386657641,-7430.70014428101
-2768.94317313792,1105.27623523266,570.032973958525,-7507.23597983604
-2305.54870064626,-916.037093076891,-6396.49978378202,-2900.77581189655
2277.61348191353,-181.365290580036,-7036.46657382775,-1158.11985551664
-291.128524780273,-2581.29773464813,-1503.74809955745,-7410.37168162593
-1862.63972268991,-1893.75910304363,3464.51325033562,-6864.30772898706
-1370.71725422641,-3580.56011151202,-5264.2451431362,7154.4450915954
-781.71279756476,2295.45861604745,-4375.16594991217,7358.28275562192
-1142.22179622145,-3378.75543610382,-5213.40494749391,6576.59708617506
2790.33002188078,-2232.24349402317,609.108190004676,6998.99816773786
1204.07318301601,1830.70841497142,-5809.86804786867,-6826.11761203088
2837.42353327794,-2069.52019838299,4863.08298906165,6867.67220121231
-2751.87117131635,492.746821255289,7204.16534119411,2168.92567910495
2694.04992447668,-1219.63743510362,6311.30848298494,5238.89072696241
-1706.24719238281,-3247.16525863901,4661.13769614349,-6048.31285461226
2692.36829499039,-1941.29078714492,2629.53953413071,6987.35036324848
1288.0954018925,-3207.67564594463,-7005.77962242328,1083.7465193232
-3558.91402491076,2047.80098819733,-6749.57631527781,-4743.47048433578
2907.35103006365,-1127.369094852,-2959.61143774145,-6968.87782861081
2436.60800365539,3178.56177256477,-1523.85726785814,7952.27731049598
-529.846209506071,-3725.27902589185,-2884.49906983752,7180.86339282779
2860.06062147732,1026.51953125,-7196.25193349017,-677.67578125
1562.35440229888,762.953632085297,-7262.96471624867,-5034.99060536919
5736.99332439215,6777.31869589193,NaN,NaN
-1971.52476122421,-3314.62421126625,-4343.78143097011,6234.96900167517
-24.4022942904768,-2685.67509826897,-3846.36551032782,6804.62085216456
137.39366032527,2205.55429462856,3723.80219106744,6890.5759059655
2941.76120366956,-1770.04389303404,-6265.19780280411,-5306.84576742118
-675.409688661424,-1972.6688208698,6895.25149599802,-5590.36257023662
-3717.42492400531,579.274739845449,7195.78704698358,5321.64120707014
-1537.30794046722,-2108.03394321243,6584.5562225415,3845.57828013671
-3548.36169692455,509.844885547977,-6967.37752755068,-4229.74032337509
1685.82907435022,-2453.0794328124,-3413.4829414965,-7671.74739066789
2742.6304263233,-2721.50774169091,7110.32783968559,5477.99466905046
2263.44986702794,-1929.24581657552,2482.90360651078,-7262.6084384969
3397.08037244174,-706.328259857739,7016.66676828817,5645.64608799861
-1947.39574982531,3677.16599552701,7493.50367879946,2574.50138015418
991.420547016452,2485.20875272407,3282.22536050562,-6722.96631563632
-1651,2526,789.419977757578,-7092.54067746159
-620.569355637031,-2965.84164508281,2019.00620953732,-7142.71415042549
-3761.77911416759,557.437738934436,6709.61155341703,6815.20789832322
-47.5279159545898,3296.04940339932,5072.15348410032,-6752.85107058493
-2199.02669763592,1323.41115559345,7044.85966419656,-2556.9822144505
2513.78605546683,2450.5498614405,7347.40846272357,2422.75654184601
-2416.83935999893,2379.83674035868,-4366.76723278967,-6966.33647460455
-2027.70863342285,2513.55138589382,4039.98193212203,7232.64879906261
-2912.02080454819,3223.15419484673,-6950.48760550453,-3058.48031855125
-3357.97535209377,1096.32589960098,7038.36516746857,2258.87375597087
3448.6421796781,3066.60471740406,-2273.69517603026,7108.76937456242
3014.70971460944,-689.641727877262,1506.9111541985,6788.6234548586
2649.84352009835,-1397.78580977232,152.677588530617,7247.59618930418
-396.11460367493,3061.06012626439,-7027.75769813649,-1355.32061757392
-1061.26573181152,-3640.39619577901,-5157.23700725529,6630.21857669821
3845.45710821563,-1599.76424075605,7189.2103841808,4334.38451250742
-2128.57197917107,-1730.03533619396,7069.38688077502,3083.2136628161
-286.932744565217,1298.30860510526,-6333.63524891363,7443.86673188894
1557.87854537487,3678.85906735249,3062.41486066326,-7009.36962482798
924.105790449877,3551.70261049348,-5045.9547880035,6840.5146219201
-3113.64573375208,2746.99972157156,-5564.33371830404,-6648.83257513967
-6933.1393618359,-368.169799324096,-4531.6609676701,856.439330426533
-586.113518701841,-3800.01089287487,-3340.05252801823,7026.76469917105
-1127.88117090861,-2812.3730578107,4031.84033690117,-6503.88390773668
-1889.51788866198,-826.447585493283,-6094.98357610785,4989.59116896158
-2062.6608658424,-2462.37221554209,-1099.74077610716,7505.30587245998
1208.87627662588,939.727565473304,-7364.56618039872,-5528.4642511143
-3240.48619991164,1173.50592751926,-6220.00885615918,-5048.63250406194
1572.86979448598,3021.39321661824,-6540.31039465666,6301.9575277236
1209.25994880581,2885.412135421,7897.12931598975,2310.16642378599
-1275.66502498945,-3031.67646115674,-7506.72971767479,-2696.85385431177
1739.0844803173,-3341.90307057698,6609.12500836232,3922.60421351407
-747.592594895657,-3399.13566695262,-4244.51763739969,6910.21511967195
1251.7934653725,-423.900761501045,6205.23742641057,-6474.73637806187
3175.02894752682,1398.00506207767,-2608.6481588723,7348.25798273317
2582.50265929522,-145.793785095215,-6672.61848306884,-3596.16383857484
-1236.88043212891,-1341.43617292299,-4497.46089559384,-6467.25824959758
3047.84857527363,-276.921752929688,6542.63825243777,4171.59484336149
-2137.97139413998,86.1333232004997,-7341.74156944194,3017.84002848271
2995.11808226162,504.731493762052,6837.24620978033,3841.02688460843
-3959.59309030759,2727.03319399648,7563.42649908423,2857.9901081223
3000.75304952158,-2068.2093004259,-5751.27045414694,-6879.94262003387
1908.07495102808,-3383.25569792306,2002.54336520409,7039.77584752347
2496.15747329648,-1895.83758879322,5294.35708350534,6390.71170528205
2310.87398642496,3682.82757852446,2973.26135455211,-7256.20500748223
-3286.4521928235,3643.15223424016,5269.66349572074,6548.98033453445
2428.04330557789,-1524.86532701678,6575.57040718539,3159.96074640595
-2411.6414288979,2165.84460495879,5664.52266972315,5622.98270783605
569.731027938681,3236.52313166175,1155.49338708819,-6707.05671587798
28.0204435770261,2975.16664810005,-7393.29246133267,-1044.08630231212
-3432.923118904,2687.62361424759,6543.25512286528,5565.27741080698
2804.48081591446,3200.56196493273,3739.31163564503,-6871.18636869873
1514.52679417896,-4867.01036242766,-6612.61196800555,3367.84660139818
3172.2302536126,1803.21456818144,2750.00548749451,6944.86250940575
3645.77684734494,-53.8586255549506,-6585.27776544733,-4210.48568770995
1640.78506291341,-2149.37718315227,-6611.28978731971,-4983.78426371206
-3047.98009218211,2833.80804909556,-6380.30539632122,-6042.18001365684
-3447.14840194184,3153.78636253227,7683.28174700062,2030.98183652258
199.150742083364,2405.44682309113,6558.14014353254,-4583.94685461214
-996.816934176989,-2032.64178070337,-6727.91558867522,-3024.05158064561
1718.97669678371,752.792871126673,-5838.74035548541,-3293.47445163535
-3263.938494641,1266.8708988675,7150.29262597878,6247.20973836642
274.693821159569,-6255.77622986972,930.020901608534,-4781.79303422302
-1226.80444724284,-3396.31914210158,2597.22288703838,-7153.37727129649
2591.68066770846,1450.32133718726,-7355.20604107237,2211.80036376269
1631.80631593015,-3843.48183727676,-731.879531468796,7130.05331628321
1291.96530418251,3682.30885482225,2293.05412691122,-7572.02648056789
-3211.59371988689,-195.039275630643,-7073.08811589704,-3632.27391167113
3168.08811418684,2407.6774778741,-7078.86586045677,-2432.62867848414
-1281.57514768644,-2904.80018412385,4443.50577956546,-6753.27226934301
2893.51440973415,7457.43411998706,NaN,NaN
440.530586242676,2237.39325195137,5167.08713278054,-7532.8972648857
-2859.38677476766,2180.76359015613,-5288.25652372719,-6630.87811073456
-2198.04028777273,3212.33978749831,-4192.21445079414,-6883.62164979598
-1723.835619959,-3113.48821864078,-3912.48525628249,6571.30194041972
-1587.00998694191,-2529.67951323311,-4847.97835572908,5822.51876311586
-85.4961717534362,-2667.94882881726,-7152.82597898392,-1780.87199797183
1260.22893857073,3017.85336371573,-5888.58865598267,6662.85630303018
2667.12927842336,-2390.15030184659,-736.411385922379,7512.29901035047
-1883.9847731099,-2432.70362519902,6959.52119656674,-3702.76649693125
-3522.75957248445,403.574454690216,-6617.50097720187,-5191.44601461718
7569.12858349562,241.946140519108,320.321721526981,-2773.43219769381
3317.84333328205,795.768074409859,235.408803225774,-7453.81080432434
1038.7090015336,-4072.57168378542,8061.28798037934,-536.542598001419
2660.06932753942,502.578316824777,-7138.25218126512,2517.80177769551
-2106.12753148764,-58.8383712768555,5137.59716911796,6635.9353247109
-1042.8286309543,-2829.83484586841,-2804.17308546262,7149.28492191465
-510.660886701922,-3706.06462574745,-3990.65347425923,6927.79948864757
-3239.36586177415,-1542.81203651342,6986.3777641843,3003.31815357392
-2261.10978462174,-2744.4057640806,-7455.13877157096,2246.76807790016
763.934795274809,-3762.40950129809,-2765.08973884241,7070.68733347891
2537.10012938762,2724.00327659669,1425.43497701953,-7433.11989339192
3181.75346534906,-388.674289856008,6956.85212470634,3593.86370986184
-756.192512062119,-3117.0345362456,515.482137784091,6992.89528001883
-618.15772298995,2384.79916998099,-1044.46035687051,7044.11639286665
1901,3305,-4631.45593566414,6627.95236945776
-2417.03254800759,-2450.79685696005,7390.52968213979,-2602.34383382415
1320.16543082735,3212.43150332106,-5925.78489648232,6163.45822585227
-3453.00232415809,-320.857864132275,-7012.66415749733,-3199.51964799194
137.152780520261,-3347.37581430917,1898.10035454018,-7181.88161133595
3559.56453688863,235.483838825812,-7479.68231986029,-2205.60107847896
-2305.24948486034,-2987.10860750799,6726.63744002802,-4960.64747073496
-1222.26420867703,747.88557198289,6592.42205261488,-6593.22233808009
1760.77380993745,631.329688240342,-6632.36147694048,5425.18041351516
-1494.37361419092,3041.86199875613,-4875.39628832177,-6715.00083156833
1717.20381277533,3205.64735326891,5694.75748564172,-6505.84526456364
2426.96937088137,97.2122479582794,7579.51650043062,-3078.82638447387
1712.82230475675,2741.4067505865,-6548.51343863043,5680.52386141418
2226.2224413128,-1886.85003708398,-2251.88731685083,7336.31839663449
-106.256487165179,-4208.92862891267,-3240.97310385516,7004.47157766263
-7213.52062105207,-345.576887875945,NaN,NaN
-1349,-4109,-4035.39794761442,6543.99785988773
1797.82704381512,729.698191533474,-6915.3681710455,-2954.28002723469
-3163.11470005239,-426.289179104478,2719.87140937851,6758.20766936342
-3295.18923309772,1699.49518564585,6924.76492761778,3168.16218477702
-1930.36214447021,-4111.02356616618,-4058.62489968253,7015.44405101662
1062.49324858392,3258.12207825635,-4637.61028326372,6423.01963086634
3043.15538373041,741.727062453366,-7742.15019163031,-4506.20625066168
148.616424806656,3771.88533271688,-2216.40881225729,7176.11915113375
-991.445925570223,-3250.58663886293,-6271.78407664751,7007.25012028943
-1490.81627346608,-3267.28618843132,2844.37942718798,-7347.08700154132
-1121.82824559889,1629.78307631308,7499.70941076131,960.885113868285
-1240.82084489528,2717.41870835534,-3224.80423996041,-7183.19929825156
19.4918212890625,3714.54457469857,1908.85056302204,-7187.31418336374
3352.15514358336,6735.97970075895,-2209.05973640639,-1569.4566241821
-3706.542444281,527.071056804826,6998.72239068752,3130.97466328446
2120.80225456881,3801.68722203216,5564.1829948799,-7125.62290044291
2742.0737735288,-1600.81507012385,-4768.09267417107,-6628.85315277832
-3979.86686755102,-1541.44907753289,1786.35813794153,6788.80548998111
-2334.70595766481,1643.46277674536,4135.21302876218,6943.13523200992
-3127.8865788601,-2638.54881198347,-3164.78789910939,7115.1604230005
886.689477847935,-2093.2308567646,-3635.15133795826,6497.9620886125
-2953.79994625643,-77.12451171875,-910.613749110298,7306.16290047628
-5611.901406546,-1039.83439515036,-490.860793527249,-4501.7381434303
-412.92893027726,3710.56463411734,445.457793902918,-7247.93701321472
-3402,-1856,-2299.79601704485,-7441.53888712907
-3217.51108257359,106.363341161293,-6918.84683434201,-3208.76003177055
3580.3491817638,-197.982399307379,-1791.54026586631,6995.59226479246
-1934.20792078089,-3576.14624871027,4187.95638899555,-6958.60571393502
2380.32008439781,-2753.985663695,-2424.24418019492,-7334.88050821351
866.256170511095,2222.88958438444,-517.113271779028,-6926.01494011624
2239.76866074981,-2783.26811773389,-6218.81844772061,-5788.02716732814
3137.9327689011,-2526.32729273302,7637.90901039784,4125.21300216502
655.004244642701,-3722.99446328644,3378.8474874943,-6973.32198198443
3296.93337678279,-535.292115936909,6654.20706602693,3492.96815327454
1625.15039210176,3013.49762190945,-6546.40608539412,6372.7800411612
766.034458941291,3360.36729428632,-2502.30331652643,7306.27685500617
3652.31420567756,1483.653429413,-172.150302315278,7591.50693469811
-3171.60270176577,-810.630896008247,7120.41963889824,2096.19519761029
-668.837528214042,-1163.17541941173,-6971.05320210854,-6707.60274013417
-1044.35393042614,2265.52882868909,3016.37263018049,7019.22631432989
2832.70933999132,1888.29640568398,2983.48925309408,-6766.96905910641
-1966.0625,-2979.48067474648,1852.78532649248,-7330.19425761874
-2079.43294089851,-2798.8892610425,7128.87333355909,-5029.17235961633
-3735,442,-1937.79125310478,-6798.40551393126
1869.22288071949,2678.85985606345,1882.44635405043,7143.31968882411
6717.05774733131,-487.642807944955,3166.12018338428,-1299.9949488486
-811.741477966309,2104.86669991602,-6365.93398890644,-6092.64791575646
-3759.96957546143,689.450056302345,7052.45487416573,3241.42350006462
-1369.95842813914,-3143.01945717273,-4883.00082970417,6421.23960580433
2306.01814744664,2073.06882555675,-3826.18194731698,5994.73115032675
-2890.36115138315,-1632.16926968043,-354.411958943348,7474.11894117086
-76.0304581212025,2395.1920147556,-3743.3838311739,-7694.52979117233
-1271.8862991333,2526.35364049552,-4075.13837656441,-6930.03211390034
-1335.59774209192,-3452.62836862222,2391.93266961457,-7565.04228852916
-3382.77601109941,480.170545536182,-6986.19303605352,-3054.4507067441
1079.10320591833,2508.71470764059,6724.59875684142,-4174.64657419597
-3478.33651401686,1548.92865570277,-7266.22146545861,-3533.92856290608
-330.371740188629,-1862.9678688911,2851.06621320201,6946.3621452698
-3095.80650071695,-1204.65326000581,6893.97019687096,3329.5418662662
1332.64782749364,800.468339157467,-6766.62621524086,-4398.73078578651
793.896076352068,2611.12644018146,583.734456105632,7355.62656401869
7370.6327538421,4392.58504947258,NaN,NaN
-1282.36683534291,-2350.13446541965,-7179.87407702247,4421.1561370683
260.423071237826,-1863.46133449463,2104.57170690472,-7241.49850924375
-2477.27302126553,-3468.44937393678,4137.20561436473,-6867.09895118389
1205.83255003301,814.703746513856,-6307.91584109254,-3944.94528601989
-769.18408203125,2527.50863723528,6220.0748588214,3847.5059336221
-3217.66169688295,2750.26227015944,-3663.83393262017,-7105.82481517036
-1483.41389617135,-3426.40202324466,2991.29707680436,-7001.5920633587
3796.35657183115,-1506.15954370816,6973.89849670598,4215.02052857425
-3595.5271618479,-51.7229057817429,-1479.97160078156,-6600.59610418951
-1899.07391460109,-1937.2905526947,6705.36996884838,-5756.40762153621
-3691.70879060733,1771.5167064908,6738.79363899508,4281.66457981645
-1961.29990970949,3074.80783284379,-1633.84741465765,-7355.89358454198
-1343.03357139959,-834.780999932626,7048.49761682563,-4613.56497578822
1197.81707278532,3079.6433503284,-4448.63296396976,5667.45553431339
3332.27867490074,-1085.2124993789,-6540.97378407534,-3486.03710514309
-2634.09464088042,2240.48188310073,-6160.23708004891,-6548.31191139996
2356.23416272167,1274.26626968384,-7806.12446809131,803.328423600185
-121,4734,1471.41965892825,-7551.86830978272
1522.19420911759,3259.1559140425,-6425.79656797719,5824.97293052973
-1480.46030771886,-3258.01918457181,4441.39290535163,-6995.12107907173
-4046.89484634143,-7069.78617755913,NaN,NaN
1987.90951464427,2317.15813494586,5116.20515035137,-5960.60182017999
-1690.82565895714,2915.70836425781,-5650.26083444901,-5773.32586632175
-2690.69121120265,2161.20645128492,-2138.40388762109,-6903.03464189155
1882.3785737585,-1212.4560439246,-6460.87743435028,-5462.14951049772
3556.64418133895,-685.6002389982,-6801.72463109743,-4048.70985519114
1747.49478603128,-2743.34110762587,-2436.27228035344,6908.10814209593
-1389.88179471493,-1863.86638527645,4133.03140115571,6774.86745191158
297.45817565918,-4158.84377780474,7096.58936380168,-4020.9752519306
3702.3104344439,-1779.38489920325,-6678.41515025671,-4526.55131626612
-2449.00492070413,-2038.57776909686,6116.86829381287,-5496.48996616186
-3192.49763776183,2382.54294488132,3219.4103249016,7168.96215188204
-2711.96482435365,4360.26028527167,-7597.38829803109,-159.113022607775
-427.328769246628,-3493.71516554476,-3665.41107883238,6848.36475075474
-1432.18265238516,-3533.43923515932,3870.44978138132,-6835.74126692613
1195.72929907393,4051.04833453454,3736.02829367435,-7342.39235580099
1570.36182885906,3254.12901329715,-6821.86002047352,5728.0531181137
3244.58069433056,-1495.23689100884,6556.49291609187,4402.67244680849
-1758.15203417381,-2454.60439339378,-6121.14504166724,5246.00274391573
2059.43840302517,-3209.72672225953,-5230.08671527053,-6367.86531018615
2222.63643365877,757.593738211996,-7126.90172025713,-4211.83297905431
642.549761040266,3543.77812178218,-4436.51644233828,6722.61635970277
2124.62094200759,2807.50599890885,-7040.71903336303,5105.01171835711
-2853.0574313536,284.913635253906,7069.94373143028,2708.23017795637
3272.49000796299,-2994.21593960901,-8021.20342366414,-1493.14426189635
-2710.92841513781,1646.54487488596,6154.25881492077,5759.02772566589
2424.63646684424,-262.219907407407,6289.03486636872,3802.34114814578
2970.21958627911,-1298.74683474012,6728.92274525574,5890.4862596516
2347.64979029033,616.11262160238,-7580.58144097802,-4310.20260338305
1801.64543878047,3791.65681118235,4338.063641304,-8040.49645883495
3104.40761227282,214.830627441406,6781.9960974988,4059.14153793359
750.927834454705,1550.11736519507,-5936.3999462148,-3384.82237945352
2238.65511319215,1918.24965324881,7503.13223266943,-547.382003146199
1681.72266158561,2288.84490240695,-6727.50162241905,-2986.46553764135
-3422.45035351208,1214.30069461339,-6823.49720081494,-4126.76204709198
-1134.13813703534,1715.36228987314,6723.87222556458,3780.84887611852
-1598.66961482282,-2727.95749697738,-7693.77967358518,1432.85711243324
-1670.1419095488,1966.06218877655,7101.3717141004,-1827.89697464685
421.660875177937,3388.63003855969,-7137.80836944019,3072.6206201604
2417.11033979965,154.524658203125,-7388.43032100841,2641.01496996617
278.5859375,1947.65284972696,-6488.48113023919,-7129.24024352464
2963.52658871456,-3118.31269460097,6836.68266809521,4355.63934572049
-3773.48836412224,-79.086296081543,7234.65536369049,5697.45772431415
2512.35450396953,-1120.80854576556,-4425.27078864708,-6716.0649524675
1640.2174748054,2889.90156935034,-6775.72030938572,4612.51531992682
-1608.41444485201,-2568.22470772017,1319.9232850902,-7400.01745291498
-5965.9321868927,-2919.38525623193,1176.44929336416,-3321.64872576472
2699.18005226956,-1312.31695664275,-4948.00272050004,-7167.56946225251
-1551.87496692052,-3086.77116472968,2781.81122350985,-7076.87870105001
-1953.96998476043,-302.239240357479,6754.77324943744,-5696.55959839644
-3039.84403454707,1204.86060264686,-6556.68067069117,-5305.17956188413
2545.70675487166,-1646.2523358853,-5649.21092850653,-5664.44122985189
351.655678803066,3078.045002916,3015.17824367016,-7029.26535113426
3659.64548364116,-995.321838281568,6702.49866303701,5368.87664438958
3590.19348285079,-488.263610839844,-6836.13978304375,-5254.28825676403
887.403521363893,-3037.30656072249,6815.19658951936,2597.52458704484
-3897.712528661,-932.009018898505,2760.61858086659,-7434.13346018572
-2473.1548447322,896.822116332625,1553.38660740868,-7483.71795843049
2088.84966748343,1791.65386274727,7214.87251078063,2044.04054358869
-257.48078918457,1819.39795396588,6102.98848033957,6655.23414714058
1404.26108246628,2870.37494750992,-6708.27749106187,-3374.21204912284
1723.53450761394,-2834.02738052266,-7647.4797468091,-1138.98787039754
1122.18487460022,-2342.00383932636,6151.53511268069,6543.67479433866
1385.21847853768,369.620812270221,6239.21508961196,-6246.6940576559
2832.29836617691,-2842.27896948277,-6330.66918208815,-2869.72642184385
-3197.39289480476,300.144179018732,7083.12741443995,4232.3794780607
-2824.27274373611,2144.75691476598,NaN,NaN
-3527.82119821008,-1662.60796527746,2931.1637745009,6938.93237603967
57.6098491305228,1736.97785247155,4003.77333940735,-7017.23693987367
-1657.62581579936,-1479.44016566082,-7151.35983052117,-4228.01943234822
2874.20158984987,-944.254579821425,6233.25950014631,5575.7366949864
2900.92178102222,-1744.97982303038,6428.89831659013,4520.28888685689
737.734771728516,3230.46006052208,-2565.50452514854,7159.72700554744
3438.9493883349,-1753.99723217968,6684.35780098633,4591.29489662555
1043.55420305669,3482.19161023719,4340.9912900782,-7075.76136843594
1161.10024125821,2627.8968943235,7837.93882056816,-2734.9956874356
-2590.68497403274,1377.73231761303,5801.43806175075,6482.10886391281
1038.87574355585,3540.55699864927,6389.90503643169,-5960.66351651204
3278.89636726181,-1124.52948374761,-6066.77157100983,-6375.8388352592
6824.32264585788,2539.34673206199,-2748.77162683489,2520.71349173111
-916.783797211474,-3503.24792945261,-3119.35906502226,6757.24197907771
-2161.44233700404,-3686.02551991143,-3182.60510548535,7307.95726602215
-2587.71723862052,1787.17610365405,-6140.93219053587,-5922.98427614574
1550.07749950538,-193.10212830844,5476.78332654971,-5945.42119010538
2099.78043009839,3571.0614507558,-5658.53262498413,6653.47945463076
1653.11907481318,3688.10821328798,2575.56865259358,-7296.4023448302
3261.03284747959,-528.935966491699,7121.9372402865,5543.5645619936
352,-3992,1738.72925469996,-7530.08104862311
-2533.25967609053,2819.15543649312,6915.38259736776,5953.33403774343
1158.46192619157,-864.528314384958,6524.97571672182,-4478.87205757621
-455.954907623779,2808.20931262505,6618.97912490019,3124.17915871903
2606.49881093112,-1658.06992486666,-2014.51296198979,-7007.13112050157
1510.1314438269,2485.68326413072,7616.03405732422,-3962.52112723942
-956.722097853722,-6630.02325470015,-4689.71816098077,3781.31131855137
204.223519930874,-1429.52299227794,-6291.38420538213,5776.3115028044
-1717.84843593095,-2355.08557189906,6661.86185488399,-5436.7280101881
-3337.44218474032,-1486.31942113777,-41.2871500651041,7210.84471027351
4099.44588079028,-663.052948925015,-6914.5922279636,-6309.31911013725
-2027.79713570685,-2762.71715479745,6826.09293619529,-4256.53202841153
-1346.22388161929,3568.18630841147,-7343.99319702639,1444.25657096097
2137.13891196129,-1748.92823105388,4517.32053422281,6275.62048853352
-1466.21308245022,-2748.25899338889,-7149.90334816045,-3030.11863776612
-61.8415115482783,-2528.36551245684,-3744.67165144924,6866.69650191296
690.352897268827,-1707.27986143789,-5482.92866426404,-7267.36105032366
3359.50951129612,-1067.05106620249,6237.52579771397,4441.36206796269
-2747.56320561545,1489.15241810192,-6451.40149433958,-6141.57652196806
-1638.39031827145,3185.40502697579,3480.77655412921,6772.70032536678
969.32846932698,-2699.85017529653,2076.26810895341,7640.85590548338
-2561.40266532793,1779.14960548017,-6560.77840185185,-4078.72921266036
-1154.24667783174,-2209.48185847356,-7473.55634940138,2421.63337073834
-2445.97997930227,566.351031940577,7354.56505246923,231.716876281528
1662.20440756366,2622.19283836229,-7151.68634952875,-740.380505021398
3209.4751685502,-1311.13335542309,7024.91668094,5106.77237101454
1061.18017150341,-3530.17740397191,-238.617476851852,-7034.4321732105
3346.37786046802,-3417.12279884694,-7473.45424591587,-2620.29036557975
906.528494839602,451.197500533677,5932.15485319757,4131.60086290799
1727.55911823984,3207.24313487159,-5309.80963930205,5924.8741842324
-3126.10132661243,-2285.45086494471,7339.94278732382,-1248.30245755189
-2944.325411736,3120.57113836958,-6776.92042578422,-3221.84554144175
1925.94914512002,3296.47335798691,535.549058762014,-7541.23228240309
-2813.91212876611,-847.317514601317,5703.98994278002,6977.09669717293
1127.95772629846,3248.2428435937,-592.832813737134,-7476.64359364676
981.2600202735,2081.55663855906,7220.92910101982,-1737.16306379749
-2825.64283807877,-1814.17354353419,2533.38021701833,-7555.6103174059
512.121534740608,3307.368632301,-667.681490384615,6914.14117935096
1553.44621030413,581.746710526316,5830.59922472518,-7700.01388806756
164.983980978261,3294.11201864494,-6831.38872528957,6522.58108525384
-3070.11651093616,2683.8301634718,-5251.25203690889,-6915.66872511823
-1468.61366177016,-342.675171584427,-7397.70145096388,-5941.37868693067
2744.02011474173,-1287.29592197721,-5939.29466955147,-6418.31820113582
-2841.80451498541,-433.037342595597,2928.45756512174,-6679.58962821049
1822.71766823862,3009.98290551651,-4412.48102854705,6337.839367902
-3098.68457499625,1544.53901930311,4619.83979590886,7404.14549808465
-1422.78384369976,-3068.65531901767,6544.2077213778,-3501.31540704543
-1582.88754653538,-3003.72121127655,-6364.36640268144,5578.85688852234
-2420.13534808965,-2454.2899045874,5656.2740397157,-6022.1166167964
1247.35210695357,-2218.10492956577,-2523.17193679336,-7234.18073881154
1702.54544865171,3647.9892316133,2076.76446148625,-7514.5312538716
2841.96747177683,-2449.2142734981,4803.64614430551,6782.49789218737
3693.88502898591,-346.868370056152,-6855.15697861397,-2235.55715091271
946.942736523657,2392.56257504806,-3012.20759830283,-7056.66781523854
2812.86567117386,3041.44582530536,3355.40412126374,-6961.07858027632
1372.87926885171,1982.80641067437,5640.89729378577,-6952.26727462779
-307.806855557393,3015.20862833499,-1998.38404760558,7087.15309036811
-1670.07398721082,-2910.84462890625,-7053.08632171309,2099.74181852004
1599,-2295,-5638.34513191015,-6593.17443986364
2300.70708718485,-7840.92638603421,NaN,NaN
-2134.74929574118,-3115.87959193468,-6318.58399700112,6441.10423629895
-2298.38797537583,-2248.84732719963,5304.21118801732,-6233.26858199144
-2947.91552406704,-2347.44020576899,2657.99331867123,-7026.54080648714
3947.0955063307,-711.370858846297,6938.01621667315,6031.70657073765
1852.02966771349,2478.5804167923,6811.99619784287,-5677.19400048564
110.0673828125,3391.30150106099,6825.9760895536,-912.608455882353
-2443.43460732953,-1671.89917936143,-2455.66180124919,6857.38700257811
2476.46632357511,2240.34937272116,-7200.62233106229,3449.37122158914
1747.11478662973,1004.6739059441,-2023.61889429322,-6490.59466025517
1285.75850025248,3544.61888081516,4894.95047900425,-7074.76789833209
-3610.46979809106,1433.90414861641,6269.83172098454,5810.31970976457
1832.60823424396,2587.78267007972,-6561.09384866664,5873.50363249616
1861.5962970193,-2616.61180060585,-7749.4907569931,-1108.84479925474
2239.26891270413,-695.83713560252,6744.24431582251,4055.72932184796
1562.5052947998,3391.61645513145,2239.2903534748,-7153.56690629878
2469.24873057445,1324.78127914987,7462.56659614236,-1011.30664931237
3358.48929749955,-1355.17505087252,6140.99967462758,6161.41438788542
-2570.99282922927,-2463.79263894129,4640.8657100463,-6845.28162924555
289.150447621065,2070.82409527808,767.966796875,6917.58126554841
1830.82758857521,-74.9094009399414,-7653.64685896918,2974.33921903471
-802,2477,-7419.18144770937,1667.30035400391
-960.375310063113,-3089.95139175624,-7256.3116181766,2952.91320774162
3531.21922549643,1996.30058035055,374.562658705399,-7562.78763043181
-1003.39230959111,-1987.4913810461,-6904.4562748313,5483.98616885272
-2273.39049183239,-1190.35002117846,-4008.69151147905,5495.23667625966
2122.66177360576,2445.51078628189,-1793.96240362341,6938.43463217411
-3068.90174337351,3190.95629347232,-6694.69616817943,-4076.62384620883
-124.718410643688,-4331.77599396795,6171.51187499668,-7485.42264336968
-5365.06648562864,-7052.70410359789,NaN,NaN
2418.38384471339,-647.862126658314,-5988.38991678039,-4767.14057519882
2006.2032238511,-2652.25597729953,-447.22871567892,7144.99344038146
-2663.58880257519,1783.10821805268,-1560.02773941129,-6922.57009122176
-1486.99979672716,-2021.26785363137,-1186.26181785383,-7271.3663465174
2535.99305723558,-6508.87446915447,3373.13580122767,-1054.0904648032
16.051951171875,3715.60535597487,2882.56588569994,-7397.98566782926
-1192.65695110444,1243.16800047434,6459.40223636763,-3994.74585322053
3372.03805657482,-1165.71214645272,-6217.13150249087,-5319.90208016546
-2475.99932781216,-1203.48003859324,-7133.88685633694,-1624.15191245362
1213.35883287636,3171.98197331626,-5246.0090099175,6019.95494480097
2571.21251646155,-1732.19958462598,4815.79186524573,6888.11330208677
1736.02194878115,1455.36759934774,-6986.94238458905,4064.54365827558
-3659.37444816658,-593.508117675781,4114.00363062029,6552.14418948333
-2189.28360888461,-115.326700756096,-7492.24782768416,1475.73363384536
64.0543212890625,3551.29706436724,-3284.79117167927,7167.70050666689
-35.5044023786272,-2527.46409620535,3718.40396524455,7009.01259761519
2889.8972621856,-1542.54218374283,5128.8766528983,6684.09266981177
-1975.18094264318,-742.087647220828,7037.28343288652,-4584.02736550722
3121.21724367256,-1904.02123433407,-5994.91445172625,-4123.92397987999
-3624.70184747659,1700.33457581291,-6704.65305556642,-6617.25799672489
695.156097773602,-3447.5358421614,-1490.30780949085,7685.77147635581
-1217.32032225073,-2634.11671806784,-7018.64543592753,4851.68263586427
1155.55192171609,-3158.58886900002,7335.89125803877,2420.39624673017
-2660.52129818372,3384.81743439729,-6630.56461919562,-4118.08465338487
-2327.73737091381,-2931.9495669882,5439.39056943517,-5810.57903550419
4062.71082395613,-92.3314361572266,-7129.3197277622,-3397.54335050597
-1010.43631561305,-2194.03146523924,-6997.79223508944,4963.56093889245
289.818079729926,1932.66431641342,-5015.64766868703,6086.83674060052
3523.36476484671,-2691.11468094162,6367.58608585486,5398.49569469495
3053.50310030119,-1593.78081512451,4598.70897948452,6583.08428167532
-2442.83009533297,-435.808940242764,7056.75201269139,-592.110667476798
-3060,-2044,NaN,NaN
-428.906405287654,-4114.27134236404,-4138.79226722811,6811.63404897527
898.34626719916,3610.78312094081,3516.83245982713,-7109.46544111682
2842.34746039573,-2404.76150288163,1082.68278802376,-7640.33353633869
-947.620222047843,1270.13263128602,4456.12691157263,-6232.92443794754
2182.41536033864,2799.00932227222,-7020.41751601961,5722.33802752124
447.385435608895,3265.20499101775,-2492.54466601773,7072.72512827372
-3052.18105512773,2299.707823333,-7531.32047183067,-3023.75915638923
1653.01759964712,2779.06159960186,6450.82475694022,-6524.73278478965
2635.18348106971,838.214607602791,-3574.48170632863,6122.05441225456
2705.41552035,-2453.81255185761,-5327.82995191007,-6649.79880011835
1388.44611778589,2622.83782657398,6872.32727377355,-3797.80148094271
-1583.91657039856,3589.9369617235,238.092635157851,7139.5162476523
2139.57009887839,-2453.84229924387,2099.85965071441,-7386.11000606478
-2244.20030433968,-2304.94755587241,5516.42434893495,-6431.32974617715
-164.190046830611,-3444.04661011983,-2582.71054465839,6834.11413205662
-3210.56908401586,191.932151794434,7092.11471403955,3425.10128483301
2805.49942767982,-3133.61103219951,-7870.09959492615,-578.220288529416
3309.69803366808,-2144.31835488143,-4813.71294256113,-6908.15066479755
-2384.73057918493,-683.072865843618,6616,3176
-2606.37821828309,1165.36646115307,4821.81843633137,6594.33924638353
-3021.45654079553,1517.24939007274,-6488.4132322302,-5700.32091612104
1847.80620822843,2213.79084424955,-7339.13153955063,-83.7655934341081
3305.56672061124,-90.094239094335,-1412.98295046484,7700.92985984182
1361.85316176025,-2111.21000699416,-1584.16063275846,7089.32745004934
1152.63461358245,3536.95549177111,-6268.24506859723,6195.31456536623
1151.28341713194,-3065.1170983011,-302.825710999899,-7004.05393122823
-3019.0567856236,-939.917634218858,-6927.60653097943,-3702.09263293004
3554.18198535467,-1921.58874310669,-3307.44561377398,-7031.96510962502
2263.69036368378,-2363.50137566807,-4117.74864165007,-7342.5167635977
-157.106802570804,-2394.08168308401,-7666.04070000965,1342.0628505609
-1049.12206215061,-2815.57553336812,-1146.16943359375,6980.10598230764
3643.66506407622,-241.497238790322,-7101.51312861525,-4345.86630916702
1016.73193814546,3391.35605700207,2976.82083053706,-7245.7094345801
-3491.84683625763,2162.03778803222,6977.18783405266,4394.22787964418
-2840.05435398658,1653.82856513342,6238.72268168295,5590.97535857604
3320.94765692587,-2192.09368332479,-3358.54425940646,-7244.22261928961
-1454.71221231785,-1105.57522379557,-3679.99270920537,6681.05474595717
-2357.66729248459,1898.10857779213,-1826.29365729761,6944.90283946725
-650.867065429688,-4287.44674122898,-6143.91276956994,5366.07599203795
1580.56924274549,2143.2571971094,-7265.1580517522,4681.05527424126
1265.5594215928,3037.03573817636,-4132.50315781967,6194.37741187434
-435.615611211013,6290.40436483471,2764.16909992579,-605.244438171387
-3415.86052628138,1190.8652375751,6634.53069412029,4712.69714627545
2531.24679366137,1958.63793143536,7293.00314411506,2326.89522933036
-445.925389938221,-1735.72111447441,-3185.20734998319,-7388.22459129588
-1809.86246968725,383.652953559584,3848.5655176726,-6523.41595111556
75.7221221041817,-2298.52438694697,-3262.08175170534,6775.21291300361
222.135024126838,2377.1638814929,-3261.40839537013,-7145.615971888
1593.11090014111,-3881.27355386904,-2601.18540189611,7457.11802284092
3433.87306265793,-20.4281720292596,-7082.96393757822,-3267.8270653311
-3214.27028818923,1477.17478419146,6684.82232417903,4238.24867659316
-1898.70098195694,-1370.73158381619,-6787.34546388476,4353.04116036331
-3936.13724126403,-478.852581370961,-3240.90400830607,-6782.90575176811
1831.11287850726,2945.90515202922,-6615.17231483743,5248.62313210817
1773.04647232784,2773.19665427334,-7318.11921571982,-667.533756462168
93.9571781020278,-3883.16789603584,1885.7299408036,-7592.74981615895
-2491.03479043136,1915.16078594521,-4847.43555185154,-7164.73619395378
-1504.03018295718,777.231359501475,6723.72042888706,-3492.31420462224
-3267.43788668573,-597.621898386738,7188.8541696033,3028.52755261209
-2413.69736741651,-1403.22400144471,7081.6118648667,-3588.21565061965
3205.09009421736,-1468.06353949703,6757.79887727719,5045.07724044129
1532.83057378274,-2790.10593858748,-7416.35048989332,-1895.91803568754
-629.270778988728,-1988.22191347353,-2123.17683276847,-6938.99471305947
-774.79804851251,-2452.59580357476,7112.77932101847,1821.76169333518
-4349.80521788831,-2499.6516585241,-76.0272990853446,-7595.08003885626
3567.6610571018,-595.985958563187,6939.12853029722,4911.3847818468
-2437.704433148,1621.89949589516,7360.25088417464,1031.14158714346
-2680.44911399279,3862.1478583373,-6306.06848926099,-6114.03406577905
195.782156180437,-2834.3300876505,2249.44543551984,-6874.14040236045
-3316.80599040724,1733.1897812642,5906.26968437467,6011.39303315935
2340.89239943866,-1671.53548553579,4783.46730109143,6843.00425908337
2222.53787274772,-1284.04385838999,7308.52315200108,515.163724047648
362.40477322548,-2385.1068264304,-6818.99620158541,3564.87396417537
2942.32330321648,858.498492767696,-1934.40832551137,-6653.02170947817
1967,-2925,4093.04255655176,7263.61922059588
658.721602434077,3602.64459190422,-4742.8123941452,6729.36924100583
3027.99892152749,-1157.72475636375,6479.07064757348,4451.32299963761
-121.924342382522,-388.305452530614,7603.16769863819,5470.43042922092
3768.81991652758,1386.03416021974,-1839.65066452448,-6657.85468685435
218.945898328509,-3883.01509322354,6907.6654945602,-4474.62025105146
-2284.47013334794,-1086.83832550049,2279.50315987,6923.60979192459
2796.56267096832,-2624.884257814,8064.82427582441,1482.12380876153
-696.729725269522,-3456.00999274222,-110.468929793811,-406.107292283768
-3003.60292722377,1389.77712587189,6573.07741729391,5329.17906652832
1993.34798612601,1178.86123798234,7010.41976740842,-3431.21295223016
-2517.37522748319,1704.77073813829,5134.99120961513,6653.21341395892
3087.20534175974,-922.278115289146,6675.16927680821,5970.05242797792
-3400.02517916963,-556.661071804592,1825.64597623647,-7671.90344783003
2013.17131304304,2210.88288412702,-7343.87863889309,1615.37069717225
-3227.87890245782,1868.53507995605,-6977.04698437332,-2735.24633445199
1143.11822527684,-2534.29090440084,5731.03332378313,4391.06526115056
1622.32182949029,2988.45348591172,-5609.73848945622,6583.76577450294
-1660.30463488702,-2761.07858974723,6323.62135757316,-6197.36070462734
1434.92298860511,3322.88453282618,-6182.55214519667,6513.05664074739
-3943.03453946976,512.087948750167,7017.04680793183,3308.50075571687
155.704316269928,-2787.18385601818,3450.2768292815,-6050.4576841734
1375.83847155201,3137.90538045449,-5691.55452601384,6470.78962285342
3457.91259825724,-1213.60231798271,7319.55995784706,2786.87851930265
2958.70779777455,-3032.72319584544,7965.95706974564,-203.925859065875
-3699.85786342731,2132.13896097542,-6748.72061587896,-5597.38851970675
-697.465309750411,-1636.1853638414,4063.25708346384,6774.43119591087
3336.21025027461,1119.6117776936,78.4505559906466,7445.67712460112
896.870731948195,2981.1665640907,7092.57257081834,-1759.22973213161
420.178517384423,1125.28483128793,-5801.05918627706,5888.71729930017
-2879.7773065829,-1767.48019414575,7454.26380967825,-727.186062324459
-1763.5676188606,-1000.16895397289,-7525.26465618042,4570.18587138502
-2623.61022741618,1244.53864927665,7038.31511757914,6058.21182551895
-607.676620551124,1211.9222616762,-6355.5490371267,5789.34510414973
-2559.12568769469,2097.02305325545,-2958.90260137024,-7275.11383042486
1298.60076529287,3473.27438723477,4792.21030149598,-7318.54463543977
-3165.05957995153,-2433.0207499478,6920.61858344469,1428.33144130537
-2592.739536495,5546.50177018532,3198.88646243599,62.0065585251321
915.299303144359,-978.431532118056,-5873.2146988653,6366.34350893463
-2798.62081664524,2866.21742067994,-5426.81468323098,-6831.0833549685
-216.576436885825,-2599.77394011736,-7272.20376314585,-3209.63129157868
1270.24427956694,3290.44961712155,3109.82012161182,-6870.92751922217
-2975.15545654297,2885.58580489428,2021.60040203242,7324.28831866987
-1416.68370000859,-2609.72196601164,-6760.33926451085,5136.02914041744
-3193.58162944375,263.120801888016,-6706.41628886847,-5142.01873367976
2810.95491515408,-1113.32377147865,4920,6527
-1615.34957240816,2037.93512200337,-6138.45630977669,-6918.16408767176
-2186.79808613139,-431.787759161922,6115.34216750217,5049.13851639936
6351.20465197009,5113.12660018416,NaN,NaN
