complex_small_real,complex_small_imag,complex_large_real,complex_large_imag
-1514.16409914947,-6614.47042268608,4059.7637207145,3562.9750083365
6977.47799003507,3565.34630989925,3046.92792086537,-3378.81594576612
7054.88772412238,-857.734262360467,-164.574508193397,-4587.78168697017
-2206.49542372427,-6218.95775032761,-418.132750091553,-3104.78413615161
292.803817749023,-6405.46996329972,5966.1449993883,1715.96294222992
-6167.42500503483,-42.95751953125,5093.14784903766,-3154.78633242906
-5473.92761202175,1536.74844106909,5721.3208782511,-1188.58002694113
-6316.37579264105,-3270.40272398624,3479.53400976008,-764.319665413513
2753.87916592685,6060.99418218242,31.3325184215199,-3313.84897491248
2270.7573620092,5081.31931672661,2150.25269380531,3645.14068436604
-6362.66947864861,-4943.98121645767,-2639.29933915393,4036.93713699275
-6710.54044942658,-5048.91301508927,3245.9083275562,-3813.31934817151
-5811.10860231125,-3324.08415894298,-1620.55306101344,-5649.27453779607
6723.99221556931,1345.1251065053,-2742.89331907734,4744.38534103824
6759.34374556417,-1498.73561264862,-525.997676049133,4078.92409815564
6193.4522795034,1632.64408041698,-1914.24380116959,5086.35865085188
-7814.74635205611,-1627.13263048444,-1426.70113021565,5557.03517538285
5003.68809891199,-3053.50518159008,4746.78726999296,-1028.73637119267
6241.56411550929,-4315.4306234706,-3437.42611562223,-957.235172341087
4277.58808067487,5676.04962973862,250.006713867188,-3663.92841542176
6652.53343161737,1030.33353785966,350.500479672981,5313.37505852134
4502.21398615465,-5827.23753081635,-4251.8809992884,-1204.42484313246
3163.56168346204,-6591.60013657961,-4505.4837897939,-1155.58394102733
-1426.5386540924,-6100.86469771583,-2296.4663251624,-3289.12836546892
-5735.03576583173,6790.62265906822,3890.43918362382,920.694940970233
3493.00580170361,-4873.92930797417,-4046.45302491183,2290.59658741235
705.166054617251,5872.10238150691,3756.34724825723,4902.33820602769
3636.7682446748,-6323.73165645674,-1735.06318378692,-3199.51285901978
-4616.59415089374,-6305.25593849119,3938.88475408891,-2031.59576605341
-4659.88456583755,-6625.57698036561,3229.33614294784,-2677.14380519375
2665.94376088264,6936.97793995118,4835.4445826509,502.028757011534
6016.18218913077,-2871.12648405514,726.321035835348,-4474.14425191738
6306.54828911566,-2792.19742829186,2769.86961206339,3272.59351949697
-5338.04873226648,1120.31490853817,-5069.10412062325,1467.56896526345
-6695.30610762989,5778.90202116335,-2067.28919691861,2904.06362622228
6938.53891329041,2712.68263485733,1429.11153179311,-4894.7411484843
1269.05800642013,7643.10645381211,3993.11532588307,2981.70231778654
-5626.71681986174,-1048.90432170587,-4267.51552341476,2364.75442621088
-1031.64982899678,6310.80519650307,3100.22323179663,5258.69635781201
-6518.95754202817,-4077.57769725685,-1384.67070200392,-4985.20416644628
-1280.10369726084,-5663.8122617074,3647.44419470982,-1298.78292662776
2797.91764370733,-5320.85870253682,3589.39796221483,-3726.53087175961
-5743.77350121266,5971.2693365218,-2756.290390818,-2992.06485897968
-6076.29252061632,1098.17645639139,-3503.16222679772,-2424.2119231078
6003.08151915558,4180.71965136781,1101.45833452482,-4404.00388187075
-438.453689751938,-7214.60170599555,781.496989651817,-3276.33225492152
22.970774705696,5910.38532758577,986.702744821888,5611.70545646412
6240.99755873019,5494.5459885028,4241.26305010149,-2203.7551504541
3977.81084645022,-5832.67254598752,-5454.90775964956,-750.325202338129
6598.19840783315,100.285709445551,3072.09504452367,-4985.17992501497
-1030.22540396121,-6275.41779729204,2182.63484403874,3765.97724227273
-5647.68769579703,5479.27539891177,4458.05158507447,3188.43445587158
6797.45885248922,1923.14000995718,-834.548837081889,5429.61156697872
-6952.58965713158,1978.40670629635,-1256.813173014,-5013.96167264753
6261.37975569027,6084.25231747339,-3127.14018046279,3451.99305838544
1620.42255823319,-5758.15169724374,4561.04622702485,-174.38648884113
-3192.79929084628,-7096.10300813285,-1866.69989555973,3919.83665162018
2308.20228834161,6085.07736671347,4473.14177005679,2594.15540597098
599.845624726394,6207.0164138259,4600.56088745552,2024.41379669502
-6448.12846479364,479.349042619978,-1150.86367018107,-5508.36040610776
-6797.13100220607,-2956.41888012012,2738.34812544733,-4657.91150234146
5217.55244625328,3369.16113531557,3372.83177170706,1391.33693832635
5363.07443646797,3511.9997937689,-3913.70611539179,-4026.34833443542
-456.468983125404,6161.13906966787,3390.69174792402,4030.51288451347
3199.20491883412,5799.82963805689,569.65625,4349.86614312707
5974.8320826351,1885.39905950007,-4035.04604048814,3974.18567243577
-364.103618839918,-5680.51981731733,3328.68065540271,-1653.74638734929
5132.93581237817,-2966.74990936392,5754.96787244666,-1861.06341531997
-4945.76008314467,2305.4285434976,-2495.77645845099,3147.31788524568
6981.74184752625,-3211.62889479472,-1920.90169188156,-4861.23673130648
6488.91473155977,5695.21129621672,-1075.82855756908,4194.02209712038
3024.33613050013,-5719.46244444526,3251.28240008809,4453.77557029183
4856.10013014926,5816.48039211315,4560.33285092445,-3662.89879945459
-820.971305381779,5607.8489149679,1270.96076620961,3836.73650336185
4660.7538806722,6091.20703652795,-2665.54845795523,3080.89661381039
5374.19963371824,-6167.70071967797,3662.63508816257,2293.45578946595
-7096.90210614146,2241.86671246519,2615.69079652995,4317.75164669514
-1354.49215386599,5556.63487028541,2771.91921553095,5357.13702005689
2156.85339088162,6199.07135439703,1296.27888870239,-2702.97366381812
3068.18858421156,5630.66781283641,-1337.55696565639,-5202.471070918
5321.08640749623,-5496.92432865321,3285.55675662714,1081.86625251708
6684.30827893946,-1824.68691936083,-1478.02367396808,-4788.08370123192
-3814.48872836073,5854.21075146291,-4643.29607638933,-1698.26043566861
-6864.50546126307,-891.444935645396,-182.319381534206,-5532.98434407075
-7013.40460932561,3490.93901279737,-579.383136811928,4133.79132229391
-5471.11729590208,-5692.65361918582,-541.914687860689,4170.02920591926
-2023.59212960012,-6362.37058121648,4873.05991734683,851.469467563551
6241.95436570829,-1451.52074050903,4631.9758473163,420.870529174805
-7253.4905229846,2589.34838105144,-1810.87134941764,-4172.98417496933
-509.607245484401,6443.08174221419,5437.68778058381,-0.761624609740281
-4561.85832635288,-5878.82685509257,2551.9474393531,-3826.01818245028
-4492.99528544634,-6738.04543473017,-4891.15163100938,1089.45739752671
-6559.10940714607,-2364.4579530347,-3609.08281225343,4072.93907968304
-741.442264683471,5712.0603641673,-3559.21184644416,-4202.04496377522
-968.086439967619,6087.17219200198,5202.08367549472,16.4095394736842
6975.88582453506,2557.25356030401,-2428.51648555199,4312.84920927234
-7180.90149080642,-1081.1649247256,2608.07276183158,-4202.59623355112
7066.92384592101,2652.80100054545,-2247.67243142141,5097.73263582863
-4965.05317286593,-3184.46029952004,-1838.80548835784,-4988.48319339018
-6338.01147732552,221.776374818481,268.203498681487,4798.19509049323
-843.791875364739,5945.06161865946,-4693.95177218789,-3121.61111974645
-5956.73855681699,-519.391433212302,3608.3389935925,-3219.25150778846
6336.8304119954,-341.57492776113,-2034.73340859132,-5208.24779120363
-2892.84291995049,6116.18499856621,4430.370203508,853.315071871477
-2430.17824835526,-6532.84127850002,2659.73425624381,-3582.89204748689
5775.55548674135,2630.74244629204,-321.954337160451,6273.34851554933
5414.64501929939,1267.24704471483,-4416.02177437262,91.8414688110352
6661.08927285476,-5527.69026678735,-900.317432913158,-4815.45183771116
-3008.03961180767,5486.25149903236,-70.0725948220432,3666.78490329007
-5554.58914880858,-283.730288247927,-4481.7818285188,1258.50151821207
4953.76176956218,1072.2101430617,-3697.77289083991,855.066887652159
6711.45938476139,2750.38203170485,-2157.87223608467,5310.0286742744
-6297.50531507434,-5642.56254491964,-3855.77839701437,-1924.69020469516
-3032.79903546919,-4653.2325777782,-2799,-4151
6844.5,3864.82322220562,-3299.28730731963,4746.31400640305
6853.15759892843,2628.23160826207,-1729.77139177195,4261.99084168366
6383.70435964537,-1397.70410599626,523.005428040427,-5695.5431321012
3199.61477885527,6000.38309190712,2010.05102321544,3735.56260942652
-1258.13958374104,5955.46071924032,-4683.69099683427,-3449.708160716
1463.43518034027,6052.99589261911,2407.8956156345,5870.83446503651
-6148.59626936676,3017.73226105759,1070.58522172245,-4901.2350109296
-3843.09458111956,-5480.22736583397,936.758267379342,5369.71550159492
5655.05070662663,-5716.30742112241,-2128.33421645924,-3525.62125583942
7194.25226748581,43.0425415039062,-186.68719124794,5700.98484354955
4203.52620503685,4003.85483865994,479.732421875,6448.97761380422
-7107.92555862156,-3117.87660991443,-4001.42489422492,-1066.8812883998
4475.2729207724,-3145.23482310792,-4686.11063073828,713.718098633786
6087.68755995191,937.972562669797,3210.80145502721,-4700.60595707051
-2223.74667254718,6780.56322705454,4775.62856922222,2815.83350778527
5927.55347421492,709.222446986607,3898.37252805692,-4094.69492434758
-7113.79464950678,3679.47632271266,-3646.67220703633,-2564.77488132676
-5163.10355311638,1215.68190660459,-4669.75192017722,386.911077939087
-148.973327636719,-7435.69698336688,-1068.32319117023,-3183.23244550299
-6178.7516059879,-1528.61652384091,-3164.67734722826,5039.73297244275
3418.84412108358,6027.08170771935,-1090.69938344533,-4957.9330334167
6130.41445758804,4233.85609283178,3330.00503172959,-2797.94712968749
1296.55138739716,-6041.7459084694,-314.554504301062,2717.99595606403
-1807.40845397287,4991.28845230008,-752.584610413589,4090.16911880379
-4451.59945436424,-6850.06469280034,-4142.29503689457,97.8760037145032
-5092.43180317318,-3318.66037231461,-358.14217314849,-4803.94648062582
-2797.61773520683,-6076.75490988452,848.880319578391,4817.62019201891
-92.6091766357422,6011.97349615532,4745.56120893857,4207.4623048441
-5743.9960846688,1900.10784983026,-5453.32528042931,813.64763106536
-5829.0773927228,-3607.8041822242,1812.78472603354,-5080.95850163249
4099.52595810476,-6090.28225860442,-4423.60500269917,-2788.32059749021
4562.64867575399,-6111.73048643918,5001.71118686948,2778.44556173218
-3449.24514908121,-7395.34980223366,4840.28477760772,-2734.93434904321
-5519.8055320104,-764.236796331856,-5475.0232886841,1300.78385028441
-1302.72733645617,-6215.41529029491,-1804.07800935444,4141.40205752342
-5848.44748609546,1210.53394892365,4548.19799539045,-1986.38751948811
5412.79096133446,-3473.47496730714,5572.82199360071,-88.4300537109375
85.8099747629678,-5608.28487194082,-2306.47653915895,-4846.55296440419
-3525.9054243128,3544.26594216572,4503.52456492685,-1908.27550108478
5981.03852612452,4201.30679247525,2505.67047869164,-3262.62387310715
-635.988159179688,-6113.94842991937,3824.18306345504,4096.63133668817
1684.70404582497,5684.35298003138,-1923.95706479604,-5099.46701551544
-2041.21418420592,-6578.94692057728,-3819,326
-1524.47050334544,5780.38839155846,4028.92221370698,3179.05506989142
993.997571064512,-6325.78682704071,-4898.12870385189,-2138.09467096314
-5698.9331618883,2511.12128643126,-3313.39680898411,-458.354359801386
4797.11551257656,-2117.19305139902,-5693.7042814082,1357.33922081553
-5421.99053450685,-1056.39417828609,-3949.57447914725,3578.1855266778
815.00753320034,7007.39682592454,1218.73869410878,-1884.40250125515
6109.14065376481,4292.70336671458,4124.65832780068,-1862.61327492719
-5131.79719699968,-7006.48391834749,-4851.78897452357,284.421875
-2895.96567602074,-5822.61595074666,1867.7076882075,-2480.73162054771
-6398.38238363989,1039.14695776088,3365.95099581019,-4775.14596477167
709.850007302641,6238.48836358985,5993.7384801791,-1126.11088507572
6183.524882991,2722.84749557039,1655.1532992974,-4831.32675104161
3900.38372983149,-4158.40156173418,-4260.53722505587,381.854618674787
-850.34283444122,6474.41124511092,-5563.99908217182,-1842.26715124455
-5406.20277129697,-2612.09675419945,-631.640805463254,-5738.22675781551
-5407.41415720735,-6900.70000693657,-5182.79059279175,1443.34420628403
-2963.19916403234,-6944.79432796111,-3121.26180256549,2111.66701425523
6711.94293386072,-70.0095576757989,-981.50189304143,-5510.63975921711
4203.61558398707,2544.84798638201,-5055.91487958304,712.580871342479
5400.77570778056,220.93310546875,-5333.84474591998,1602.92349516479
4227.64502686943,-4890.77295326181,5504.29450642735,-335.304206028165
-356.308590117978,-6162.52749390202,2898.36055845919,5252.90017088136
2145.12341366025,5600.32507912294,1404.98936592903,6316.27154297147
-974.983524023243,-5661.23630875306,-1866.81077023015,3126.95701036503
5880.54063503911,2369.56710286238,3702.71157019345,-3966.96770758795
1624.66744643125,-5423.32223456087,3674.1781298366,2923.0653973912
-5958.02220508162,-1206.61639785361,-2139.13377331957,4942.33341608145
-6073.34580775446,987.646877848546,-3403.501176484,4724.01289586077
1409.03070531153,6043.77867886709,3423.07107804405,3511.03059971457
-3390.1140390633,7199.62593053645,4419.125,973.279066073698
-6281.83085090405,-5293.67085148438,2531.41823910547,-3211.6948233926
1432.58662132174,-5560.93818879676,-3881.34767513385,-3718.13630337786
5262.48444005302,764.715153369124,-4415.81932766729,2169.42898358053
5720.35771433512,4678.77368057896,655.331818778464,-4930.52301359316
-5498.79972494469,-1631.52094482195,-3166.94813431726,4479.33311152325
1192.79034109158,-5705.00007323418,3471.94098571905,3971.90894674249
2663.7839442433,4493.70015359735,-787.245544433594,-3745.3581805917
-1934.48836927168,-6242.94559476656,3953.45723085605,-2862.76330514724
5421.14631730767,-709.142378818631,-4744.66250194403,1763.66592359605
1685.70197039649,6153.39544704073,-1253.3526309614,-5824.11679811234
-498.314896010428,5638.54895663957,2169.7645811004,5319.85046008431
-5590.60656818925,-1159.7421875,-4955.91617873425,2300.91205454611
-261.08984375,6203.65579160607,3416.07638791531,4722.60150271467
4074,-4789,5668.18768956289,-75.8927993774414
-2079.67575618164,-5453.72475406497,-435.619951785482,-4071.51827438921
4114.28777275735,4005.12559977055,-468.906040279717,-4525.24987669544
-1144.04371421196,-6666.08237586077,4953.76894653613,1062.21038480366
4989.80155667265,3985.19267697403,1060.08056955965,5424.58210307171
6118.99617395193,1558.8829981354,473.328019901522,-5801.64146998567
-1499.36784352598,5508.82134393735,4199.95123370732,3876.60535425102
-3343.35039332121,-7245.19462141532,3319.0902467547,1191.41572893842
-2785.20696068097,6062.04415291903,4498.2722361689,1546.79076496398
-2236.75451425151,6381.686103014,3363.68497984133,3140.78851348725
-5096.69111260274,-1463.51784282891,-5165.54022210275,2639.49861793612
6611.28966817604,-1879.15696785927,805.037109375,-4486.21108079241
-5231.61092894196,-1787.69791497386,-3582.7064581328,465.764400520452
-1397.92988481662,6293.06023481659,4461.46465974774,2165.21072235716
6619.13613357584,3520.08252640837,-28.319144413389,-4852.87736323926
3799.20652542528,-6190.24207780566,-4799.37956031531,-2060.87176372066
-6825.4869173258,301.332270431519,-973.41960144043,5172.8380644131
5706.05834568615,97.8280792236328,6062.47967707423,-1346.09681591631
3113.81487002082,-5973.80074667552,2765.62041183387,3773.41422145367
5734.10485439488,2630.27404739956,3130.33999464885,-5787.01264965732
-3860.23941838959,-7282.01020313357,-4940.37341279666,1530.24989317664
-6543.58593975808,3806.77008512521,3585.8614206498,4217.38839488282
4576.87125398496,6696.20591113671,4256.35118686833,-2369.50681191638
-5088.11891642583,5425.12712368056,4885.53891540686,1229.43442443848
-5877.39549300232,-2704.65855555441,3083.69248150694,-4389.8296212589
-2605.29293576823,-6437.90575244686,3634.71687082405,-2282.21163113343
-4701.37001139133,-1672.79832579145,3263.77875379663,1680.63835637442
4091.24858487165,5025.45084057464,1145.83919416681,5433.25117881533
5326.09711646608,4104.72194833503,588.01411450377,-4956.98374571627
-6852.08547340064,115.382426175204,-4762.88791479089,3173.25017314387
-6511.81661176974,-6658.32272772131,-3450.33767089298,2570.96900525623
-7360.77814824026,-1049.90467930629,1195.3264485117,-4578.14326777588
-3144.5012002702,-6993.88978823943,4192.5703958376,-299.207466918715
6993.06262783142,-613.2255859375,4076.64726347023,-482.514570894425
-6693.02063987346,1037.08810852602,366.508369378284,-4984.27248672282
-6935.42308270911,1639.38766288796,1394.26265588996,4447.76648497991
-6456.91071908362,548.265389762606,-1711.39636471499,-4435.196546721
-5778.84104890256,-853.031358006912,-3602.20784735803,3348.10984656349
-6342.50446891053,-4859.37109415903,-3368.32220842958,3200.84118501361
6515.67923518008,6530.60916667919,-4223.21178361597,1680.95884807519
3917.17418949277,6818.34032160425,4715.64894279894,-2167.71393780744
-6040.66411665243,-2197.19825383448,722.087675257744,-5793.48706342932
-5102.31266652122,-6534.96584296765,-3321.48312447374,3592.51420144257
-809.500228314217,-5355.04184399185,-2037.22818390478,-4341.24083879259
-5671.88618314896,-2617.78464149807,2398.4019432575,-4814.93725848117
49.9789008140564,6026.21899440595,-2657.11115634635,-3842.6162142438
-5490.25484235998,5229.80242486351,-1544.09346550678,-3086.65288513201
1428.75137605565,-5478.81830987817,3393.92436526482,2986.68083538568
1796.9409910027,-5464.05968586824,-2944.32041806959,-4575.71513807466
-6450.22394008249,5630.50999883734,3357.72962358266,4283.75213079665
-4124.37510858722,-3355.75852681472,-1697.31320604569,-4948.48975558206
6037.07448714469,761.825779276785,-1683.76376422942,-5309.09331632923
5234.36116169924,73.8120474466463,-5745.70637838196,1178.11614983966
5474.89054955179,-1048.62648214642,-5872.38306294713,759.165683311164
-5607.6655475561,649.595289890621,-6174.08583693917,677.243114704847
-6933.28456121366,168.870969684797,2946.16619873047,-3510.71141454204
4578.60739218249,299.081484344559,3892.55853872484,-481.175576502583
682.876140416906,-6262.70125406529,3501.12325587759,3794.29267628615
243.113983154297,6239.25579359288,2732.2630278798,3342.84462981923
-1892.53479396426,5399.66762312851,5823.52124300072,-244.841278076172
6346.14678723979,-5239.38251866258,-4087,-3283
464.415565911978,6030.40951416894,-1810.67750231783,-4826.26318582099
-4375.37351678971,2349.45895147522,5009.1787893008,-249.778504758419
6294.00976960137,-3449.92918360311,1559.44335870428,-3806.02308430826
6795.16224916774,-1886.22990306629,221.934619140625,-4014.97939630046
-4819.57856099031,6620.34013748305,3811.45801511449,355.631330895344
5220.03350362054,6808.91061431563,4297.52788841678,-810.064148749441
6554.86607824048,-4188.95605397337,3326.20855867023,3408.51537463426
5793.24525660415,1329.80331012016,-1792.94565217391,5075.28604964472
-867.797644898847,-5245.04014234754,-141.923286437988,-5335.29512034076
2992.84569543517,-4163.39060768636,5044.37037232033,-277.075122924888
-5889.76240650102,-2891.43874351556,-3128.54108005419,1983.52486008864
1155.21481076093,-5501.65246304883,3964,5215
-4652.96938490941,-2695.35797729869,NaN,NaN
-5056.087538132,-1257.70387425916,-3897.93077567593,3238.63942048333
-7780.3244698254,-1222.56194318181,-333.430541992188,-5181.14365795453
981.256160793934,5278.11820396827,-2192.6693079805,3062.99020271735
4525.66841207163,1444.14933372115,4153.15301702552,-761.408264160156
4525.51495110362,-6276.57109497649,-4370.15767838395,-3922.41018223769
5741.48815022863,-6011.75628877037,-4530.23284348095,-2401.94657694006
-5728.85564026167,5566.22418730525,-3119.17756161611,-2328.97569452051
-7024.7287340263,2985.5767558558,-2368.8751700679,-3922.98013507547
-7153.56714336799,1350.92370337298,-4056.75393427498,-2256.53400958142
4358.38463863635,3035.51421033794,-218.816589355469,-5113.49022527079
4975.60275310679,1305.94369551132,-5727.30945978263,375.732598064785
121.35599002627,-6251.59772510908,-4737.02315611518,-1980.71449998642
3442.69760544962,-5772.62416275473,-4503.768491103,-3645.73818496223
-874.528780824665,5192.09835380271,4305.89270666679,-1681.52815330487
3106.99120549041,-5266.01529425951,5082.76394704445,1034.06993021592
-1991.98423754643,5119.16153787778,-2964.89346999509,2842.04390646145
-6493.00485443473,4452.54020139707,3478.90581914019,731.713145234237
2691.74513568033,-4907.9869513428,2598.17654383423,5095.99206364995
-1222.42201768898,4799.05463005449,-224.760851232526,-3891.02015738315
1002.38699413339,-4761.27870584719,574.109576317572,4238.74887336557
5287.88234008599,1593.29725580478,-975.028252065935,-5964.26095109533
5633.45439444601,1701.69683940497,-18,5733.03320341435
1106.22997579327,5107.37747274493,2906.53864849595,3683.80450467502
5052.10668328674,4322.71351821846,1144.38861589988,-5099.50852065646
-688.547607094984,5935.8250620052,-5790.65605139111,-1780.56907622923
3923,-6916,NaN,NaN
-2950.74709464483,-5432.92095865903,3651.06323749031,-614.103721618652
6564.55003532779,-3167.00887164237,2528.83474576271,3297.59747160132
-1304.55364501821,-6182.80052875536,4716.42974785673,197.818214416504
4572.28259552366,1976.18332097671,4818.59997734069,-2313.49371554622
-4571.22611903161,116.042329346894,-4699.83407836653,73.6323317512194
937.042843458223,-5038.85578171164,-930.808057339505,-4850.38741684926
4716.72501168456,3311.647275483,-3553.50296019133,4281.42597147873
-5630.12810476845,-5080.23801856741,4102.53942547442,-2796.07704291766
-4987.69236036717,-589.719720140084,-2513.04798744124,-3249.47990998712
5614.65417687125,5747.06846432281,2801.05915636735,-3741.92221116599
-5661.6351962954,-2735.21881808714,-3381.67694652169,4388.0320159328
-4416.56627912372,-4028.4501582379,-2811.49602647578,-790.68342102466
5483.30931125223,-5265.15896212685,-2942.80705302301,1544.85772789597
-176.291244506836,6597.0634318482,-2927.89574936126,-3836.07786471832
4752.74942688826,6567.67173398576,2902.46037472276,-286.261716217421
-5393.01312163304,3557.36456122666,4397.19535547531,1124.8902262181
-4907.51499144365,5799.67325538933,-2767.68461881789,-3574.27306239652
2736.62929792674,4101.89339844003,-943.735581290463,-3957.83959433066
-5803.36852928443,-5783.32358117285,-3146.25284717557,4136.17715511521
-1965.6026292475,5535.03647841416,-1459.58913472301,-4593.54856263122
-4735.12776627085,-1221.20186272662,NaN,NaN
-326.179862976074,5912.42093834,-5848.05352507586,549.339868164063
-3419.24788647014,5892.14456655415,3227.31487856152,2440.93538255333
4037.79266543992,2173.09126581861,-4682.52481422243,2466.83543570442
6697.32264502055,-3063.12952468654,1931.12147517885,3297.34764287528
5423.08512732534,-6580.08301524307,3398.90810234099,1485.46781657842
3984.81251986004,5581.41342800242,814.145966255653,-4890.41204074597
-5900.95675843655,-425.297129330472,-2894.03631681905,5753.13846352223
-3358.53409612845,-2962.70242981283,NaN,NaN
4261.53835272988,-5878.66593856096,-2597.62297473021,-3007.22733402252
-175.59716796875,-5805.70076718761,4074.87360758126,-451.661796869366
-6460.55101970589,4712.34646368995,-2972.64251443614,-2616.91164581685
728.297282130106,5497.67196797073,2063.24587872857,3309.9342835208
3379.77850049091,-4637.3751555067,-5892.98308382033,-1887.50081408605
5044.0844900777,1852.32348360334,3974,-4323
-4750.07163246341,-1436.44967071244,-5274.39924638059,2050.31040877724
6050.25678974959,678.784172058105,3188.63431059462,-5594.57940352652
-4586.60298387641,-2510.87742405752,2016.41456221014,2654.26516106176
2293.03913013439,-5304.87224942971,4895.44197007097,2362.29380551091
-4826.99061931229,-2062.68793235521,-4859.74214232879,538.322858524687
4518.8007155219,-3785.0929967463,-6106.83277186204,-691.758042061902
-3898.77740213342,5612.06136290983,-3971.24268603024,-1735.08363193525
3896.19404023703,6588.43834523982,4239.22859944728,-2831.67357815165
-599.944125968671,-5049.31719902275,-651.773556435992,-4791.95061524179
-7027.07583831881,-2232.8714753839,1739.01214641983,3743.9668703893
-2695.32026265608,5478.59971969208,-4891,-2597
-7482.68636675773,-3030.28258026928,2790.73794345843,-1253.09971030788
-5521.27833709187,1561.72866354566,-4094.94608643353,-1570.8991978433
6180.11303626575,5092.94931670238,-3159.5130484393,628.119535632228
-3650.13891066284,-5031.81345971129,4706.35520298133,-955.571357487756
4948.58175335712,1911.65851345184,-5584.20047732783,1546.95011135097
-557.076371041463,6026.42923933584,5583.38463202808,768.476040184922
1268.53596187175,6173.49819628519,-5647.43367966309,240.554183959961
4414.87794497162,2670.86307431081,-3186.99684990644,1824.20962253843
1546.65763442096,-5528.71551588095,3529.97646860599,4259.06330412654
-4343.92040490468,-2030.39657358851,1688.35571780108,2974.67902138869
-4420.85425912602,1292.14263435701,4443.38402061856,321.908444815029
-4964.64673815043,189.560723588985,3855.93404402624,1189.80176544189
5175.36121523466,979.051791652658,1946.53227707661,-5345.28054531338
-1620.57462457702,4334.93873024785,-141.742546569309,4514.63807613431
-4651.81978873799,-332.313982856166,3053.06230493338,3106.65663452709
581.794277597403,-4740.13679938133,-180.851230231494,5415.38117690904
-1818.86850131369,-4613.82120190253,-1916.18757509779,-4499.0485427099
-4535.21280238751,5907.94383085895,-2576.35848076198,-3069.43976674773
4968.87902188154,-4170.25847680715,5308.43176617349,385.857595058674
-346.490136457797,-5357.40091570224,-2329.29886744409,2454.49958215587
-3038.12053638531,-4290.26946112027,2884.81260162199,2048.15701771148
-1262.12796135706,5461.05448134817,2417.67568608393,3947.63966531967
5361.13554738711,1332.59291121659,5519.04986855391,-2524.52782624719
-175.548878308068,5092.46804584659,445.447591294005,4858.19706983805
3623.31789178999,6590.20676638673,4697.44906007204,-893.481545459825
-4664.90062614405,-6686.52774317814,-3807.20771457981,1752.69287974426
-536.317262342633,6133.87023314959,-1530.15730146161,-4798.32977034072
4273.19208805679,5655.75759583222,-1043.59886041395,3270.10912228415
-4929.64823065693,-1646.24871125768,-4996.07650103532,3614.98483042009
-311.701883567954,-5845.98488471329,-914,-5648
4452.71874148333,4201.61316213093,3665.30601294641,-1823.01753631851
-890.271358996344,5555.39907128646,3009.62341952174,4714.56745360934
-4316.02894125653,-6311.5878260344,-2742.75447585746,3267.50589013657
3202.4850332018,-6959.33770072303,4214.26213718016,-1500.18917487083
-2486.47837638246,-6167.61367917733,4262.49963033803,658.742467259878
-3591.03776508359,-6858.76649061154,-4265.31967799048,513.211884263296
-4277.44420541646,-6575.07538911923,3759.90449070955,-1950.89678769294
-4482.86292874874,6532.48467859853,2993.32995003895,3112.29884844451
-1227.9659863469,4375.4934285911,-1014.95947280656,3544.18227972108
-6213.28030261899,3191.77274141721,-2998.09093808021,-2580.14707538775
6711.09575969771,4575.97827350951,1005.93432813202,2627.56277805372
-4562.46733036754,-49.9374979380015,-3431.86879529658,-840.501054027064
3803.03236286926,-7111.23447021102,-3873.5143155686,154.658727774348
1464.58613528402,-5307.57883169386,4472.49086261502,4036.63820144062
-4856.51392066145,1112.92092418202,NaN,NaN
4368.61911503597,2261.23929222663,-4468.23653943611,1173.83118104377
-3990.02370401777,-1688.79901425586,-3783.62425842466,-2135.81740153853
742.568312737178,-4253.99647176869,3218.98594031109,-1587.4839541921
1903.50265483979,-4401.15243801519,-2996.36695404378,-5430.09998924541
517.306948651804,1761.08934384018,NaN,NaN
4922.0009280548,2660.78938869708,-4141.97886597938,2731.71859638343
7663.23584925759,1627.45902330383,3307.22802790257,4515.43913414853
-978.70703125,5484.48630696425,-972.69282140861,-5020.92267651455
31.9528262608984,-5174.88272718179,113.082594611721,4843.2399666656
-6145.71894357018,378.472074919855,2242.52052804783,-4464.16574300857
1956.547483074,-3882.96029034747,942.448044887809,-4647.34187679063
-5518.75305304053,-870.222894431939,-2842.25637853143,4511.722735797
5395.25906875877,514.560891244457,-144.5304260717,4800.08066852276
-3082.35504381095,5422.63155233694,-5175.39434816399,-1652.54396408899
-3119.9418272945,-6840.87822814879,5050.30174096604,-618.941861333074
-3659.97671147565,-3379.17582217596,-2073.33272946733,-453.861036659225
-169,6076,-1543.53117100913,-5447.86521674479
-3020.4467712024,-2081.45280722877,4382.64150738697,1483.77173542801
2318.79180054126,-4404.05473047383,4656.25731197241,-93.1551050646552
4227.02564798574,-760.31640625,4754.6744687631,428.49113658026
6371.36267911819,5950.86545135753,4309.58667387882,943.2509765625
2200.41096059133,-3648.69978327721,-1084.73806685274,3134.30827722254
-526.564522879464,-6229.39754996554,-1232.47554868654,-6051.8658453182
4246.57781932221,7291.72139728574,-4408.3687561202,-588.459104864225
-4620.1583129987,-6246.04963954919,-2824.74606956721,2880.8966796268
-2561.26948964851,4304.26108505044,4948.85920445369,-1449.59956515341
-630.641687161529,6102.60729095521,3941.86186013551,4599.38444130141
5677.49645230761,4865.77130677256,3151.54261109144,-2836.31173026452
4042.51856143553,2233.53436027431,-5878.66302469379,1154.92366406402
6037.98279638571,215.09906733786,415.109328566122,-5173.545601767
-2100.8163820943,4466.20175978083,-2320.94358092363,-4405.49351754272
-1931.54733543642,-4955.01966608887,1045.99135805572,5785.34516055172
5146.35663608344,1999.56882775233,852.986382373544,-5802.76337336365
-4816.82431699012,962.316212149862,2291.72544263807,2175.19897379345
-1195.09876787133,3309.63642932546,-1466.19159470182,3400.25244628324
-6464.04915133988,5890.98349056604,-2522.51042247145,2986.87643049102
-1985.71170732891,5535.73262945928,-2333.39487886748,-4146.64057828221
-6240.58427468549,2345.28020801946,2049.37210665129,3427.89999345874
1285.09253117109,4969.57779136089,36.0137128496503,4266.72377118284
3692.25953608264,-2942.84441447771,6259.15917831629,-312.807067871094
-5518.36690780215,195.957221870327,-4901.79292464381,2328.52859431437
-4345,-2641,4614.94797353776,-2360.98029200796
-1998.09209332795,-4684.73405230973,-328.914077758789,-6453.15611149849
-554.311111450195,5998.51405818992,-2279.62609340246,-5155.40956082347
5576.0103334513,1343.59375,5068.37241760461,-2352.06275276461
-1053.22296511316,3918.63307049307,3064.50358772007,-3453.14529972853
-752.254984308005,-4976.49344316126,NaN,NaN
-3654.59332347966,-5798.97080933072,-736.632199111046,3772.96024669294
-1471.88349301825,-5154.97434449701,3718.92364723154,2200.12676836993
-4243.30619959268,6649.42508461985,3092.94308209197,-3223.00450181099
-4535.39696016012,-6943.17338096781,3893.67922480194,-1409.01586175848
4561.11839023505,-3730.76256351747,5653.42035057983,1360.6964208945
-4307.2653660403,3311.20007543262,5564.04344974962,144.810847075089
5475.31341720287,-249.966329682309,-995.264000518689,-3338.33012142931
-6147.8866156668,2987.85265519979,-3578.5831640361,-2669.15103517087
-883.97086765245,5007.04814946922,-2510.05899160246,-5900.39935228746
5529.85005286427,-147.552734375,-829.870154011286,-4006.44050740233
217.46114950469,4633.73448569369,739.180189164056,-3801.19126934029
-4809.09624270255,-1325.06187492343,5849.41422543963,-2057.1214440232
5687.63306410947,-1610.92009040146,4379.98229621299,3203.40080567949
-401.422241210938,6631.09483470001,-5017.66239255762,-2059.13147412305
-4175.60516485119,-2528.21556000173,-235,-4437
3719.02993965849,-4874.02726518425,-3060.19360983515,-3038.77488045425
2643.4590099875,-4731.6692713926,-5286.03013036613,-1865.53889840295
3540.92722885998,3231.14796821902,-533.089981339688,-5848.67106855713
-325.033536091417,5770.05515193946,-5318.95101414199,-1312.26977898265
4106.71301560658,2052.46962946162,5227,-2805
310.836654663086,5808.41089777722,-1447.49124813216,-4471.64135678403
-7241.10388556756,2788.24487788757,-2817.71414286355,-4258.87653050578
4601.59298264909,-779.647542977274,-3033.2341817846,1217.20059686358
3759.29192469215,2694.80595434202,5213.44544844688,-2170.67435376296
-727.389224928253,-5467.53751726203,-892.262297658879,-5859.45578814501
2708.16178211413,5801.78043016596,-1725.99618253603,4602.8919658204
6116.10700820794,-6051.09492775118,3600.23550432389,3330.8692040055
260.910006071392,-6009.43524230539,-758.323709926492,-6038.91194765127
5156.46172354731,1983.38235933025,2049.28940839387,-5780.21700796671
2678.13895251238,3891.48833651857,3969.24213227157,851.995086972076
-4920.21399272081,-2019.34885449999,-844.404239540912,-5393.18066004541
5035.68052026073,-2610.93476300473,-4428.89348334781,-1212.67090488093
-2.59378212376646,5518.30547846911,-1001.48712239088,-5973.27649552444
-5032.78798370745,-4769.99485185339,-2539.29246122657,3174.42836484898
4522.50360797274,179.677971049837,-3109.14502377575,-1136.29382702134
-2025.36465380374,4844.97106150318,-4960.34522682261,-2514.23222287426
2642.80549511221,3512.4334492533,-5170.58863350928,-351.157104492188
-600.529937744141,5361.14617916776,5246.53539365155,-579.611463990322
-5819.65244716898,-387.016868428848,-1754.97386781509,4856.71398510976
-1335.15423379646,4321.364379303,-5084.88535299278,-75.1414831540352
-5112.15597259429,-2020.13730821403,2893.26938968319,-3786.66019993892
3504.85173255726,-2675.2258231953,-4941.31895227641,18.88623046875
-3087.71680376153,2477.04680874683,4038.89507922287,-1777.08548405008
-840,5494.15938107222,-2760.1913904094,-5504.75637572088
2675.89632903389,7182.25539290204,4728,-1644
-6167.69706396794,1603.27867809975,-5229.94776734406,1370.61959028108
1155.72533989075,-4012.65936279297,207.946044921875,4121.52259430066
3358.17709115721,2481.65063129779,4159.71896101415,-144.1376953125
-4263.02166981423,-834.282578976,5665.86416980121,212.994476318359
1734.71433874913,-6184.83153858107,3991.87614409507,2913.61319190972
-2636.28287040741,6933.91791406464,-3980.80843781541,723.756918081812
-3779.06459780772,-1468.3422267748,4389.82891721235,814.370370301869
1376.16413116455,6228.19567004645,-4606.96887565019,-3.87467193603516
982.208307838913,-4742.79816543323,-2690.4350101627,-5022.13791377283
-4904.8068309117,-2790.08645552583,-3327.58078059727,5229.01847225756
2398.36374346005,-7110.32141113764,3781.94930547515,-2209.81602218755
1053.86951284192,-7556.90258185456,-4410,2975
-800.972657079025,4162.50743420481,3998.1518433488,-670.09790316872
3446.27038885317,-2105.95906720715,5207.6463747092,-830.43684934982
3665.60425377497,2247.85718472962,5810.44053785672,-1702.91656969684
-4590.02305536685,-7152.64974388354,4087.8147649315,-72.6092600432656
-6820.56631401753,5501.72358153442,-3585.80891697115,-843.638565173684
-4969.3231815974,-1948.92893681688,5007.2589918256,-1701.17587410833
1058.1098667151,-5966.81353770719,1625.27554803123,3882.79632220099
-4376.00777330619,-2514.86914702916,-4562.31885041626,1526.30412661479
-2285.21745342386,3484.06295399516,-876.343200683594,-3962.87306291982
-51.6092164907882,-5805.88378457216,-4420.47438893686,-973.685976533875
5353.15711313622,-836.892024559311,2842.41367921139,3428.90506921497
-357.264546851589,5679.35588790371,NaN,NaN
4596.66747253123,1443.46095271666,4648.8685735459,-4128.65947513084
1408.19440593029,-5204.30143341644,5858.29891273631,2400.6075627327
4850.86433572633,1719.79714219352,4600.90548766371,-3084.37690012568
3898.03457616991,6658.55144257135,-3901.78886134558,1983.39998902009
-1857.03444244956,-5088.33092518441,-1206.61381358485,2504.22216833919
1151.88795037476,-4019.79437814143,-3212.18358918645,916.299456874027
4305,-2726,-4944.914144244,-692.156894796366
1044.60589635524,6272.44439902497,-412.499520924056,-6085.50409117726
1371.05713243175,4947.09223685767,-35.1698608398438,-4860.11400330776
4234.38247722473,-4299.96526069864,2265.30227476628,4079.8038531201
5728.43619731972,403.178641319275,467.617394157818,-4848.36574440824
-1725.23161150668,-6580.13681852108,4182.25546660304,518.800719266965
1159.13068430085,-3366.6551773448,-2670.64206131409,3212.82374848187
2059.49825196229,4708.91401281252,NaN,NaN
-466.94550715266,-4470.04305509216,2920.26628923634,-3730.3480632436
3147.17818315069,7108.34019319941,3961.76024799639,-2124.79476252607
-1945.95669332747,-4163.63833792686,-209.321450253141,-5871.12675365691
3878.47617909854,5352.2013393606,3418.79245283019,-77.9468664850136
-4980.51871606376,-6232.08255577047,2802.68218025554,-1908.10914276191
2668.58205137251,5199.73105893209,481.552157353173,-4141.19513259611
-6618.63279859337,1158.87947791033,2759.82069837327,-3576.78680907903
5606.17860061475,-8.74931622673483,-232.18701171875,-4674.4529418208
1063.1414059921,-5289.07394901358,-4994.51185074263,-2711.37397644461
5430.37963693099,50.6572265625,-531.70070593771,-4216.94213482089
-2129.99347864933,3742.92721541259,3409.00577230698,4048.04673750441
1639.89020125432,-3939.73358187774,-4634.74028756103,976.424916032439
-2955,3852,-3717.89589486254,-3486.41033718784
798.734490766212,-5688.49490667759,-1890.62827281825,-6080.4858239171
3270.92995922166,-4158.54253368468,4856.12282812181,4095.70953706736
-5153.86720161862,401.821506171738,-5774.40952416679,-545.730004890017
-3331.40296297161,4382.60745137201,-5048.64374414561,-2915.61517037622
5153.36406165298,-3767.67912545723,5691.80190937171,1019.91226959229
-2918.86477463818,3157.25489415113,3765.71941391774,-1104.656705556
2302.40479063347,-3934.0076949962,5925.11570826735,-693.708043787886
-5770.21534325047,-7003.04873265861,3163.94486380476,8.39035446579396
-5464.83002995709,349.505412098513,1429.75454612644,3936.76496862802
4171.77256168016,3669.76423307101,2457.69043246293,-5988.40658863121
-5638.85552926468,-1467.87001252433,5661.33649620434,-1097.09034649018
-5373.94255803256,-2978.9664373566,5411.72443852556,-1804.49667410026
5760.28313580057,-6481.39220228497,-1714.50693707478,3326.86873027517
3731.46285062369,2712.15238261276,-4280.65425519384,3110.51321771676
2450.91488895022,2566.94542729125,2751.49530640104,3002.88708178439
188.295622686381,-5273.02265188194,707.969009548059,5841.94313160267
-906.826949968925,-4238.38221134314,1547.69542322462,5134.49489525001
-715.44764917547,-5656.88933557225,4361.82548377579,-1333.918647518
-4009.78469510795,-2257.05351906617,4435.92390095115,-4075.2109412712
4614.39305844067,1114.03236609641,4729.02849576271,-2873.36153265056
6335.1879125384,-1399.44039069337,372.064888000488,4419.63239719154
934.276197275923,-6021.43988385577,4623.4780954575,3423.15447380318
1208.37161824789,-4085.18727552755,-3932.40296417047,994.514721978984
-2586.12747294484,3263.43883985195,-580.910016105495,3330.75628246293
5096.79911048659,1680.78723608089,4269.69740739747,-860.292638006651
4842.70017018717,-4728.65892094399,-4419.54669692429,-1088.00081833301
-1281.24501089647,-5859.20327026344,-1856.7458666236,3401.53463050599
-859.816429362421,-5420.27447037269,3348.90377276235,101.289889812649
833.961976732007,-5335.69287518106,-2149.44817118087,-4884.0613762063
5985.09602125539,-6360.25068451295,1611.0438872995,-3833.79110168119
-5612.54090369773,1638.71356201172,-4498.13121952744,-1295.32192159495
5049.52096617029,-666.871842658984,4142.30230169295,2153.03000172252
4687.98612848663,1673.39030184771,-5885.30364931189,1938.9996669294
-7446.06627587929,4211.94347904123,-1610.4554349385,-4038.71489023166
-6307.22442370532,289.806800842285,-2188.2546032317,-3994.14317841784
-4696.56951657088,-2458.84484165696,-1136.41084311042,5571.8647116962
4364.93430496745,1938.37867295346,-1501.19985286905,5863.75696827925
62.478493035476,-5799.66764264906,-746.074136758152,-5348.14641590142
-2968.69014811694,3628.70765478595,1833.33602890178,4468.38506227264
2221.40269581134,2921.64044135558,-1767.09050123274,-2705.8878210748
-4672.67220747862,-132.931694993461,4366.93810182749,775.310482899384
538.107473189621,7340.22574087469,2663.40263110478,2258.61090683248
7214.30747107481,-43.0354330708661,NaN,NaN
-3020.06844691847,-5098.81110230804,-289.79300700663,-5664.10155296629
-803.017276802016,3631.40550450176,-3779.9545727743,2597.42324202474
4061.75415926958,2013.21669136803,5859.76479970978,-2254.96726229219
3462.28929558065,4922.75394470003,2089.43710313416,-4338.88954409364
-3340.72057030903,-3307.56492266568,516.107360839844,4628.32679740919
273.993889277272,4825.98744852956,394.484535217285,-4622.51354799593
-4481.56753513456,-1101.84898111001,85.19677734375,4051.24178639216
6758.52293603416,-4431.53648663262,-2171.85653802166,-3806.41946859034
-6680.18599159517,4874.8621901914,2275.55375763159,4294.9056675515
4280.37829904825,2185.82202646427,-2659.26602586203,4906.2698875638
-4180.74817741218,-5687.07862975859,-2007.61291683523,4243.05956222502
901.164306640625,5569.05157323714,3291.12951410277,1279.7207721318
-2342.2769640936,-5794.45705055683,-2310.78445152403,3344.594044298
-2121.02130832174,4547.6783432212,5143.54520026819,1688.48614169398
-5479.21213341837,4620.89383343566,3842,1556
5524.01941782645,1633.50136519097,-3363.74866140545,3926.56672442369
-5459.56140410778,6283.32288145126,-1820.49194563669,3536.14370006808
5478.25153103635,2653.04369628563,-4086.44777136551,4674.01706895941
1923.23152355307,6325.20121015222,3882.67432318696,-586.394840345632
-2831.86478096469,-3495.60335161764,-169.116889543588,-4772.38227258306
3340.30279876374,3032.04226862688,4528.91014231277,-779.131696576966
-5414.57008500383,-5682.31851698058,1616,-5105
-5294.37317033203,-1030.35640552376,5150.95629442608,-714.65526738806
-4473.79392845801,2756.96297337349,-6268.34952811965,-541.183158491569
6485,-715,393.309226451255,-4233.92327049387
-33.0706775700935,-4492.49560065806,501.233759351621,4371.13261143297
1346.7249375,4711.18195354894,-5139.30327697166,427.177192687988
-4689.13463921327,-7500.74826385382,436.827583312988,2081.12244070463
-1220.05690535959,6359.16796032626,4452.17113239578,4385.15468793944
-4852.67544394172,-444.208919367141,4537.09166865692,-1208.14827479018
-1346.52221679688,-4427.90015990279,-1064,-3436
-7326.96103118304,279.783264160156,2136.30040629215,4513.94421181198
5514,74,6313.28817623617,67.5468764656813
-1901.53750210758,4761.99654874892,3572.36781260493,4266.01049736228
-4414.01742034117,-5248.40786169649,3206.64282024521,-1907.81238315821
4386.09619524049,6480.45183458045,-1460.87413883742,-2103.8487059463
-3201.87730341732,-1901.81894326274,-5966.9684682984,85.8395705272602
174.598509153236,529.829302150094,-2335.4198007513,-2790.30676995495
2418.97052884569,4723.75561717915,4545.56613743916,-3936.26651619926
1330.96319580078,-4591.22808312086,3104.60828569718,4686.87575486193
-6742.07199423386,1755.21241179911,-816.251546223958,-2715.98028753962
-12.7230769230769,-5841.96924067509,3707.73237935319,762.215878623299
-5369.40930705111,-6312.71962363891,-4834.66124797311,607.543342590332
6519.62948595224,1116.25760739349,-2900.26724910485,3492.94973506437
-5343.10380843344,599.273290803928,4046.51762207777,1820.98229783933
414.526062011719,5786.31421598134,-23.3097457885742,5784.87024557201
-4840.52006400033,-7146.1256497535,-4051.13328253768,1453.20985057779
-2538.03911542454,-1828.55827596536,2136.51931891227,3912.24419360746
3705.31795720974,457.349098212349,4178.61427737362,934.613244743444
3755,596,-2311.30506162676,-3111.79002673331
4337.20714156936,2771.64278085966,3765,-5211
2103.38998179163,5333.44678494557,1838,-4023
-7017.92152892231,3414.43681302818,NaN,NaN
1198.92858560807,6425.76402898901,4498.46889733482,-568.297460436821
3830.20846772885,923.006217751352,-1666.39310881091,-2668.88864711427
5548.47576652556,-1296.01685182208,1995.61446914758,3532.45221879415
6990.20111042532,-1592.13813568774,-3625.18619804985,272.708765005476
3029.73473933091,1811.01748716091,-5003.20675608182,2.98321533203125
-4220.24526687314,-2327.54252653302,-4603.75024404598,1672.4568077986
-7256.2029805617,291.541156228326,612.228704084813,5292.52552216916
729.948330965909,-5577.88842611755,-4806.87711807427,124.965385010422
274.77939180033,-5441.47495835362,-1044.78032684326,-4696.11951555234
703.001611135884,-5919.56720125384,-180.733273195545,-5229.1493402574
7087.47679294467,-3505.90272544806,3079.68667235485,1755.17959795363
-810.951753635356,3512.87048086469,1415.2013264065,-3837.67102177938
-2921.85508550524,-4788.57932914246,-2481.57836393741,771.351214503296
-6190.89930666983,-7174.10323955009,-4067.42093438914,-320.498591339239
1698.1743466736,-6157.94053987937,4329.67169946868,2529.14201214736
2296.26787927061,-4359.13184251414,1602.26542859765,4528.77884865589
-3786.21784192362,3808.92630258783,3795.70764544611,3346.85702527012
-169.491701433735,6037.3154945883,1195.12824323185,4987.46314924434
4033.67182757431,-1045.86378199902,-2278.63257649057,2795.83438465397
193.038703918457,-6547.76889503718,3093.71532980045,471.362018931996
-6991.20104086471,2261.98226386851,2368.38632629982,4443.97336499191
-1494.93227761358,4728.32360857583,5340.74191255095,2040.83321379178
-3270.60026492164,-3672.17486061352,-4992.64050084373,2911.41957032893
-6884.95750959426,5157.76429887134,302.283883527064,4217.80907223297
1503.79062512969,-4473.12219550778,722.027989076764,5820.13465786892
3864.30261877514,-883.386006814656,2959.53817656856,-1331.97341923346
-4638.24599256457,-6774.61349113029,4030.80362255906,-2077.85556854763
-497.858952458916,5341.19801809106,-624.133124493148,-4226.16487751904
2486.86554931278,6948.072320651,3736.32644846635,-1989.65824505763
2024.03496061168,6294.89226570332,-3877.57439983444,-192.347465298733
4164.01114010236,2127.13481766424,667.858674864838,-4757.89270260237
-5980.13219499117,-6666.67814325361,-3763.77168070385,-531.987986113603
4433.44503558701,-425.495746850335,-4740.93939663655,4.64237918215613
5613.54494673114,7379.90125586613,3058.35039221279,1521.40986658386
-3567.63167422556,-1503.50635918451,5154.05764767699,-1657.27056609398
-362.296940319799,5094.18556975303,5595.05221582743,1176.16983465411
-3622.83856659958,-7206.36303219279,-3922.7904061655,492.842798415584
5602.14795819518,122.22119140625,503.505966186523,-4796.84462010319
-4821.86133927518,-870.4375,4524.2344998494,-958.751346582467
-7525.49417514118,5021.87196521552,2955.06027822192,678.296877291043
4731.81144950328,342.289789359177,4976.05462092395,758.85680795413
65.3535685385427,5401.3336396765,3953.76097320405,865.92902832754
-296.953835773741,-5044.8930162699,-354.029594746811,5195.27838012407
1860.59706376092,5427.1003754793,1821.9094858156,-3593.43837426518
602.62816619873,262.376745817677,644.731049673898,-5457.19443221635
-3839.51233168889,-1191.1103715872,4625.5460918434,-2329.22124578999
2919.69596396952,5565.32463002722,1147.35842615147,-4712.11686571389
2093.72585639109,-4918.72781022483,-1952.4011534603,-5728.60679529068
-1166.08059376186,-3995.44907101547,-4602.7657956423,-951.220174226227
-464.019766353778,4649.19235322631,4018.45113956382,466.794711463682
1537.31027629826,5962.38503048067,1208.7838948277,-5138.15959325959
-6646.67673039332,2366.44800920177,-1582.57846795274,-482.333766018203
1234.05104742245,-4218.57114136604,-1205.33632946071,-5470.74687667939
-5361.53617663217,1029.09890379557,-859.666472235184,-3591.77839138095
-7665.78707466218,-1193.6068422677,-1542,-5018
-4083.07716527525,779.338386535645,-3957.06995401162,1604.1891823128
-2709.482107708,-1384.09505554865,-3220.4428999004,-1102.50055532133
2962.24029941894,-3730.48943511372,5859.35612037536,1956.9159542534
-6585.74556736309,5988.24677500674,2440.36026771056,202.902145044975
-5293.91473248979,-1920.4634861719,-4125.3622090851,3836.49403101975
-356.002282921835,6214.39254825721,3270.30381147323,2523.23042364246
-7400.49227857528,-2578.99726079267,3991.70715211345,1020.94559162541
-402.907723015821,-6055.60338061154,4282.63769014907,-493.833402912738
1320.47176379943,-4501.59057332257,NaN,NaN
4087.87416242921,996.713105938103,-188.85141216242,5510.96665517466
-6077.94114352774,2881.51796114329,1826.46444971917,3606.26872551136
6704.4927469519,-1129.09547117065,1160.85537898111,3809.13207668728
7015.05880593943,-3827.57507593227,1518.79600374861,2238.28259512909
3548.30751025856,-3001.72591871789,-6087.06129070777,-1097.52886940961
-3713.8497081145,-3752.19412695139,-3473.40409452884,3138.55370752157
6668.15103798268,6962.20619228508,3277.19273489004,403.714045427138
376.825560937968,-6847.84281236558,3441.88343473113,3633.88218215403
1026.07074865306,-5365.26452684419,-2848.88263724869,-4618.2103671071
-3302.40321146561,1787.12996103327,-2788.01026622925,2503.74555463828
1782.0883824477,-4339.192071841,5501.70013144965,2779.33714505563
-5394.91524175694,677.279776525914,-5031.85452998893,-755.295871699804
6241.02577288301,-6032.05421855392,1659.44983908331,-3698.87936482859
4946.52148556114,12.5069691051137,2024.32662397983,3452.54954956303
5099.30537816466,1211.1104582589,1126.55425307567,-6043.43656880165
6723.57262179318,-6.98188018798828,1202.70688529637,-4129.45652000499
-4467.18562629689,265.163739868942,3723,2597
3889.45255147858,6747.63673973622,4609.27625992046,-1086.64025141775
-5556.61914064324,-505.719666897521,-113.407718980169,5198.80392380471
4623.79146452214,807.869571311489,4784.87287372532,-17.0422973632812
449.054733152375,-3682.17300490459,1938.36509585525,-4144.63549925748
5181.14639627691,1085.65405707907,-2765.89096995873,4133.96993416245
-5438.93532347651,-351.631329245063,-287.370515529318,-5558.31350251107
-6051.30392334659,225.531611236192,419.229429183468,-3462.31069189863
6751.67041331407,5810.58466901501,1005.23136020973,2461.47260238032
-2357,-5630,-2538.83116585067,3932.33765422875
-5663.12788675265,-1951.32890555351,-5015.16072477613,614.591412712546
1179.34096630486,5419.06859532185,2858.96164104564,-3267.65072065067
1296.96507263184,4039.12747043021,-2011.62545596644,-3312.97441665763
3204.34164405974,-4012.9223762326,-3393.65106726459,-4697.04120247796
-4293.50232917139,201.455114795649,-4712.05521152856,1596.16522005591
213.746769476284,-4234.71896827801,-1097.36981026395,-5115.36072173868
-2986.53300534019,-5486.38096432115,342.967764920967,-5483.60494800546
-6422.32659805068,6896.75215263973,-2866.85085769029,3183.9124601202
-3910.73193583697,-294.3408203125,3971.90340878003,2305.83967253558
1921.19313994517,4019.01034014268,5673.98785101321,-174.717170715332
4100.14485164487,-3556.10702495963,-4057.53599675299,-1551.22939414842
-2986.75836503674,-1917.40844979024,5477.29347249887,587.698701171875
-6188.94078828643,1917.89621076913,45.8085324411435,-3429.45063028322
5123.81868138858,-1046.7877811524,5606.01650483073,189.306638962766
1909.45800072471,-4381.12870139739,4002.28205054216,2976.86608441621
6736.14014198752,-4509.78815184049,1190.80716799962,4484.43852303602
4730.81823540365,943.844481536406,-3530,899
4347.53132012897,906.017280996749,-4812.6535852724,-1049.72051957074
7206.26322275026,-930.772716637297,-2773.22099338791,-2355.23238812672
-3505.9554982909,-1744.98809391128,314.532427109743,4890.49138400145
3948.29638089577,1893.89558006634,5131.5741772209,-3110.87695479116
-4596.42213285148,-2450.18795095023,4943.82505421085,-1478.54337598078
-2079.02205300522,2059.12144262029,2551.53252722773,-3527.66388292454
-982.285396419159,-4947.92364265505,77.6348841570426,-4580.27997792418
5033.7341990038,-753.59935307592,-5756.94470774237,-720.770440517183
6146.90979709254,815.959266662598,1764.38916510943,-4865.73359533928
-5179.05867933987,-627.371276855469,2330.37040837534,-5268.3416507315
-4287.05674512317,-7267.56958110684,2920.51267382813,-2358.00491387947
1973.69121064335,-4706.75253296917,3705.66524884794,3267.89652597303
3998.0923617037,4580.81338610294,-2939.66798477235,4440.3563582823
-7199.24335344867,4502.78797313307,1439.91278485804,-1533.36436724928
-2419.50272226268,-4102.21473807203,3991.9342004449,-1007.00401751873
-177.015119599133,5085.82026162851,1455.92855306824,-5456.76936789564
-7505.27732528363,41.2828646326911,2029.40843849564,-342.686907121792
964.293305034785,-6563.99550354593,-3790.24837018109,-3428.31139943411
-7000.66300905097,3655.1614359356,-2535.87913908862,-3269.96837704327
-3221.85477543722,-5264.48902708602,-2071.02207062102,4673.49917251075
-2592.26805465172,-7091.54491911878,973.999457902806,-2091.18086172675
-5180.27268882559,-1075.94556403751,5134.68426734693,-279.410515062737
-30.2912309301181,4839.41659612645,4379.19650967292,-138.48923251738
-527.824132864959,4326.06955283033,-982.490212503499,5716.93916572257
6420.48931824992,-4218.48150417616,2214.32078399145,3884.87356336275
5220.32954284213,2681.34376600531,5430.75383683286,-1471.02679494644
6999.68649038655,-3240.13274544933,2149.63043584112,-1040.87617747006
-581.950892675491,-4521.88455843582,190.66125,-4165.50327017638
-3553.58636135814,2575.84422586901,-515.495544433594,5429.31839264479
-6391.08160441916,-6166.3970327014,-4265.98722793197,-2241.46867620454
5685.40471690302,2954.00047657309,3738.07359009629,-2297.32007716377
5332.90100491167,433.173385620117,-848.174761142417,-4734.97832508041
-4578.57014585368,-7005.20845627167,3411.84185469496,-1124.59617078012
-5011.78558754691,2876.69870435595,3985.14154884681,1953.94732103696
3904.72065411439,-2911.09773889883,2185.08926366829,5413.81649021156
7156.03699679442,3704.56471589631,3396.78428613465,795.941075514874
-5190.5287910414,-1232.87258748258,5190.26385937915,-62.1617017036557
436.075606191999,-22.4789352416992,-5671.82845464142,-1253.18864755008
-1666.79541015625,-6615.53505296589,968.532025840175,2066.11394554838
1119.07296344168,-4815.96492688591,-4575.1953266638,-2109.06887912154
-2833.17764942232,-3180.36970083542,-181.473051110092,6117.67625156674
-7208.94453142637,-410.081285102497,203.458537473517,-4774.99958148234
3231.44929552664,4127.14595007758,930.233011609679,-5123.42310206013
6929.77435824711,-3937.83946126671,-2471.31603343302,-1535.57203188074
6439.66388227874,-4546.90050612786,-2469.90566422562,325.216354761977
4393.09099765791,2096.19234672079,4186.76778914747,-2807.46504822083
-7259.17943706704,-4284.76474393216,-968.703342245687,-4054.11112443731
3591.29856662033,4096.61640393023,-3701.14417947602,4008.1614048475
-5188.58056527147,-2080.76920779465,4718.76205437826,-1208.85880326183
3446.27237818103,4901.4043102556,3377.74600281472,-4486.09410562265
-4057.93586158679,-2588.57380199234,-4319.1447383354,1898.82505904789
5166.22999677274,1209.4458539604,5394.94899693415,-1275.71705591624
183.691905244965,4597.42285077261,-667.834490837627,5187.52839148433
-3331.13429042188,-3027.28617353861,-3927.36687638274,2955.95545434292
4935.32831027142,829.812193832673,5412.77874337872,-843.218783344911
2057.85901282675,-5276.4330438377,324.552613476492,4224.33941662006
4743.91346822092,-492.381813049316,2014.33741119602,3606.76487064311
-5291.99416324685,-1996.14099938603,-5845.60642633167,-47.5109641335227
-4944.08014336659,1901.86662772475,6178.20816231659,1429.70305294323
4951.97910430171,-287.046534863064,-5249.15402788179,-646.840070551092
-5629.77497270889,1888.89582251,-3577.31551583099,-2741.05821805076
-4417.33687699411,-1746.46639150588,-3078.02393930678,4386.24213359882
-5284.84988480826,3177.24042439651,-3760.78410184999,-3933.77746030939
-3262.69022166807,-7105.96807315435,561.342786901137,-2250.34438311326
266.806985745159,5880.99053965682,2720.2136697574,4934.95054032826
3446.14378064953,1123.2835380518,5379.14097553989,-872.159844962729
920.395233106338,5133.66525027187,455.530662222007,-4836.19229459569
963.941238213779,-4899.36283252441,3177.17924868204,2553.37679160102
-4928.26725498092,-1005.12234153781,-4488.00468930794,570.248096667862
-621.006456522528,-6032.7218309551,-3321.09461841996,1243.92187784154
3346.43503268465,870.444165279991,NaN,NaN
2839.05339039363,4836.0686330677,-866.554714134428,5993.6198144657
5611.98272136844,6523.40374124816,1306.061598823,-1864.03332417787
-1322.31737788559,5247.75443528393,-4388.82286188627,-3731.79386515444
-1817.80855932203,5100.75324558447,3364.44386043598,3836.14127517993
6654.21128292493,-2318.45125661163,1542.99125445892,4658.09135431378
-5255.29066575781,2296.43681014506,-3407.03399792724,-1758.75765001705
4231.1914991082,1656.90778651316,3220.32195731591,-4717.23913679206
-7386.38219874491,-445.80096807339,-3087.62654760483,-1635.01364645503
-1617.90191650391,6416.79776295843,-3030.76746681468,-3670.52981242534
4632.99097207259,2101.23941242345,-3748.59123101966,3102.20491418184
6228.54288156484,648.809922485616,1504.85093881705,-4194.80835184256
1630.84166846757,-5455.98090793302,-2076.39996726892,-5260.75530342591
-431.511327524571,5655.53012435373,397.289999027806,5005.16092651936
3333.13526077475,3250.31971382156,-4444.13593972727,2778.56371734058
-747.540245692835,-4318.5806240624,1651.23950061186,-5053.74811282341
5372.10933728074,2821.79477506525,-4467.57218671465,2336.39246850265
5294.56486404594,-118.470031738281,5158.95091109708,-411.151963791212
5884.36028664404,-1849.73257733098,1927.97377261602,3570.80568758818
4846.95598570824,-2002.23718035489,5105.16545340619,1209.85820241173
-3634.8243250138,-1251.69927978516,-3640.68807410194,2167.88318617401
3977.3547492873,4548.31555486537,1954.08506932608,-4829.67744879377
7334.77169906911,-1241.31660025024,1412.60471346911,2741.99410634367
2066.13620283952,2400.03828074149,-3791.41946288314,-380.510074991883
-2568.7903930131,4056.33787647006,-4942.88865086578,-1448.95404478561
-4252.35356026583,-1965.69083004895,1545.4773296825,-6083.32853866693
1336,-3097,4765.8656861213,-396.616758970307
-6005.58831008844,747.335811699506,1301.43820721685,4008.86483879815
4466.70040156743,2901.43740267829,-5188.05899713357,187.157857633977
6422.34316761247,-1273.77219006992,973.672026149603,3402.0538116621
523.838667430634,5402.38844168389,2194.43392494193,-5681.48098907288
-5007.93404154661,1200.5166861217,5984.49280077122,739.72152634964
5676.60527907889,5962.77923311043,-3366.83578841227,861.86181640625
2193.06823249047,3359.24240922981,51.5700531005859,-4982.89608121574
-2767.47991790526,2525.11879814581,5340.27059921427,372.277032852173
3424.23440138716,2901.89628479777,30.1142578125,5362.3189405043
-4797.56357886526,2251.96038626289,-5327.49878654684,-2384.98176885779
-3912.25767691557,-1420.34926027739,5301.99610545624,474.132110252809
-1829.26598166983,6393.65837529722,2623.7661217681,1075.74112397388
291.085975646973,4274.72037535722,3004.84603613204,-3248.14975017562
-4004.14654415813,-1967.23135831855,3262.88860514792,-4495.86481761644
-7219.50922122825,1426.15790106275,-1874.11545558408,-4108.4831574465
-6494.95241927657,4505.34958137486,-3571.77205329627,3754.73459415167
-4880.51548360388,542.471828267112,-182.888793945312,-5157.22537970485
-5190.57799787889,1332.76652538453,-5118.28485215793,-789.311126752088
3476.78360149994,7026.60552687583,1927.56298130269,881.056735366138
-1156.86842909096,4820.60270744911,4503.36546148085,1897.05268389209
1387.87306242224,-5358.45295722065,2044.35780686203,5422.85604462201
3540.04075747843,-2819.48994324554,-5959.89541322058,-175.030977037218
2964.41879232816,5035.37481649639,3649.24675060586,-2461.51840718143
482.684928135275,-7252.68790322898,2689.12995991984,-3725.1740067712
447.707296278805,205.889975854906,-5458.5938855664,-185.289007111928
-3653.01012877678,-1416.86578119539,35.2215048369126,-5513.85300812767
-3012.31196814691,23.151070884671,-2410.94955125419,-2841.75100526211
-1907.66939550981,6073.67238238297,-5498.06944331409,-891.760702829776
-4758.61562182096,382.980346679688,-5825.90374255491,-96.3708267211914
-4026.02208374928,-7134.59548817615,1691.59309415064,-2165.37892474129
4727.5627180179,-61.577911113567,-2568.51369919845,-2950.5621941139
-4751,-2753,-5459.52339121323,1815.35100195556
-1077.02960480935,4969.84472905752,-540.135306704828,-6165.63182305005
-6840.24162752152,4949.56332421,1216.59269668862,-2758.63039807107
1322.11669718988,2894.15127453721,-223.063659667969,5050.58385535436
5619.6061006667,2374.97942911871,-3243.58753868305,2412.78448397721
-1740.70432253738,-6805.50418677837,-4562.66667504297,-1257.72000487074
4883.09445221684,1785.08228713769,2391.00902306052,-4617.01463830543
-654.538461538462,5845.11749989858,-109.284408569336,5561.29992593227
-4753.31831404123,-2810.39498638107,-5487.48560066677,1137.07029842476
5638.14609598478,-1178.62221133379,4195.71215969949,4097.50705991564
7145.66572570315,-5947.75042487522,-575.585103915252,-1305.92220992605
5220.87161818265,2179.09338917228,-5162.07864366115,416.675918046276
-1798.44635623062,4340.00873765464,-2937.35444543523,-5931.44661015463
7071.9369010134,-4402.63343182611,-2200.40519544574,4214.54018748237
2607.34919596389,-2668.79422661678,-732.417333547708,5129.96765973991
4665.43869112264,3440.93883189946,-5120.49332359156,107.501412429379
-1701.12721954145,4802.50948416668,4794.77761500718,4360.7638635357
2133.08889599239,2322.24178592435,4276.41286922519,1789.80671065349
3814.4617854862,1672.9266038829,4858.6175899273,-211.356325330927
-3611.25210551623,1136.38726077863,-1969.94575574362,3272.50442723039
3580.45090131689,-2150.05756120121,-27.65625,-3727.38243502819
330.753042022274,-4153.61593774345,1046.99855259487,-3628.35299253462
-1628.34375,-3316.38824796019,399.5,4368.99740083837
-656.295410569099,-4711.88693581944,1183.49816575605,1000.99054543838
1570.80356178581,-5607.35152965873,1981.14123231819,4463.82734058105
-956.103159603918,-3452.5202061617,-2407.4615332075,-3971.99815421475
3026.27537387688,-968.001542337825,4198.73952845913,-1295.62425477931
-760.231522454652,4754.7761104266,4259.15251791361,2151.12975967212
-3637.41734418036,-2517.0517857475,2267.3849936675,-5251.51417380983
635.56897482918,5621.14058607214,908.904241645244,-5572.78953712827
956.819923312554,-5643.4646830077,-23.0581453284439,6077.56906240745
32.3156637794121,-4932.11805255122,4077.36859780699,60.2714556559144
4527.4230922333,240.251365661621,-3580.8141234163,-2665.17736312166
-4959.89908807687,6501.9001053608,3710.35185228941,1287.70130931281
6198.56030527332,299.757193706674,1478.2009618236,4418.06628847254
2332.67165585893,-4053.23596958493,NaN,NaN
-617.253282626496,-7090.62545442779,4915.5603568051,90.3619063948337
-927.575954861111,-5550.64255553776,2735.2973730215,-5362.71700261728
5384.85730739189,-6526.27557713403,2374.17492889747,-638.2109375
-4686.35353093129,-3446.28766073565,-4056.26520827248,2302.23653712163
-1804.03008230317,5483.56940517784,-4406.00390426705,-2957.42629977798
5699.24230138411,-225.293980680901,-5289.61346220776,-2262.65348997523
5637.64953384283,623.427352041568,-1632.75393580246,4659.15863907298
-1111.16913506993,3867.63315088447,-552.323547363281,-5144.66323838896
2494.54951347959,-3578.04362116218,-4597.53507356866,-3569.81527651078
6172.34181543685,-961.377667345691,1321.39775887321,3196.91205883975
-4703.9074347772,-2754.64517769287,4260.74015068742,-217.972557181612
-1812.88398629429,5853.38204802314,-1962.86224571602,-1965.47851179244
-1918.20764464016,5178.43959117111,449.350645678031,5148.1885034369
-2057.06759603584,3715.40126171603,4950.35399052181,4586.83538696433
755.111179018816,-5833.20292439017,-4249.34674975336,-259.245361328125
2288.51577926854,6892.61836463266,4467.38750134029,531.527444590693
-2127.23187958547,5040.55948050608,1970.51997519128,5281.5937839301
-3966.61977043616,-6452.7974289762,-4793.69952974513,1440.25813515166
5241.63450621621,-805.299223350187,-5264.3045902717,-1561.92296305042
-618.245666503906,4100.90406408984,-790.026751115447,-5193.96684361544
-4326.70769300032,-1421.82118464844,6105.00512570882,248.320390571025
4183.1621953839,2671.84459604343,-5048.51017738681,2509.25551760585
-4732.37738418405,-1368.98389624643,-2609.84947653505,4642.83709819541
-586.53190104367,4099.27553332545,-984.274176357103,4219.62932029248
-264.876627564277,-5437.98826204274,2000.77988821989,-4515.00750358594
7152.6565925674,1115.22592656352,-2988.34265717004,-3500.25176872303
1661.92510090611,-4958.14753566662,3745.71520535171,4272.09125364497
-7181.92203572068,4032.64344789649,1658.60732896861,4023.95813024967
2893.54353320038,2922.41531676963,-5801.42345482186,-584.738294028991
6449.1319330323,-4942.40304250364,-2299,-1539
4338.29362134013,3828.98831635447,-5208.00986952957,1187.06745261899
4269.5999676421,-5705.96551053806,-2286.66218697327,-2809.97436935817
4012.1251642455,1482.49407755716,5881.17162647431,1328.55744102008
1877.768702346,-5593.48278024472,1800.1484375,4089.96462573718
3554.9134972807,305.336372375488,-2867.92123939379,1236.98373808786
4869.46188783606,778.259072266673,4884.96848331622,238.446359696657
-77.455215026285,2901.29961381244,3793.92996153829,-1886.86111786827
1906.65899501343,6124.79507770376,-661.946360841511,5977.22899100212
5082.83367602044,-440.779764829638,-4938.15089683262,-1342.26305468052
1585.67073594351,-5743.46096546508,4883.1833106229,3405.39295340164
-3610.57767607324,3611.03600385421,4740.21800257902,2929.5288776337
-1547.42398895091,-4713.03391354278,-5039.66341305132,2420.97604303348
497.888819451736,-4672.33463332625,3502.10914797333,-3485.99303727078
4952.58321052132,-873.776311911069,4287.2268416527,1927.60730356758
2584.48648697766,-4160.08786265714,-1511.72036340057,-4408.59604184386
6577.41551354871,-5269.94215493895,-946.319755487804,-2572.75233330773
-5207.29332814254,98.8411625179786,-212.752032520325,3469.84599372717
-2578.39375715966,-2343.5253092318,5142.26464295871,1972.82159004758
2294.36753007353,5595.70424412931,2497.71067304746,-4038.94379313854
4567.35495334311,1625.1576461792,-5561.96472870141,928.352994046997
-2010.75952887618,4104.13843187296,-2510.32796873785,-5232.54000879721
-362.081440100009,2421.67392054202,3322.80780497608,-1864.34087804754
1355.76815043961,-5400.47782851406,-888.690910339355,-3792.3908196745
-3596.92331149331,-170.479698181152,-4539.0062262563,698.417521916099
4653.21822843751,-2284.89350314966,5340.49771036861,1151.90742608858
5099.78134217534,3352.38519592285,-4389.98153860035,1808.28956548373
-5177.24340348859,-150.521636601498,-5480.43663565928,-304.488741580571
-124.54248046875,-5156.08202550936,-315.910922213278,4444.25214258626
-3781.30872260251,308.957875218885,-2187.13055117101,3169.65051850658
4861.84464195398,7170.50626703508,-4019.37729703444,106.204921295272
-3921.35469914424,-1814.60611830727,2827.44755978406,-2550.97337015924
-386.649167005327,5250.5337145476,-452.01318359375,-4543.41604770491
-1867.72172764369,-3466.14578161631,-109.828125,4763.19358924944
47.9139473022788,5205.44494259175,1470.08048653843,-5666.69215642023
-1424.41844087427,-5301.36094100169,787.246529451054,5621.62305057861
2286.03011524359,-4758.71370405375,3910.50703034342,2836.13014222825
-3002.90688451077,-554.616004287409,-3177.46283935248,-3024.30984674587
5546.47165739325,1526.97594427462,-460.965951511626,3937.62419858648
-1959.56306977537,1600.9505779115,3517.54762613367,-3267.26065672042
229.2785997343,453.052244072718,-527.134437810595,4212.43787106732
-3750.86320872844,-1646.77313479198,-1241.42812592423,5279.90734625763
-934.554904192862,5724.11902988907,1696.09565483491,332.941675558651
-4139.84201257853,-2094.20034633903,3805.58645747387,-4422.94915308806
1837.03055173846,-5392.77100753398,3668.16453174979,-482.801214302016
-1140.06874336077,3255.41430448055,-3772.73917272623,2214.76824783782
-4994.0390796588,-2571.38872286298,-4222.46886948418,1781.41522777957
-417.515625,165.308591445469,3500.32140163589,4646.06946446008
-1620.03679886141,-4665.71002061282,1408.55018578297,5443.51049126835
2746.94302316743,-1798.81298828125,-4184.40953507888,-435.538156903555
-5065.41408237987,2245.02226619024,-4280.71852882245,-2662.3923494288
454.213831478537,-3001.86637713104,-4144.66541890479,1959.83512113075
-4165.58003696293,-1877.94264984131,4847.6011753241,-77.8517456054688
-4427.48744692261,758.265384375757,NaN,NaN
-3610.35566793764,-7473.03879150873,NaN,NaN
1036.54585300058,-4569.43138714122,4169.28004461555,3843.17689451446
-1751.54261092851,4544.2840367919,-1040.62826520245,-5305.59370053706
3870.03763287411,-2990.45503345082,-5077.03302417058,-1354.85589115181
4103.77376986511,3604.95123618154,-2677.12354981184,4278.41948861346
-3161.31983698502,-2671.25149164984,-5232.96900901794,2666.3568156944
-2625.38187585145,-6829.43568113918,302.765628952151,-1013.89304527943
-941.269876113114,2784.64587908033,-3918.52078763386,1854.33657316273
-5145.5269868929,-337.574398249453,641.795811976141,2409.30363388582
-6412.4139313148,-6921.61908890223,2290.37561251574,-1276.95092065705
2531.61082191686,-5185.67834553362,-90.8496425562071,4172.25607815902
5073.34175986937,187.291157819584,-5046.64979036545,-1347.48917116897
-7318.51758788477,2464.88755723811,1033.60315231762,-3877.8473829284
2859.81920229732,1444.28501132883,-4583.02442956834,-1451.16586530199
-2067.52623414981,3951.47782859326,3777.60652906049,3041.55879878998
-4179.37967905718,343.790425796309,5337.79864931972,341.664178939093
5517.64540560819,-596.014642293061,-4510.79922289217,-3635.45816891517
-1111.1533203125,-5371.80488634466,-2446.33273011146,4493.35246787408
2690.93025147242,1153.17788792319,-4647.56895213085,-413.725449922884
326.228754725842,-592.91964889728,-4260.4410524201,1119.13992927488
4695.77407226102,1459.51408825203,-2791.72975914694,4562.1781352155
-6093.3480670478,-47.5426810295705,-664.303532171336,2597.34399323079
-7967.9793144834,2506.74210194235,237.984986743592,-4377.82070459716
-1456.48082491107,-2468.94352014267,-3996.04665577313,-2236.16626893355
-2248.72672138124,1499.56187430687,2730.17435853873,-2678.42330206164
5203.63250342006,1353.72218374497,5941.33985072084,-464.8493359375
5248.16242731444,6552.09589955353,4550.14392265798,-26.9817962646484
3173.88269917271,2986.6189386749,4377.22762109375,-237.75
-3518.79680722726,5615.15028357893,2165.77011299493,2642.19601729953
-7211.04326151574,3506.33733705423,2564.14887197606,1366.59136963821
-3614.24002472452,-3303.33065289043,2512.44696481794,-4755.72180173559
-7372.04067768565,4662.75474196281,-1045.99526041887,-2597.83162873232
4344.24925791247,-2515.13477317233,5233.88298573925,3057.47828422057
523.124003763368,3604.35226116337,-4716.38356199231,-1276.05286054107
-2348.52846369739,3339.26219387712,-912.893075332004,-4063.7098815911
-2880.17545313294,6025.38740239953,NaN,NaN
2997.27403646468,-4659.35055172916,-2233.39989415438,-3624.25956623955
3881.64536301472,151.26480681544,3126.48614561917,-2942.42313028733
2653.83120762385,7130.5369566649,1679.09762314619,-2169.58873539877
-2704.10457592967,-4531.48039830999,2061.05154999556,-5072.39666268715
-2758.03784657645,-2509.14576075446,5311.14638463058,-1728.05298680628
-1336.37750268475,-5697.55393151146,-883.0693359375,5187.75695512708
-3306.72027437123,-966.73610493925,3947.76401983786,-1323.09763197909
1647.16470976343,7346.41402146073,4463.32121178611,-792.168549491749
-5623.52034426574,-2586.99502998512,-1311.65418089009,4447.15679387026
-6850.16759542779,6143.02839542633,1815.44638005579,969.408475147547
2602.89118543759,3205.42279908175,-5067.91275774082,1646.49471242436
-1639.3895592641,-5109.56993930231,-1496.74113117708,5983.39645873591
-2920.38497522635,3197.00294583146,-3521.46519371476,-3795.46951533257
-2773.161503997,-3536.64635471427,-4262.1959153407,1682.95309529103
1242.45624481618,-6152.81970829926,-4391.46954008507,-273.458286701421
3650.39484892449,2418.35324093155,-4081.27744641097,2377.77185304063
-7011.42198616708,1372.61141906874,1006.48823108949,-3661.9636905958
4741.96979049794,314.72314453125,4636.88550887244,2153.85812443083
4814.32305097731,-7261.88955791536,742.029790630777,-3061.01357198485
212.926429748535,5416.56329236993,3646.69423632145,-4813.23558059823
-1040,-4198,-3985.66414646612,5.75086975097656
4329.33599631718,3656.67034433096,NaN,NaN
3728.01035392891,-2991.30151707323,3760.93504243032,4118.58136565671
2271.2558619992,6681.22645424703,4412.65167490969,-730.833771628101
991.094869917661,5530.70273501826,-898.323257326141,5579.57729402576
-7266.83967378931,2603.56279768746,-1302.69746032866,-3903.40338310226
5718.02771430073,-67.7673765975773,-1950.09486043731,-3495.40895110729
-3930.55973404107,-2967.0274703358,-4016.21428589937,2393.69655216234
3360.65949118653,2226.46435457592,-4678.84622956764,3701.92232744054
-280.888534545898,-2882.15853474655,-2721.30913768848,-2853.79199000103
-2723.47274250474,-3159.97322920879,-1040.25856862841,5249.0890527387
2480.05470455101,1585.2231425239,-1456.84545693961,-4097.63889343784
-1708.96453705477,5742.71752414423,-2087.92323274822,-2362.29675743546
-495.881614891258,-185.179665043669,7103.27727388349,4416.13573647701
5294.51611578964,-1906.53982867301,-4894.25811755305,-1794.75010559019
-2718.93727562643,4745.81698348934,4653,1893
-5409.16139598093,-6524.76538525208,-2032.90778527861,1991.9597319285
-1968.39813890737,-4723.83533702263,-2535.00534694715,4658.24331112982
4800.71999344014,-1330.69348232792,5502.07267395099,2270.07124342189
4237.50578359835,1909.61718632815,-5305.05763367697,1256.19650436595
377.858108108108,4129.41746936999,3343.78158423962,663.145999145508
-3363.57202062995,-3681.85077481256,-3982.54639817512,3475.70140495433
-2548.70252251904,5149.0351591466,371.555732727051,3649.2736990778
4497.64969694005,1057.82157659496,2193.95240955047,-3417.09559471556
-5027.43844511288,318.220258659214,3027.2173588002,2401.81892398902
-3008.55654345013,2648.73182708767,-5045.07634757601,-2244.55987096716
-2718.12971999164,4518.48592471354,1297.68739104188,4279.58766066724
-785.122551857805,2641.49257299986,3563.03136814566,-3883.5489704882
-2434.57382368594,-4847.93237200958,1300.60973747511,-5068.31211552471
4535.68493929823,496.799581080486,-1354.8674235725,-3370.53012795207
-7310.43325504517,-616.114817481336,2109.78374118432,3633.5941878961
2146.28526725621,859.758179490964,-653.77001953125,-3428.56298181244
301.652875264486,7428.34803206795,-4431.17216888198,1153.58544420072
-4184.60153019011,-1668.2885160403,4585.11583630192,517.627801372063
-6768.86072756841,1752.87219817362,-1705.65367295617,2344.30734123251
5142.22707055338,-1427.72894242558,-3413.46744791667,-3652.99306244933
-5841.14052006162,-6516.48208061433,3751.43176804611,1150.45890987463
-1593.75091935619,-1349.08652699102,4090.31052334745,3053.32027645725
-7405.46525360846,-2097.05560402316,-1591.83980886051,-2092.61779992055
2945.48937342097,2075.45034994323,1010.86123945954,-5063.05978080345
-4782.05658854885,-2653.57098938168,-3566.19238864753,2144.1024232271
-2830.42033767867,7616.37573590445,-3573.86287480004,1700.75104027863
4036.13199126713,1942.54236564985,-3386.42573346674,987.919927829649
5371.12495842754,7547.96736409571,2213.94501913747,1315.1309835674
4687.46650605403,3401.78513304629,-5340.43074519121,468.78368241091
-2645.08014126264,3402.10732118299,-2019,-5143
3359.18867636684,720.874394634329,-1465.46040026629,-3976.69281405996
758.85426876996,-3870.14966114651,-1164.79981087195,-4933.63107397592
153.402881334802,3392.28030532792,4112.41280897508,-3684.70304956843
-835.69561592476,3996.14486938054,-4062.89173092924,-1855.06368175015
1317.33552683317,-5415.12478922859,NaN,NaN
-1538.86859480509,3455.66311045664,1569.83667247387,5052.94122494332
1511.82175879106,-4339.32578159552,-109.650011761244,5120.16087523507
-3436.35944709987,-2726.54618807465,-4941.1343157742,1374.15038169536
7385.111637975,1069.38252774429,-1977.49011942031,457.605352816135
1546.56158447266,5049.73671708756,-2046.40655533752,4240.69909756323
-1530.09725910857,3428.77281333721,-2003,-3574
3596.36078964361,-3003.87980947822,NaN,NaN
-1216.12856633802,3614.54894474841,-4304.45631709013,-1725.73025338825
-1724.2669106282,4728.59701026921,5249.58815195097,-799.214411892934
-3539.04799396909,-4150.45116341496,-2236.20730362694,3703.90016553668
6369.03545785453,5879.42734720335,-3727.81650354865,-1108.31094635968
3615.94819617361,1961.18731689453,-3468.66076445731,1433.05752301286
-1725.95178399229,-7191.15492592321,3618.42625538532,-1802.40592134483
622.629121544096,-3268.81929472962,-3339.94092556362,1425.44233650429
7596.08388787111,3366.79302898413,2867.74468807596,-731.071169252232
-582.68083206195,3819.41164485397,-3462.3699641305,4098.96907904286
-3475.65865225634,2280.9756345192,-1007.01264446126,-5558.627465773
4893.19584973479,1025.6672957938,4095.74931023737,3496.37279490701
-3713.60450288718,-73.4973502118036,1658,-4715
2521.05437267004,362.719577088648,-3616.56846149612,3786.90542058886
-728.866997098379,5251.89548347861,367.662661737523,5579.32049435864
-4033.21584526876,-1387.6274915258,5291.421840861,2322.54234279583
-3102.09469339873,5414.95003211882,1976.78045077111,3801.48161440302
-6728.87018246267,5717.20998623713,-2772.48937933775,1358.02472221738
3076.86296588266,1125.71329891308,-4302.95093351953,-2315.56256984332
-586.839416503906,4406.0652533024,-239.324676513672,-4049.40195424566
3493.63913946215,-5697.33397870458,3459.93725111081,1784.43626772124
-7249.21635349366,284.614529813274,1303.88103763017,3843.85241945649
2841.26441447464,-4009.0798576273,1151.22607451886,4457.58373278669
1916.94973746403,-4166.12656600008,-1166.04835021972,-5672.19768097741
1177.11171720221,5539.82990733516,3069.22967974026,-5035.33254960164
4813.55415271011,1530.24287785373,258.075505249023,-4497.27338083508
-2023.46539973453,772.807348077947,-4177.88721895543,2050.02850006382
5587.45785635292,2473.79575073669,-2230.64733747542,3888.58263884903
5185.61198168907,6895.71142437619,-2604.17397409169,894.505950221842
219.333942644639,-3440.46056809655,2965.2668053832,-2413.60249985571
-6289.76520263623,-5609.48130116695,-3297.91369737795,-2072.83625269616
-439.769683806134,4960.00592872557,-911.099186621556,4365.36535891551
-5787.47133217476,-6466.04360437403,NaN,NaN
953.583274951389,2576.91340867568,4352.91387373887,2465.34299586827
-5686.30884587767,-7025.8748848084,2215.59643554688,-1613.64947200595
1515.83488494116,-6115.88865357302,43.9462890625,4768.20967931376
2371.29684756847,1462.63602620767,-3502.85884168664,-2797.5946857101
4006.68474959458,2967.77873709227,-4629.30306547191,1695.34597609214
-412.565556633402,5054.70736182381,1580.89754146364,-4889.77832346391
-2940.01567629046,3346.52025918537,-1969.64840904365,-4079.8878901476
6010.15249706188,6403.87560150588,2697.39245557598,1058.45935997596
3258.66839644114,393.94519355783,-1413.86293954116,-3705.77635412394
4323.00505920573,2422.85164249829,4138.13794345985,-1868.15037859362
5020.03155907627,-5.77983363461027,219.503870967742,-3529.40728265494
-2825.55273858247,4840.02828230458,4051.90537995484,245.59521484375
-2419.59450604839,-1268.28967767827,134.083977716619,-5845.62560064861
5371.67538867844,-290.336785432769,5210.02227535038,2619.86465221749
-2583.46588256619,5507.77749678724,-4144.83933135074,-715.489218877136
-4640.60299521848,-1146.02367167702,NaN,NaN
261.386793567288,4832.71815738325,1530.92135546573,-3640.73779575858
-3159.99147217096,3150.84956838832,3173.81295464687,5392.49641915679
203.114880694355,-5317.13681143257,-4595.36165103067,1263.8886905118
-219.727365566322,5209.88679785484,1071.96781790213,-5139.70862151385
-481.132788602825,-5314.74936543903,3233.74317109602,-4197.82986518881
-6910.24435426348,4906.13825961777,199.350712220337,-4150.61172431076
5078.77918407557,-149.353803157806,4152.12292310407,1777.27717018127
6526.12066633488,-1246.97086434988,3958.63212016529,-1259.68880420073
4316.20376583045,-956.428415398849,4795.00422660932,863.239325157787
4919.72817556189,3357.86259695406,4919.57048479891,-1766.06405703578
-2490.3881414366,4118.3222978188,434.638288823259,5119.24979542227
3878.12769687358,2237.16622728795,-5065.46833017267,2080.96113967896
-177.895275859332,4021.47009389016,-3383.55726125176,-1123.83848943463
-5573.50776528153,622.255439758301,-5241.27548066424,-3433.26932192334
-2202.86089535612,-4054.55653337033,729.787419216692,-5474.88824588638
-5223.26434126388,-3952.2995740496,-3426.58379654793,2569.84413672701
7315.91315814473,2412.61199491469,-292.726020812988,3892.97715664858
809.285822886383,-4477.23840965347,467.443806916239,-4859.99343926993
2614.77647662304,-5416.87458657619,-1314.92456054688,-4587.10273131738
4046.2800287542,3003.59182114453,NaN,NaN
159.007033332903,-4343.02304900887,-393.014533943965,-4223.90736938677
-3228.45817083807,-7137.23710706828,-4667.77256733097,552.604839281149
1920.64293032239,-4023.5702592635,1978.34338332356,4708.36603023162
4265.7034214333,-2268.55595145995,2503.82655705693,4999.27606134462
-126.02010345459,437.032867557098,5006.24133919881,-6727.60186761662
-2349.19996514251,5258.6783660718,-1450.07440795447,-5253.38530107974
2473.466643934,1404.13952341761,3221.16777699489,2945.46925362996
-1126.57527258461,5337.86379181554,-2087.95956684214,5525.21359021345
1984.71833606303,5137.75941726485,2891.59863392876,-5312.09292620174
-3135.51479184788,2270.88576982328,-5619.72792495071,-2153.15570725338
2234.88633768725,-2965.87887479116,-3266.19161993376,-5244.0466389673
-147.49257464254,-3528.56210010569,-4461.15028755696,-1070.23659305994
-2251.90590251602,-1075.96360340577,-3538.52074288166,-3314.78925610039
-513.707713156928,-2610.40151458648,-194.62183960356,-5265.85542332715
-3016.72257839629,-2790.76357192613,4681.60990624916,360.229614257812
-7770.47826535726,-1594.78288095263,-1950.16784141083,-3988.66138148574
3041.78897452729,1931.41271381396,2772.86204100492,-4896.56790610995
-1111.96689581289,4086.95054672988,-3892.24198558648,-2523.42832824607
-132,7591,-3676.2824607805,78.6382693619812
-4748.60108960278,-3607.72388335562,-5341.55493131248,541.473581751672
7551.57974416335,-4397.36002028015,2365.98519694388,649.022257361435
5465.97101525882,293.843420821629,-4574.31397969137,-2485.82001099111
1963.60436690113,3668.16929611568,-3256.50662295104,5419.94231288719
-5678.54951178006,-6555.82667489605,NaN,NaN
283.866680427607,-4181.78756569899,4825.61043310373,1551.35342862461
-3852.0203651288,-7580.28088805176,-3011.23806702776,-2846.19728038413
4139.1821101126,-1656.93247541928,-5025.96658656689,-1515.44506317336
-1079.73630852289,4231.53816228533,-4351.5475670131,-2685.29067064501
531.14697265625,7382.2310579073,-2883.90408652328,1525.16140554936
-1955.63554194222,-141.031074523926,5220.92772523558,-1178.47166737011
499.470704927877,4854.66066383065,-2309.2601751521,3800.90712934336
-4861.90476037009,-3096.59564764226,5208.57206537209,-1666.44807274461
-587.910503822692,4908.58384735477,2856.10405227303,-4425.49568806353
1694.91231825084,-3316.85292573746,-1048.63673042138,5102.49047538872
599.740477341872,1781.19730058719,4036.0142605904,3540.18948981793
5845.53337558171,3003.34226801705,1652.77761414744,-5052.43352013368
-4818.80862539591,-2880.82420865025,-4609.52538773005,107.598876093881
-2235.53384894133,-784.107378685307,-1155.86160804693,-3453.15373929224
1852.82491660446,-4051.17311232443,8.0257731958763,-5322.45803176901
548.453125,-5350.96702860986,-2609.37271434466,5000.26759097205
-4061.33621549839,-198.155050942333,1305.27995650143,-4157.47076222896
2865.53357986441,1423.75202051223,-888.063949584961,4866.37722860539
385.901257745151,-189.039580474029,-3891.4107659139,3504.35357928219
-737.28869047619,2929.61130156202,4254.38030169813,-3404.79898743037
4097.41369057722,1434.27607172888,-1723.56679006306,3241.73902151291
-4828.28272406374,-2904.16555284179,-5060.85019320058,711.488525390625
-4163.49595797006,-1583.89476013184,4804.82395156813,589.106511170598
1329.94187127976,5414.17821767317,-2339.18517953587,4282.24202539184
-1359.29344229987,-1290.16032572638,1371.97750991248,3934.0653791475
6119.17323194337,-6427.30704652247,1460.3372054613,-3521.32523576034
-808.461792002597,2693.67956283657,-1349.54995796632,-2202.50010986862
-6367.00607074185,-5986.88933335717,-3305.8698797434,25.5246827418581
1541.15185546875,3682.90637170751,-1307.79916446767,5226.69993228358
3378.27440221283,2460.42965751483,4729.43634782682,-73.5203912039464
2906.47238004909,810.617451958328,-4315.57656864359,740.571207205567
-3255.98881227581,-217.294851425968,-148.21401030929,-3863.59053564008
2441.77882765783,2459.90708944225,-5063.68951430527,-1957.85820331274
233.822926429649,4097.39069459021,235.313353321033,-5142.75527447882
-1322.77218578227,3867.34749326436,-3582.55639407245,-1662.06713112113
831.151236315818,-5041.31143139352,-2952.90853999318,3648.11272511043
-4687.21758946577,-7269.92839078131,NaN,NaN
2089.51685837618,3939.48652892056,NaN,NaN
2543.85015332681,-2987.80651805292,1219.2621230492,3715.71656719234
-427.6068255311,-2613.28448196709,-4950.58057305744,-2736.9607085566
4672.68339262865,2299.21295323091,-5188.06224424406,-534.967730933058
-4280.33185856813,-3049.84314314397,-4942.26229641997,-260.249862670898
1504.18257455971,-4877.38487821403,3644.02838328792,440.79560955731
5318.46103447575,-155.475532682815,4997.35280147408,2640.28861352616
-6987.15443139289,2774.19344380491,-1488.88435745239,1114.23317124526
1610.36554226368,-4385.5884745019,545.556374172185,-5205.16495336311
-6322.8407540019,-1902.91644431344,1619,-2017
-5369.10373351534,-44.5917434692383,5174.93953780194,1675.41968276474
5619.10878670483,1779.34646513477,1294.62092203066,-4342.44550607306
727.741060305514,-4520.14968253843,4570.40116492105,83.7583288056845
-625.96875,-5524.73697168649,3689.81646297381,-4091.87163601984
-745.390058088966,-3730.37177984205,4969.5246950407,-440.040343271231
4210.52677832246,3280.24076465283,6146.21296601966,-931.096534729004
4822.66511326003,6458.5024958412,3711.55128095109,-143.640625
-4200.4433317488,-1393.20920858908,4304.05373180495,3221.08369072389
-481.067175206728,2720.80589675188,4023.23362551648,-113.290340010147
-1365.03288504157,1813.00541061636,-4968.73621961823,-305.80915887252
-1244.69785190234,-3041.39120367178,-605.525856018066,5719.35538920346
-5097.27724350822,-3905.94186461208,NaN,NaN
5962.72820341088,7557.30190178639,2965.216548927,-556.337287546128
5334.11793149562,725.108773751646,2181.15486487449,3708.63624572734
2743.61697169265,2821.53936515124,1599.69817305405,-4581.41068791043
-2180.73593711395,3273.8006446566,-4118.17781977676,-3679.86490335471
-6515.14437441689,3298.05723467848,1569.27942288636,-1240.41199336271
-755.009768862655,3566.92839892332,-4475.93674910977,-2356.29006053327
1154.74616363368,-4356.48066796928,-303.635694398259,-5071.15110325023
-3766.56967651145,-692.200328013725,1391.51896954071,-3759.85875365313
2115.45513083579,3512.50696944587,4976.84137446749,-2436.05985142095
337.664546975049,304.684058573201,-62.3011932373047,-4927.19148760341
6846.6668661598,-1408.2731627447,-2699.16809815943,1489.44818185332
-1505.73909713873,2811.21810649103,-905.965446096952,4666.65342421805
3868.59586967779,1344.65679700627,4357.86688243927,378.606584821429
2300.70693817139,-4082.16816930473,-1891.28457164638,-4550.60138362726
-1025.84375,82.84375,6839.20487838214,5053.18988745798
5130.06092223785,-396.533007334963,2851.24500146235,5417.76798568402
-3090.59683025108,2218.97859098519,3437.10681723098,5110.29206054027
3041.17337243453,6789.13302074671,4429.49825529297,-812.594841355663
96.0576512691748,4131.69168845418,-584,4681
4131.88855257773,2461.72693087997,-2751.92702768655,2766.72328544463
-1380.92219171364,5119.77298434994,1144.81831950915,-5474.54762847276
-6729.91751105598,-5582.2737482945,-2283.63164354762,-570.228708421862
3924.81552433883,-2705.2497542411,NaN,NaN
4025.33439369712,1307.31852462823,3395.26490904847,3886.3772237771
3289.89581821136,6930.87081540022,NaN,NaN
2343.68692620868,-4631.92032901698,4206.2707252653,2336.69792350456
3427.85292882067,2774.64465984286,-5103.87565020971,2852.3745766575
4264.85786948178,2978.81037161125,3087.55023288016,-5114.35751311818
-6973.6989075193,5425.78465364547,-1353.29149991966,3513.89264907261
2690.42194003597,1942.01782285149,-2578.28521351642,5575.34541875468
2089.47563718658,-4320.14837025036,1616.89212982364,3991.83720900954
5081.69073888006,3225.09851976968,-1396.72449442762,2796.25601706094
3911.75717733033,1788.33472404702,NaN,NaN
-544.5878185413,-5552.98723106696,2824.62126579827,-5090.66804336939
-907.559086685788,-4596.55555488136,NaN,NaN
6652.05583820874,-2727.6455501283,-387.51470254476,-4489.64106898982
448.483474731445,4190.72997511126,4619.52245842403,-419.827484130859
-481.392822265625,3036.27540839058,218.065551757812,-4431.81365061213
2348.41531912984,-2449.42552347364,1947.50979741603,-3896.22292331802
-1706.90045679408,4226.47352738161,-2617.48446441227,-4067.16841999642
2330.4797500402,-3189.17298379238,-5342.44840804403,-4180.48006756659
7.15812856288056,-3009.51018322708,4810.2562700145,3995.54044221486
4117.4526459202,1589.50167826402,2647.44635544074,-4229.55136504749
358.074474299065,7451.23298898493,4473.4760976855,-1311.38543629606
-4393.08474719889,-1622.13507995947,4916.4455272486,2612.86882832142
-2540.98910138962,-3487.74896808996,-4513.74497615258,1677.02190798949
5147.3144973088,-661.137954359401,-3378.95465925031,-3038.96602015235
-4282.37480101966,-2230.14482238609,5884.8738164717,580.722595214844
2549.64150280102,-3243.73832435669,5027.3884160696,3204.49443069307
-5677.1781958736,2717.35185282917,6309.25308023537,137.513396786972
4709.24633442079,6661.70751272949,3932.19961121901,-1353.81612464044
-3732.71680693048,5040.471684845,-4694.09585691453,-1971.19457626697
-1040.174790058,-3384.46618236417,-4967.56501003005,420.300643920898
574.668748578042,-7351.79626764803,3941.53077866235,-876.889933998606
4928.5470650582,2547.25104104598,3867.23435908299,-1596.71529483989
868.325271144242,-3647.96673073392,167.961052744012,-5225.44605420967
-5281.71547351253,863.982727050781,3881.33124697572,2439.26630776983
3593.35169862769,1503.62779946071,-2106,3380
1642.48266514787,4563.77684758418,-3261.86962386593,4151.78853818391
4563.76337704468,3422.16284867552,-4487.92593547701,1364.61393604464
1747.90095557851,544.043557668876,-4184.76304700497,2705.62595770529
6198.09036996733,6536.81512311113,-411.615054702395,-3398.00408963668
-667.785127175626,-1888.76563795228,-3960.32396589244,-4040.77115040693
-3142.47384102629,5307.80260126873,1005.42072051981,4847.84215812142
2632.83301314655,7575.29201948229,-4093.63345684518,77.4576420535078
-3759.17717594114,4532.44210769152,NaN,NaN
-2228.99219436784,5024.10194119518,389.167267318111,-5480.85480671056
3760.04258351157,-4638.47769453433,752.795732353318,4086.91386105504
6664.50683708309,-5463.24237747698,328.135923643207,-2514.10868792059
-3936.33932834906,-2179.71340385152,4789.18843521435,339.768512388619
4504.47789477617,618.819519042969,-3563.4901121248,-2711.47157379518
-4490.2498049042,-1367.71824665784,4527.33859951795,137.14599609375
2540.51363955411,3016.33484208977,4938.98969273508,-1533.12268753861
4434.86723622779,2569.75416863975,5118.85572347907,221.23006439209
1605.39422411521,-4722.39513482987,4117.56200068056,-1106.00591360758
2337.19797349503,-392.868487531356,3539.99303648042,-4170.24289134309
-7116.58455036342,2709.4437809036,816.490990134808,3778.69499338203
-701.333612556917,-1787.08081291956,4190.10896163525,4400.83786367857
-502.703987468637,6534.43358812929,-188.117226654629,3098.22328969747
-5521.02959896864,-6498.31626582201,-1656.52617133747,1682.79705600669
-2540.06568437453,4852.49616921472,-4697.15642158651,-1603.82585052751
-2753.00395270487,2698.20629750203,1396.4860652371,5225.87494060756
-1854.54355976586,-7479.31261673603,3007.99696757539,-1308.03603824919
2547.97854920133,-5065.58810726402,-792.697535724827,5678.73486095697
-3750.51980924431,-2432.28977437084,NaN,NaN
2905.96100078915,1381.86455107479,2809.86172779281,4758.84698705533
-7514.00647593318,3907.37029545944,-1334.43236348351,-2626.95630226167
-3739.64639949814,-1610.67496225576,NaN,NaN
2853.80218275404,3063.05594497534,1944.99702682495,-5502.56680164205
6596.96591594298,363.787954921712,3215.47931660049,-2383.30370953312
6520.81766136986,-5367.82188782957,NaN,NaN
-3444.25517051186,-2694.02592443948,5017.76722076315,-3007.89578347053
-2130.90374659613,-5220.18041191598,NaN,NaN
-6892.27153456578,3302.84016337801,325.15663433075,-3015.41798511633
-3146.70783028524,4817.04880456462,2366.48022039506,4219.16581882223
4415.01901923473,407.951316833496,-5113.38052220689,-299.923408508301
-6992.33700197817,3509.98049668325,-1506.55229746161,3020.20327605702
-6107.01896481658,-6096.6194266542,-3534.73757749117,-256.525369157182
-4126.24413795892,-3040.51429362873,3064.42316321436,-3510.66308131598
-2757.86601823056,3870.67814352853,3792.61869026681,4115.58245289882
6931.0480062898,3355.68973243394,-886.425658963385,-4346.08283231197
-6967.44393310048,4707.35357305474,-780.518552476417,-177.590343181904
2793.46758251552,1013.53633954165,1392.28087117731,4369.38154659504
-1580.8036313787,-2815.71163127727,6011.83318450128,1534.45713913385
3203.84033962119,-2728.54871791942,411.329833984375,4794.43467318024
-1108.01800997598,4537.81336120315,-1500.33887577896,5475.53623154919
5196.77573280075,1649.85712298516,3434.91241281999,-1765.34476469174
3822.31988525765,822.752532958984,4174.92777541887,-319.889831542969
4095.91970931352,-156.515815734863,4534.83856240317,1278.66250002405
-4232.58746134024,1528.79242500324,-2618.79282706857,-4022.65244172168
6861.45158373604,-5128.40202028779,1247.33819474279,2774.38806528879
3768.37970772601,-3077.14786324973,788.433425024021,4064.68613087533
-91.4252319335938,-1242.69636846819,2153.28244087677,4467.20169303419
-7437.85290379245,-1313.99936192782,2449.25472206805,1901.39400570209
-3801.84663272577,-7342.47877136527,-1534.9160468876,1172.07452157554
4021.29654466597,-1140.49833662744,-5150.1673404684,-3418.76350776145
-2485.63429239298,3194.67386151177,-1002.48315429688,-4958.28198120278
-1356.6632976913,-4514.87425682854,1980.72625087622,-4806.15704649387
2336.08959483392,-3608.3045716666,-632.059471763026,-4797.93211807893
4297.44564837132,4234.05923936132,4300.41124266898,-56.7239314083015
-4025.39411730612,3740.27821182978,-1610.82071167295,-4057.84459382786
-4432.29567260644,-2929.75286033364,-904.586696151859,5123.64805466379
-6368.86978383161,-5466.16461945273,-2093.9788844221,1571.58371652769
228.424179077148,3013.8572982187,-684.186769460266,5747.03651128773
1611.37860121989,579.469532460274,-4643.39914351285,2217.50278621063
-6731.95601541212,-4649.53687455128,-617.031581297823,2781.52085340001
-1753.12190261448,4928.94927096361,-4755.12150534517,461.224732502337
4268.61165534265,4014.59199441142,-4270.58228827107,1996.86833243535
2477.54035639195,-4191.1305488843,35.2490234375,4504.46105572125
2391.99235639926,-5066.64455242352,-312.078125,4420.69828930656
2869.56630142863,-3191.73216174421,1746.24851394434,6131.038942305
6213.22873650619,3026.92285525816,3304.09412315156,-3403.75958952092
-6700.02318584196,1799.16849009196,222.483750861902,2772.07486315696
-4889.81879098247,-1051.419132921,NaN,NaN
-4694.48369426867,703.138883814975,-5267.94897262994,-540.717432507396
-203.241651328105,2446.82384668441,4924.46103846007,298.142578125
2333.33285692081,-3747.28426933902,-756.196846292555,-4665.67718117775
-1961.33048400879,4219.55396612521,3194.71833069684,1886.93091147671
7759.62133767886,-5191.00611226776,1078.53399785326,-3492.55162861972
-402.677368164062,2691.94543060646,-544.802795410156,5231.98305824366
2804.17828078743,-2851.67457046736,NaN,NaN
-1811.80390036624,4497.69689795344,4322.68681163652,-146.540806361607
-2882.68665231242,-917.114125240813,4567.50655289698,-124.473524041388
-292.420715332031,1876.42243485078,-3435.88749628673,743.493944369155
1708.45127145076,-2311.82886441842,-2061.79746924529,3634.72073941626
7044.20373453978,-3863.77812416016,846.996713983342,3582.26898884652
-1201.15165796173,4913.03927208056,NaN,NaN
4452.25764172991,3182.99751962493,837.716563760081,-3659.08717829169
2082.33666637164,-5057.49712278995,5625.47063177491,610.356749979655
2042.52924125646,2862.73164991965,-5501.65832044498,-399.72605580591
-1776.32728737655,-4004.96317463054,3155.20820704856,-4752.93553900137
-2261.33005540495,2946.43573220072,-4845.23668847076,-3101.78884525978
4365.41685578153,7719.35006354919,-1489.73284157195,1222.56681671463
-4422.61150291569,-3315.71120698577,390.533004823023,4462.54459910481
-1095.8610741589,-4695.03000743902,2105.89520640417,-5619.79711997463
1131.7584006669,-3414.79165554486,4123.15922466102,2087.89062489498
-1081.9254058366,-6785.77363796257,-1831.33191304481,-1324.20623308274
2407.54435360038,3182.47241881823,3623.52861823828,-2693.66671061243
2418.93743369183,-2334.01043921602,-5597.59283428953,-2427.116671033
-2805.5786534367,5354.13330446193,19.5816076452082,5128.35541160651
-1888.25881749676,-2449.16124614227,-4180.50006710803,-1907.18716293286
1556.12564277808,-2800.77095394567,-3924.3655539931,-3131.27725753368
2383.19157294936,-4026.42870496956,4690.22452930631,-623.246757939065
-784.05841758728,4372.30012600317,4539.28788565212,-1160.99643270005
-837.156522744729,2442.18498864804,-4520.68343361443,-1147.3351822504
2440.99383080903,-4295.37704195359,-2755.32286934237,-571.628407917936
2133.26713786406,-3766.90078140216,3569.38925164649,2257.02157324487
-588.689204183902,1323.6834031608,-4633.77972098021,115.033076945088
-7468.35118916025,113.351341174759,-679.057626332401,3783.10738253924
-7956.5147643976,-2274.13057563274,1788.42195660281,322.475834069819
-2436.42858099133,-1871.64345146125,-1835.56015129975,4513.22312162357
235.331611633301,-5774.64041659049,-2490.0470156597,3160.3113468452
1673.6873015373,-7635.24160554893,-3903.30092285653,1045.55106195104
466.105987548828,5163.19399459376,NaN,NaN
-158.122684244179,2437.61357962656,-3803.92681070513,-3893.29079500852
-4615.00607865739,-2277.34759367797,5175.07220398543,1057.88968667877
2194.09998533361,-2924.82746465457,-4039.5429124717,-2906.58438372768
-3467.91937389776,-1130.8333220482,-1994.27074858443,4786.676395557
-554.392000930515,3360.8691483284,-3820.89946655498,-1128.48319012186
1439.45307899224,-34.5105743408203,5283.22764518235,-498.276720691891
99.971321105957,-2484.88508000198,4843.43465522215,-1029.47228574563
-310.561168636927,5175.96579508248,3005.37349476237,-2532.78374240843
1647.51217098631,-4299.34434188255,4452.41092840806,-1835.81537567109
5523.06020968846,-28.7842028407246,NaN,NaN
3865.73915219522,640.263326164293,2163.34796410747,-4661.13262030809
-1147.21472400224,1967.20843687252,-3399.47811999462,-3175.07777293122
-5106.98183582033,-1275.08919552113,324.549318390982,3647.94251047607
-923.575177718635,89.0001373291016,4878.32646605021,-832.197718594969
6746.75869815716,-1838.31873684211,329.807872596154,-4329.53057414633
6651.89313281578,-4667.11727879493,-1070.28674363324,-2439.1654864532
4324.26383034304,4228.8250116724,-3496.11593611253,1015.48606136902
832.222836365274,-3594.86196297914,4052.66916484719,2252.98083156245
3856.30459050176,7615.87226316792,1891.79387226773,-2077.93624139913
6606.23298050995,5712.98324570799,-173.078308916244,2394.89046484783
-2966.84003538811,2724.43947175349,-4582.7125307433,-2452.18284468579
362.666824847187,-5195.62200517049,-1086.28995172764,4458.7586146168
515.256538391113,4847.29001381204,4135.31609511896,-2101.02775291269
-700.004387375725,5008.20908322192,1047.7885430072,-4352.56818522462
-2448.73860381472,4321.65553737823,4611.3798806316,924.71616870718
356.549643958087,531.570275045324,4552.64662680444,-838.390049643623
-3654,-1724,2707.22915942303,4682.21362652203
4055.53378909958,1448.54724980712,1356.94430879507,-2518.23197662977
1358.25355020031,-2226.2109571704,-3787.25481209003,4195.28815930932
-4521.30378292374,2764.02295566738,-4270.99473996337,-2932.52785435895
4472.6268231625,2868.23961226685,-3982.93065607058,-174.962776184082
362.699451535247,50.4182138154001,-3867.27980915475,1027.93020344961
-976.258775014755,-2563.76539833327,-3559.16522491882,3458.85596557083
2316.28576802396,-1693.88490696957,-5450.91320190132,-2525.66114693828
-2440.74665764124,-3090.22893941079,-4527.62310752617,529.329378642867
-2614.66324782642,-2439.5546967817,4306.4632032015,-4278.55357051228
-4139.48346633973,-2850.37283107726,4356.87756796651,-2501.80131098684
-3759.35401973345,4250.82228456497,1808.97799951495,4384.26529756728
-5518.7110953503,-6458.8116346117,3230.30347453524,-155.665507738033
74.1276234218053,-217.37964630127,2353.3192204801,5009.47011313376
2228.54295668491,-2365.28377242637,2955.71018121491,-5197.60707912836
3678.80708391105,7221.64280054157,3329.60532947285,1399.39611556816
7186.72323495278,-1605.29637772708,-741.954303484284,1461.55989669768
-2048.39028845845,4668.05073272054,3705.39366087388,-1817.21374571594
2681.9656942797,-3971.36478753435,1449.4079331849,3990.54550765013
-3570.20211235553,5547.56226687622,-1528.51414255398,-2988.40085494885
4429.65454268464,1443.30984363556,-4192.144169491,-1406.58221955955
4113.51314305732,-1063.48153069057,5040.92904523248,2300.12975206612
4559.34806705689,4714.33606859793,-4607.9391973695,1934.04465374156
1207.8018951416,5337.74665159279,2513.82026799692,-5039.50647549193
2426.56865351005,2591.47605777059,5010.70984543235,1929.82501901139
-2045.46931558556,-4247.32523393127,NaN,NaN
3270.57283242964,773.598237140252,-1232.41175870445,5412.41508536256
-6904.52277910926,4493.33418333698,-3403.95639996916,2785.99409319603
1953.06790276343,-4090.68802668488,-2134.84727063253,5003.67906587376
4166.33365562908,1949.16209906534,-3838.18237267402,-2514.09728075937
-3669.74768989448,-2492.92589751241,-5244.09790653066,-1346.37284217412
-2922.56719090422,1902.88370326537,-5797.95185277474,-1833.60161013245
-1543.61642418491,3511.56912904256,-2429.38526299176,-2947.97649127215
2246.525786737,2510.11337399616,-4783.57696499224,-2419.83508499366
3523.97149798852,2642.56332013866,-4161.12562256444,2766.38385309481
202.013488769531,-4279.03148408307,-89.0537109375,-4302.2123942406
3085.47401240036,1460.54769552616,3604.48606919708,-3304.22765576873
1815.67947930071,-3876.37398972297,-107.672958374023,-5582.26935117749
-4223.43092696553,-6914.66199603092,-3338.816992966,249.459142718725
320.995537362448,-464.73285908279,-1797.13044748568,4617.76250365382
-3650.03097916847,4819.95487210666,-1520.29337957196,-5234.08746264468
-4362.19059593903,-2238.20890558909,4856.04040616446,-2864.53465634196
6369.94711260308,7067.81146425074,-3368.68430169657,-881.2061933222
-4882.02052744186,45.4137496948242,4984,1996
-813.338639276874,1605.89361702128,-5223.38036629086,-1653.40540510623
4012.87943994422,-2876.78045491365,2447.30951363802,2790.16639595534
2968.40797880563,2702.70619826765,-4087.91841832024,-3556.39947004379
1576.94574076934,-5355.48733819898,1692.02226144817,-5463.37552022791
2912.03577225817,-1008.54492950439,4736.35526748842,576.832859157287
-5576.22630982934,6647.67738153619,3343.22539824752,-2671.25564904772
6612.467490057,-3695.40817981111,1496.29842644035,3027.44855910149
3738.57854827739,2950.5910655494,1010.99472699162,-3641.8765677663
-5010.45771190638,2836.55751404462,-5127.94408109437,388.795724615696
5423.27124161667,7198.58688875315,1104.37665100646,100.397049869399
2271.53159981118,3610.70415266527,3384.38049950911,-2505.09009606732
1979.03602342275,-3933.40804574344,-4249.84743820821,2065.90457506911
1766.94792439026,-3317.48350629986,-4105.92174733091,-3557.0299238813
-4374.69358638215,1262.59270397969,-4643.54322018038,-1321.11239094939
1060.25475561819,-5173.39802152255,2507.20827758287,-5142.65470109356
-2207.21844823284,-1406.66931324919,1809.11513817608,4350.80318047728
2965.54896424615,-510.446106678247,4608.26862618278,997.212618276892
-4922.70211906949,-7363.70458640484,3528.4605298913,1732.1840180953
3705.55545553588,-3002.82257105651,1844.80506923738,4155.79294165075
3149.32695212415,3515.44366207123,-5346.90918492689,-371.167203203518
2107.14830046041,3252.9704040582,-5700.74478151508,1658.52369723037
3035.02637857059,2915.29262705634,4021.62460018526,-2659.35351936293
3123.62950303784,1566.66103190228,-1355.32694660949,4573.17057745572
2765.26054754619,-3972.72362166495,-108.273071289062,5679.78518783445
3947.90676980363,2072.43395440067,-4423.80705620983,-523.844876753722
6454.65751474279,-4234.40688670379,-543.099608957729,-3510.52758268048
-274.474634599862,-253.788658912462,5591.2165320609,2796.33380183187
1613.8705233571,-5340.556272076,224.252899169922,-5900.1929063529
2035.80060645423,-1061.63882700757,1317.02734200209,3849.3235308152
-16.541618347168,458.921468369504,-669.126996725201,-5266.54229895794
3241.9931924396,-4989.14904601755,-1142.41547974328,-4096.81004993581
-6318.34392817294,-5615.29630444668,-3029.25096222064,-1526.76863223695
-2688.48052140271,-2173.33583322863,-3496.98951121944,4041.0264951525
-4649.89697087445,1247.18479156494,-3731.6166699203,-2584.12857205458
3572.42150505066,-354.978332519531,-5834.31917753039,-1937.23462149881
2371.35331117968,254.761002688484,17.4704869738697,-4029.22894797765
-1740.64492284082,948.030649032894,1617.53266486459,4091.26666509689
1212.42623906706,3314.19557946693,5102.56145224141,-276.275542932913
3497.54736683828,-642.790138244629,-4463.38539587894,-1212.11873624366
7355.9322018134,-3826.95233594222,1152.66842511615,2516.35633716403
2955.32859888904,2410.35952250492,4319.23929818697,2590.21612013091
2389.72769084432,-3527.87787207752,3730.3184141082,3114.55144096823
4192.71445494054,2720.87383013183,479.430679321289,-4148.64137658952
-5197.19084419016,6341.45673616578,-2393.03904153015,1474.51300320959
-2785.09830943717,4436.15257453399,3839.88532211436,1631.52196691176
-3482.85493500307,4372.22145262092,840.54443359375,3665.8371649332
-4279.87386378922,-2514.32336266871,709.453000952325,4938.07666886105
-1459.85534678773,-1377.25676419976,1075.29738259181,-4638.95950998863
4458.69389222616,3282.2715610676,4976.203695675,-580.882446289062
-4634.46402522983,-3043.66417753609,-5369,-8
-1986.93342753472,-7548.4140588022,-3675.16096491925,181.611605984349
2375.14091727734,-3712.77707299295,2072,3871
-2156.11982972678,4786.78012146797,-4484.12911432374,2459.75321762605
3558.97309618035,212.732503189966,1099.9310112555,5111.98135293033
6767.0244661019,6973.24761445874,2248.04924138256,-693.291772655517
-4475.1551167594,-2533.73164159106,-1566.43521826694,3769.45530668218
-4267,1887,NaN,NaN
655.397961368299,4278.02775792672,693.320127748405,-4171.63023904242
4993.0838136451,6497.25423282224,-2059.15651577016,37.625
4729.20175457727,2773.79171173944,229.278617858887,4006.73265309753
-3623.08499485721,-2614.08066495835,4635.60289207727,2825.74308872889
2154.30542115309,-3619.21880582978,4776.71692452103,9.14269256591797
-2306.59557096495,-3965.75526909786,-4506.79309304169,322.871441052322
3203.12368657301,-1492.60009848059,185.425704956055,5430.00395167456
4992.53030164238,-7019.93801003048,-3321.97589717746,3173.4557114184
-2174.02638348888,3962.81593821185,-4450.8431659839,556.429475522734
949.660522654069,-4934.43718281214,4013.87139480042,-4153.79487286377
-4164.54364542739,-615.822091315774,461.272604980469,-4092.75978518385
-5771.04991388911,6545.41525226967,1710.17824663142,1522.76194047928
-2278.85550008631,3755.97301980751,412.314331054688,4156.61489812808
-1585.47387447438,4328.58952358308,NaN,NaN
-3894.95696441684,-2213.37442854459,1927.66157679649,-2839.56116421943
-5819.11502882237,6395.78094510322,2870.16995188262,-2308.51530284993
-2851.88976390281,-283.56005859375,1403.62905252076,-4455.62328309411
2810.01077923375,-1751.33592224121,4675.60945853385,2573.75895566641
1434.28502205422,4918.11676474546,1797,4635
-7452.73376199981,3779.16095962457,625.068207308922,2475.37019756161
-3620.29756083015,1966.64009331597,4774.71090180121,960.532930571457
3149.60569969394,-1681.53122147563,716.395706431341,5753.03620773294
-6539.519746024,3923.63505458575,415.700543452397,1870.13328711709
1662.18247156926,2737.94773721096,5415.00986820389,2047.23164315292
4146.44198650176,2607.53904188689,4811.87841930489,1401.67372043311
5158.30832935379,-5883.24317032363,-3948.53544324253,472.818695955419
2282.42719638569,-2153.51842092202,-3666.56858860488,3241.47716200189
-1603.563186267,-3049.10399448441,-4490.9845015381,970.408439689239
-5609.1895406745,-2196.07945722466,-2632.88482922659,2511.56895635884
-3243.52631248531,7470.92319197543,-4004.98446017912,799.474662763579
1498.83293324705,-4790.37414268726,3154.44590272343,-3142.8943092631
-4187.78633975639,2163.4094221938,-2976.09632800734,-3035.18907120343
-7051.57990479599,4683.42417062244,-1079.3579237575,-705.313012361526
-824.245256623801,-3996.79430796895,-3439.50728199654,2389.32475410974
3563.06736525669,1396.48823704052,1446.11211849465,-4074.31255691165
-6758.65616053832,-1273.55439928217,-2833.45484113684,2910.88734560297
3056.2755288807,-7167.21609327579,-3420.98596177146,1232.63442939671
-6490.78062705726,-5460.79706878236,-2749,-2850
2676.81986474802,2566.71100576351,5862.76580299515,-209.507529518821
5571.98649705424,351.892524719238,-3971.74398293406,-2963.56291311151
-7272.05066071943,5014.84150703221,-2034.53521750286,2889.14941699054
3462.92936597383,7264.52337015967,1439.92981014813,-745.810994447167
-233.69019317627,-4514.19593389647,-2258.7301475973,5956.15402035252
5121.33329152885,-5221.57345616612,1905.37670705855,3125.83535533197
-2747.89512052212,-3936.35136183402,-2058.26440334244,3607.92905539289
-2699.34273588172,-2930.38295278908,4574.78745648589,-1428.33169298118
803.582643680105,-5118.38124062,-3492.07384128806,-3247.70549340867
-2134.27938836599,3411.87172582237,5102.13524896648,1228.81913630058
-155.349086216518,433.708132751305,435.391322698749,-4974.64452512051
1746.2697567855,2472.67181396484,-4956.18086640473,-38.31982421875
-3007.36968952765,4560.63182680158,-114.832756632065,4946.51881306298
1682,3351,-4433.27542910425,432.66264056697
3265.3403429246,1688.45664111283,344.478820800781,4234.34657219196
3766.5457522804,2986.19430664135,3604.82781298729,3876.06590428894
2622.66664474253,-2436.08232563703,-2264.00742870757,4734.65486548587
6814.88453019544,-5461.33748113327,333.152241112103,3585.83559886276
-2511.38098082027,3343.52113468055,3588.81967538538,-1906.55315430723
1632.20088219693,-2882.58023281362,-4444.39759227976,2198.11460170286
1935.96045841556,-3284.07053179301,-1349.85875519512,3735.70892961176
5610.78294036103,-6664.12681981266,-2940.49028229729,2288.87224840468
4214.45941447392,2166.73557362005,-2629.55255943844,-2726.97380809764
-3561.56736114169,1241.43197771789,-1877.41936915183,-4600.50793356536
-1190.04887771627,5143.01381611299,-4729.40779794046,2406.91302379376
-2820.250118867,-5585.69055678481,-2932.74745326772,4370.54711442152
-5706.90028590405,-7384.98524155769,-1973.16705600717,992.020540039063
4234.24349624284,-1973.9211457825,3488.72488488444,2197.92824606874
-4219.01326551945,-552.805395661844,5313.62353165107,1951.89278364322
-2688.15546934822,3566.84153924042,-4318.2411957102,-1850.41815437598
-79.9276752069861,-7612.1827480846,-1974.38447746864,1523.35314921433
-3982.25559803955,605.96063352886,1765.57218655965,3112.75071017317
-694.34814453125,-4624.65932098905,1619.77044486303,-5446.83112699077
4753.46430592682,1977.49346923828,4655,743
-440.363688393845,7589.74402568491,-2499.91887234696,-1591.96474419751
-1267.71088450222,4388.54476055701,-4115.46327935456,19.7119216918945
-4128.08584088124,3066.55538028871,-1251.67539121681,-4621.66266550814
-1947.13746206389,2243.44121449388,-3726.097591193,4725.05706164143
-1313.55146722724,-2183.11982562737,4095.7170162233,4258.77322989116
-6075.49775026448,-6318.69528465588,2281.776265684,-206.327845505461
-2109.35903754063,4240.82525639237,-1789.44250304123,-4325.88756250399
553.733543021361,-4946.12596056464,NaN,NaN
2923.81510812157,-1182.38190430726,1285.78605203888,3258.53710106555
-4165.4412611375,-1732.82562633628,-4313.20728208363,-441.545234680176
-7718.02369338539,-2973.39394344318,-136.138694790727,-3587.18431535007
3149.78170538908,-3818.68518134809,-1583.4566948908,-3863.54697635064
-2527.80472130189,-170.25674443498,-73.5332932512032,-4363.15726779679
3072.98768376879,-218.947698039393,-2003.53963206605,4825.34759119349
-38.66015625,2884.9272307568,431.823532104492,-4804.54621444354
3774.93681868276,6879.6991930584,-805.292146381579,-206.968822468551
-3206.17530136231,3440.83977105815,-9.92629241943359,4339.63517283238
623.369156270542,3167.41520795456,3948.56478903194,-2384.99608283388
780.928928160684,-5455.75789781884,-2886.30076463491,3319.46697322698
-7563.72930560676,3991.30423096819,596.968503903826,-3526.78446382773
-4575.64094342186,-6833.52175297075,-2951.04725643787,684.968198991148
-2174.13021797612,3294.62134658551,3941.51486640304,1843.17085827278
-1667.29584149455,2767.23168020666,-4189.32468835192,3485.04565121081
-1885.58654073262,3578.90627810083,2696.86608685162,-161.979960853801
137.406489329972,4479.93182346242,-544.974834015575,4477.6124719583
2895.24827890127,2641.50167830557,-5429.38446299469,1715.96077967321
-1994.0564846855,5084.5903607198,-842.537181238974,5035.17709452457
-2272.37040932973,-1870.16358173925,2658.77030246991,-2649.67434591224
312.150782930712,-2733.27020152471,4352.04267945309,1729.90841733056
1968.48255827419,-3101.56556876598,2992.63619357094,4859.25386664648
4094.16879318138,3873.96680403119,3612.0289753835,2053.04040797804
-7448.49273261831,-1268.95935740244,2792.00894403521,2012.9145934034
-3277.71125767233,-2094.22481593001,-3826.61698303107,2369.07688087871
-1566.22592302378,2635.8239884858,3999.02302444217,1502.88881661757
-2689.10888299141,-2480.41661812235,-5359.28422975778,319.741775320933
-3747.30172137817,4449.16255654229,-496.767256783494,-4478.78407037138
2954.49884281465,-7026.78648916631,-3338.38659571125,1017.03420401502
4315.41132829029,1979.40670320686,261.564309144631,-3939.12756137684
3380.71736860381,-587.477087370955,-4981.22969479031,-2010.14252127478
3103.126541482,318.206921081106,-2405.57874101533,3646.91620958897
-6790.53775457697,5625.67371727662,-146.267695711097,1114.53239174057
-1946.8743075653,-752.274124252369,-3893.03124683457,3525.8872769893
-115.69116278427,-5136.94692012556,974.88501541823,-3761.65636328345
2993.12958427042,-6786.89912129453,-3727.13345862055,416.170645894789
3147.99879866208,-3803.17547985726,-3639.80278874,-3287.16734538569
3472.02412149075,-514.599322979267,-523.224742174759,-4416.84836253921
978.406675287368,-6569.80815543348,3079.50102325263,2586.81748569186
4849.66097403391,7793.45871275268,-695.251720748935,-2102.72422218323
1831.67334533613,-3524.6737912059,282.361704552982,-4372.47436270959
3702.8173110663,2471.1444403051,1619.74476195447,4455.93851000219
-3245.11945157104,453.820983886719,4945.29876257504,1346.70451670245
-4940.8326942382,-1029.94932709749,1755.25243732115,3445.28368743523
-7181.16993655981,2723.56052220813,NaN,NaN
4890.33148024736,1558.27758795502,4649.27397688408,2820.9070491694
2868.51963839116,-3715.53355616703,2581.31714860856,2370.3017398738
-780.063898732226,-1560.1084565517,-3329.30784174688,2196.09653721711
-5781.91344542371,-7071.59424793218,1365.61620016659,-1023.27506405458
-2751.70098126156,936.135416564542,-2390.6202804013,-5232.83436740297
-4587.95550148086,-7388.54592062397,-1543.31391047594,1098.64858915769
3704.18710336743,443.9262542536,-3015.5157824338,-4689.86262456631
-927.035642833054,-2049.45562036411,186.349082435673,-4079.29703979843
-4058.89914560331,-3611.62036263697,3713.56482136236,-2904.22949748633
-30.3625658567841,7567.21123027212,-1519.9300446418,400.972496284876
24.1137813800614,2633.07926427823,-3118.05845808393,-585.009141423955
-1617.78465980249,-428.446430683136,-4689.55068004523,1164.20838832799
1121.88169241864,-2669.80092118103,3662.48418107692,-4268.11186821678
2941.64199645214,-6891.37781892725,-3366.32633357543,1737.5458923568
677.718237119656,3108.60324194858,3808.16968811425,-1368.13231068653
1174.42020189135,-2731.8688706366,-4589.28345620107,2959.21543619086
-3674.7554957654,4194.36337113971,-613.176547243252,-4997.15288872368
-2059.75805252759,1765.52641296387,-4226.29258310422,-18.4474042619978
4074.04425910285,6999.7365802034,946.966230767572,-670.739763366025
4695.19331529375,454.833831787109,4971.8424773298,2550.27873562949
-4951.80095767945,-1020.77036162005,-4229.4745794718,-1180.04933088814
3485.74368506957,-7336.59686790736,2515.14224644534,-1616.39228621906
6749.38589383458,-5293.78793538214,-816.160946577053,-3584.30736642729
1785.8805391621,-1381.99386353764,-3880.99824286255,2422.11242300752
-1496.15815533983,-1244.99721874335,677.457122802734,-5741.54808746541
-2614.80469411934,-6149.44352179588,-3157.26211182519,162.877847093218
139.323316106536,-977.634440358305,4427.62974613729,-738.302976372707
2623.97061548979,-612.347759978977,1177.87788010166,4008.29092014308
321.65148218381,-239.104460347238,-3200.12891119589,3441.40416821766
-1166.12159941777,-2515.23303133062,-4451,2568
2982.50029710021,-3247.30773733088,1177.31906889928,3833.81040298814
5472.46118862308,7143.89731884991,-1961.03995063761,852.000226388309
-2542.8957239119,-2094.00166643468,4863.4458982,1921.73374350719
-1603.49993985455,4783.31905700795,132.836037115316,-4299.21272441731
1591.77668957963,-4926.36077729277,-2601.97509356081,4878.32844344847
-3435.2549541458,7329.89086456081,3080.61987127731,-1612.54986405344
2892.35049047163,-2703.34561217338,5627.46535367681,-2387.4587367869
1576.28127864187,2845.11352036979,-4913.56769939876,-2364.52068261127
2427.61361897475,2550.69006427948,-1343.29850384084,5059.36314383233
-4077.79393913925,-1951.18580304028,4362.09959040674,-217.544036865234
-6861.84494306652,-5528.80916953401,-2504.949425123,-1435.16834930957
906.640884399414,-2077.62638092041,4333.84239783654,672.801070601852
-2289.48313772576,-876.197805288328,-747.81996992514,-4641.58527228013
-6513.02880017676,1497.33849647505,845.784536785652,2599.82671421187
323.219543457031,2329.02043143,855.546429906081,-5601.19843594069
1699.91051198668,3411.84498247382,3450.94675653269,-2831.15006464766
524.529057340802,382.42133443327,-7390.47914458095,-3176.33824967358
-3253.55317786611,-2864.94034050136,3936.78086673086,-705.602127075195
-2800.60554774623,-938.338842534395,3695.74212554075,-3861.21699496206
-3365.17254064822,-2470.11004845216,-4722.27115508799,-2991.77212313388
-1880.21757130614,-4698.31986717795,-1397.57246049791,-3340.07305202883
