complex_small_real,complex_small_imag,complex_large_real,complex_large_imag
868.118830494174,6800.6057924404,-1709.349768667,2864.90470390085
1999.5912612125,-6163.61229533549,-2748.1333909814,2480.93734096692
-3059.85807696234,5695.96576335915,-1374.59281276138,-3602.36566219004
-514.211824732503,7210.49379972252,1437.27390648337,2595.30031448469
-4332.15156838194,-5279.94012532921,-2519.47415658413,-458.131414240057
6514.04259969647,-1389.55352971015,1723.69360223201,2998.70115922056
6986.74939041228,-626.543140042213,-2728.47319075978,1850.71233746908
6783.9199453264,4169.04407927114,-1903.7138331148,-2590.83528414337
3209,-6187,-4360.21358897487,178.192162256121
-5439.67601950152,-3411.5575420734,1871.71998717333,2740.88933579907
6197.56222923342,2756.67568060839,190.062769874865,-4196.80807032982
-6679.76888645429,2159.35844816917,-2045.54329697122,-1251.91626516752
-3989.01944898736,5481.74996702996,1954.40291575239,3149.43230893304
-7756.09331178592,294.059811916,2599.86805849592,-2814.44677816612
2637.96438238793,-6044.64749385581,4327.85193880513,1647.7222496455
-7457.69357559385,584.685708706265,-1788.77815913587,3474.97154654628
1700.21185232579,-6856.53421078129,1016.46294581551,3459.17984278115
-463.967571054186,6909.81930015741,-1061.30930761933,-2166.02196474227
6942.73152915361,1574.30199244748,-3375.44564116992,351.701153676651
-837.337599786978,-6734.5206276816,-3291.65715436955,-1630.70870846006
-6619.07663008811,-1621.83661081966,-636.87482832001,-3736.54111771175
-526.604840154981,267.535123123675,219,81
-3960.83164627289,5869.28587195573,2555.1999023307,1923.69344410393
-6187.34881885969,5654.94510216531,-2534.05121274109,-3692.03765194689
-6492.45913292113,-1403.75876150307,3704.45522111436,-1588.00731847451
6471.07705922934,-2719.85132105156,-770.47106765069,-3434.36506164295
3576.98229233495,6085.98717383338,3770.70486798569,-143.239683127101
-7307.82798169569,912.634838134036,-2767.40104399182,-613.910233374653
7010.54400712182,-2118.16065585943,-726.152328224716,-3758.95376534684
2635.17024817276,-5980.73027288286,-4529.89511518184,440.120639747995
-1636.16912500051,6865.33433659469,-2193.30168525738,2836.6513266389
-436.529231156453,6680.26275775957,-161.006591796875,2328.65512357467
-312.639859748668,-7516.56381979653,2862.92010185969,1854.977416031
1749.28879513777,-6347.78771389897,2066.97153862995,2423.64063046146
-283.456948946515,6527.5551764578,-935.968457200843,-2990.67238774533
-5680.40963122468,-5842.0876127634,2826.13476747367,-707.226804615451
-4303.26878282215,-5058.56558463284,-3177.94187986831,-1667.36578323774
7014.75314218295,-1151.52614955239,2897.42159435121,-911.229714133523
6580.068248905,-2219.96614262139,1029.15122724412,4127.11860489496
2773.66580562288,7043.37129653313,-1996.89941907926,2310.74557702551
-668.94170714185,6661.38814588103,-2880.80845001942,2691.51792316012
-5079.06088739373,-5107.17062012607,-3696.33371430826,1097.67421337666
-6572.02442354024,-847.978111072109,-3138.74460091851,-1076.28240897587
-1125.84563851463,6972.87520310626,-1941.2329292785,2798.4254512795
7273.59282283249,-326.067557241402,3339.4744866889,1751.74069993235
6846.79404674786,408.338010379616,286.756601259029,4522.56495410098
3141.12780020539,6095.15795011821,-2700.11322363848,1479.9686556579
5791.22501561201,-2239.40537468474,-619.954891056209,3871.54511161103
1302.73333685164,6945.78244317011,-2594.03941756176,2813.20642668812
-6466.8022185179,2997.54089954263,-69.2870384368169,-3216.36777010189
2019.66729027027,6706.33189193304,-2891.10669391926,2303.34687699912
6487.38691415341,2978.54602133797,3094.11389735244,-3221.06080652636
7306.20140411891,-3831.46941355399,1946.41298610897,605.00956552202
-6282.45941407085,-1780.05702325994,-1810,-3879
-2238.72401842263,-6430.08288851439,-2391.58277829313,-3292.74219624262
2573.11951059124,7395.14703733127,3993.86360008438,-588.553583570347
-2909.50963100467,-6278.07984545821,-1283.92841961773,-2970.96600908713
-7193.65475613813,252.245067107372,3176.10363504984,-1806.83822766613
-7585.17326761733,2001.57658604529,89.8780839259352,3725.90382368635
6385.90985773734,3250.46768955501,-2663.93808448085,1720.99866253388
-6248.30434706839,4622.38456648486,1312.24454476478,-2043.53571799716
-6889.25854317726,833.266182337494,2243.73630866559,-3511.15609879146
5628.94942127608,4296.68555956532,-2749.61703265632,2337.10140309701
-7324.54655756649,-108.32958984375,602,-3525
-2239.55631453208,-6294.50694258144,-2985.22518793055,1935.47723398035
-5933.89213656854,3356.38584671383,-3792,1503
-4262.04764139181,-5111.14333054324,-2828.07982612732,-2021.87964982158
7304.90541710683,-1456.5530921807,-1282.86248562518,3584.39675276522
-6182.3135729985,-965.207331840354,2183.05582389372,-2362.70218881842
441.070814704895,-6722.55057611596,3072.24911731027,-3328.84670904724
-704.027216975512,-7075.31425235909,1473.82974609375,3294.22665757933
4131.37124788018,4822.09867910074,1847.97157552458,2176.98975509314
6491.8822624337,-2671.075674747,2543.4662660208,3243.00154942608
-1855.32638698764,6537.19552333652,1117.54448429001,-2833.3205342808
3440.32610306395,-5829.71719748044,3262.64444424434,980.101866830373
6682.58718848909,504.428543649069,1693.45248126737,3684.30972527515
-6804.71589305184,740.023428270997,-2652.7388124699,-1921.32326039401
-4838.25453620886,-5036.81738773813,-3986.98398740247,-263.639302289044
-7284.26492402193,671.626080163349,275.563735961914,-4010.46585945905
-5917.70310429071,-2866.96939570854,2842.13202840694,2081.78767949512
2953.1532809193,5624.17584847291,3863.65167329996,280.301465273954
3413.18806402392,-6633.90540732228,2454.14319026777,-1533.09130649211
-1342.17298037275,6499.01632710846,-3579.8995563856,-1661.16188546469
-2620.14927610829,-6435.80296227806,4185.36903260305,-488.573937907618
-7035.5253694428,-963.092761582441,-1741.15711775601,3332.30246455648
806.27820146735,6788.70343651369,-859.213008737777,2853.57814212541
6098.28305239848,3422.1193139329,905.118437241878,-3539.49997087437
5982.9789388273,-3516.79726720543,-3156.69372714157,-2061.720494734
7102.01007169792,-2951.30420849916,1052.35360637668,3043.89221238904
3915.4510685801,-5553.26326282423,-1507.55536099939,-3118.22329975228
5346.59242156679,4400.57579782818,-2459.41000355829,1905.09139547131
-7100.54543562081,624.717649921609,606.364191353082,-3005.17929004897
-142.604489757135,-7291.77673824862,-1875.41467588344,-2565.65092279659
-141.285707425088,-7015.32884768815,-281.690625987221,-2905.71850349426
-5298.26673692458,5093.97893297794,2588.19504537675,2970.64757743532
6536.3787902991,-2453.45485580794,-1684.99772390238,1949.67569174692
-7024.91533014641,-807.973794549266,-1494.7930245259,-3183.16428673906
-6019.99328549769,-2626.92313331382,2048.5714590472,-1554.85102666906
2023.84633892779,6555.08868284034,3493.01722714883,770.546107071214
-3308,6060,-3253.68000928577,-1525.60402883348
51.032435486884,6547.19010846156,1939.41005245167,3386.52679370039
-2700.22884394391,6562.34782967448,-1209.01987062018,3657.418069803
5740.9997577947,3728.20764266305,-3150.19430643271,-3187.62965732158
5662.75523283329,-2769.61409049907,-319.77148127591,-4133.80784797746
866.446212768555,6988.49572487264,-2337.42201529749,-2700.57606347557
-631.762479062112,6601.7290579946,-258.517039776277,-3070.7186504909
4613.42549758216,5047.7533323502,-3642.73869911957,-392.913147883629
6226.43817039584,-2617.93263078447,2166.57381414956,2857.26081390698
7132.42461652301,-956.824980129741,1449.015769515,-3836.10973411871
1949.2067767352,5695.1102976546,-3488.46021088599,-2568.14210482365
6486.91765344116,-314.144895887866,-2862.24227869273,-77.7853860294118
-6080.8230247651,-2452.21238078348,-2330.43014219007,3043.5238798224
1405.69693517902,-6795.49752106239,-2312.23336127351,-1911.92677064081
6297.82415056301,-3157.49172854504,2180.31446263946,2686.44650061919
2217.65776752216,-6226.17957928729,3057.16591243675,2371.56177779693
-453.753877800186,-6955.61152189799,-2268.93384738888,1651.39834988197
-1406.11605680609,-7476.87111955409,-246.081702462135,-2973.72511541548
6571.2757365713,1483.56401782826,2833.68277871685,-2309.34124674187
4223.34062873044,4621.72085551973,687.6518231651,4312.39570776906
6552.78140778602,-1451.88108362549,-2097.58520677727,-1514.80316774068
6384.52343025657,943.850050946653,-2498.78736045432,2717.91287154716
966.494762005017,7531.67995857586,-3347.23000425565,2949.76410831906
-5116.19048452198,-4704.0216829614,-856.271377066244,-3600.06729207484
2819.6952958132,-5673.34600827135,-126.790968561747,4069.00498278151
-2712.95611083212,6234.08535262032,-1594.27391323358,-2878.31847597219
4431.52005170616,6443.20608782973,2700,1457
-2102.31277088044,-6727.52590468762,1182.93423448389,-2028.00722270322
6884.14351282528,1101.86634960663,-2615.7332583723,1392.27467306646
-6844.9113157742,470.78907130794,-2989.70379601092,-2221.50556118408
-6877.66260553774,1187.48355761584,2861.29665356734,-845.441145826147
-7033.85198720495,2357.16981632812,1733.32889160239,2683.10242634328
843.19022839784,-6158.42274352198,-896.804019078728,-1929.0988629339
2108.54226389103,6255.56475551279,-2889.42013015407,-2404.21242235415
-6984.06473577603,-20.0537362370466,1165.73480440804,-3642.38765299268
5851.49239901479,3432.37560571717,-1008.16255974197,4077.28403662351
3094.43557221544,7311.39318137097,-844.193679273326,3204.02717552989
-3128.95217316689,5658.00542012055,3787.06732992048,832.384957116354
-1864.61907610167,-6315.1284806889,-2169.13646388055,-3309.38964473202
2041.18826614228,-6370.9302256511,-676.493773303329,-2819.14511687374
5366.63025123003,4110.36053531796,2314.2930296138,2657.64618119108
-2725.54289256946,-7022.98012631911,3278.9529557413,-1882.78928636316
-6428.17215824432,1606.33178426794,-1888.15988855067,-2002.19576526989
-981.010860941627,6639.44007678541,-1600.3743003287,2945.6636927488
6958.40206473348,379.735156773021,3643.79297750162,-990.682004960513
5010.15795039915,-3870.5745016943,-4251.63584315042,-1311.03654527286
7473.47038952334,-1990.02362070112,1745.49480153093,-2209.8798672332
-4276.82829801419,-5336.70879494365,-347.454543478765,2485.16735519225
-4825.16376849728,4110.02188765138,-3912.35252452891,93.1555480957031
4879.10296426468,-4505.81078035751,3673.69936680927,-1471.60839697481
2956.54754760907,-5823.47277331831,-3815.4458654356,-417.710301399231
-6944.75307369034,-601.799008561027,-3445.99295366727,784.622435281117
-6368.00642961273,-2865.77512315219,-503.793374181062,-3836.19100086843
-3456.31664701183,-5767.29970273665,4072.23920277106,-101.609784354291
-1304.66363317565,-7307.30192893991,-3242.02349972509,-959.388977050781
-5367.19338661943,-3336.38829043101,3618.59872005983,-1479.65696441311
-33.900874004969,6138.3229026015,-2886.93101663567,-2370.82371173437
1222.27599241191,-6735.75825561592,2441.51357263131,-1211.13538367273
-3068.15951482673,-5000.20017732284,2043.22022060665,3415.83879437928
-5520.87156028828,3720.56883628399,2817.34567451203,2613.74235415433
6866.64326221534,-1368.89120620522,-2318.32764438345,-2534.92424543514
-6136.0294388947,-2671.01523476348,768.128855570013,-3607.39836459401
4086.9662214759,5121.72680299517,1322.62432291248,3389.7862265666
-5808.32735625397,3732.92174993293,3397.22795805581,1783.81839250526
1964.89048266756,7683.73881568149,2760.22706286687,1100.50209415584
3632.79131320547,5247.81017510431,-1652,-2909
-1160.25218667651,6988.07432919086,3234.01817116477,-1021.90493308656
6602.73505054637,1500.96318087707,1387.06687273791,-1871.59400695364
-6008.20093771457,-2630.4926154018,-3442.45616480559,-1522.84813071544
6623.20754521176,2447.03709518937,-3578.45693019244,-1632.29712328288
-7168.1297734232,97.4524177320076,-2624.3664871255,935.13873155643
-4686.68764759855,-5284.17063183308,1862.68207323285,-3648.0560945082
843.778906098673,6982.59431473194,3161.02931140871,-1551.72617313915
3578.53815995623,-5318.11626178926,2586.24526103156,-2656.62744347882
2775.83743538397,-6195.87433497137,-3106.93669026824,-967.244913398227
6687.49632104893,252.429143272624,2306.0358349655,-3120.98497649498
1331.85550776915,-6339.41427119768,246.005314919801,-3230.00171389432
7127.91724807694,-1002.61130194844,3246.2036474993,-794.985412562858
3729.83503977659,4800.74802569015,-1712.41863770918,2099.8210331484
5907.01270477606,1766.67859246172,-3162.73152944845,-1111.98574107596
5827.99541266324,3018.29862382313,2873.67161563488,-2348.55007546615
2619.53982050712,-5960.50444938352,-1478.13092177661,-3410.64715819873
-3981.80783090201,5598.80378168346,2633.44545836025,1711.53772458562
345.189043645989,-6774.94610958171,1690.83494346705,3197.18257830903
-1414.20284332356,-6725.34810700056,3647.10881355906,-758.229382511801
-2312.58433654032,6883.17950979809,-290.030656625103,3131.0173863825
3041.11238407169,6324.97602999137,2688.59505584526,-736.222807889158
354.503332923047,-4076.9222934667,NaN,NaN
-5465.25505178496,-3810.89412452723,1419.47032124092,2870.93946142771
3411.50767856047,-5335.3796843339,-3548.42467689826,941.31493057778
-5520.02136174649,3888.69037116682,-1642.15843479183,-3696.06642877145
-7823.3578712022,563.757370784743,-654.979703270722,3007.92126545765
-4345.15487392365,-4854.28713447148,1493.74623005485,3857.84659813334
3740.82905603465,5426.01063884498,-872.74587949117,3246.07079775045
7368.08948653717,810.667619799566,-661.158805703091,-3446.23533708479
2174.35731251421,5783.70720679974,3121.214056625,3592.42505770597
2016.84099416352,5673.45775316026,-1346.87302476415,-2106.75774193719
-5817.77691855365,-3555.69194513116,-3731.04316602542,99.2112906300582
-4483.28032769808,4596.8155887612,-3404.6854731143,2021.15720972522
-6708.42668571046,276.691421568627,-3023.54905298294,-963.288883073956
-7485.58577889441,687.754404222475,-2693.92016306251,2771.16735276092
6925.31217027413,1624.64302898495,2138.9446481676,-2353.00656200475
-6161.56099947405,-1336.79553071608,2288.8396095609,-1919.88864781197
-5615.3503542676,-3039.67550575733,-3462.77228634997,-925.730982721215
503.064449695298,6393.36196896856,1074.70796832884,-3214.14724578903
-3511.67338471664,5608.35919305789,2763.61641252562,2615.79466981177
4863.07774496626,4460.8678564815,3356.73739178563,1878.41822547972
119.819206258376,6770.4717593711,-793.422667073056,-3658.65791535789
-5992.75264223088,-3641.77064197878,-757.967771530151,2788.55406054621
6105.87410043102,-2168.8003591244,1279.51002590715,3158.97746201595
-5794.05115967271,3203.73868115714,4225.60951292589,410.159678927681
5891.29258972767,2715.09611344538,-815.462308520198,-4327.38870387003
-7713.03207957442,1439.91100340281,-2940.54795034234,-1645.85967717451
6138.92860397766,2438.0189363787,2432.06608401057,2390.70004278096
5077.97698092172,-4749.58325868886,3491.22468759667,-2007.54964103771
-6004.5790131915,1944.5150633596,-213.788735315813,-3931.47884502269
-1087.51698514537,6243.36622384785,-3218.26601273338,558.696872496115
1019.64623645909,6473.45581200609,2962.00264635632,-1179.82604886511
6274.78005417796,709.605254734864,-3183.14686866724,1792.89829756493
609.99531359269,6380.62921762022,-4104.28979662257,652.217978074263
5772.98529137457,2817.65577191687,2619.29122353188,-1789.13310078185
-1287.93970419221,-6241.21301038591,-1813.17907893736,-2739.89137198708
5849.8181754677,6279.26015419866,-963.723880667821,-2921.31240133186
-820,-7005,-2738.84403309162,-1469.40091929866
-6361.36276561674,-2906.36070816393,-3534.82125056145,-793.873026876247
-6156.16606572576,-1401.1769661873,-3091.75562955582,-1420.79778463732
-6416.11639574187,-853.950118072641,-3325.42927861513,2422.82277189314
5864.87060040551,2562.42911669831,1134.56085936094,2564.63394323655
5401.88511579946,3938.74845479781,2694.11266019135,301.01106262207
1821.19445470121,6630.30476122971,3742.90583163539,77.7014952132951
-6190.07410522831,-2462.54237604283,-3136.70649696806,188.509540904652
163.910233518338,6583.89559468842,3373.0083459642,2883.70762878027
629.109692436285,-3330.01648600757,NaN,NaN
5994.69438445692,1776.7366730111,1412.33652761073,2978.96544127694
6121.68967331655,2699.33260351338,-3358.65994413686,1582.19492243763
6405.4949293957,1235.96115631983,-2666.7520673698,-600.921433971774
2330.64849497811,5608.72676343459,3716.10375609808,1353.74472954948
197.984057848444,6410.54107777214,2526.2782421531,3082.07881496882
-2394.78054818834,5890.16388922592,2802.53211835009,2724.19199906664
-2898.66854442719,-5935.22809826693,-4331.87641455111,-287.61373164736
2980.41116748994,5487.60029302836,3502.15922951746,-1004.12501248872
-2826.29155832167,6021.78756400154,287.906838696125,-3086.9675525161
-4907.63261727631,3909.1003329657,-1473.12545688469,-3023.18921670972
6941.98919205571,69.3138115050817,-1973.91861058599,-3181.88405199759
6963.03182862692,2638.2614791646,12.3675989718123,3590.06830100851
7104.0777735804,2471.45254364004,-2678.82905482525,2374.80313986686
6740.40712132103,-3857.45469809905,-551.354556352142,-3372.96818475416
-6707.2184863813,-3912.59765226218,-1902.04775429551,-2559.68632808183
5073.66750062325,4416.22507385889,3706.60373193237,308.931836427961
-2611.57899256825,6042.31480173905,1540.5395806151,3027.39217948281
6148.34877185577,245.987628860979,-3126.19868347941,2388.00273842843
2564.56119428949,-5653.34803197675,-1800.887420066,3198.53518267381
-1178.63541501327,-6722.65153099215,1569.48792446864,-3276.57328812214
3789.94499889394,-5024.34295624227,-316.450637817383,3393.02618128597
5283.93852517831,3320.25971081708,3345.87823978855,-1456.95755234154
3525.83381789502,4915.59404889355,-3789.53571331355,1680.74434172189
-6101.06995215918,940.593653390354,-2827.53636549112,479.264138918827
-5852.50442789623,-2849.85732868537,-3145.12401131408,1387.78102455985
5904.19134287241,-2017.63075131291,-3272.12736924327,2231.01776999224
2273.19071875766,-6346.30050484594,-1514.04693936012,-2784.83632460193
-2198.57943749001,5704.72177344012,-2029.16369423086,-2809.90800104319
5354.88309407647,-3258.76175253565,350.790415399086,-3564.27322492525
5370.44285465807,2514.77996079161,2018.2520711864,3723.1150295421
-4120.52360311951,5061.16071958857,40.6228897817288,-3488.60695027003
-614.596759598786,-6178.48226053791,-151.221031188965,2621.29032524986
-321.92353101265,-6277.50719245519,1162.92198814046,2271.35162943008
6083.17903733034,-47.894355545044,-2071.44520199744,646.047894211068
-3763.95650396593,5299.71261352812,-2650.2349935928,1844.12637113675
-5608.14836864294,2308.92439080081,-1149.74702193234,3466.96281024984
6221.26482023806,-763.396600852193,1667.72075707397,3337.83238456939
1946.43122619839,-5919.98902722079,-4131.22889075741,-60.8828388195476
-5504.68141669492,2787.08557266937,-1013.79066128062,-3082.6951850071
-2078.95403151157,5971.47180121884,3356.88252939711,1861.76468307311
4895.81998776099,4455.60646845314,-521.802934107475,-3710.69962598799
-6043.29509122023,2453.75298375766,2853.18993904841,1974.21143641054
-6725.54812786946,-432.936978297162,-1371.83520682818,-2800.97867603849
2007.67054893092,-6308.75503601154,-969.835167304329,3055.55074894883
1230.25936947346,6512.88451821248,-724.230763215595,2343.87004759411
-1519.23185141003,6841.54679078534,860.163472671176,-2653.64160812956
-5001.86949063091,3705.18918278762,-3190.14333769504,1674.82230126763
2466.62692867392,-5650.00398097718,-3629.48611988057,-2356.15900897263
6269.61216962543,185.609743065093,1516.62630965262,-3923.35307466691
-4501.44026838911,-4137.24056839122,1100.13392610332,3517.7472932283
-6277.52978282884,-2427.22596144792,308.73046875,3735.22218935695
-2459.32366168206,-5410.6539159591,-432.500079960533,-2937.23502662706
-7322.98954383367,607.215963511425,259.350464835188,4165.83945177075
-2941.28317258699,5469.73390136099,-1770.58774562208,-2789.37674444276
5600.27493265177,-2272.51775800305,-2724.39797447576,3545.30469317912
-692.495487293383,-6743.7513552377,3088.64791173057,-1350.77813333046
5526.47492010331,-3499.45468971592,1871.1981422361,2820.66218108142
5070.36228133134,-2986.80445473443,2369.34194935924,-1888.55322841176
5992.69319555481,-415.132353061018,-3738.94660004864,764.032877813561
-5747.08580014467,-6078.13903545069,2408.43250854259,920.20651049992
-1782.63826304953,-5157.03667302333,-1173.35594447473,-4111.69870284224
6253.74917773651,-1708.67037005792,-1424.54853220011,3632.78757323605
-1073.44332362048,-6349.82388089,3555.9590370766,-1391.58010287672
-813.529663085938,6174.00278630907,125.558307688812,1967.7140811097
3317.46707639606,-6090.5700440785,2876.58008001695,-1880.30277534965
6034.0069553619,2017.40370242054,2233.51298638765,2514.02805283056
6138.53217860315,1377.25794809611,2944.89301644757,-1580.8866562137
788.59930086077,3386.0140181934,NaN,NaN
-13.9853204617834,-6384.25220474823,2854.19826942291,1775.63878706052
5781.68528289235,847.605058464421,-1951.45757532605,4083.34199223744
6065.45228057997,415.7216796875,711.211416784754,3478.49704298784
-2027.07060808456,-5566.20612712947,-2937.31403133771,1325.96419952825
-2071.42811773416,-5996.38185614753,-687.322821096315,4079.84291350587
3728.18769244358,-5707.49149467389,543.996528212675,-3155.31406467884
1009.05274688874,-6272.12145859883,-4399.46728054715,-105.220959172974
-3444.69136394247,-5786.11316873822,3930.92472489585,25.2285090266047
6807.96056708307,-2901.69664344825,1913,1687
7157.93952620763,-4062.44331892199,-2447.20934936003,-2976.2222906938
5705.43139683427,2212.53033778148,-3220.6075623139,-778.057396337798
-2689.96859668172,-5445.82981823372,-558.287300417146,3553.21506329926
-1251.2807243663,5583.49045202215,3082.54554737159,-497.450914133601
3068.51060517926,6865.70300460387,3667.87974266652,-1469.6375219324
-6892.24690851338,3939.38996800912,-974.304298695106,-3678.07593750572
-3944.16552704612,-4409.55725177946,-1148.13945970303,-3170.46292460977
4116.24599870843,-4816.33100108071,-562.250688226912,-3777.83221722042
-2045.95486505682,5550.03542354968,-2700.17641310013,-3371.06047819515
7139.6225718533,3634.58795822165,NaN,NaN
-5505.17860358633,1133.78753237482,3907.58470397767,-1500.78713491931
2224.18053742027,5946.16189323207,-3933.70472094258,269.647623697917
-1578.12906035668,5805.24358178758,-3165.9043331034,-2324.28951685949
-6934.63482472206,3605.17755480104,-2350.40054345806,924.905595800338
135.204937214612,-6491.9865721536,2130.37103590295,-2560.74538276163
-3332.19147778441,-4569.2607182671,-570.338275687575,-3193.26329665764
3453.73800899827,-4998.11277357922,-1452.37299148175,3365.76664138183
-956.550602715922,5924.46763477284,-723.562233568004,-2818.76705626669
-3534.21627141416,4957.7085758524,-3282.44562484899,-1131.05043608684
1775.63018996391,-5734.00167811383,-3413.57631817921,-3163.700251947
5722.37660723566,2484.98159287628,3196.48587412451,-557.761634575223
4901.35265312527,-1820.50127077417,3239.58071965003,-777.587618859179
-4859.68250984689,3526.97627335512,2925.34206890196,2436.53760606895
4809.00671997741,4654.35136581836,-2698.20327491482,-3049.60829667195
3171.5070963688,4686.01317499042,1090.66924872448,2829.22737309764
5845.17631663885,1012.3317945607,1062.81986877673,-3829.72512903187
-5543.76622928985,-1866.24089351216,2827.38450839312,-1096.47086145101
253.59011577298,6070.13537676205,1989.42492395615,-2134.94273174261
-3683.39272973614,4913.96554637317,1781.6696160577,3135.50433132605
-4000.24044083403,-4566.9475255133,1827.75903320312,2844.54736074801
-899.238529596991,-5963.80290425387,3826.48826515133,3298.37434066196
-4043.49402213596,-4954.18777577154,2872.40526687953,-1322.56089161174
2726.82980964757,-5642.83268787208,-1038.08935776608,-2413.21127350319
-4045.33460914404,4645.45637900755,2990.25861748575,-2065.63541592228
-4229.98341214167,4320.09607410432,4299.11603675409,-1254.91175546146
-3114.60883938536,5440.68979287673,-3194.09124459403,-1875.33686955896
4572.28465302377,-3225.07882153113,2004.69826382906,3435.64388833756
-1714.14116904339,-6101.31260147999,-4079.69654643398,850.92894843187
3873.89330675524,4648.54079493131,3431.14314855678,1919.87109375
4196.19051195878,4521.7375415663,825.389583503545,-4464.01682145053
3017.6053938711,4915.65551563826,2376.2111919756,2507.59916135472
-5662.50408452198,-2544.781260156,1473.89003896078,-4120.93946200635
665.644018236097,-6073.0271015452,4335.42312515199,1473.75099112598
-6078.33232178472,-625.628009175145,-2991.66257383479,-14.9281727183949
530.284279832329,6505.10567477226,4471.57171732169,1431.26371246518
-2106.90464163437,-5626.67877831678,-2690.52637744816,-2874.74978143337
2283.50860938056,5116.40905110003,1275.51768827625,4514.40461496254
5703.49462378707,-707.365636077363,3188.50611318581,-2098.35064032582
-5886.9967543199,2688.66153139061,2941.362189733,1692.40135504857
-6036.0121364641,928.149521408238,2294.10002927014,-2788.1550711999
-97.8853566613317,6075.18344190312,-673.277181208054,2714.50521694215
2756.5288158563,-5123.94716712024,-3788.22484334165,-2068.91525607639
-5443.89378374465,-1328.21416992188,-3078.99231946434,-327.817426859538
-2005.54472445787,5381.32644186278,-748.197236678819,-3355.61858882293
-48.7277244857595,6375.78657147419,3454.71390933236,1906.61777641107
-2087.20345445654,5663.75607806059,-2361.74636796681,752.405039170921
-7140.4840257477,3803.15393642804,2221.67178100638,3380.32345994798
4762.6391021001,-2758.96641439916,-1218.37063645921,2921.72149935625
-6049.33759224982,6496.28769229883,1378.20142430813,-1473.41818902032
6028.09505565361,-1844.68511793792,1016.03421645813,3484.47384444553
4365.74365045561,-7004.17672029583,-3038.39456145163,916.311674456939
2738.34066885951,5364.71985227245,-305.650343818206,-3822.5796627091
6380.0877639094,4123.36067792383,-941.339378169873,2621.30131720634
3411.49755704863,-5367.25434396723,-1644.70179298879,3304.56259172219
4643.86039143612,-3236.12992689821,-3592.16898928025,1038.30590219898
-3380.35013914687,-4932.41757405719,-3286.00374664793,149.438022072376
4071.9407624666,-5249.99805527844,1986.63580680245,3183.340006211
-5651.95944804698,742.037025712583,3541.13821193119,-680.260116534932
-6036.70222832882,1145.98742260521,3287.81193252337,-1342.87607487786
4521.91337461742,4487.31490528924,1108.6770046551,-2777.43058424173
5273.0075351396,-2565.07623474464,-3829.68262977003,-2110.48241103289
5848.06818712047,-2113.29763516275,-1441.56412596902,-2378.05447221652
5395.03857275398,1883.06774659893,2828.65460582589,-1941.24630619056
2762.95584654479,-5319.99637856674,3585.47409865948,-1291.1786326572
-6052.42343731109,-60.5659736216493,280.60921454429,3729.65057069613
5238.09134077717,3127.65158254573,-58.7103480502699,-3903.91584593282
-1791.36196640114,5850.83150846011,-2680.83315749783,1989.51888557446
2809.20817979618,-5379.30747251371,129,3683
3575.54871860036,7426.32392795774,-2929.78437202595,1172.88217878987
1779.85671137338,-5627.85792514613,-4452.49838888772,-675.059020881581
2718.21956147389,4893.44562418827,696.666092950737,4299.29979499476
5641.78369980381,-1393.40525636912,2771.19962190704,-1594.16422006974
4990.32038718715,3104.15376825269,1816.07448634554,2579.46782542774
5073.22014295232,3399.39018983514,495.788780014312,3357.79166529282
-4890.44174458681,2078.61796356166,-2597.75116994042,3351.06159864583
1367.26245458999,-5537.77723403009,-1272.85187868051,-2147.73358168997
5669.72159551989,1261.77489651605,-2318.45463112961,-1870.92061362207
3541.78376430195,-4917.09389234618,954.962591172391,2042.00860589643
5531.06476925957,659.237517456245,3257.61421431303,-997.244716988637
-2871.42801955951,-4711.90620947997,-203.362758188493,-4028.45995687977
3507.33629964616,-4942.80638198202,1496.69564432605,-2645.18183587903
-5935.68964590762,5163.93481378788,-2174.44330053264,2719.74450824798
604.759515603235,6422.3149251916,3752.20279776789,1734.1069147306
6878.23322285124,1268.93274501327,-843.450398262129,3343.48616360284
2690.17216523123,-5362.12569102185,-135.591595148636,2692.62026039621
-470.977094790515,6022.86126240184,1486.76825365761,3745.44890786797
3373.80193489941,-4369.34819308231,687.439266920507,2318.0183059449
-4760.01158192888,2549.57789719649,-2434.30125041023,3394.82814254082
4783.75130341576,-2757.83965083578,3157.78586324479,858.537306090845
6538.9346506525,-527.176758505344,-156.939880371094,3950.49525731857
4474.60650276346,3869.39188728309,-1693.25217127104,3420.8268500434
-2962.08593577351,5166.73930346692,-3761.94453996214,-132.674388255613
-5599.53864653605,-2827.56844253746,3784.08090942885,-535.891535142726
5418.45165197616,6851.58465530461,2049.54192832394,-2894.40239448714
3025.73293094962,3968.90232977562,-1157.75082255247,-2926.9885335053
76.608820100941,-6412.86936701239,3178.33869043044,-2012.02664410675
6948.85918104335,-75.6750590391233,1053.52738133762,3063.54192421179
-5364.31431141162,-1188.87888936419,-3465.13176632001,-724.267197653531
7159.37532328161,-1776.54783632653,3281.1620030794,1637.52480664939
-4382.00369910133,3881.58627847866,2287.46855357214,-2328.83704584684
5840.1981321441,1252.51613374813,-532.580316543579,3991.19437994467
5223.25612215881,-2400.68181232784,-4305.78551472008,-333.89501953125
501.493295667063,3513.36152143345,NaN,NaN
5564.1928219448,1247.11016915219,-2881.02102618341,-973.37104820232
1510.2817599352,-5273.95399045757,1783.77409947411,3158.68433831115
2867.17201320982,-4666.37494918586,4400.52947216159,-1004.34381831087
5808.6258073846,6221.78820388892,2681.03186248813,1036.84003559187
-1486.24071222967,-7291.94585435527,3598.24076752537,-595.311336658226
5387.81109160842,1628.9787656823,-3022.27941903467,1837.35380403358
-944.702708277209,6203.27146118942,-2089.77461434578,-2807.45192800557
-1194.72382110596,5660.94955355373,-796.56994726876,1754.39724126101
-609.551409319496,-6168.72414147309,-1082.50377493554,3272.71603937364
1296.53153951988,5782.04315523919,2613.50148522723,-2724.65665637508
-938.398937842529,-624.518981933594,1512.65617256145,1977.08750535398
-2740.87631966534,5100.45624684359,-3536.38865326837,306.6015625
-1385.39377068668,-5415.88122089153,-547.969299611104,-3964.41680075786
-6151.83040726756,1381.47428142031,1979.43021808971,1506.53436722828
3879.86955250187,3882.37249562302,456.87841796875,4013.67571824091
456.038069630835,-6054.97381619061,-3401.44235922913,-2048.03774735468
-2023.30174160257,-5637.50636710688,-2441.91987704538,2696.62127846873
-5495.17843697015,-1082.05175113829,-4229.82229868331,652.316020564778
-538.302454080364,5813.10833786844,1727.88041322331,2971.90929618011
2087.13404087581,5425.16319819111,-890.141106304088,-3728.11480474308
6725.16229899668,4138.2426664235,2994.25871907443,-2196.70463880884
-5213.11300986596,-28.7639075584986,3867.67922198421,-1293.14427050561
-5381.66368854322,-1789.93133811095,159.435478210449,3898.88383112159
-1792.18717399436,7056.89141282089,2766.88916789186,2040.37671090674
-3293.08323621304,-5535.94209493273,-1996.77991428397,2172.12199029786
-428.878559197014,5597.57146439301,-1466.92109301555,3374.50180385959
-3534.6937203865,-4304.17627681877,650.378007913437,-4168.77037504122
2933.37757963327,-4721.51072425811,-1287.05640919877,1967.34717713876
6165.80809268344,-953.949012078135,3765.64752454473,1665.46624868753
5272.99117543208,-6596.32246369834,-2424.33755794904,-2764.68153309563
5017.61767881943,-2339.05784897847,2421.7485330686,1128.07579324098
2417.781427279,-5629.37120463455,3777.30581326784,614.78996527037
-5903.30383646531,124.90071237756,-3636.14916108916,-789.248374548968
-3437.12244623719,4444.08427726673,921.594811893458,-1392.55658639616
-5378.53226841692,-1748.62314007391,78.7337873826333,-4510.05831699784
-6711.55803352396,4339.9985349672,1296.53345592603,3237.71047769645
7364.05605733345,-102.794493341245,-2219.53425828469,-2112.96333911173
2988.7727869116,-4615.06176490996,2217.80903625488,-1992.08096634714
4977.73435673404,2310.13105224609,-354.533768028846,-4384.6810847179
-3242.60142267095,5151.21649771347,4438.68763062884,-420.208397120646
-3387.86974077774,5513.50990567719,2954.98932166365,1532.67991243304
3763.73637815238,-3079.32830096021,-3220.39791082548,966.193837455997
6891.31319140949,-2971.7571446584,-2157.63606725492,-2489.16247980947
-5232.68468938395,2612.758307616,3347.77330382043,-1553.43972828838
5264.68873055162,2828.62354059368,-2833.33167818678,3441.35927503899
-1219.77488054477,-5673.66129944599,808.254004576659,-3611.69139868167
-2490.95175406946,-5249.33865232755,-2994.58367871682,1449.57567326472
-4721.24533329412,-4529.21081783497,-2491.63868888128,2282.40814310166
-5896.37491010765,-193.019409179688,1367.28997493769,-4170.87383601738
-1363.72358407593,-7258.09318963134,-487.231297810872,2832.4568656093
-3520.01464415537,5179.79620832058,3502.65557527775,-44.4936368700484
-2673.46601377237,-4644.55874807431,957.42283843356,3734.3879290786
5105.68617771454,-1762.89076432334,1018.83613140528,3021.55424402966
-1560.68776354739,-5342.15187615268,2398.27627008874,3558.75315799842
-5561.60662044248,6650.53564022326,-1947.73300846816,-2184.54280200416
1502.16890317697,-5354.20337833753,-906.45878716759,-3422.01713249459
-7318.30174848075,1433.2209088948,-625.925952412304,2609.22317756397
-6835.34280057518,-1874.82619319237,-343.235583175152,3333.52620533361
-5025.70806818426,-2935.94727620534,-3488.94911122329,4291.42644461156
3444.76160226848,-4296.09990745743,-3900.77846052696,753.27483305272
-480.971740740226,5689.02049879772,-3046.66815206539,-951.804161251254
-509.809667210419,-5725.88994016087,1360.97398544819,-3425.91803737468
-5291.3028625479,-721.047520539786,2557.77989157898,1814.89913575042
-991.907757698104,-5270.82136263705,-1504.83032107036,-3329.93515522422
2139.26517571885,-4826.02150349669,3540.35473592909,-955.936932912107
-5118.51148682808,-2395.47855116446,1912.49434868139,-3762.34797670615
-5358.19479936263,-1016.85729708812,3347.44903667287,-3530.83576622825
-1195.99447404791,-5808.51364674699,364.42817148451,-3541.86570014216
1462.00334849,-5208.27428442502,2422.47971947815,-835.889185125178
3971.56430390266,-4634.51287349362,-1443.95449249806,-3881.09756270466
4908.28305886657,1192.77958957179,3992.7109358458,103.707351934714
5304.66298987764,2635.69262222064,-1601.29349279754,3846.79615867193
2148.46489785805,4944.67113498447,2934.36759628542,-1344.65706631564
301.031575367369,5574.69095261642,1398.25382054004,-3209.88483466558
4891.17942709354,3237.1935230409,2149.3302745932,-93.4026253318874
-5645.9012970823,3069.27630456864,2663.0784370803,1601.44408534215
-578.665852260626,-6063.82524366032,2341.2643369998,3137.86939815731
2212.07145341409,4270.34269015237,-805.220773463651,-4423.74923159209
6234.51860451184,5328.39474723628,2698.6690062589,-1833.98377753705
-6032.01564553403,-5577.06839572346,-3568.21823398392,314.552332429747
5030.20360219277,-2419.49250206037,1289.57233339321,2363.98380024996
-4830.60268610078,2803.11726193638,1524.60822902864,-2316.39091374119
-3755.73541313419,-470.508195007379,NaN,NaN
5359.31002839479,1068.60723276759,-478.452044153096,-3254.40515142159
-3705.74081026928,3931.50204662337,3691.45306222971,-1787.38560071481
-5020.86934685503,-4463.0800389755,-2747.14003169152,1503.1698940088
-4376.36409252517,2379.9567025167,-4960.62797497548,-701.124134681913
-5183.61944095904,2442.73878742843,3416.22970695981,669.390850619612
5337.15756047977,645.319528985023,2704.28591052734,1646.81381183298
4485.33540170621,3505.69078299687,574.995245209723,-4121.30152671756
-846.476927354167,-5632.58024961035,1739.90244764331,3684.43783290418
-5110.18064996187,-1900.73939732143,2445.83993424472,-3964.51273268391
5901.69323872817,761.037045909835,3178.46285545814,2008.8774697496
1467.70110504877,7664.1391516555,3067.68501022399,-1659.29034912951
4961.79085585734,1974.3093075205,-3293.740087736,2395.78284987515
3013.26202043071,3906.90467234419,1791.3435167773,3958.77640297274
1563.15815595847,5181.35551122788,3113.85178474502,2410.75071868987
-985,-6825,3643.02144700414,-1082.63573609503
7061.28559691481,-2326.80884287477,-1475.98404423315,-3612.22374343586
638.804770021814,-5763.05496441351,3522.25354600549,1092.63443070668
6074.39111243441,-381.51545715332,-94.4478338457052,-3449.61948323606
-4429.86295239615,2580.72912574077,-4648.85375485483,-1491.39059514679
-315.227222826657,-5535.59119809845,-681.789145051484,-3682.00745336206
-5684.2795098977,-3386.44693621697,2231.01896581666,2850.2680298158
661.335017012896,5523.13920275053,-3854.20296344814,40.9627075195312
144.113422575977,-5721.21277725091,-53.4170074462891,4069.4709335685
2491.74938454364,-4933.85419543232,-743.928394688856,1449.87038542126
204.573193779631,5782.19408658531,465.485669782603,3267.15034777581
-3565.7610310827,3337.78541385724,2499.62639259388,-1632.40698896651
4546,4683,3517.4128289449,-409.362583293469
-1220.65818077949,5017.3987871541,-3393.63237744067,-584.002374341411
7160.40223811268,-4235.5955336695,2964.47393578322,1798.60211087102
466.011842286623,7442.23997964212,1499.09533077099,2984.51027222079
-4368.41732656168,3648.59841713769,-3492.07540937847,-1943.80508357098
-3763.82261528294,-3913.18323371747,-3355,-2100
7356.35955317856,-586.514320520596,-1099.03659244033,2682.33158751963
6772.07492878925,-1461.28767325658,-431.885794384634,-3424.90492530138
3013.04449203704,5360.0574310306,2044.31180783429,-2196.56394309866
5801.7639396871,-119.409900700935,-14.403440717206,-3352.35782122905
3826.12066790301,-4245.85447840629,-3835.0709086451,-360.788909237099
-457.949421965318,-5572.48226111941,-2106.8307460004,2764.02639870351
-5404.33909024416,808.036240066334,3555.92749405639,-1578.12739936065
5930.42464832849,-993.807539592823,1529.03565914789,-3732.99903595833
5273.98138991347,6768.67751431367,-2389.03718625552,-1203.09515891705
432.323345986985,-7517.30039944046,-2979.49466482182,1373.52542944296
-2639.8890444401,4355.3130377057,-2561.15255237449,-3378.32653838756
-4338.7509942044,3252.14148382651,-3778.05834435034,-1516.64269465291
-6763.41858195935,3908.72426251636,1240.07934915437,3779.88762380409
-2458.37456524908,5099.5005813754,-3614.99317472955,-796.969653129578
4666.03832382257,-2121.03438740615,2656.08286347071,-1488.40671140163
-1794.13417670224,7160.33869159343,-1638.3988777413,-1492.39302458747
-245.135306081464,-8064.86579375757,-3268.80596064755,408.6462567866
5394.4471529594,39.4990545697152,-2876.26425098091,-880.778993882239
-1839.07654768544,5293.19115855492,3099.41399942779,2826.30333993601
5385.04343768201,-1875.23246615694,2379.74894848103,-3432.21612872941
-477.74130633183,3479.55716782289,NaN,NaN
-669.784153864128,-5382.29344789463,-2076.15413816585,-4487.24794479394
2118.0884287832,-5157.58176209857,-3874.57366140275,-961.148791074388
1062.6697435881,-4926.06642789336,1035.81272153231,3423.02456187216
5309.32088884823,-1687.0471174534,4520.65563229528,-731.641453861717
-3850.04477695589,3793.08506192766,2050.47627183058,-2825.68523739992
-1367.1786103049,-5870.21944646446,2306.24013680723,-3403.11738999196
-5935.21638985347,122.911346653694,3517.17575695405,-2948.9362726849
-2359.26420328378,5249.40895258882,-3426.97016612668,-1772.36852750397
-5106.91406571269,-2406.12036187903,-426.816059643949,4000.07311662037
4111.09795270291,3824.6879859158,-1953.26246276973,3271.05176594979
1739.39389946225,4634.62609621788,-46.9900741577148,-4169.18658081381
963.76101615526,-5185.55544617618,-3414.65971714851,-1381.28271231902
-5232.73042901073,-1004.84854669301,-2799.94931473691,3517.96503013373
1877.12136618078,5565.25077295145,368.358341217041,-3686.62809729758
319.586498944743,5804.47966658032,176.918374308833,-3657.85101733489
-5227.96418990533,-760.952286883098,1740.1694294037,2257.86491751008
-4707.68040780138,2633.3334648146,3218.33448259493,-2352.43692436573
-4720.39422098219,2190.35295321961,-3857.30892975812,-876.316891908097
560.463195052539,-5978.13529739899,-1382.18161272733,2690.24731691401
-566.583525848389,5546.13543767851,2174.86190663744,-2129.15786396743
-2722.41750582557,4534.1042676928,4150.63164651762,-149.957458496094
-5581.76716578652,1139.76883420684,-191.34326171875,-2920.39732000487
2688.90910041455,3911.99411576146,-3357.27371151057,-1759.72329013025
4027.83057785381,-4224.7040981239,2844.19097371919,-2173.06374698796
820.749553998614,5444.35850359333,10.2247362669349,3869.27112866466
1363.89881825287,-5246.91309609798,2943.75065909333,3713.84380424878
4216.95690351764,2979.44624710083,-2937.52215834067,540.135347009141
5745.05741743419,-795.560963780427,-607.987144562135,-3213.08472759826
-4251.43512227503,-2967.42089551666,-3847.16142629212,1256.72678505173
3437.99247978393,4045.06367914194,802.777456784223,2898.49479106289
-2506.97089635595,-5239.45827380797,-2097.54692241511,-91.0853650196489
7157.1960971058,2375.38204906106,1820.17951699842,-2800.46333153626
2017.39668142968,-5025.06951033356,3608.49972526606,2111.01594567544
-1492.2754893537,5180.8218990339,-494.806691800253,3153.79801406066
-7248.24714478899,1846.00992214664,-2892.30276288448,-1966.14931555926
-6794.0878504311,-1092.38097963047,445.476191470498,-3394.62190895472
4284.81795029132,-2992.3753261279,3039.70327644703,3156.20094402393
-1769.08432907128,-4757.61157851738,964.42900964826,4102.09197911983
3183.40960567754,7268.85335978317,-2334.57869983583,-1020.41438373725
-747.050253669484,5295.3439828435,-3502.43690082167,-1285.70558825223
2670.93855611243,4116.65207388501,3041.34601445647,-853.450015797977
4359.45508138947,-2826.22941955397,339.735318830133,3617.06329590101
2743.75023165616,-4554.37451871744,3794.37874474759,-560.231684360948
-3427.45177307112,-3491.68043926248,-2081.9734418043,-1856.58582919965
-1926.44067707172,-5127.55891308143,-1229.75052488386,-3254.1539584249
3856.55333502483,-3549.87285202139,-3805.92396990671,-2115.67989891725
5716.10988551756,-999.170906990634,3913.84985301867,-833.496870229097
-5002.50999238915,2211.77106799704,-3078.48486086618,-2686.39679402865
-4340.980483074,3361.80565144116,-3947.00409659693,-2094.59596609972
-2230.52572188151,5057.32310519879,-839.711882227059,2722.11283668399
2406.25446327755,4898.94085481468,3888.96761686735,1091.08171777361
-1017.42183221731,-5814.83048364571,-3084.51666351502,1610.1465496631
3104.2435418305,5130.72764485942,494.955143374165,-3362.55227189525
6069.87574717507,-6240.02078638477,-1497.28840516027,-2013.6873734069
-5491.36765389936,-132.817027594015,-4075.83685645917,1632.27597137265
4342.21436742685,4022.74282172418,3697.51090623128,-594.630023943563
1328.60009261847,7040.95727781407,-2762.09530384504,-1651.25010708975
-1978.49500320678,-4814.84801447036,-3199.81520064501,717.41085915462
4943.7625297198,1637.92843559093,3482.88902625463,230.804931640625
5298.95351030207,741.17955346201,2279.25292765929,-3258.12623434702
-5742.95275248748,2121.38238714581,-601.992407674646,2940.36327605072
3901.42686579207,-6539.27712733084,-944.486771104308,-1873.07422857931
-5028.92298901655,1543.37768733815,3149.14084789531,-2026.93594776108
-198.29200904752,-5342.32496085922,2483.57904886099,-3072.13419722868
-7734.60732322699,1934.52275849939,1377.68887456944,-1778.42488667571
-5184.48639439086,-748.511216284458,-3375.54234830071,2241.78400675671
3860.79449176866,3632.20863828285,-1751.16850631255,4208.31518676864
4685.99036350425,2122.63664012844,1777.70025326543,1071.56505600801
7323.67519037908,-2590.0702094753,222.253959655762,3583.62931044857
5220.3671860783,1061.69494726477,-2318.93355072074,-2837.36763089481
-5206.91442154951,1057.98129557369,-4127.75322649986,-1984.05223265386
-2669.75664011966,4657.70961331607,-4442.17543749493,-1910.56889103977
5819.35426406047,223.804626305483,3462.88403958869,-2575.76017553975
-2226.07245981298,-4884.48150862054,-488.260775862069,3768.89578111278
-869.929000405591,7219.60486896172,1044.46897807137,-2625.23059920265
-7791.83476035762,-93.2943002809856,844.603358036076,3178.9899011438
-233.381249000486,5736.46281450945,1324.73701024215,3578.29894524322
-4982.08703882042,-960.923282513232,2800.48523110723,1663.73071910813
2081.40375068067,-4917.28207986095,1728.64762329971,-1056.01888019914
4942.95109287817,-2136.70777628191,-1189.05377791088,-3350.15697802576
2243.9524921053,-4744.1972477365,3772.23790924139,-861.420378307239
4817.41748551867,2182.9837589475,2692.54516005056,-193.56638325825
-2197.43222213645,-4635.14216436142,2368,3104
5325.36053735414,-33,-663.79628306392,-1843.71475282472
-1440.46875748313,-7627.75462442788,1581.26676782635,-2416.46047577445
2937.68108683187,-4239.68416544027,-4154.61832648871,-97.7910766601562
5010.6934039751,-2568.31623486138,1616.16657265343,-3014.85228847212
-2267.93639297757,4436.45851890554,-183.450450653264,-3451.20640397874
-5730.56039071881,96.2240471796158,2492.59759670296,-2586.858065058
-3467.13877532496,3582.57345825868,-1497.95836868417,-3055.78843091608
4282.07477089044,6652.56019806685,1822.96581261791,1384.59897142009
3509.2570726069,-3999.47303376102,3770.99250160421,3203.10269079345
-4084.55932326799,3766.61539140568,2689.13887308232,2453.02385842786
-4125.48114174869,-7301.62063210291,2688.83674052497,-2732.85263208014
4208.13791002454,3497.03708180205,3428.02195422557,418.769355773926
1983.83601748611,-4546.37098427602,-3227.4995772482,68.514045715332
3791.93910132216,3348.70047294007,-257.370185123616,3754.49300546076
-4380.59599484448,-5955.29248999511,-1438.12091740444,2876.06747971971
-4873.21782811594,951.316885300301,4388.47534281107,-418.295771535691
-7305.49197095484,997.619694004193,-1737.93129439846,1951.24162912264
-800.371991826527,-6020.11293208873,-3483.92656331618,-54.7188415527344
6481.30856483161,-5030.62537135583,NaN,NaN
-3299.11249301964,-2286.51729205836,NaN,NaN
3852.33357051868,-4068.10836465792,-3621.71830337853,-1790.00640935416
-1024.00456440807,4961.80208353656,-3911.43202297126,-2891.62091558437
60.0772238338695,-5369.65838324571,-2329.40911016949,2575.08811692973
-1764.95959864559,-5295.12797850951,17.5470183486239,4078.07745045842
-2839.19373979869,4575.9863092583,-469.164300029392,1805.63530692857
-3031.84982860577,3793.29610489252,1626.81573884887,3525.93089041193
2863.32170929316,-4460.34104829215,-2600.49956355062,-2855.94058551223
-4218.24210338274,-1912.06296902964,-3896.19125071796,664.230665873248
25.3522832328834,-5647.60290096333,1013.55642123288,-3529.05191076807
4667.07987945692,839.658325878043,NaN,NaN
1563.38273299368,-4761.66165750141,-650.313964919912,-2898.91112539781
-4996.67864493716,1344.54234018816,-4273.73024260122,331.789710921597
3593.32954034815,2541.70115726008,-4119.4041653469,1112.85644589371
511.793253586654,5149.29474201919,-476.767029856253,-3466.92723870593
-5001.81894067335,-926.303598963228,-2628.77499392345,-1786.42176515045
-4941.73613071826,913.450026793616,3747.49247178688,49.5588235294118
-5153.53319211545,-575.229450401433,3240.70250795639,-2331.37273282123
-4818.58357768401,2009.69974174752,-602.295539855957,3171.02605661233
4090.27485618646,3127.48965708115,3587,-2504
-5940.52597206018,4328.08206454869,-1988.63397243935,2428.13144789901
-4503.30195097985,-2722.63135653409,-3103.32844630771,-628.709034160692
58.4460565498076,4618.68624255425,NaN,NaN
1089.34158065124,5140.7742577796,-1881.87019092125,3347.42663850058
4924.76821446113,-1630.83845588759,1271.96466446683,2769.66789451979
-1064.99176550529,-5381.03043793082,-382.135917030568,2917.85893296453
1587.61904761905,-5049.2620244445,-3669.99959521861,-2602.73390658929
498.301601791518,5333.66485059616,-2088.54697459817,-3515.33466891643
1432.13050847275,6238.1882437537,2612.91567293052,355.173868897784
-2736.28334021848,4285.41265589114,3042.32521173256,3433.37326513437
-221.197790820984,-5821.9882182673,2508.17809187932,-2382.07829720243
-1620.44972141843,4798.80080139287,2297.50185912433,-162.316988270057
496.611707404755,5398.03509008304,-1607.46170179939,3851.33103434754
-3076.19055222777,-3675.8176988863,1504.41228901317,3604.18904620485
4944.32495425907,1785.51195625071,3015.91425274906,-3198.96317353525
-2127.66852987379,7077.68781781724,-484.159545701232,3327.19279647447
-3616.57424481895,3938.853613245,1147.65579949265,3109.9558089416
576.923325526859,5577.58556810102,739.324687045958,-3645.87779094638
6748.93736130072,2355.96473402795,804.450431034483,-2388.32884173987
4704.87717970163,848.843949434651,1076.57169120206,3058.62641697992
2659.56573523773,-4205.83733239798,-2960.13485995786,-3609.89155448227
3267.85287015433,3247.93379919042,119.628051757812,-3950.82605889335
5245.65939593437,-2143.40736028225,-787.688694716735,-2408.70701012192
5393.14683862911,-98.5182649628849,-3197.50347375957,3379.50395451463
-3298.38259679819,2746.74483769589,2444.26838475905,-1522.83394248353
798.535396636096,-4760.92661624079,98.92138671875,-3338.12949007796
4651.01331676476,1132.49353027344,3093.79736474035,773.818825924035
5458.49805260682,-3115.09152504597,-1146.47545702808,-2912.68283952206
-300.68590578173,5258.24819558284,3423.10167650842,437.353827578201
3019.132835105,6809.54509449816,2691.79919032221,1613.44994911805
-7275.65202148005,853.194279960819,-2673.80424591532,-126.3720703125
3542.34798696645,3246.6687437691,-3115.87167666598,2223.64013051371
2330.09628565837,4434.59985618443,-2735.54804842376,1537.54949426974
5750.12708411178,-152.992795973558,3736.73245397698,1651.9980704113
-4206.74907389536,-1970.44225056474,-1205.95054843781,-1726.39271253389
-7268.78468794018,3502.92369371855,1349.1201171875,-1533.53208759556
4564.47086664312,-2430.6200183476,-230.482481664541,3407.41016323614
-2761.78803056269,-3997.56215258104,-2807.86708125478,3602.95872312369
4441.87030382622,4328.69603254639,2480.10497461372,1130.63647460938
1175.1116652302,-4874.09182724012,-1255.55960233889,-3261.66376520695
-98.033298203387,5615.65469621013,876.204516968209,-3570.66691279774
4236.77977899823,-3590.61955238959,1477.83526126239,2351.81562010359
4516.23149616014,2195.9501302763,2992.42592485885,1925.72399450378
3968.74957312234,-3543.74781650605,2462.92894683425,2821.0262389348
3571.65603399178,-6220.84821425782,-461.40228302119,-3203.20298832351
754.285385131836,-5211.61613748718,2899.10499957947,3413.77999377285
7277.21486020143,-2815.68890413577,1760.1545997098,2618.67908699938
5474.86177592877,-68.5040558058719,622.47879439688,-3038.99913670972
-3606.14899841586,-3747.31285644125,-1506.99454608122,-558.676168601375
-1224.4991280692,4903.80729730498,-2643.25598683199,2554.27195500413
-5422.91443198945,56.5140236226303,3351.40074583382,-361.073042961488
-4262.77719872499,1960.97948940786,-3896.25658948459,2203.10813739792
-809.952304541921,5037.02936319434,-1560.24877760252,2421.63440102985
3316.377718776,-3496.53173257728,999.005868338369,3833.66559782254
4451.97019179199,-2744.75871001834,4050.00203296763,1654.50211569731
3053.22965330296,-4313.13391793089,4080.31259111864,-355.086366987351
-4751.83997837377,1769.3747220481,-1503.72609018876,-3655.43093179521
2039.53401752474,-7010.47223106255,-1912.61921230162,-2722.17824534115
-5110.23024601017,1907.12839384169,-2126.05109556793,2463.02750451787
-550.567416267333,5420.08021997195,3305.88876103037,1548.63618488281
-1416.00092286701,4163.30396326628,758.113024100121,3405.67176017025
4821.40970506434,389.389100609756,-3390.57424423343,749.022678445289
-3449.50208325284,-2869.69023561928,-3280.80155493865,1941.11117781215
-1913.33401982656,4505.45131491926,-2308.93603726771,415.900057164634
-3439.54870229365,6705.94979043972,-3097.02520388356,178.021829252251
-5271.81301473659,-122.636365428163,2610.64316322482,-1956.2653336876
1475.74974860936,4298.34614668419,-2944.39868575808,1317.30053944512
-3303.76291015253,6830.3529746676,-2947.27981259952,-737.043623903285
6723.86662951383,-489.232877692503,-12.6248678046966,-3228.25196788826
1063.05107998397,5301.96810615503,3051.76124956588,-53.092051023987
-4331.36637211711,1931.40917815138,-4037.20742168449,394.205888289796
4529.86055066223,2090.82939762276,2557.26235549338,-3813.27159362369
3607.68159687962,3540.17128433766,107.886110790705,-3529.22923656636
1502.17535135312,-4344.00916709338,-893.079139670089,-4508.4369989059
4296.53994539949,2069.1952791126,2729,3193
3836.91627527014,2930.52107380522,1078.56135688147,2991.5599641963
3602.78508076397,3856.00257882839,-2058.54615087417,3538.45996553709
3388.84102299963,-6509.6798211624,3914.00166537973,-543.085207618316
4850.53142495999,1158.12593072059,520.959215498253,-3452.8618431221
-3487.00061217351,2574.78678010874,-2807.54605105426,2257.62381366458
5428.05925989055,697.750420213412,1739.0019932827,-2588.93157397423
670.865630961395,5161.54540361805,466.244269120066,-4078.54748221703
-786.95554707657,4594.57898892734,-2048.38831243529,-3504.55253774426
-2308.16310370251,4221.23068843768,-3710.66370470243,-984.156062919061
-3562.77290302593,2034.044009032,2233.23509249669,3098.45456152954
-3028.96046729419,-3958.28845588085,2858.5523278021,-472.246512841385
2631.43507526147,6492.659288458,-2508.58965072366,-2942.80311854318
-4963.87555629174,1528.07452147,3347.09570984451,829.85378777196
-5324.30561003127,1082.98589873901,3459.25100686086,2146.86445605455
-947.774656565068,4831.67987142555,3366.4648553477,-322.513099698702
-2476.05979574806,3425.97232551361,NaN,NaN
2484.26092422455,6628.903431413,2541.79109393102,2456.98706687243
5115.46982403444,233.971722910898,-3741.02297442181,114.520293122886
7292.13601245023,-3871.57613195315,-2198.75829767118,-998.598831938042
2836.96411270666,-4500.82985951618,3239.34919701228,255.994300314465
-5183.1339403068,796.376060039001,3131.34786289516,3075.15623202291
5570.63763738597,-283.787097114476,3553.45384489444,-2255.17374155022
-2485.98168483614,3945.64955290366,-1709.73381510428,-3928.33732419373
-7056.69462407178,-459.863605349345,865.711667837457,-3085.35811587786
4354.53400400973,-2240.7828690886,-1117.08830806598,1619.62417863054
-109.832331730769,5263.55739149782,-2169.1699713628,-3159.00219546742
-1399.61425214957,-4505.03801916611,1877.01275585581,2825.21702779536
-5050.15623815395,489.211912316643,3209.41834715825,590.65347398217
1980.15490532619,4491.29318938269,1581.25701253029,3186.94543950957
4473.14028812002,1797.18005738881,-3288.47952261153,3373.63844098654
4291.84349800044,1359.46588899014,-1124.59180778492,-1742.2913022009
4881.46461337582,-1658.72069818723,-10.1193356606031,-2848.53279504111
3417.91259168704,-2961.9176733914,4422.46216993701,212.457560483565
2724.97031397059,3981.20356011815,138.292154947917,-4367.88070948376
-3433.79423932218,2254.17438511368,-4545.53353260218,-1024.64686071119
3935.18547188072,2646.78734949944,-355.004041693895,4185.84593262611
-2566.82703281027,4187.1573582514,-2193.4616400229,-4095.45011103433
-192.359829020786,-5095.67736026314,-1207.44348792392,-3237.29490450026
-3066.15938646653,3681.96479105479,-2365.76105562885,2291.35989390067
5560.02752529921,5816.40288880716,-165.455547207812,2407.48134735672
-5632.91578359301,-947.927531070846,-1272.85009663704,-1689.36205785793
-3502.42805615593,3025.24359736773,-2027.82724924213,2083.27028923675
-6626.83715465273,-3437.3086692758,-1503.74250625938,-3171.68772814846
4486.66706470132,2111.330110887,3280.25153297654,-185.379777299306
-2877.35607821411,-7268.59331134205,-2960.97678252256,-74.0205708577006
-3075.37464998253,6339.68106712022,-1657.5357632258,-2806.82476823097
-2854.73679043084,-4438.59045002417,-3343.10830290672,258.25488449977
990.881700158534,7352.02496634763,-1331.19167160168,-2235.41502702167
3584.28053622142,-2963.84479213871,3696.57712155315,-916.494320335328
4777.86217124872,1121.03768130241,-2002.24565872905,-2436.74106490466
6875.611085753,478.085110134549,401.256156017415,4336.04597442426
4901.11207832473,-1388.33555978096,-4660.2377776008,-143.8642578125
-3610.49789156081,-2811.67184814905,-3228.01215253407,1012.93015559957
-3246.01519510879,3585.49755350543,3800.44678316203,2458.39670561228
4323.83551661194,1548.44178053842,-4260.8676780918,1977.71540227926
-2624.0292693662,4331.48838841581,3450.88065564021,2057.74774822275
-2639.96508920264,-4338.34310952088,-2558.38410615351,3190.23666232299
3608.82178587958,3522.73581789853,3057.04729197945,1188.06623814771
-7158.08864043522,2682.86956573337,-1563.54346103608,-3539.22802360108
-5093.56658456621,1911.75365184588,2936.82521144307,2709.24580078125
-1005.40934971491,-4953.54600837738,2509.14545745423,2836.55329741283
2017.13591885585,-4387.10556652901,-2231.20859694004,2527.4081032869
4581.16282515236,2246.92649379143,4094.18804710861,-2208.72778133721
-1561.44143828655,4578.23543039759,683.949418771564,3531.73998668237
1431.16564145575,4699.18135905539,-123.376303224878,4148.82884897481
3746.84697396562,2615.46857916713,247.729639564134,3829.92188539716
-1052.75674052653,6943.21140735081,738.348275021835,3176.18428762528
-1543.83565890614,-4788.3342841131,-1562.57653500078,3405.68061054363
-2573.98783956397,3526.66513632321,-2611.72045590598,1099.52423200457
4803.14376704814,290.023931742508,136.473830870865,3487.49504648511
-3893.82763404976,-6634.76583578577,330.090659043038,2596.81307961928
3289.09818267822,3215.10233136807,-3143.77708811049,2407.67051767943
356.539492544081,-5344.07926261453,-3396.77473307278,-2003.65632658982
5074.6666233027,-1759.87755692513,-2917.77078521194,-1893.90339854707
-2475.5059502344,4410.38128736341,-2668.44882030779,-2968.03913841461
2224.53910580448,7465.46351319676,2526.47917253056,837.208504065041
-1776.03199163878,-4583.55110541632,754.014340880067,-3440.64101577798
-5115.81368817918,63.893065616246,2921.59344821645,-2069.30629896753
-4768.79123649924,1509.43103661923,-4251.94904513749,-1796.69606215204
-3959.39620029412,-2232.51302032693,-2754.05258580186,-2378.05529677821
2886.19541166422,4590.93401667811,596.042430868047,3407.40323189691
-1723.09375044657,-5086.3063457305,-2159.54620459184,2425.9382225394
-1691.48267878318,4633.92739612465,-1318.38253668312,3027.74322218019
2584.18845301267,3262.47959582476,-1512.67752421177,-3331.31994159802
-3872.41060760599,-6978.08375320701,2433.63253104357,-1410.20602613184
2253.93707981067,3909.15910660791,-107.988647460938,3526.20594898142
1717.21399201011,-4296.78175066176,-2254.84809002958,-3253.05023427645
-2093.75066036771,-3385.14300421999,-3112.3822533482,-81.9136806873793
-3754.3698294758,-7225.79479964004,2936.60457569194,-1646.54764532745
-3453.72774588508,-3059.38711440893,-2823.61809513421,1215.68286033312
2348.79362726406,-4234.89941095655,1647.00816547756,3656.93686970587
5536.14143109096,445.997949790776,3598.78174378244,-1969.21930419432
4048.03393166735,2185.0943186573,-3775.1510413485,1445.82527487322
-6560.97048987062,-1855.19291076929,1511.42247312505,-2970.82666205617
-3815.78995562868,-2615.45798733634,-4010.35510821495,1633.28638655436
1839.69860305909,-3914.21014135061,3225.20462142413,-320.890625
-2937.61810969642,3737.79432481305,1390.11222647558,-3356.30130607889
2100.82571973382,6932.08877758986,-1642.90860629717,-1098.04979889857
2262.18835443038,-4279.87807469339,-861.943798119593,-3800.75909307293
1481.89535442572,-4598.12178772334,240.493915039063,-3704.15756648893
5213.34422475843,-619.903102304389,3393.57768762706,1256.45955943422
-4741.9931264959,-7315.88593337048,2330.57274689321,164.556475587546
3602.64530276778,3743.78905410615,378.990099009901,-3767.12037070976
-5568,712,-2572.35649357297,-2661.775419224
-3071.83945587051,-3558.89866682404,2223,2826
6975.99801357066,959.569623853501,2158.54464917455,2494.70345744681
3969.14650623651,2409.29314494153,-3636.16194297034,1659.2629484519
4454.29602668748,-2036.98613725383,2306.14006484938,2956.47776611994
3100.92371533243,-2658.78657432739,4715.73022159654,-371.921875
3546.6644230644,6958.32298023915,3110.78574748632,-86.1493253263667
3931.09075853699,2041.72101093662,-1801.03569715078,3511.81447537945
-4809.30918917605,1343.17820022957,3611.38847236961,360.411764705882
3384.00115003084,-3760.25493580917,1677.43135630241,2719.12933293971
-1086.98136138916,4931.4235063793,-3203.03905455145,-3320.66634098064
4456.81014591967,1891.25538305917,-1135.95300350447,4350.87118271761
-1628.89365277174,-3959.39451571068,-3243.83575547151,583.934966481328
-899.560099544354,4898.21014788709,623.667244502476,4216.45014991902
-1116.32602541992,4299.3477487665,1783.9464899776,-2343.74982262016
3225.06325787603,-3114.16448718238,565.740383082043,2955.38024711985
6856.96520334152,3361.07050034051,532.143101751005,-3018.35444479695
-246,5169,3780.44648630746,124.360511826591
-3169.31681932308,-6967.08781570569,-1988.46496879977,2193.67160327251
4345.38075197781,-2294.29870076812,-2769.93315020607,-2849.34216629705
1341.01993164953,-4525.52155922171,-4056.47151925688,-1221.83428299494
1708.5515803167,-4410.5157529537,3577.40409625087,1259.6712630417
1896.41548388029,-4329.10212370007,-3109.01327419146,877.82350327222
5191.85817535534,4944.37457065391,3005.18059264769,1801.46570574993
-4838.62559450595,-1091.91201020141,-3304.95652154194,1716.29723504753
915.067819417013,-2986.57972504093,NaN,NaN
-3126.31314551784,1896.43200791424,444.900370303715,-3918.51713845082
3530.15315565644,6895.84320621738,-3215.53596644615,756.537365650246
2870.85562354312,-3267.32236097475,3781.72601520285,-680.657809518131
6972.40655560607,-4145.51691486526,-914.115185950413,1984.84600581158
4578.5352592389,852.068401612687,-645.125591439261,2960.47667253162
-2415.88989497453,-3891.18672960927,24,-3300
-103.223718942836,-5702.42343520275,-2617.1850381292,-2037.25332768184
2825.7343337636,2858.39023643557,-3212.2847057802,-1517.31421708383
-2634.32444145207,-3477.92772695209,-2498.82287822878,3129.47462268744
-6050.65463342338,3292.21745107467,-1334.95407765906,3034.16591974711
193.980435758024,7106.44035483624,-2344.16495019175,1940.62112839367
-1769.20984376884,-4448.40739635837,-2145.05826247073,3897.7707532921
3552,2333,-2521.85119587654,3869.74793723862
953.791188322156,-4871.75926516621,-785.45837361655,-3465.52648477399
2223.1619639055,4586.94767445931,-1682.59769770784,3228.57397594522
-2020.52305646946,-3912.85495770412,3242.11690997869,-750.54485823602
-2798.09127512188,-3402.62630682668,792.498562611109,-3766.16624973205
-794.327787908261,5420.27009994131,-2920.67044504772,-41.7438735961914
-2775.46701185477,-7190.26852999038,-3214.87828713409,977.082821292126
3862.28430324922,2238.34253771552,3407.12287468182,166.104125976562
4157.97833996652,-1548.37792828679,-4748.57973341187,-550.072387776476
4644.10859624122,-2093.49115742415,-4030.58464077877,-1371.49569230379
5051.55298146486,31.7048416137695,1172.94305857526,1848.086297892
1271.7130297112,6257.04097560083,-1939.11538605082,-3228.37428299382
-121.294999028063,-5286.26195064033,-1436.50957133508,-3421.42070134481
-764.454657705902,-5552.07498941145,-3144,-2988
3336.44308453208,2092.10997419011,251.149597167969,3550.29006683457
-1760.50745884221,-4020.69675219257,-496.404943339005,-3927.29162316201
1930.96635416656,4550.02829045638,-2634.82125483173,110.532728292174
-3282.80103638394,6646.4416738335,-2792.69708331785,-364.857728840919
1711.97406290059,-4374.2584292409,-2620.72519063747,2963.30634466647
6802.05663435145,-2873.79695227081,-2697.26761130825,1002.22233470918
-2457.62194517594,3863.75699659101,3028.37371961351,-1731.27176990799
-1197.89196555857,-4362.94091488824,-663.435012916466,4027.2638467451
4813.51472998886,927.952136671687,4893.3399636609,-1283.31914689026
4071.26736641483,2886.56144624173,1070.43849092554,2213.44238728444
-4049.56179968511,-2980.00416603223,-1610.02297132875,-1834.88607628863
86.7262570082263,-4721.46128570908,325.183191370081,-3700.69114918523
-1298.5922715551,4464.86851128311,-454.850724748343,2542.75839161398
4473.02327382389,956.694078270468,835.067598717854,1865.74407246077
4243.35812976698,2199.56843867367,559.944180375455,-2903.90044117923
3808.29040168006,2528.28030072849,2902.55924046037,-3170.45041353765
2411.75337575117,-3657.11670331737,-707.710714740326,2658.84805456529
3385.39471301521,-2288.4194808127,4218.6615317392,180.686003941127
-2971.14640303629,-3258.39325011813,-3446.99636415965,494.302788999345
3117.90324080948,2631.06218231619,-947.985730008876,3841.47289672204
5013.86472555777,-758.256632232684,2568.35996471167,-3400.78359640487
4282.23453087406,-2426.94162932036,-323.852007965543,2927.3201899294
-3319.25346953259,3587.91251411461,3580.00283511195,1850.16945265559
1093.58792221436,-4336.11359669484,3515.64717983269,235.507493517292
-3867.5302268806,-2264.4088322428,1255.60459219256,2900.47939606497
3895.80149571524,2540.21291796811,-3762.21134063578,2360.68544689251
-2871.60392005431,-3058.7901854605,-245.081139217723,4350.18175796741
4185.04904537178,2116.78450453368,1901.94738300808,-3297.39482576493
1470.15649241028,-5090.28280073776,-2239.97752320743,-3229.5682370505
-5185.62107054846,-5839.26001072554,3153.92475455246,166.617954181811
4406.78739948159,763.699551022052,-4052.52923579673,103.898864746094
-6830.72581492527,-2442.10050314724,2542.77292456994,-942.897839738453
2079.40755873542,-4061.51810656527,1213.91399529737,-4229.74498067978
2576.13057931432,6814.33172745618,-3327.71118188421,1301.03786139834
-4110.01537933867,-1950.13414055504,-3298.21129141885,-1164.49226605347
2787.5714532562,-3189.28342999171,1093.92711065617,4167.655896781
3931.71955035978,-2351.02288867148,-2864.99686905009,-3394.7541549422
2001.49851763756,3710.29293382876,-3784.62067662218,127.103760316732
1924.58668437026,3545.06037607612,-112.168868268122,-4530.00909894557
-2123.62995156337,-4019.95188093877,-3432.30564063723,-959.967142323756
3235.12677452994,3317.08565359601,-3261.61473170571,488.35029417325
1866.84705339916,4244.06108539321,-75.2789535522461,-3321.28430978181
52.6176870009478,4891.86224984561,-1075.99068628452,-2849.44283887497
3188.24910866342,-3457.3583638139,2126.8003350146,-1760.94410438144
1806.80482117199,-5656.6719769767,-1979.72070158705,-3095.32499739703
2912.2762943721,2996.7969527204,3970.84355935796,72.05078125
-2096.90559442141,3754.1073471071,-274.531265830072,3481.81237472737
-109.28986617823,7057.89899125436,-220.138854980469,2626.53620729273
1518.92529348986,4636.01109706092,2553.29494064978,2100.13942513983
7736.24294770439,-2782.17789805478,-2107.77945628982,-2905.93186587094
-2166.82216843664,3387.20609444351,3476.83276361483,430.630765723473
-4872.60280083225,826.980974845116,4010.08220906295,1053.86743127236
-1625.43929660218,4071.3077128105,-466.8925787541,-4156.45541859411
3633.3628750986,2623.35163165281,3203.33882847656,-1342.32680837237
1040.95515625,-4648.38057666515,1933.00800917817,-1626.5412939411
3421.08711398749,2226.23260778589,-2238.26812868132,3016.0221067342
-4394.54249822479,-6604.2078048341,-1996.32376699356,1147.06884998382
1451.96280039912,-4596.62990743982,1255.39382851602,4047.82898223278
-7203.57755913437,3852.09817684791,-360.666647918621,2501.13788027443
1911.78490646774,3770.96496085404,-429.643996238621,-3802.02038651943
3009.74768869138,6822.10338457249,50.2575638214452,-2053.7055049431
4886.49385188857,1173.38712866512,4396.29306327771,-1473.59008990918
-2740.66897671803,2817.44875667868,-3905.14595451746,-778.654183822193
501.264294513967,-4540.93366983505,202.153566113709,4289.59179068859
3734.03863426545,-2654.79958256968,-3419.43429796009,-778.483791205957
5039.11626642713,181.173538686636,2377.44013205392,2209.50721349777
4727.95722725962,6699.8046051169,2891.71002768531,-1177.11598100458
-4090.19076677735,-1463.07812194824,2227.34007330043,-3740.35996214334
-6831.70076332947,4807.94523106153,954.307963891061,-2071.67511041749
-2493.4297263752,-3022.28669373453,-3743.01124775054,1236.10106495092
4290.90024583312,1777.39269983309,3994.02619105683,-654.836608369889
-2528.13653233401,3353.8986338358,-3828.16721491514,-3355.78489816615
2656.50333402945,-3685.07872067869,3311.88886354399,2508.7689329987
2778.78345620957,-3332.90535187851,855.110547517475,-2095.39925373514
-3520.47142691799,-2390.04097001449,-1940.16366752616,-1223.77631045721
909.889580062936,-7222.96966355278,-1820.3764427258,-1952.68534125064
4656.31459863704,449.509559631348,-3446.11978473747,-1451.83284115647
6830.02794470172,-3501.29956563921,-2066.22474851709,-1202.98975016015
-3229.7895869455,2785.85668366952,1181.78798472588,-2974.17744061504
3618.71022979363,-2096.80861273781,3949.34417924939,120.999347498599
-4085.0334962544,-2088.47106984953,-1086.24140567994,3793.90850452436
499.395015229487,-4817.29387950248,589.96056814652,-3120.15183040325
982.19029744793,-4924.66009247046,1737.56606107762,-3253.75267019589
2819.09446841939,2710.16653856903,-2933.93240067349,3082.67905843357
-5369.62099041357,-6288.91081785927,2629.44718539952,751.684142376911
4645.95118789477,-211.52229309082,-4412.60436691719,-429.652964327348
4776.89206862457,-1505.53253020303,1216.92002972766,3262.54503063306
-1846.5009698981,-4582.96913874991,2016.26564035218,-4088.68183669346
1403.46490821734,-4279.70904835898,-2061.76904970987,261.212554931641
5824.8561714244,5524.02217752048,-2499.84074811864,1047.19171468615
1360.0688135584,-4626.95654579601,541.463065549718,4719.07113054929
4713.39622609654,450.428892382686,-4382.31556469023,-674.905123674199
4531.89906062325,751.36669150518,-3028.48385283769,-1596.72380195292
-6601.56822471539,5612.27485875827,1538.3735327928,1350.9953451706
4755.99415289792,884.12938528568,694.626066905286,-3519.6154505293
-462.832759866414,4729.70362629309,2851.65021522291,-1834.90420585575
-6700.04990790425,4419.43424590581,520.594970101896,-2118.83017857869
1477.43336230232,4313.49726954063,-3357.59887425883,952.358843204593
1692.83266229257,4460.22084393605,-1528.41212969551,2958.74989729876
-3126.01283903117,-2973.01516175068,3719.37749786074,-920.273564744407
-6669.59481243736,2384.13152660325,2559.46842965797,1040.04203539823
1166.35704662361,-7471.94098063836,-2141.83225629726,-1781.45075091258
3437.25502178312,-3150.41354985114,-2404.68699700513,-3212.46072817297
-1726.1198630137,4401.02958335963,-852.306031087586,-3629.21301717855
2500.62369455315,-3563.38776536769,-452.748589228681,-3560.62402917149
-5312.64938295579,-5435.96602021962,3085.94938078479,483.594190839469
-4806.24628768995,560.184208521677,1497.11923076923,-2907.15338960007
-1724.8705079753,3786.3829973087,-3300.9811473836,-1498.51149059946
-427.186454849498,5030.18661071181,-609.749697502009,3687.15939733627
4549.55854972742,1292.57464502076,230.124380485305,2700.65544023027
-4669.2135705775,-6212.05945775415,3119.00871557829,238.377059130601
-4797.03058678291,-961.121735074627,919.396554986181,2894.80597873536
4732.6543677455,-1670.01199342532,4148.02628726763,753.399903553418
-1952.70706679547,4411.13957289512,2558.0466727103,1153.33721187813
-2669.18624348263,-3250.60444138983,3553.75967533047,-723.591473588928
2482.54489222401,7250.0088032748,567.904102864211,1804.97953607763
573.671982658028,-2910.93652313006,NaN,NaN
3223.56415362462,-6988.66377775137,-2374.2965907202,2021.94764334075
-4539.90356415481,-1547.18766741071,-204.146337711963,-3084.56807133963
-753.954774417477,-4603.56329600811,2066.60421508074,2134.03757994448
3685.18045658453,2222.18429967194,-2812.25697417748,-1274.92039781307
6083.48472694084,365.968547747076,3239.91149850232,-2032.46810339292
2878.18231331666,-3387.52009233249,-2699.53124613651,-2749.39170248191
2041.47893757858,3034.95853996255,-3236.88634356076,849.135742500106
-2246.87611673738,3959.73513233248,60.3768920898438,4647.38489575594
-2447.06808787372,-2761.12299969408,-233.625515388735,-3726.80956878087
4223.37504816896,-1840.79866959433,3735.63313772084,2470.53608769657
-3010.71823829765,3915.03880610086,1759.2361475068,2930.70395982338
-3034.61328213829,1850.94334543021,-3620.44414181731,-298.208237645246
-7400.81912429409,1047.81309789789,828.825906617017,-1703.64845735642
4490.16787225293,181.57421875,-3373.43701455903,-1628.74148993031
-5454.18742464716,-6214.15163642093,1580.13579795473,1715.5249649628
-801.946140035907,3848.00193629486,NaN,NaN
-142.125308013544,-5014.08747928088,-2002.36782649026,-1346.89553382344
-3047.58134278364,-3042.33199309495,-2344.88459313307,4194.08531397158
-7123.4934246836,1017.13143063095,-949.073857424481,3463.32105149899
-2985.89223753245,3016.92204896255,NaN,NaN
-3339.57973660515,-2477.33904196367,-1130.40575272662,3950.26230610326
3226.71549574191,-6808.40884711431,218.507645875951,2866.63453177384
-4487.24411310659,1542.24185636674,1222.45971245219,-2972.05672142678
-4508.12164978164,-1546.28441070257,-3292.94963351057,876.091171925984
-3240.61927996901,2560.73054766488,1786.6724137931,-3025.90401121562
-1190.63938628089,-5276.78691016892,829.382181787711,-3804.88796210509
3247.72567790926,2240.03976627504,109.349334716797,-3072.40032824954
-32.5901800367244,4373.3922146622,-979.750901442308,4360.79997387305
6693.74404181081,2547.63283015181,2964.64021223569,1813.03254550182
3246.28415673629,-2107.85711006379,2222.42986211873,-1667.92888682459
-5175.9827702324,-1593.30348604875,-4012.69575164959,1394.05333129584
-7061.99490848235,3703.46031927584,1167.35486684507,3364.70790420341
1854.36402638338,3649.22684918363,-3788.93234907239,661.519887018576
5260.25321341479,5666.81374207234,-3099.36143771072,737.616817705921
2859.06283238708,2901.07570095592,-3509.79351513622,1830.24690793945
-4583.85458858881,-1537.56188838998,4206.57603020125,1124.70236620418
-3515.52101858485,-6874.45435473387,-1031.55912821321,1787.67435245166
868.899627212442,-4844.75136219454,3209.97115805604,2030.56800588589
-3131.03649902315,-2681.302096237,-3120.20048051731,-1867.40305089796
1778.4773073921,-4587.89050683163,1095.41085916676,-3979.8441613505
-1484.50694420856,-4204.33653939891,-1838.27707597373,3670.96415748378
-2560.70267389357,3767.90548037062,-2214.06608482635,-3975.14308194204
2889.4512815297,2470.00593089221,-2023.08195664946,-1962.89142928132
-2254.49791341208,-4281.4609386274,-2182.41830896708,3780.19187514172
-825.676632933704,4748.21200093272,1747.05892377112,-3249.29054734281
-2763.00879947109,2986.75510554439,1789.28160203984,3520.23136524379
1873.13764126576,4556.02708976055,2497.96501200371,1789.52300389824
1332.75206725339,-4949.93814490863,-2194.39923369511,-2370.41737817744
3046.7687639454,-2359.31658691485,-2098.0127806094,2604.41394736058
3998.57878610118,1235.17052283654,1868.90274555803,-2832.49770958881
1349.31852755539,4677.84750333826,-1496.16529826333,-1666.65368816564
-3061.15572358819,-2478.21657434659,-2670.93358784297,-1041.19098328207
2249.53828189543,-3008.69444185039,323.262173008274,-3137.03258271344
-3503.11389040944,-1901.65314475327,3586.91788433738,-352.399266235489
-4838,-197,3850.11606755854,-580.105527679865
-2777.17591567572,-3027.04049580969,2252.32493114526,-2980.11840849774
-2353.34209288678,-3009.80816353363,-2187.35932452598,-2564.25713327769
-4325.98196759827,-2507.8245998631,-3084.0631863503,2471.73012653313
-1184.6142999531,4452.56609979604,191.666426714729,3721.38682325678
-2531.36857333473,-3276.91844681204,3043.51842291661,-236.907092217476
4778.08907229395,-1340.9408416748,-1642.21995521729,-3503.02680997045
-761.891903107822,-7621.3424559707,-1754.91663201826,-1794.44364479251
-4745.78433230307,1301.11814967191,-3162.2977089408,-2450.10995762329
4338.8612344383,1564.45273024229,-4144.12808850277,1868.30029591421
-3860.47579276403,2225.99907196853,-486,2635.24402514531
2287.21410449054,-4535.40427132461,-436.473570885559,-3488.33584274795
-7198.98745140304,-231.898408812729,2090.10782974179,-1096.65925341184
-3573.37553829001,-2171.0492020889,-1789.92141322694,-3056.75391555013
-199.655908653253,-5336.11650385614,-2859.77544723868,849.23971298937
-4384.00963619276,2231.24087787391,3120,3010
-2365.89326774883,-3858.58620657297,1747.01034645127,1420.89689712265
-7297.03954278755,3810.13518037479,NaN,NaN
-7119.8489454178,2465.30704201154,459.819226140172,3057.03550195877
2990.80574818176,-2564.69559695672,604.499728586347,-3454.77979501525
-5341.67680896128,88.4516330103446,-1104.68067706989,-1901.75209542907
7318.14117268466,-1518.30340114654,301.068650319786,-2438.78008156952
1241.1786377709,5115.01742327248,3022.35450552277,293.906702240014
3715.36747413218,-2980.48222677018,1144.73545912851,3402.05550170237
2883.53981050167,-1183.14480820819,-3369.59485361727,459.038263473688
-1375.31507821512,-4322.71829127113,-3097.4505874457,735.651085430042
3406.30143287453,2278.75459006754,3863.51545639071,-420.071988723385
2756.58138516243,7500.2946619377,3031.29882726288,-226.419189848815
313.872876506259,5018.78372215605,209.8671875,4043.09773638351
3793.72491355087,-2565.69992643414,-1412.28023737233,-3502.49622874163
2255.82132722166,7216.04056309846,-3176.18961913204,63.631672097318
2424.78828171581,-3136.07517641763,2512.09422278782,-2227.28959289685
-3339.30239590466,1900.26547136682,4311,2841
454.769571450572,5040.76031202804,-2515.4379276348,977.823587949642
-2108.99655348009,-3649.86580779266,-3204.29774841185,1599.69363273444
-1136.57676292993,-4273.13255313502,-3100.26125163763,1961.42858107201
6900.65030643223,-2411.16424413951,-511.340828795128,2238.91550509627
4879.80633699206,-139.357162475586,-3207.4081836562,-1633.76686448317
3943.33889601626,1397.72962497878,3086.7446225974,1635.1024500449
-2362.75464267573,3973.31721145045,1079.347883812,4577.61032693851
2826.83345211019,-2932.65693672319,-1554.58472272191,3894.88779404648
-1619.651656357,3662.84044730047,NaN,NaN
-1629.31996016672,4144.84537981365,2708.91335191573,1873.36667600368
-3707.19086218869,1302.05403677445,-3207.92155723295,1238.82680807016
-7709.06628405433,1472.04737517522,-768.574007924398,2585.66984339864
-4927.31540860669,19.4453125,-584.922719176814,-2950.29406193324
-4545.19054771051,629.669738252284,3180.35159215822,1042.40491968207
4964.35015011693,-6014.66567445298,2333.93398708365,804.82484119862
-2641.80407922207,2228.59911281869,2887,-1646
-1798.08721334454,3912.92507073582,-2864.49447680608,-2446.54885022812
-4782.06275476292,-545.349154680967,4537.39990559785,-303.192189036267
3273.22156306148,-2546.39185980185,-2584.79394879957,-3325.88918725657
-4148.67446080456,-2217.88392433603,-1954.97454940257,-2754.51927064979
-3283.88981394035,-6574.76635719828,-2284.00715334257,1834.27086575154
-469.51904296875,4957.35500396723,-3083.62832857212,-2302.95329532143
4977.99680869784,582.475328947368,-28.1659862924503,-3301.02266029131
-2762.61983120299,2688.4050871574,-1735.22733144148,3602.53399802634
3305.01575152794,2554.96968209381,2909.15176906212,575.5478515625
-1445.75538691881,3969.43424137631,2368.18087434242,-2809.56460168736
-4132.34158367161,-1354.47009416875,1876.65944688698,-2664.04862913217
-458.572570997036,270.783312988281,-298.303838161735,3614.66464550776
2591.6503276871,-3038.64091609263,3134.89051623253,3297.93855456822
-2195.58365648278,4907.2515604761,-2264.12641472971,-2969.74224374688
-5935.89718797302,5758.86046045188,828.524161789018,2718.82160245138
1778.68863707106,4001.17887287359,1887.62913503107,406.934978177199
-2346.24021718022,-3241.89286525241,1344.88042731592,3605.95066979927
-3437.30308833857,-2061.67876103091,905.391617448865,1416.28063206869
1480.66144700688,3103.49645278211,-3327.66210945295,922.728026181125
2120.94717411112,3699.95682553969,2594.96370565469,-2884.93263906002
4794.54168873566,-6129.66954407127,2691.65202916765,-2291.24550749613
356.412386067708,-5084.03694425684,2793.50093933756,-2711.26586311866
-3383.99510119611,1714.40547819675,1429.77631373453,-3104.07482942612
-5060.00507862221,-6746.94741292169,2206.37492631889,-1193.35248542498
1521,-4740,-583.759396352934,3986.18928686747
1200.6064453125,3758.92008070646,357.11619017845,-4512.84519118222
-1384.82678419908,-3936.02308219073,1796.98150274083,-4513.47623116906
2016.96127439024,2759.63192860401,1306.11374197457,-4353.38124339668
-2671.19670384367,3372.86699926349,-741.493258202321,2862.28538829086
-2497.64775565079,-7175.02443838775,3301.06890350327,1207.57352200806
2712.38920834997,-3025.51080190362,1866.16669357811,-2726.01134066987
2510.73819365069,-2861.22016701018,-3271.3629025268,-494.356124079926
226.968362990458,-6374.00907241685,2162.02849456236,3084.92658054482
7319.08250467689,-1953.08974695469,610.628082711443,2199.16002655408
3389.12615198367,7214.49946147682,2908.07751294181,67.1636448136295
-4697.20326092063,1006.99549051914,4009.49312107825,385.011426363236
-212.141061452514,-4782.71473179167,-173,-4561.67184290019
994.00491809845,-4906.25921929472,-2284.69037626852,-2103.14287986218
-4409.66437787161,1382.33615418615,-50.917413578477,3559.65920113517
-4226.91721457218,6065.78133203364,-3170.66394387992,893.221209975268
3065.60478344071,-2461.69240274777,-228.520140517182,4070.98828906415
4170.42327577719,2056.78417827465,-4025.84812781122,2174.29413232655
-4903.64365506535,-109.66796875,-1266.61162335182,-2124.52389028907
-3130.91469522805,-7185.85556237837,-2460.01251597784,-469.845217355808
1929.37269657252,-3722.74432031002,2059.12221732859,-270.52880859375
-1210.09843949013,5095.56166488695,2858.3964079162,-816.788252281523
1288.94409080811,-4450.54788085311,1643.38947998941,-3318.64522676652
-2591.42342001418,-2986.05469655272,2959.7459145372,855.653688528242
3141.30637879908,-2485.33348766058,-3976.32237733627,-180.303283898305
1177.68460333217,3552.84621006309,-1871.15431486921,-2371.91270740519
-4788.86941943639,129.068999919672,2863.67781046738,2626.93666296702
-4851.26591425059,-1257.72660313367,3242.36307011665,-1044.0964689442
-4716.43964686638,5975.41496071141,-3135.13289847872,590.102329761562
-1519.69492107299,5047.82900920733,2421.09211597129,982.98835589172
-2269.00025607746,3688.99330615883,-1626.37237957761,2920.8228323479
-2752.54068767441,-6207.68272604594,-2130.81560628499,-3047.03170325708
2110.70679191529,3648.44293881123,3657.44075242647,-525.443134957687
-3514.88727729764,1942.48346013885,-3033.95460720487,-3005.4541782742
1815.39625191765,3940.82103159666,-3110.53080277069,2404.47608078483
-5986.82519223592,-6289.21166904898,-3238.51273367174,-1144.62208783179
1290.93011441831,4235.74321289978,-2603.12958972433,-1573.90805051116
4092.57299966848,-1480.95372126653,-1247.47925900949,-3059.13145836268
-4625.54849102437,-1390.57017542104,-547.000163956195,3028.63488043534
-7825.04069242559,2069.90501419026,-344.341194152832,1899.98631241194
-760.20904901185,4613.0027737959,356.796936786028,-3799.51778714649
-2255.94246287615,3389.22334546764,3366.30940201874,797.504965449987
3929.44247310594,1924.52628205952,-3273.52669064646,2936.08072839476
1609.36802319732,-4165.49646284516,2541.0564945461,940.322487391117
3775.6887239184,-1951.32517371509,4216.71331473346,2459.92301868592
-4184.94397441819,853.450876764507,-2708.42877457122,-2023.02277354153
4020.59397361227,1745.75098043869,3564.67630026828,430.865518478121
-3027.98866681423,1873.38108664953,-3902.62561845614,-43.1213092970152
1399.88222094225,3740.46828897558,-1816.95704640011,-2584.37619651752
-3852.48537485536,-2236.89850866181,-1503.53620036271,-2824.195318833
-7455.7153695185,2033.40030604795,1222.92820924555,44.4395033804218
7210.3257394346,-2732.61375940561,791.61943717983,2924.66669547468
4411.80442294061,1594.26207300309,1951.57747937056,-2401.08682569233
-1783.64468623312,-3878.61098894566,2398.39954930587,-3066.3141940279
4300.59013874394,-1295.3258547513,-875.804878715802,-2435.27714692278
3778.16522982025,-1082.07323134817,-898.605068044355,2771.85611247391
2219.03510360718,-4427.70189708008,1905.05100682621,-2306.60441345945
3058.70487553698,-1956.67567198218,3092.12985593077,-788.383036078139
6814.11604172765,-238.761523855838,1883.51848332795,2537.76625705225
-1022.5060997598,-4175.73382023192,1405.32807055749,-3383.80194126574
-2632.70034560152,2874.41441553171,181.117969103342,4112.49335348296
-4585.9020112731,724.760668488621,3597.03743912626,-1331.06641962287
-1322.6569066284,-7516.6252426081,NaN,NaN
-4517.48125687602,-1087.55206298828,4208.92493359796,550.659867131192
1217.70489819795,6624.10059763091,2359.06039292391,3165.16038392518
-5533.2373041238,-6061.39054483345,730.436677622241,-1707.9639096677
1697.39269024346,-4376.94749407397,-1523.97299182456,-3442.71186120389
4344.99297992307,1746.23366192127,-2693.09784276438,3246.54684554167
517.560069372547,-6946.49724428614,-734.860591689963,-2173.15614436849
768.097598794727,4242.27335230976,197.523208618164,3563.82768514723
2069.78461961407,3048.4598663222,1296.50441595771,2484.44422976875
2449.83571171042,2796.36208953841,-1107.21553995065,4135.23163351626
-7144.92103100196,588.987792665032,-630.95183204003,-2922.99394378364
3138.19493255935,-1629.83225327047,-2505.11902733601,1010.01083023604
4348.28903406832,-594.411704539018,1670.70197969864,2795.79857842278
-4327.12911144229,903.378074536483,-839.646869169776,3118.69645657162
-243.007426928079,-4537.70970687339,2269.36805122377,1833.25646017797
-5957.84452332727,-6296.47967924851,2526.47193676263,735.14273255814
-2359.60767507909,3353.34484050971,-639.594295350632,3853.38300066476
-4574.54019963068,-582.121164234114,685.963994159297,-1988.17909232995
-4772.38054510641,-531.543449059289,-905.351583584872,2679.7752429287
-6769.09494667045,1940.7277582805,345.219105215048,-2258.27290629672
52.8942036623216,-5491.48598784438,-2602.61909339597,1345.90302456492
-948.122051439389,4718.39889274591,456.754515269446,-4050.31234298624
-3066.12254936857,-6359.62829116702,482.757633290392,-2935.62506779543
-2349.91252965662,2844.97199499083,2825.87926286291,2973.3224486451
-2717.82410053557,1772.9849960089,-683.956814365807,-4019.73580516857
-3183.54635372421,2103.0876930182,-2426.17265167024,-3017.2725287849
-4532.32109171964,-2388.86494170953,571.50834367051,2799.41659494559
-4378.55511076903,-617.946990349467,420.226624683553,-2260.0525259821
-1994.72149996183,4021.61042141035,464.117549638989,-4490.66728805842
406.4375,4676.86367222393,2765.21750655317,-2265.10992633328
-1327.01043861739,-4433.65630433729,-627.886477943617,4078.23201991017
3042.9633318325,-1977.88053868673,NaN,NaN
-3710.33277837315,-7071.1997701917,-1996.28843391681,-849.889436006798
4111.31557113958,-870.481605659201,4649.57997190178,234.059927157973
3401.20739623675,2202.41770867483,-1421.62861534145,2877.99736823565
3223.74015514615,-740.961708068848,3442.16103010626,-610.437925963928
7221.13140864078,-2235.66817664313,-690.985598305846,-3065.06845928588
-2501.26859231543,2815.17319542964,1558.70396059811,-2816.81422223913
2106.96793292222,-3525.30385066331,3168.2899614138,3403.97404555802
-4580.38149304979,-654.970920834082,3911.49091671324,1091.87365382528
-5560.0048126609,-400.31306378866,1637.28036282665,2659.37417412988
766.229108397312,4491.38315737937,-2111.52405106872,-513.555084745763
-3509.71533841707,1284.97790195525,-3370.28866506649,766.684158602628
-2911.97933426959,2370.01989227593,-174.792175833103,3628.90549168688
-3617.58032482274,-1755.6853113781,-230.249775782171,3476.05906350356
-4800.53036148884,-245.602981830199,983.58894032944,-2453.7334831357
968.763658424479,7065.7736424644,3184.13196718709,13.1050691460802
-4567.00748674762,-86.8780910584454,3351.28432081334,1493.8560084879
-3481.47810498989,-2129.08053184484,NaN,NaN
-4783.60156505438,-853.77614602553,-4354.38051664873,-796.312018476214
-5248.49521924097,3908.18831006617,-2891.00466803178,-1631.42934340505
4173.05624144385,-969.542953938532,3724.82840928226,180.470455606045
1605.01794797466,3033.65619974779,1124.04033226322,-4257.43551539388
-1823.6134434962,-3058.08488387733,2826.10461131888,-1847.84429007313
-3554.19332633117,-2599.37514093215,2299.72017039744,2102.04562233345
-37.9438545334507,-4793.41554626535,-2721.81980782374,2388.05431903348
1732.63616501979,-4565.96747669744,-2984.36699809688,-1821.28531339107
6917.9704091247,-2673.56374005883,1386.20078641702,2372.59280345479
-90.332662191056,-4811.94299921207,-858.726594176473,4234.9611145897
1669.99902073399,3971.0940181521,2152.52551415242,-1366.68896315674
-1289.19203525453,4421.67660735584,1399.62952191669,-4425.82818967378
-3868.86934059617,-7271.84285407036,-307.284957205414,2395.26246305688
-3873.90999564762,-1769.91552207839,-2834.5804027911,-1447.80983179422
3393.65308909246,-1412.27197096898,38.8526277863577,3719.7520124807
3437.02305613175,-1817.96544637614,1922.15598279673,3535.70378686683
2555.97946116085,-5017.29473606451,3014.96733829872,-1967.47436751502
-6748.70214904193,-2207.67969739867,-1679.51132364115,-2585.09265793627
-1174.44504121845,4720.4515971944,-200.778343273115,-3619.63374001703
2260.95802445471,-3858.75678796407,-3349.563589721,-1873.10790686083
4063.16975735878,-1278.60625094303,2406.27088163064,-1680.04953689183
-3944.68734571069,-2164.25129311875,2634.69547290537,-2910.54585078683
-710.280102040816,-6731.53471365835,3035.82465403721,1007.06321917891
-3317.38434397129,-2765.90698826648,3313.85474314128,1016.6652764522
4896.79465096048,291.607142857143,4581.45972026753,259.376425501218
-2420.43577165246,3489.66890995554,-1913.53802481745,3128.58340953993
4087.60172161783,-1628.63556894161,-3076.86514003009,-2763.25040090461
-1540.71062675011,4056.2183189358,2272.4194157934,2318.19001304895
4512.25140490387,-286.742599487305,1721.34559944792,3277.61342539183
-2255.25266109369,-3647.60441652698,-3113.26054647939,3451.22613475549
6945.62994997855,3005.00458863849,-1663.35756665368,1681.06083601014
3088.51627610109,-1299.05787994558,4120.15170033528,667.220626027961
3299.55096362743,-1350.74077782011,70.8847350391527,3216.67532767549
-4220.86627629606,-2003.23109338508,-2554.01655061166,2564.9812790972
-1850.33514052171,3611.72131387049,-483.405708432899,-3899.07496635754
-7208.60336221546,3901.41268420456,2155.56431983452,-1200.64512211181
4433.23027924434,-258.651096272283,3942.15062977242,510.147454452515
-2363.94098293191,3994.80401960244,-1756.66968536895,-3037.83481997429
-3253.77974692881,2043.19695545953,-1472.04955353066,2938.9282740675
-3478.1325236841,-2379.36049907088,3866.66896516118,379.112552908964
6.72289859547337,4809.07517975441,-917.079562877595,3667.24816024898
337.708481262777,-4961.90106296589,1009.09203921203,-4318.71817067297
-7536.46336598498,-2487.28177446919,NaN,NaN
-3907.60938747676,1448.67028933296,1196.39000612618,3481.99016951731
242.038029999498,-5050.4524819411,1327.47119914511,2989.88018165004
-7240.88073517977,2263.30631955092,-1994.39669676037,-1089.67712856743
-38.78125,4459.00654877482,2240.89041549426,3224.78895079946
-700.991086135622,-4788.62100908464,1560.77749997697,-2776.42612078244
-3975.8424561689,998.603486516474,1436.17921102021,-1856.94481983492
2446.41166790577,-2847.79362589494,-3517.43778143922,428.377534546604
-2042.58356322091,7069.10105343001,1738.23364484745,-2410.71996522548
1885.7217578125,3808.09848800838,2136.47146646521,-2832.56289861466
-2610.21021998481,1307.02971515973,1062.84997980014,-3461.06371749315
-3302.12509546258,-1411.73300758638,3688.33036122798,-586.404535470719
-6731.45838553397,4067.41526897858,-859.136179004036,2214.20081352189
-1642.35921423048,-2798.91578752885,-245.758427198691,-3961.8220368824
-87.44677734375,-4935.0310501627,2948.2825747511,2383.97923012216
5767.80945390533,1905.34836349487,-2918.19066695768,1535.25373999504
2889.306763295,-3808.99459316321,47.5897088882771,3608.78334546353
-1340.15734733969,4363.17643258881,-2397.11963040214,-2898.9161336263
2987.68967029161,1924.82516620431,-2973.20464167656,2975.06136723748
-453.786335718952,-4828.57325258839,-2163.17848739382,3620.76684667839
-473.0562061983,-6884.32273059133,-1548.97152624673,-2165.95503922428
-4785.05172468378,-7018.05298306819,-1416.19752480255,947.936518516207
-1430.14270355159,-3228.49444346829,591.402247956403,-3040.16706680077
-2062.26099285501,4521.80224940575,-418.16489344563,-4309.16892632952
1893.69437616928,3216.69856765504,3996.95441653747,-535.537195489937
-6947.70238075361,2099.56118786048,2369.91786800264,170.126896027596
6252.11722724994,-4691.82445342809,1065.76600564621,-2289.40836744877
2007.60980828436,2843.81015673042,3926.41004765616,-824.946460086435
2943.90420645267,2536.8283004402,4318.65580252651,-876.193035198936
753.913298316425,-4948.7314170488,-2623.86304095322,1856.3468754934
-4121.60783176482,-2216.82219955427,-3389.79002676962,-239.441478495695
4274.36376281337,1417.4937519741,-2109.89419922929,1917.1777356003
-3455.99699280021,1836.64876959522,588.868671111286,3001.59910670398
-4275.54552716526,828.720648364486,3867.89519368965,1069.23523862138
-4838.59843330562,-693.909931112651,2572.18210865268,-2526.81425430964
-997.747884007218,6252.26303378811,3773.32294318614,451.195976634084
-7353.84008455034,2940.53895576502,-1310.45800155896,1153.47072139493
3025.95426502146,-1827.30821142718,2018.21769062687,4186.69972619
3493.29783603064,2091.1644295302,4237.62218825075,-186.358131408691
4314.16088507336,-239.875924384694,4019.11568193276,767.470452724359
4055.74470206956,-844.007562565462,-275.204181388831,-3006.22828536593
-2411,4025,-1358.39374972191,-3160.36902560409
1481.41809512272,-4825.02707132382,2126.88784340716,2151.25043564243
3797.63003508163,314.753543654889,-2911.87599984478,1133.15417507839
1379.6638141793,3723.12318148819,-1830.57809040693,3866.55069998436
-2376.33621102198,-2283.4151087601,-6.07421875,3139.98639900125
1087.58701674202,3865.78747059222,3566.0536482348,-1323.41841079859
4041.93986861956,-1387.92651801715,4061.64677534265,1446.30524681757
-4197.72971714155,4729.76010851857,-3158.34369979973,1528.89131870096
-4290.04195762088,-6541.68575774696,3208.05490620148,890.602751102577
4275.15791452409,149.5234375,-2174.05843770393,2507.6396867651
-1685.97943888635,3403.39769367078,2903.57300208409,-1420.95283173799
3951.27661960665,1637.87735849057,-4548.02401678122,-419.54715005975
852.4686568471,5782.49155406323,-1262.3487918187,3243.37219327903
4108.77304059706,-638.842467568137,-4021.47266961269,-949.948658064241
-3402.56537028246,2347.8277023692,2314.61094002066,2705.16515334161
-1805.91034946797,-3700.44397489845,-504.099867522029,3575.45329731908
4067.8648737728,-1114.07612846295,2741.24687040876,-1476.21732323605
-2348.77251812141,-2953.43791033288,-227.207710266113,-2991.66977863126
-4739.40552973281,345.630131474248,825.574804601535,-2689.80355983021
-2879.99746632939,-2400.1632935423,1773.32796716428,-3740.83924275001
1734.6234899632,3237.75930840882,2718.91806620387,-2909.28127323153
426.434636017213,-4621.92231659294,1285.54471484771,-4406.0786240177
-2646.84141357397,3200.811106776,-339.335638097815,4556.11949780962
-2196.76079023396,5696.75700252311,2774,-1554
2488.56172950304,7291.42654595553,2586.76186570782,1486.27469482333
3768.39200444295,7095.97593314724,3150.52620473703,99.2335046102834
-512.468307253935,-4421.97719500075,1524.80355655037,2799.35690253954
-4460.95344439241,-1791.10335566825,-4443.51023687427,140.321340996987
-4090.73692986767,-3213.42520635294,2294.54385407131,-3065.4023302909
-2988.5828240214,-7315.04372982112,-3151.59833436789,-690.367323857803
-6788.03119683295,-2859.50173762142,79.4822209196271,-2100.42711897843
3836.15503241185,3004.6082230221,-3494.18416766663,1627.01468264619
3679.69243071578,1801.50354998032,-4097.91264343927,-56.1875043499443
-3966.09429160848,6487.12175304188,-2303.6425626287,1574.93429564346
2824.78524540203,-2015.00429324756,3716,3194
-2857.14643481105,3216.23935574369,-31.0455322265625,-4371.60616742414
4350.36013514311,-2966.53044519872,3965.55464252623,2168.51790610415
5172.56863007101,-5544.16301575535,-2079.74945541382,1963.28747279853
5407.62372629249,6755.71091009382,2119.63990905266,1942.88108581409
-2484.19266550797,2275.346652474,3671.62958274749,1786.68493562135
-2476.38384754991,-2859.73972434766,-722.354304955967,-2651.61380969777
6872.67283808673,-1404.36958997718,2531.56765710176,-772.96271749957
1291.48809554966,7181.3462668994,-1764.77403800431,-741.984851189379
-3731.59291637877,629.1533203125,-1723.40459829683,2560.58890231151
-1986.58821820609,-2933.96275324266,-3594.72119599894,1408.31014278133
4236.5358809611,1486.15382050305,982.906882572002,3009.73980397309
3324.43924541616,1280.11948345549,-3370.84264788833,-555.883801600392
559.097526550293,-4023.16451249021,-946.035985808743,3838.83496427871
-964.701056989452,-4148.94651128276,677.688114885727,3481.6445573958
-3051.70360789157,1943.95244364738,1583.12062351384,3186.27362692777
-4047.58121313734,-2209.07884435415,-2356.47752681297,-3147.9142600951
4335.97939552225,-425.581234914536,4098.46960109327,350.332435852406
-7154.76492653938,2982.76142202605,-603.740846322063,2790.33188019243
4035.25915207781,2689.56100797681,-299.687765397932,1637.71911327892
-1371.35740078514,4106.27802472539,-460.002324535484,-4434.62553091006
2331.06415915072,3407.11445056612,-635.486513206458,-2954.11998487198
5931.27493632535,-5447.04253431436,-1789.01600271958,2198.96085968056
-1706.81673243631,-7033.29441927277,-2024.65749511719,1269.39059566838
-4313.35852417903,480.524137298091,-1236.32401098369,-3031.37871228969
1541.24780932352,2979.65294904122,1813.17532952399,-3898.03865043919
-2578.43175780318,2556.72311630858,3389.31522626411,3074.42386794568
-4416.08195832799,707.992373291226,-630.604626284444,2858.35987674489
-7052.47778406311,-3169.70884285662,-1773.05048199694,1018.2479307085
-4179.53375327647,-1155.8933063314,3726.95771032012,2013.96293803762
4306.46450011049,-513.315376311974,3585.66060167353,2434.41140617053
992.569678874816,3860.35118892546,-2818.79048094245,1139.81965924815
4572.6678095846,-505.904052734375,2928.25420014555,-928.218130513962
2932.95027326487,-1569.05976406743,1391.5969324412,-1787.96694966581
-6682.77505211647,-1750.32903255239,1897.49886595659,1531.33619437107
6830.38993762231,-2470.49021287774,792.552505474067,-2444.96777342108
6151.16160572358,4988.2986847107,2597.4977775218,1103.53865515667
3983.45021517999,1634.039973968,667.472239073023,2930.63119904891
-237.43182474631,-4208.24560152028,-2110.58126031138,4388.45078805016
996.743258781472,-4683.54452498536,-1356.8423619381,-2467.21270756954
-1084.01356763552,4466.21819925727,-830.140071442318,-3724.22796857719
-2561.30284088985,1968.59672949788,950.273103199713,-3451.24924808045
4159.42837159458,-965.679067339216,-3499.23843723352,-211.436235332854
3325.674152167,7169.62662940445,1083.34647796357,-1050.06378510816
-807.79314360559,5031.40156871937,189.128235504169,-4084.52713250765
-2631.85565596947,1577.77553160608,-1470.19444798061,3949.01532648736
-582.820014679371,-3578.29202098983,-1830.76011146333,-2908.30843937149
-2870.2281547613,-3279.83058782746,-2495.39422455113,2996.2238514459
2573.13197221678,-4628.51231515729,3642.21821948768,1134.6144106814
-824.848793029785,-3920.73283101113,-3480,2045
-4262.5501111786,601.856596245823,-3451.89905377652,475.874712183085
2424.19991616751,-4484.98187175213,-1012.53601074219,-2415.35821078506
-4720.01623847786,-488.360364070197,-3693.37573362402,-1606.56303696767
2468.05998173591,-1915.18016820481,3666.82284946668,1739.38848671408
-1195.31122102966,4405.40328776162,-1265.19813265591,-4035.26409183
1689.80508981952,3193.16296476036,3285.91971041822,-941.429962352415
-2361.68677902309,-2558.93792903793,-1046.62377101497,3387.82286548352
-2252.11867057236,3931.4382368309,-2688.69778701298,236.850873983769
2839.41532532932,1927.8969379818,853.518812461333,-2991.42963624694
-4514.42476284617,-1472.7660625785,-4571.8055548948,-970.106526059764
-3266.77301707872,1642.19479724374,1726.54639769753,-3155.61051536669
1756.63504707715,2469.05945011449,4153.24647455617,1023.14861068719
2812.27507135686,-2024.80416384242,-106.916577001758,-4468.97897957369
3003.75778799947,-1581.62018209277,-310.898611966995,3277.46385038215
2301.63726408914,2338.6329160638,-1803.79629237165,-2785.73967584738
4489.62929625349,4854.66991659099,-2903.27267225354,386.199280388057
7282.37062465702,-2671.76199761746,-680.268254306885,2591.83382003528
-3987.31960560593,-6945.1013096727,2728.33795560021,-756.977376828247
-4236.10084861699,646.345832844941,NaN,NaN
4651.67989320185,223.829483032227,750.926307963837,3239.37526432173
-729.052193953528,4649.39422328055,-1677.59047983798,-1000.87136316299
-3410.00911604574,-2907.75952381486,-1969.53939646734,-2324.02004255351
-1006.40118956747,4240.6623834956,105.288414521313,4853.01369027079
-2593.67134305132,1294.51629683582,-1251.86923186975,-4609.1764413209
-3192.53364493318,1887.14278818507,1585.37324206071,3508.28983997378
-427.103800912306,-3394.42769935517,-373.331452344542,-3910.33949292742
-1761.49441624982,-7196.64676481878,-2903.77404183195,-605.475973426749
-1133.18610764349,-3553.25806424316,-3693.06514557397,356.380984042553
-586.032097646523,4646.73564964806,-2761.39968174318,-2023.28213312819
-3761.69661789382,-2236.0759765625,1581.59530194891,-2602.84962898984
1317.81285006329,3455.03093541826,3208.87045295896,-1552.53781151841
598.366560570988,4109.70983249819,-3718.98105380842,1062.88913350608
-3464.29054418366,-2984.46159977131,-3562.72410243607,1113.71261314487
433.474317068556,-4932.3134056488,1594.54251806088,2793.94108030309
-4646.82144019503,-978.187968199614,-1099.01872962403,-3159.88426205618
-6477.24315900994,610.540751228166,-3896.60730663297,1931.68902631428
-5587.5438598312,-3751.98956511224,1872.88898323142,2129.10516545757
-3564.60826085365,-2606.59338773703,-3649.160850699,1741.18488815596
-3123.77702153494,-2696.86182881673,-2648.15925078708,1414.12521880492
-7653.02760937257,3002.2097389645,168.67431640625,3044.6439422922
4827.63210911862,-6755.58470799334,775.932088062927,-3049.4076021101
6339.4799870786,-5712.09398911144,-1776.0994666376,939.811064122351
-1774.74085445282,4172.24073263391,2489.2645650242,-2899.87712160136
-1760.9665601319,-3133.68027705215,-3511.26322843186,488.909198506014
-3188.89411230764,1503.37160803426,1136.65302243741,3607.47785470885
-3951.79044718754,818.42636164813,295.30419921875,-3096.79114575645
-1566.81338210222,4534.41289321158,-2885.42129143492,2525.03227357779
3681.51898008808,-962.061572985703,2306.25947112917,3483.30060417497
-1907.18169061247,4397.10752790431,2069.84641896271,1573.39756031503
-2172.63133431413,3221.57164288076,-1118.11128469802,-2711.2014223505
-181.586708068848,-4392.7387537852,-857.832158954327,4108.50247390887
3431.37269149288,-3310.76647836405,1568.73120753561,-2678.00629815693
-2824.84272040013,-2055.63334888999,2888.29438212781,2446.45790599804
-2606.0465115454,-2921.29337618549,-3321.88085497176,34.7937753946827
6375.39794952856,-4905.17822097242,-1821.02092729811,-745.393699149408
-7720.41873272833,2524.71190767885,-386.113870519029,1737.75432552329
6631.1794907175,-4104.2376043657,894.104708064958,-1328.28216550109
4001.70852756458,-27.6202772644856,-3182.54044694407,489.690955426855
-3454.56861972227,-1604.0522233618,3364.60060820916,-1082.92175719766
223.36265901976,3767.22012435839,3117.28404321296,255.429101722436
-2633.34951526853,3726.78124051483,-1927.97234834332,-2842.87058387741
-4585.23449121008,-650.209281293686,2513.02224512497,-2627.65330944891
4878.70991441367,1195.84656740612,-391.312451739245,-1939.34321883967
229.179999841852,4216.32788958462,2984.11918467032,741.817545475572
-2916.71049981711,-2989.0068960154,-2595.92103281375,2891.37487911718
3221.53403771571,-939.3211900988,1235.26059655824,-3356.03519691426
-2619.1550347432,-3279.86560124193,-1838.33585139209,3089.04720587446
4756.64086944021,1271.27730952569,581.715526580811,-3211.7537861299
-4616.30591801096,-780.080487097036,-494.295562914873,3105.95964050238
3615.46362636167,-856.152003701809,2007.76884225581,-1217.74807800703
6826.97467044212,-4506.04006597969,-1982.62603525285,-358.176290846363
7457.94645964868,-3831.65836742316,47.0352783203125,2550.82356683757
-1221.09851208562,4754.74234877106,-3063.12407961716,3598.54788553725
2156.84710597881,-3353.98009167394,-1790.30464648848,1400.54154799618
22.8834228515625,-4163.5031449873,-211.134079923984,3871.51612913513
1165.32555565467,-4676.5819375358,245,-4389.46069221295
-1521.60610435749,-3799.48366671044,NaN,NaN
-1191.6849311357,-3137.53110998152,-1263.91491529542,-1550.81048013597
2210.69061509053,2337.03864021564,-4161.38195964326,144.438669481155
-3425.437343969,2801.60866937151,530.242754313151,-4190.90657444384
4495.04571414716,915.797279162861,4799.00291979576,358.666508867017
-874.376015744294,4491.43027764505,-52.9630355834961,-3647.5234243771
-2589.37253961391,3507.4877017536,-2932.62462550701,-603.206370478091
4283.18407413945,227.623947143555,4205.78760510059,1364.36634917784
2824.27662681568,2343.12978931184,-2730.20260840798,2137.04665798611
-1488.29376777385,4868.1352453685,2212.99661811039,-1330.5035068063
-4100.4436723891,613.044727775621,-4861.55703975654,-889.755643787035
4445.47901794312,1948.10673756571,-1075.73760696977,-2956.69107573081
4485.06530837171,-548.264709472656,122.455937604601,-2536.45309600194
4397.60701968886,772.14208984375,-4432.02274806922,421.579867804528
-597,-3877,2215.51779930205,-3447.42457578814
2413.26329240086,-2065.23862574233,1864.33615822167,3543.49041547789
-605.71618713737,-6937.63591237361,1101.29465366201,2458.2441268117
-4716.04960154031,-236.366143409242,-432.970878467931,3480.50189669557
4599.5260980274,838.018203735352,3517.48581871404,1399.98405463675
-7205.16378069503,2430.55267173375,610.726145541283,-1335.07867970204
6953.75365587134,-828.10966276564,392.063763052058,2359.65779424871
-2776.01014644241,1509.932199598,-2234.86453818863,616.48859802343
1751.14768115033,-4377.89468923445,213,5046
5552.34116403159,-6027.06606922262,2073.83552556688,-38.1734862383748
-1611.5,4319.18375937135,2423.94142712878,-2395.87610071063
4247.21687394052,2213.6513312657,974.813740974729,-2571.36108653138
-1018.9249304619,-3581.57119852763,1032.65845446853,-4284.96692599098
520.921290358452,16.3798205711154,271.644674786067,-3285.83878596018
2888.2405140478,-1475.49615534871,103.711084750788,3199.24030910106
-2457.54659964004,2954.19034944323,2996.38572342887,-904.332888367646
-1191.71776916761,-3079.77295969632,3422.4110826268,642.309130064534
-3686.20522474454,1519.41205216535,-3448.40837430333,-1957.41148598723
-4301.72711256558,2487.7425663849,238.440975115741,3440.85152533317
-2380.35361307888,-7435.92829043552,-329.992221084234,-1741.30084749793
-3145.42625124641,1245.96028304974,-1963.26340932024,1407.71501547648
-2675.57778579747,-6952.25269700106,3012.18875422739,-506.124223051525
-2137.75573519618,-7420.05549745473,1448.29787403618,1577.42083740234
-3917.8649150781,748.367674883674,-2416.26314008854,-3008.60233262313
6954.26146160779,-2646.21721322082,-15.9491822429907,2014.11005380752
-91.1224501880247,-7714.95785730583,-551.446958106653,1865.33090908648
-4374.51044928804,-228.592735994779,1437.1515894254,3000.34191203567
-7246.05317511069,-2066.0139080183,-525.039209513152,-2760.21617251829
6844.78867821126,-4378.57112573303,-1206.49582240257,-1944.18148053809
2112.52921636372,-4565.11606981876,-303.545384169116,4443.31460146879
1610.51528377414,7091.84279839571,2668.0289157586,-1028.00070312738
1699.33077492609,-7229.52430894277,2292.58051892264,-1139.49293461213
-652.018741537558,-3840.2657974753,2930.12345685134,-2242.81696666589
-7518.53966024653,-2740.64139599199,85.1728515625,2679.801418222
-7125.35248016803,2993.47839147996,-404.955881292534,-2824.31862463018
-2460.50170270391,-3180.18240443495,-3229.6628158954,769.867232808616
6047.23332795411,5408.62516658156,213.330078125,2709.97965363366
3976.55105150027,6692.25769851401,1922.99891217787,-1564.24651050919
4533.49531004069,317.544432019514,1734.37346773012,-1991.8772271123
-738.861469165873,-3725.17151009758,-3499.92780341556,-448.469675318794
-3810.83158786733,-3388.06109891619,1920.49190543177,-1962.30180264378
-3366.13915570627,786.59375,2266.47475983289,3716.16518174699
-3380.07814361687,1941.07907932739,-3061.1954302928,-2042.61479646546
-3874.17239159547,4731.53186160906,2131.66704816484,-2221.54713493531
-3230.26583081519,958.994251695156,3065.74033208653,-771.621696361293
-7510.5886990943,1681.84295490259,1317.36056918028,-150.655729278125
-7659.39646461085,-1603.63328562614,1453.79408219315,-1071.4055496928
1760.78386738579,-3780.15265644328,1349.46824908097,-3427.83763227509
1186.7724960169,7229.90824254803,-2904.04233453626,-657.446138654436
359.267833220653,-7510.22150896023,-799.602735550554,1840.88988404512
2591.27044414445,-1667.90515205201,-2276.52951572247,328.566220923148
5734.20495971065,-5617.42400063144,-1791.57978545642,2105.26530464103
810.43123123997,7006.65984963963,-1972.40438642354,-762.19420397316
-4554.01735475636,-101.59725189209,-2180.17192862396,1140.17834894374
-7150.11515085995,3745.4204226729,-1363.05624612826,-1795.6908255598
-285.244934082031,3775.68435401815,-1288.7330010003,4527.9190820457
3883.05493734438,-7205.05732668216,2346.13253632429,817.69851135171
-4191.46724989139,127.1328125,3759.00858160927,775.325030310204
2574.15525263013,-2014.68172345445,-2003.5390562249,2745.94878155136
-2843.94865538156,2433.36540387498,-2290,3730
-3624.33621363729,1525.04085894496,174.189854459245,2624.50157469922
2179.12715512251,-4490.01639367699,2372.54758934559,-3389.01149868726
1008.78116958672,-4321.76288107537,-2921.51442379085,-2392.14241113002
-2002.58499239571,3560.40440840258,-1550.22598430132,-3889.99412322589
-5459.98239617948,-1473.75933382635,-831.677270744633,2914.65300050465
4242.25651421738,2739.41754912487,1625.65208327862,-3006.65718556178
2082.48016912287,-4979.69372068298,1235.23369168323,-3728.86612228132
-746.788105173094,-3363.56963872826,-1558.6606557976,-2353.06721215919
6351,-119,-481.002913572904,-2332.20333625358
4161.88324419912,-3114.28948728293,2525.63378391283,3050.7517275593
-3443.94558765382,623.58940814712,-3321.19574908454,-2006.68332686335
3236.97993938105,-5087.86698829884,2124.44486506523,2383.3123647377
2799.45869056022,1946.78104379486,3914.22398189187,-323.521421985827
3999.83035312396,-84.22265625,1118.04985531403,3209.80999142672
4684.52567196402,2553.56383023816,3895.84212490021,-285.748536970844
1648.88692232231,-4003.25298215584,871.105761792011,-3502.99859080152
-741.863487243652,4126.07372310783,-209.183649741997,-4379.09808818829
-4676.55593166319,-1216.42749084152,-3218.22343532267,1825.83134619225
937.25219877477,-4240.10548397204,3012.06545669586,-1401.30996329214
-3627.81881630158,-2912.24622274093,-3589.0849037615,-2599.56941908219
-4496.23480946053,-569.593139648438,-3507.37902803922,-656.62802734375
-2332.02600827559,4208.54125437576,1479.4115549912,3069.50570561198
96.8253173828125,3437.43225234074,-1662.98414527004,-1983.15552909504
-1495.80827182665,-2480.03447785364,3959.02113745853,-1083.78543104714
-5032.69626049572,-909.163394014982,233.971622467041,-3013.1366003326
-1074.36523378812,4172.3159337318,770.614987106852,3010.81383611106
-949.487040243024,-7196.17997837786,-1110.79349073275,-1155.37753459889
-2041.22345981427,4177.50930103493,-2086.2768755813,2844.92128183637
2514.18112058557,-1051.1708312199,1081.3909866085,3823.16244042513
2718.52043042691,-1815.24314181916,-2164.8731546611,-2385.92903407915
2429.81925644985,-1213.28891230731,-2820.02418192578,319.130085981996
-3148.63088685048,3190.96049757114,-614.797421875,-4157.14598245461
211.826393127441,-4237.57510636198,-3178.21564611964,3492.5944756259
95.9403171747971,674.546314923994,3237.09907705172,1004.54068424
431.813333445582,-3395.25197348195,-1146.62747432469,-3139.51052518848
3619.23988033925,2570.98273595408,-3905.06345719389,-762.551724137931
2346.70884527871,-3007.45773416493,-1001.04618784717,4084.99203301397
-7032.57224289555,4346.86872770959,986.476679379788,1555.17029486647
-858.99733015375,4333.36266071818,-2570.7288549906,-1407.78270872567
-7107.04496068705,-3068.93725631884,297,-2061
2369.39220548873,-1668.60030300631,1281.1324360589,2804.64396274342
6501.89437030587,4847.27516749571,2724.05015428071,686.695847114507
2771.01242650482,-1311.31145132649,1636.83649664139,-1198.95735745089
-5554.38556997033,6131.57098806822,-192.054735762624,-1922.7135228623
-2599.64129563103,-2269.26844316069,3403.73298119056,-498.453364633328
-5051.22457810997,6624.86696243948,2378.47339107544,-363.01538748058
-3001.48421008874,-2762.74843076531,2970.53266054824,-1234.68144132653
-5558.45596650291,6856.72490788412,-1596.79358555165,-1144.56377819066
3271.97370993624,-802.181952843299,3560.5851278672,1644.23970999572
7348.55410330363,-1834.44370109733,-844.002180026128,-2729.93346287479
3508.52558154561,-350.171875,-2497.4942983391,-3610.04995272732
5271.85533873601,-2635.11279843134,-2749.81528005777,1487.86140407033
-1337.3939079018,-2386.45179952585,-608.727752685547,3006.86773867012
-836.218673607514,4612.28883746476,2626.10219578337,2552.61080680058
-3643.44426460585,-581.246772664926,2594.02666850252,-1674.22957985853
1827.6873843077,2628.06357481313,3205.5845223886,-3255.86683394574
742.57861252943,2618.99664385662,1391.46266739144,3390.57404134346
396.667045655492,-4626.55922410447,1992.22192779839,-3448.62533844156
5498.61223127955,6182.73645667794,1946.58538988534,-835.647204713249
-2748.99016855744,1176.13529920072,3246.95054913889,2447.54661742914
6513.09957174716,-4964.77495344203,1011.27360893836,-385.891427960614
1033.30722428545,2809.13390328757,2312.62134963887,2427.9649217127
4533.85794587981,-6665.29538357381,809.064474471826,1656.92218430908
3117.41351335333,-807.253966204976,2032.28386507799,3373.41253110981
-7632.69704312503,-2330.94094707525,1880.83910076845,-130.542528636582
-2324.6405957359,-2473.60837549612,2572.02326893726,-1791.30503530499
-7127.85938838145,-3488.94240284622,-630.9616574956,2928.09708805812
-7774.16410822078,603.686778859157,541.109571892964,2414.9152656052
-1312.49284881842,-3122.98064146094,-4074.31002943653,1610.35170918757
-187.21875,3311.57871530059,-2595.34217986679,3962.10140015675
-2262.46951980527,-2433.83767985611,-3562.54408310966,-1269.84258560586
1964.76998211414,-4433.37663034365,-3035.46609231251,-1664.61819492429
-1623.22044230658,-2503.34488124992,2242.6251161594,-2726.40599308719
2406.30326310967,-4382.97358161527,-3246.44019257475,-307.771164021164
93.0928841966043,-4278.72571490006,-3084.1364180536,1568.28089502632
-2007.06718463253,2707.29800161143,2770.15878265847,2741.07472929292
1636.77496727477,2754.18846829155,-2849.00296802585,-2641.96785832012
2575.72279183253,-1781.50784317996,928.772769642259,-4274.25224599656
-3425.20358220095,-2671.87625875649,4045.37543544632,340.817783273381
-2047.74049589237,4382.02585255473,-566.190146984485,-3737.37733839043
3869.6131973883,6775.40777085934,1612.81036242587,514.062533569336
2547.23834311704,-4428.31041890914,263.074403907071,-3998.58495560124
1362.12701461792,2206.29718838191,647.226191229825,-3276.13115249494
-3476.9112230997,-3247.37734576361,3521.84195941877,-1477.63661747494
4359.67035522299,-337.929059709821,3783.73359806157,1397.97342195204
-1196.36753772022,-2552.00825561615,2749.72239497428,2930.649047622
-1628.96073264816,4415.12901167671,-2449.52894773866,-908.198954136979
-3136.77687528058,667.060669998551,-2916.39028097968,-3558.01006818175
-3629.4306049996,415.055407751174,3402.80014395393,614.260010483585
7226.95101671314,-1012.12182824452,-1258.10620252624,66.896034186183
-2490.63476170323,2194.74251763981,2453.70387419916,2210.0637208755
-6322.20771101842,-1209.22655154395,509.192237759536,3382.90372383716
1730.28165698722,-4400.03642906376,-2195,1854
-3121.45019843748,428.933875869207,3791.0841128881,3029.94072159265
-3356.04901457927,-3016.08502849763,-2459.34037425287,1098.25315950012
7153.15283693483,4244.9503359797,-1939.22738616952,-224.620888157895
-4352.69487218413,-1739.69173575551,3416.49751194268,-349.824003290785
-3655.02067043711,6710.10957309037,224.321166475455,2781.82585106545
6637.12130774251,-3950.87776678456,1583.47149692609,-579.015625
4112.37160284211,658.222915649414,2423.91150896897,3785.96339378162
2137.07602952691,-4295.94247579443,100.365777710547,4135.82322322187
1218.77621440769,-4747.67605671009,-2863.15780697332,615.680075522713
568.468107953716,3382.15285164475,3543.91045338343,-1618.90046333202
-625.185120309596,-2755.89916098826,2946.68665344881,1353.36936570833
5180,6201,-23.2014185476511,-1970.63178550691
4104.55677407407,2077.76085965107,2615.32845374218,-1103.26446533203
454.846460253659,-7750.18485833683,2738.7307157041,-586.295186911574
2733.53668434837,-3108.90163982398,1999.06370502427,-39.6328513547207
2989.95989275776,-384.96044921875,-2661.23451111312,1243.79588442888
3976.45518833031,2021.33486972661,-3434.93413385739,-419.793787070256
-3465.78132426766,-6886.60958924517,501.314783026371,1058.53795811518
-2577.69740327351,4493.54788458143,-2736.25170099022,3735.51183308647
-3279.59874049646,-2778.07280759471,NaN,NaN
-7341.76620103923,-1600.79775512432,1964.96383220774,-578.352893328756
-3359.72260522086,2222.77360495984,1298.61528656699,-3725.57752035458
2667.68038002705,2112.31837648766,4014.06144344298,498.82047057071
-500.024169921875,-3843.37060961745,382.953923677143,2808.45936403456
-3959.9566609158,-2861.46720605004,-909.814534150938,-3193.46593496113
6221.55946390225,5401.34730834326,360.154435388209,1396.30337628933
3989.42745366803,7357.8031656365,-2949.5196762085,-371.450077597637
4553.47512905192,3572.12370109216,3104.02204003884,540.551720958197
-4818.10419241874,-2018.66611547064,751.200905148678,-3733.18866920944
-2572.98092885286,1284.8580264923,2979.31116200774,-1484.02064131178
322.366088867188,-3698.78165482177,-3380.52931199876,2610.18214814435
-4408.25519647258,-1647.84064735828,-1719.03432655932,-3248.65056086766
-2943.33081005594,574.552273329639,-1921.03650074054,1143.87312536492
3895.86671768502,7142.95529471867,1940.5824326219,2339.96101629602
-5129.26503989232,-2526.63182720953,-2017.23975567611,3220.52681816494
-3769.14244917967,255.848836435149,3632.98783467536,-491.905143820745
2325.79573950217,-4031.878686141,-1184.38843057895,-2705.210301748
-3631.90321695054,-2705.02795638685,-3929.493495572,1169.93206936949
3813.34242798764,6833.76332743544,-546.439770479952,1546.45633107311
-1471.98011332568,3517.23445148114,-4201.55503438129,1552.37239268853
3099.19102253906,2799.60923040386,1197.4173310302,2971.71740299065
47.6471557617188,-2854.42449634309,2172.47131480406,2096.41547413361
-2002.40709807912,-7194.87295733877,438.060136754015,-1575.2863727165
-1808.86798097249,4450.77429554032,807.458438670667,-3405.50154793733
-2188.33202611923,-2024.8826675415,3842.4288146052,51.6067504882812
2892.35800510924,-1411.87504762157,-791.174888750886,-3832.84611254554
3178.70248404987,-139.99951171875,4190.93290031096,847.220218802043
2682.04574657355,1924.57069030952,-1708.30531015617,2103.26822404842
-7216.92401405731,527.153154382419,1232.58497855379,2478.28339579394
-915.705909729004,-3200.00231270093,-3770.2231123347,721.434063400735
3326.53147613906,-36.04736328125,3022.65991404019,-1042.08590616234
-3321.87690753072,-2879.31181598197,1305.91077289628,2047.00187565988
4441.70206301436,-7048.08226330696,-1390.30544689293,2931.09069287841
591.640014648438,-3777.22148957433,-3651.00258865356,-577.113971710205
645.783317941046,2979.01384674975,31.9427490234375,-3296.18834863248
2730.31097462275,-4616.07756862906,-2686.96736889931,-2586.97956178257
-769.376483074329,-3049.89557368287,-2685.28398586006,-1091.10890903964
-2529.02573577952,1582.144910957,NaN,NaN
2460.78876352126,2456.20715040617,4115.42501645635,1503.19069508808
-1967.94307235071,4060.96421713507,1259.71392448056,-3032.54677454155
7149.38156397513,-2004.994845314,632.349006449273,2169.41469065251
-4342.69910343999,-6512.18150473419,-2076.63205988267,-1024.05671094927
6234.36005084226,-1290.7537317431,2331.96857961841,1072.61917715827
-4697.07242634007,-1450.6396269253,-2662.31445181516,2057.98599824263
1544.23214772954,2731.74858147329,4578.60840951069,275.502822875977
-3451.29305990189,117.0107421875,-1887.10829689282,1095.75571145959
6976.18724598764,-4189.72126851777,-587.389615192819,2206.36879627387
2742.11032007843,-1245.86016625256,-1834.25991310047,-4194.40309885748
2655.78415683547,-1143.46061779785,2304.53006331126,-487.95315013577
-1887.36048026055,-2524.20309315794,-2919.83145014421,3085.68140012702
-4596.33018689908,-1587.67229265176,-1312.63645883509,1790.15912682349
-7157.15723389586,3586.22073028547,-1131.8606218491,-1198.58692890608
-3859.07347677935,-2379.07314200129,529.2890625,-3387.80549339748
-1449.48998607557,-2559.82879139741,3187.12023798016,180.622015582267
-1360.13723511914,7300.1104466953,2377.89031830719,939.486244246486
340.586416430562,-5032.89424095804,3490.65694566754,593.880565025034
-2651.82824065438,572.105010097789,-2096.63100605936,1044.58568903612
-1277.5384731314,-2511.56312787777,4000.65506959134,-868.928859978391
2730.11703643844,-3064.18523889643,-327.408513766616,4165.65562920855
2634.81352341529,1839.70660081278,-99,-1977
1206.05518857797,-7629.20055270763,-1768.21513684591,-253.585566512586
2188.01047726938,-3941.86727221336,1714.31434904166,132.087699890137
-2258.77407092506,1220.39496640301,712.160255246605,-3962.6627238101
649.795391135026,2348.76517184073,-1237.23094373866,3288.63263429406
-2780.92884965448,1593.35323642753,-860.531443920979,-2355.58894597345
-3461.73282031014,-8063.60514190876,670.575046355318,-1532.13653478585
2189.7844519621,7646.50886602382,158.765777633851,1813.14410155668
-4614.27640921544,2654.23490858159,2355.19273981907,2365.77515849261
2751.69713607654,2743.7248930085,4041.18395962562,-114.690888977051
-2975.45063732245,2238.15970011535,1566.1886232018,3359.24225016425
2074.81106067658,-4389.54564013825,966.884746488086,-3801.06118776123
-2373.1460501023,3868.15854171044,3083.73322542416,293.415209723908
350.460754394531,-3659.56688372823,-3610.4950331258,-42.6081619262695
1938.85659353382,-2099.7986798226,3067.74878102907,2130.64577941939
5705.0139574585,-6494.02355197969,-1816.29338569713,-488.271274172027
-143.829410910606,-7523.48710680282,2326.00296391001,-1232.86349412517
-4331.77267374686,-2022.37550924754,-2254.26677200734,-3603.16272866643
-2984.97938344114,2798.50058309572,-707.301629623303,4182.29799100087
1097.35327228603,2758.38924006275,1686.67368336937,-2865.81715215491
-3044.49100287008,622.101384456341,-2068.14319332599,-3461.82058173865
-7494.47960428937,3618.48981204181,-466.25817014695,2462.10899424663
-2797.82401690074,3359.41859424599,2649.60385855894,-3806.27695847266
-1510.81685953746,-2984.04367901053,-4226.57395502971,116.017696049528
531.34765625,2743.53457718454,1552.84731309879,3243.73481880142
-2831.03957253886,2534.35854348066,2383.84158294592,-3142.92433784071
-7270.56936014214,3402.33846274505,-37.0771484375,-2852.37180245677
-7278.35969654746,180.412064278558,577.42728636496,1947.17344268846
-4413.51952193957,-639.802579200874,1629.14650115982,3132.2971300099
-4276.4956804406,75.8105316162109,2603.49585907219,3670.17392055594
1126.17565915974,-4501.24001981619,3522.3884875076,-2671.16825407426
3259.47708591411,-3366.05730748664,-3070,3198
-5682.09158123181,6260.01349161018,-1543.26818008125,-907.729291764154
-2212.93146873804,-7306.30130017827,-2917,554
-4309.37267467792,1937.33165519703,3633.79455850193,464.865242423921
-4408.52397664371,-1726.7635946165,-4227.70769882348,-1516.40898066661
-962.658667892905,4135.30414765796,-3163.88225520578,1755.55766368811
2190.68253790388,2617.28942570709,-2384.24515900546,1258.195471448
3931.44015844137,2711.01188752489,-1296.75437509123,3275.15034885888
4452.30804592614,6984.11221965717,740.316544249087,-1099.60814777073
6163.63936912829,-4980.35147915378,-1656.38387856415,-887.125940006684
-3343.21244622542,1468.64603201511,-642.672117716471,2946.43293657255
639.100998844009,152.53076171875,-7460.0314776415,-1007.47409866415
130.4638671875,2850.68992974773,-3390.79293038345,2818.81763262241
1940.88165753669,-4364.85225089309,221.821889273504,3896.63179508895
-3645.52179889837,518.858519158969,2504.02654423662,3068.83697615455
3935.3639376442,1576.18499961635,-3607.69238731083,-439.846483522326
-2424.03329144355,-2505.97604482706,3798.65533970779,-579.716627939386
-2887.74275118484,2295.37791856771,-3130.29833837483,308.821478798595
-820.081640643608,-2441.86128002953,-181.575462143408,-3326.2408647274
