complex_small_real,complex_small_imag,complex_large_real,complex_large_imag
-1931.78502315815,-3188.80398871635,6901.29817243315,-5696.81194437933
-407.2485,3356.03851353745,-7218.28025141499,2938.38045357059
-3249.57194255407,-2430.26126947795,1828.50653251432,-7654.51035378563
-4317.51700680295,2853.91235959742,7572.74503754668,4099.96968652167
-541.281835162707,-3249.58808733352,7115.97376161318,-6511.17668692261
786.462171879052,2263.70068258473,1334.80992111517,7147.18058581834
-2520.85081368426,-1705.73957303802,-1454.99500961648,7455.33521352705
-1977.05751925751,-2702.83823336563,3324.57078718215,6864.96839967614
-1408.345703125,-1208.30964164973,-1414.07065095041,7240.47930363895
2548.71650544875,2811.79633524567,4510.13798910171,-6967.56665416452
2404.30244584517,-3247.72471757277,-6452.18423547437,-6146.41881685953
-4591.51813669833,6037.20721383378,-2497.95592040988,-2631.21345814072
-1313.01783010045,2168.87380225452,-7727.49802483772,-142.022956819464
-1218.77233931198,3887.1128805737,-4927.63459482207,7764.55690304026
-3749.95325403981,-2208.8751848872,6039.3430863397,-6048.11139230817
-2030.27004330689,1680.94129031556,3017.20616262707,-6214.63837645011
2266.22027112232,-1876.26863921071,1835.63383672305,7043.18011502282
-2739.91056495318,2082.92960616007,-6294.24355640001,-4052.32110652419
-2906.71821916544,2033.38704278451,5795.52974244488,5522.20421539077
1261.71337249396,-3411.97225127336,6597.77069084902,3359.11600168331
-993.706965117365,1956.97438266044,277.584230669032,-7694.0659878028
-3345.33520541209,3211.84633883767,5914.39612974983,5728.27364705795
2774.95218435528,1423.37213453289,1631.23426627303,-7397.07591137455
-2678.48640832291,-7236.57349664306,1695.88836265954,5438.26203018267
-2849.18491681717,-2336.06465868927,192.87253888168,-7243.63341916564
-2233.19540118243,-81.7169475386671,6503.53453792905,2021.03519549091
3122.22319103172,-1426.57629519426,-6682.43115319513,-3927.44810331184
-4060.66085634601,-516.65720177665,-7498.61615223012,-6375.68502468533
880.018578558892,2148.37552613698,-7386.44613958326,-3352.52099219419
1869.75416332503,-1845.3530552723,-6329.22072441432,-4455.99218077346
7178.26115294063,-812.026455894491,4107.90526703618,-303.935707092285
-3502.97073222742,1434.99558996238,6609.94134150768,-6827.07300813933
-7014.54104201495,659.382477727709,4140.05264108828,-188.302772521973
1365.00270787764,-2708.45525485227,-1526.52623116629,-7164.05429278354
3109.39175000154,1913.95273905537,6785.19304956315,-4499.22939668888
3123.41691579317,186.344327467359,997.470627571876,6982.51953363859
-1837.99401102623,3886.33968149475,-4806.61781624393,-6992.35464027097
1607.6385698495,-6553.80643342683,4873.14526197393,-1622.2524673077
-2908.93053444509,718.196324472842,-7529.19937928422,-1901.38030272095
-2596.82168837847,2251.65729824492,7407.20084334003,2516.448965003
102.938462591564,-4105.40968882399,3651.36630806403,-7683.97479931011
6791.7074352629,1528.68257707868,197.999445264622,-4341.55902902505
-1101.10527375939,-2693.4464382416,-315.728927096537,7643.39387178405
-2440.75567592875,7188.13192381806,NaN,NaN
-632.277823970003,-2949.37429735852,-4926.42356166194,6574.16580529098
-2988.407346602,-2412.12390468764,529.303439588779,-7115.11639556679
-2493.68636356107,-3124.47918153833,-4818.07558288369,6706.34399232431
2764.95205886005,-3545.21443036097,6461.10396320075,5458.55034805102
2094.11691439643,1212.00390625,3826.85207918756,-7042.6836795643
3066.51760626292,-2662.76467565888,6604.16612667011,4231.73832193189
4539.23436268062,2006.7506896317,NaN,NaN
-2772.25529650426,2687.29896803257,-7073.43299799619,2087.72294248384
-1905.64421231982,-89.2788281796586,3461.97871309369,-7249.060275076
3247.21371253931,84.1779835380693,5670.90670261502,-6536.15581558562
-5912.00773133119,1205.18198396111,5878.71317380247,-4791.31229986236
-2218.39209557326,-2210.51091620302,568.235395635392,-7500.38037570763
2718.88232499769,-2183.06819342763,-7125.58285910401,2371.02767072729
2063.24910318036,2204.62123325893,1057.32020923025,-7711.19440576411
-2125.38361052081,-2127.76652682305,3411.45316497675,-7185.68867828037
1250.24559157373,1488.1660320196,-2224.21268530892,7546.42203032941
1606.97364682555,3004.8615641246,4339.94742557745,-6587.82714243653
-3954.41210031202,-3492.09140328863,-5226.22022361707,-7554.45132289847
2505.19442695119,-634.526309519491,1238.87440627615,-7688.78216023913
-5405.14952272196,4591.95690111777,1670.78431941405,2738.60418344282
-2164.50326853349,-1844.46533741903,2232.97140291835,-7188.32021582742
2678.85812001194,2395.15274769073,2170.6645414127,6822.06755815595
-1338.58430249023,955.860879870684,-1328,7376
4839.20362556792,-5121.06880354049,-3047.15564157731,-1181.17622368419
-2663.68420105161,-3648.51388218085,4768.59074880438,7272.7430205587
1209.80787612637,2005.58992611069,-7410.09750507105,-2255.90363400902
-3232.07822859901,3252.16342449357,-5284.54239154384,-5991.60555195815
3297.97949857862,-1954.30529276877,7047.48767537785,-5887.65481112136
-2133.43123521045,1271.99625481799,-7193.5952708885,-3203.34791367339
2596.80361796071,-2816.99684056876,-7058.08643941693,-3226.75382836883
-2602.1305872457,1959.01070983046,-6487.45073449046,-6800.10074108609
3356.16414873514,-2580.34298328693,4009.70067614979,-6329.46358880291
-2024.34696008194,1212.9666595459,6901.53614107851,-708.896385542169
-2220.83827817016,3488.32003100255,-5509.70182181761,-7073.78228737417
-2405.13761078302,2473.5399750881,-6412.85652920507,-5177.85527345421
1870.87913522128,-4394.18824006941,7330.03395317606,-5397.77269460825
2459.02119887546,-2406.24839223961,-7595.82220107086,-3008.24073624372
-2135.02816040065,-798.911705105804,2291.96049392101,-7932.95155463581
3987.76655018787,-345.226280212402,6652.62853413074,-6170.24892232198
2167.63069942264,971.405486399112,6927.38141907738,-2420.98426609703
-4217.61408381727,-5674.4383212339,-2479.55696867883,887.764578417004
-2363.5789793594,-2892.480016262,-4328.95535982505,5614.76709904303
-2711.94961752797,2677.62418357574,-6409.05698139924,-2620.57061176664
-524.984728348433,3004.92358402361,-2555.25882421141,-7004.33898010003
3150.1834652231,3432.23642342401,2090.27031258211,-7353.83256529228
-1874.41086189607,-888.858926969427,3600.03086976578,-6884.86125488221
-2490.33182771044,-3196.96624138399,-4223.26506543783,7173.14190540311
3309.20134832473,2378.10752378207,6490.3708303368,6935.24516006172
4615.9820454462,681.379941498766,-7094.62944583478,-4296.52772001902
3355.88663971033,-1635.28921145322,-6670.59265761644,5893.15167279009
-3549.85305530274,2123.64774358211,-7656.42590922639,-2965.00118814197
1517.22928829574,-7540.06470086509,NaN,NaN
2713.68894391705,-534.552624293736,-1024.15956735187,-7148.75949204595
6421.95588421072,-503.807922648633,4186.97225750092,-1328.55707560044
-3618.03272416996,-511.587419365223,-6759.22349354386,4813.56259496665
1833.01826761978,-2083.76447808933,-1145.91479972845,-7018.18453091518
3882.52594645061,-2248.78844666746,-7045.95630787718,5412.83686196731
2566.40061088257,3252.47162783767,-3247.10462099289,6962.49834851871
-3177.93127419048,-2717.47020004965,-52.8289103507996,-7201.78756986545
-154.112266540527,-1682.08581331375,6686.49267491028,4697.35534048319
-774.301585713371,1628.04036247162,6701.63554859,4601.7495263666
-3490.8973725629,1790.07777476654,7434.85786439696,602.576716712106
3826.80664757033,-2989.33367181793,-7742.74636821877,-237.469766496283
2684.28515032283,-3061.02530608093,-7390.10786309533,5511.94455714028
-2134.9515569359,3240.83743683138,6476.60572828636,-6509.15508532658
1555.62288933027,3512.82602043986,2148.78995219723,-7234.53180327871
-1727.41986941715,1337.72210693359,7154.30684488621,2488.50399220517
970.520888209073,2902.99788067917,-2591.43146578132,7656.27809583926
3568.16225952044,-719.804989149722,7475.48886134396,-2536.76793626537
2556.82060248796,2309.62525544959,-7534.00096661816,-4111.45920553236
-533.887262018233,3389.9822315726,-5251.93885114588,-6982.09218963979
-3420.04442888757,3666.4725181196,-6364.85808747715,-6248.33428977817
-320.6640625,-2737.80473593084,504.724137931034,7385.0911992563
-3545.79243460531,1094.97506946476,6354.40353188268,-6496.24163535273
-390.739907331563,-2491.41486859243,-2374,6765
3418.04625242911,3136.21086209244,-2956.3482003983,-7210.0578433599
-2138.84582831621,895.726867675781,1251.21024550935,8175.14470596155
4268.21010554498,2210.78040293508,6081.18782837517,-6750.03221992405
321.394995752366,-3716.48149966761,-1354.29498250494,-7392.67734469117
1992.70142364502,-3690.78709529569,-3799.23514382455,-7095.32885415791
-3026.23830570902,1939.29972527473,7047.77608809669,3079.94615962087
2431.07470638847,1754.69712892098,2745.966079407,-7360.15576821354
-1690.76107056076,2125.3573487094,2578.78533899771,7084.70372999264
-3064.66907549429,-1044.84244505927,-6959.6369891981,3126.64745038737
3705.96212539188,1854.6236146112,6361.33329120492,-6259.01971778946
2274.57431842024,1232.27102599524,-2953.8079781704,6955.77618242761
2424.74086960496,-255.57266998291,252.196402616279,7611.75884845995
-212.616057981928,419.23876953125,2238.7690369135,-7177.00873122751
978.445732520198,-2967.21639188833,-2439.48334374516,-7034.11935616133
-2194.22178058533,-2113.83580201702,7083.99077499736,-906.433612823486
-3139.53888793819,3741.46815753205,-7175.32427593668,-5579.84257536966
1359.47331204645,2392.12262658234,-6247.35766507605,-6103.09742187501
-3419.68904211861,917.115338451564,6359.8509110999,2637.14317420667
2741.92746750373,-2446.99958622845,-5089.22364860589,-5758.40926820548
-90.8755810675531,-3490.12510749307,-6975.35471564258,-6054.24715461585
2335.31409496564,-2558.96797835647,-5628,-6336
-2770.22212444755,-2820.7818000937,5070.45031833749,-6330.16861264677
1494.37406795256,-7040.87439153659,4158.18087900873,4260.93955086212
6625.29612342021,-2483.13458938258,-3089.91453305727,2866.04480028803
-3221.40372853671,2989.96794470875,-7407.61519698702,-3287.04026933756
-2162.21088013676,2937.3958243028,-5491.0184173708,-5313.27095623434
2823.69986949219,-2876.10143345992,5588.07118029127,4640.95893099824
-3602,-1381,208.15921482371,-7762.2876664764
-393.958959979607,3519.65501993379,-3512.83372812988,-6823.9879229565
1475.76287078857,2082.60047658162,2246.83187598435,-7197.1916941815
-2610.42921412206,4012.21164315753,7534.45616766051,-4571.24899239186
2948.62207451884,2590.1217039034,4868.33501845466,-6316.17521729049
1299.17945470984,1818.90619157895,3237.12527410399,-7305.54052291153
93.3741636772553,-3832.50548181023,3940.61485278919,7134.81910660981
2099.51549616416,-9.16325586492366,-4029.03589704614,6109.3222111278
2418.56517846244,-1919.9305170416,-6824.54796430859,-2052.94742141582
-789.171508789062,2777.39922703693,-1193.1408497407,-6883.24297499207
1893.68430068949,-2288.78882486918,-7165.48322291454,-2981.927490348
2355.47739955883,-3000.03803987851,7194.52535218725,-1532.42566430077
-1448.53879074428,4148.36509305906,7315.23760568002,-4914.73371362987
-2693.39150258946,2234.7940369619,6291.02272173775,5425.98684923909
-7375.27380602762,1746.91288153591,3829.95307207023,1054.72057952881
-1417.31803191813,6926.21486420288,-3525.24795764758,-3196.6645163934
3797.69887285526,1134.70055915676,6964.75067431385,-4797.05452688127
1927.10549690557,-670.81178570962,6523.87855280093,2049.2719319691
-3175.39291946967,-1445.88421630859,2758.56727215433,-6871.64278243481
1214.5550644804,-3054.48376205395,-3985.13554432046,-7183.11900211351
-2264.52700299513,-18.2942275395789,-617.011515075975,7998.41212707464
-2551,5412,-182.058725861668,-4119.84679738294
2954.83249411729,2361.39553207239,5095.22150169824,-6221.59790260852
-2617.74733419267,-1767.16361648844,5155.92683545505,-6596.86064006716
-2742.88577093676,171.07421875,-7852.3593173096,-896.039479515204
-1776.30198224526,-425.098703170029,-2844.14077469034,7285.4203417101
-1282.18034010442,1180.09742531259,-2952.98864148391,6072.14406115532
2083.06871032043,2536.9800825386,3491.06590001892,-6136.3060309579
1593.04691346216,-2699.19346910112,7138.90130569192,401.249715036929
-1801.79206245695,-3936.71879599036,5967.72332208966,-7023.4601358812
3552.32633485172,6155.48041411795,243.832025196927,5284.51901514287
2846.17684459384,-2594.50308641975,7056.90037669191,3919.07077235212
1213.82180327674,-1766.32094552024,7275.97905354394,4101.78425075371
2143.12854764823,2966.83266112375,13.714958190918,-7138.01166416348
2132.10963600742,1951.90630542347,-1465,7359
573.999101184586,1846.67897827505,-358.505378338279,-4206.81724441556
1952.99592427966,3068.98032620827,6263.04830491486,5333.48352216195
792.26561377834,-6711.99529947583,67.0464643252794,6849.01959804335
2524.83992175075,243.055305032169,6935.51828061482,3149.33022508822
3129.37627177276,-1323.96300971799,-7953.75255887988,-985.010445597791
-3174.72388072772,-2410.31642478544,-6338.55390081695,5375.49902918855
-4310.69109630247,184.02880859375,7142.34618022425,-4011.17848396583
-509.692026902736,-2428.26981226401,-6544.39946598333,-3713.85196990844
-2531.9619429699,2717.06414146584,7031.72288203141,-552.561944190492
2587.70556618362,2264.82025152201,280.586036187223,-7507.44023255675
-1979.68860247026,-2605.10718774699,-4217.0147463372,7200.0826994447
-2941.54535319472,2449.46249691845,-6922.21539852266,-4653.02442993064
938.765954645786,-3393.33362642355,-2919.27355309508,-6818.63117930327
676.062192285427,-2000.92158007458,830.504544369751,-7573.65691756525
3486.9712765886,-2929.61611281027,6474.37759629011,5331.46483371764
-2415.43685475973,-501.998813826462,4783.34441165885,-6752.79832680241
-2829.46878010699,-3185.03604436332,3224.25930236655,7023.9944328118
961.463228775434,-3031.40827510962,-3546.93341562896,6484.56456152427
3152.339880394,-1350.03037628451,3835.15774015157,7104.48052894596
3160.90858774348,884.781677246094,408.913172819639,7559.45328547555
-531.580277101724,-2145.7668562506,-7887.11557307602,188.442668157921
-2828.68844781445,3626.00778534687,6408.67120050662,-7245.71028813717
1446.91562408307,3621.84549005768,6348.68565930383,-5992.29089842223
2629.26172003691,3199.52942114227,4516.51809976075,-6631.41101608446
-4556.41575097209,-3265.44218561205,5656.33623574904,-7418.94139194139
6140.80886793246,-1243.44511796402,-3927.25884046053,-2225.16486071663
-1688.48381380665,6821.65250077335,NaN,NaN
2416.32621534156,3046.07881407983,-3444.19223956509,6844.75431248658
905.371494254374,3751.05040120139,6572.35019621228,-6327.59239782541
-2163.83768484933,-2509.23482033187,-4546.41753043579,6216.84836248771
2925.9321189625,-1619.3791336825,-7417.68935452886,-2073.6263022384
-1733.32328739631,3641.51044257577,-6098.50116345142,6639.05997061082
2328.59935304991,2976.74640360198,2538.72680659587,-7439.99782206962
-2211.26420440377,-3117.42404580969,3853.6091622331,7155.77633089033
2247.3058525673,1285.54570244328,-4143.17129450922,7290.68932474961
1978.15060424805,-2469.75153120724,6173.98489225912,6251.0336791101
-3091.92959431507,1617.59244738892,6208.19698130927,4018.38194654362
-3114.30812057778,2070.71937060154,6900.42698586242,2819.16152092947
3566.36331270673,880.302720514268,-7102.99591537473,3269.47478927012
2251.86306750644,-4233.73754945471,7035.53807836,4648.35217919979
-2212.27956886297,-7620.18814663217,NaN,NaN
-189.851779390621,3417.67555184232,-3146.81812514058,7169.17523260762
2683.48488686918,1416.33036988106,-6684.61379206125,2881.91487944045
-2128.78453339134,1114.03125,4211.90337771443,6438.58097941051
2424.40680686782,2760.10566345478,5363.90156971419,-6752.63061034088
-3132.20640949515,1327.17925317248,7756.57212916492,1361.2652469524
4312,2958,3756.6342453725,7424.07541291589
4134.60051980026,-261.688344774715,-6639.90829967109,-4688.00671934073
4330.10148995201,-749.135899047231,7800.58179456659,5904.5172867041
2257.17247776804,-373.224426269531,-3398.79668418404,7131.06036634462
-3642.25990469561,-1304.05788166521,4342.64896914851,6943.66215109467
-2170.86746566476,-2915.9941599664,2154.17911441843,-7081.14443321119
-1545.37081972282,-3343.02317325644,-2179.55135500375,7124.00060245506
1778.87922170604,-3872.57819559981,5119.54948891387,-6809.58088824132
-2233.20834830464,3147.9779232788,-6803.86899470264,-4608.917575818
6950.2140004855,-1707.7797860489,NaN,NaN
-2884.57233818362,6888.53544707109,NaN,NaN
2327.0781932171,312.478445666575,7023.93355970794,2113.34578545187
2351.31251053335,666.201401464197,-5373.73400124602,6307.87195337195
-1007.84621558829,2459.73832090776,-6413.72232525377,-6304.40889255631
2566.34100637584,-2515.53312197397,7604.20474730561,2284.68821383509
1615.8873045394,-2730.06004636984,5861.43904557072,5076.00072678639
-3002.75153379947,-2257.00984979741,-3637.61465899747,-7008.83549818775
40.4088212025317,2756.40098208504,6254.81188283937,6376.77495566257
-6070.27177050509,-4623.83692454102,-3127.81932592229,2003.04920899487
-2637.22465981675,-2577.26401438858,-2910.53179521042,7206.56063560948
-258,1968,-7408.38308358371,-2547.87142614162
-2872.92163069548,-2378.78568699895,3184.30948389934,-7237.84150740541
4482.5136759133,2532.48459486406,4853.57729759758,7683.67915440475
897.483539336138,1826.65637246182,-2507.92327934175,7509.12968627531
-6368.41951817679,5587.58235277058,NaN,NaN
-3009.3940380974,3234.31588513206,-5696.99741709315,-4229.39345058068
199.926453699298,-1845.54408140721,1337.98622331893,-7342.36679425641
-3439.53769638066,-3148.29598036291,-144.315444842042,7355.42971326238
1412.84420888836,3745.37700883788,-5818.21968223235,7051.36542765092
-4196.1310216678,-2890.12763125576,-5912.23712067692,6565.12181144507
2117.76476746438,-3620.30298303681,6169.2318830819,5769.48157861775
-7353.07758146928,1838.34816112683,-4792.19612644772,-815.59523392945
-1195.77101478817,-3292.43810048498,-3744.63813635446,7050.42635887857
2281.78399634728,-2439.72873764379,7711.28359599555,2319.13558190081
1509.76682365292,-3488.59624512709,-7318.61880676812,5177.19319592559
-914.452528096862,3265.22380524835,4303.3815268208,-6876.11184984945
-575.650372388839,3386.89076449507,2698.42368340914,-6589.04910700791
364.379388605507,-3404.03300486949,-3274.7048980113,7040.40222770194
-1418.617226643,6963.63584321473,-987.811757601224,-3501.89656866602
-2672.13094503841,-2454.45374679565,6239.1613878696,-6642.26999945337
2243.46233201688,-2413.69437705376,-5990.05832665009,-5856.55830343816
41.009033203125,3576.61293793808,-6526.00460768726,-5932.00298507679
2110.7004909609,7025.58395667103,-676.006191327734,4954.23133208032
3577.14610811172,2418.95555577927,6795.09605459864,-6267.2110053928
2573.9855968242,2226.87402974645,-50.8671417236328,7228.24322811279
508.548950195312,-1959.77658554828,-2210.34973361791,7312.47848112444
90.0433807373047,-1731.72394738438,18.9319472704739,7711.34030051909
-1724.13376244966,-3168.08890275467,-4152.51133557388,6087.40106755761
290.647155761719,7042.46708355607,-2262.75870345558,-4844.07407496895
4142.10048708602,2414.41175085006,-3039.83633092655,-7624.87960096695
3555.51751015284,2832.63770892569,5200.33158202189,-5906.22090197327
2197.98529225046,2932.00488151113,4710.42006496581,-6924.02356544138
-6099.33448706124,5770.42201574796,3473.76075242131,1563.42276780623
-4461.58929305803,-5904.15006904502,-1990.2613364889,1948.76284759591
-10.3933387950865,7052.34984833444,1015.64305740693,5085.44533771599
-6436.93840805336,2174.79229746582,-5159.9294624719,-392.226806304806
-3833.09646937614,-1881.97632679722,4774.45672044127,-5899.58285284156
-87.9119629965073,2906.99571073412,-6274.64655590098,7240.4596994893
776.579243822905,3029.13440395817,-2615.71377142557,-7224.1072613071
2491.82208774349,-2962.80480855161,-5738.26823131763,-5601.33531540301
3787.63575951317,2737.06369029346,2473.90526665167,7097.17880738795
629.575900912434,6481.58359261082,-1373.70381586602,2955.3667599296
-6780.73110833111,2374.52098107889,-4763.88875208207,222.63842826054
-2096.9874385499,-3084.13468127032,-5651.17646558832,6698.38129209272
2531.27032146895,1877.60054068376,6767.07887008111,4701.3846939602
838.840188922488,-2205.09736486465,1467.4768952228,6818.48430248941
507.663246437355,-2073.96462140592,6387.19202230299,4530.85394960943
2480.83126615441,-2998.24765356984,-3034.75317284726,-6988.83985419492
3049.68288233087,1402.07189941406,-929.119004018554,7958.23562264737
1874.29598680096,-2064.12530517578,7531.15320197955,1420.63355927139
1918.95989474694,2780.71764448999,-5349.73231599433,6163.06498203708
-3185.9903594891,1955.93079207643,7103.00288664021,3012.80979757716
-3878.150665292,-902.718956156051,-7736.35122277534,-5810.70436499873
1184.2301164679,-3471.33575883286,1568.18276633701,6992.03986546581
-2944.21050109529,-3074.65061790439,5617.27064661085,-6827.89967248501
-3409.03562316895,2245.76780202659,4605.83620137791,7279.79309107568
-4101.18297487986,-1734.62100585002,6872.23250708823,-5890.32566462168
-2647.11510188123,394.398292113159,3767.59493755204,-6642.29111988867
-2416.29616730174,2695.50761236296,3640.67398436637,6817.19328181328
124.842926025391,3075.32255482158,5686.21418986622,5333.28833130972
-2132.4912884543,-3044.28704081062,-5532.7136079928,5717.86926330557
-3394.63443734471,-1829.31660338636,5861.58707690998,-5942.93720733329
2675.05623525732,-1934.82033157563,2354.03286082697,7074.95329159153
-377.123397435897,2804.49741915434,2776.95500250575,7345.12090898679
2691.86238400056,-2941.63452039313,-7300.76387751364,-3302.58639416253
-7389.84899955028,304.797389986327,6552.09458817762,-330.702823792645
4396.21197848895,1519.33953663189,-7033.129065816,-5723.00132881272
-3569.74100462588,1858.28833960188,6892.8354560676,-5454.62160203698
2396.47317681341,1895.05550818077,5673.25046796945,-6117.74722970524
-3339.79880935007,2616.98875761139,-7854.1586137296,-1912.08717994638
-1942.59133283421,92.7896728515625,1747.08582873658,-7611.13206635012
2385.54729591918,-3109.68155389712,-5583.31627006262,-6339.5515644116
3428.37065847542,2927.27115193203,-596.510501098633,-7607.43032600855
2829.91506874877,2924.97149946953,2777.24662628616,-7160.31629327268
-620.515030272111,1263.9548252816,-2027.67679199226,7208.51442355458
-3681.90795065286,-2012.04617644599,6132.52657870025,-6794.89423247761
3824.45474625357,1690.53553190562,3895.81661944322,7325.34782507768
-1221.99843978705,4277.62921370016,-5165.06612898071,7974.99814695504
1298.63584089507,4181.36464691669,5283.17220614863,-7288.88038915939
1028.90511331736,-2139.035058161,7676.2218741941,803.744131397454
-3107.29085125561,2832.79783179804,-6963.45334102276,-5017.7276832037
-1933.72503742419,540.472106182359,-4090.67757686997,6878.3155017545
-2811.89999031407,3496.23768862832,-5571.36797762333,-6363.01869136202
-1185.57427360047,2833.25787048152,5286.81700446435,6749.232318198
-3231.20028789562,1164.39181680754,7074.18108991902,-1757.07813786634
3258.54667761325,3941.7304685813,3442.32403801857,-7215.23550102658
-3057.33770045476,1301.21908107497,7628.03364434952,2055.46005397239
-57.7156544604719,-2494.50206263472,-1868.65965775162,7413.68872474385
2659.34775463623,-2429.99891954787,6858.24143519888,3106.60786283395
-868.18663875967,7361.00968784076,NaN,NaN
2978.83713078478,2541.13417214847,238.446090432802,7117.5916466608
-142.649320314256,-2858.86850143819,-6144.61453343653,-4760.2523531375
-1998.51852698986,-1082.74474592415,7381.42323705859,482.680797416623
3164.049839031,-2850.53100291626,-7564.14360547746,855.133834838867
2118.20172676354,-1832.60914578003,5836.27198546945,6176.99505305771
-3099.411904484,-2173.0548412693,5909.48775881833,-6069.29499323052
6615.69997862113,129.675598144531,3494.26949980246,-2118.04662091615
2465.36911040802,2206.31670728794,4737.44979135795,-6854.67765456397
691.053344726562,-2244.775185455,6058.35335235814,5770.2166071174
-3424.99390473086,-2610.30756511673,6200.78140755196,-6376.40900692951
-3457.48308673954,-2685.77975078303,-4852.67711065898,-7128.38782686145
4051.80820638808,2431.22175407995,6572.23014093774,-5345.21225958609
3521.12137426191,-3850.2777572571,-7399.62135742778,1412.50729777201
-3415.89832237499,20.1602325439453,4588.84484026405,-7649.8330776701
-3165.56995522956,2495.77527490175,-7484.70394962826,308.260116150925
-2777.98841245114,-1854.4004256242,6779.60815003724,5614.42769497361
3693.7668058789,648.500367884706,4606.06790828914,6881.65241022671
261.946342468262,2687.33074670816,1509.55535848148,6879.69784592166
-67.958984375,-2929.55813024868,612.85067374874,7217.71379047037
-3714.30796853625,1192.45289262891,3949.93432357628,-6739.95932626547
3804.97785683757,-2112.56581627815,7834.67419183773,5507.02669370164
4325.75472194656,2537.58806137899,-6316.29434605009,6965.99006037267
3876.37177577074,-3016.12175397562,-7045.67444960322,-6654.96729990374
6760.84985160785,871.553919491525,-6563.58439574102,-6134.14009425452
-1399.04352832651,-3274.99933089298,1881.74764667861,7037.50401972261
-456.191220911538,3626.02585337275,2446.01973404165,7299.83785334471
-6452.99952816254,-4596.28466094843,NaN,NaN
-6305.69590290264,-2456.73596523776,-3619.16516728652,-5424.06838366333
7236.04040671527,414.74936612943,-1870.42088831059,3488.00451211666
1594.01287164612,-3480.21925600877,-7558.27497660579,6346.99197489145
-321.517927323321,2931.54655658439,5470.02816619922,5142.4349732799
3106.79142692412,652.11446053306,-7030.78301901491,2701.16389875342
-3291.16997973505,2159.03779282225,6756.20774443431,-5762.89203523446
-2667.3804881009,3114.78633059072,-6812.06810815758,-4977.36895019592
1419.11683092418,2367.52526970523,-3934.19757226678,6785.94846809029
-1999.07766485316,-6962.87856575668,2101.8154422392,4530.62678165188
-1334.14612102891,3893.98958896809,-6874.72347611522,7205.8897836527
481.636979892061,-2200.19805262074,7964.71210917987,2555.4976718363
-1952.82471238884,-3701.58116048925,2450.30058410374,-7424.3828579851
196.314583633069,7445.83078879362,-2258.97927720856,-5183.24363179292
2499.78121573577,-4290.40637043517,7484.02298727713,-5959.72581307404
2976.01378647512,-3866.60971439115,7035.57606263445,4758.97012394694
-2921.46368877569,-1051.46722492576,-6332.27336320519,-4439.38282012045
1212.91487164712,2595.5598877005,-1590.93271573968,-7009.36393141428
2407.99884915446,2118.04060940018,-3337.62564296235,6467.26208846327
-239.011108398438,2554.37269273306,6042.67208702242,6297.94218877175
-2518.20724607598,-3220.28853467432,-5820.3955211666,6001.34768083059
-6979.85093291301,1348.28182952344,-4805.94992599783,-57.6716384887695
-1226.58237664431,4285.5854129846,-7093.68827082245,7955.69835112111
-3090.44089690236,-958.398523656779,6802.38588089852,4390.4180029494
-3512.88279390512,1564.00411240576,7393.53885049888,2504.75289763783
-1934.89314261093,-7098.7166385018,-1042.5493441599,4376.03589735769
-1044.85912478133,-7207.06670734109,-279.023076872207,4690.98320723189
1597.70469131314,3664.03114444521,6843.04903257238,6060.64196665261
58.6601409912109,1845.66182622566,-1084.29328153338,7300.83720431839
-1651.969951469,3379.0101638097,-7068.21612568107,2970.51105878995
-3252.46029295061,-1831.88042649788,-5792.40742484237,6176.98552585179
2803.04690451213,-2816.91536497961,-4664.75763314299,-6878.37394542674
3923.76349592422,-83.1655162138994,7251.84368123111,-4981.40914571694
-2722.09458782685,3412.74692417112,-7420.52343626913,1779.14431459541
3729.79053446005,-1437.15818023682,-7276.94584969064,2035.41699232678
-4673.87936890839,-1093.00650837852,7101.58765346772,4399.85565057925
-2770.21756195878,152.619834710744,-7749.81239623221,-1858.50722100048
-2951.57931050863,-2899.71759143669,4563.3325190478,-6438.1567587439
2526.85965849805,3345.54368293243,-464.02318572998,-7474.67163240953
112.65625,-3734.57699542639,-2510.9373226354,-7342.09521176396
3051.8406576193,2275.4397281946,-602.081619547181,-7258.78152190067
132.162909118044,2122.63940832652,-2768.19824849096,6595.62644609019
352.870333824874,2829.64415999449,5704.94526241872,6269.58311688939
-159.312660035427,2914.54759795846,-618.901304070269,-7498.08826858398
3990.62537151414,745.054246059684,-6980.63183021499,4219.6970636179
2889.44591554139,-2517.79432328221,-6202.91189205911,-6093.08436054635
-2630.60331072656,-3098.28601961324,-1182.21816770889,7522.32646203366
-5393.49018509482,5662.6919635576,3160.4337183877,2035.20731296861
-6705.57523602111,-716.616130705394,-2454.87965976491,-393.829366072143
-1340.6603379878,4778.13004730245,3154.67320816768,-4902.42794412562
-152.962532043457,1218.28254690288,-2659.1980207098,6559.08280370229
2384.31626840241,2250.73677481708,-5997.84956867478,-5813.12712819725
573.316472950837,3774.29657100339,-7005.24212865458,6358.47608205827
1833.81161825562,-3714.73082327711,7181.05769629989,-3061.04775260477
-3439.64848803095,3776.06544324075,7300.30367981015,-1955.11169598554
-2536.59002557844,-1474.76266840966,-545.173111361541,7512.12758050203
3135.72429327059,-1239.82824520329,874.558787378772,7218.75426846098
7150.58474291079,-2014.22133042319,-2078.23573598316,-1767.8335221124
-6187.44330362697,-102.250100648503,1904.03162579172,4639.23590982235
4097.53509168827,1013.56472715912,6627.08937156009,-6263.01860712203
6775.82192431182,3285.57080345418,-3744.4266132896,3759.94691642199
-1985.49706469927,2272.94007057673,-1462.57606382979,-7203.08160692589
-828.418519127431,3495.43403279193,-7508.23201984352,6501.11436592559
3350.53900245359,2384.26529483095,6151.10304624282,-5431.08386941775
4085.13670720759,556.323353293413,6580.03974499847,4097.42990334641
588.610458245798,2302.41225519655,-2310.98666497073,7278.29519075342
-4342.09435225007,-2925.15220928073,-3683.09313676786,-7579.11840021974
-2953.9170709338,2713.43511661525,-7493.5418772769,-2524.48555614432
2705.50678289058,347.920839685593,-2043.54714887599,7441.36116205322
3211.81337566376,-2844.23326542388,7965.13810439411,901.523223607194
2318.46575786309,2696.70505784125,-3882.76139177446,6788.23161912493
2488.36954699246,-2789.73988438105,4487,-7759
2450.23563942273,-2876.5187006687,7766.40310899958,1936.49292561971
1671.43731550197,-2116.68009868421,7736.58747924414,841.108403015963
4201.40776767164,2591.12746157541,5620.16944269019,-7148.7995533036
2422.70419345807,2555.10180040895,-5045.74931968474,6233.23530798804
-1512.24517647445,-2362.79328992184,-3086.49421553154,6637.90861853895
-2848.71796249762,1674.04670427061,-7084.02438187482,7413.75010404325
-1910.8945875036,5150.83055605873,580.827472976,4571.30791004873
-496.428095495076,2625.64393969604,5563.87318101213,5838.11589127303
425.645736232595,1824.37781041731,-2856.02213138386,6768.92376413318
2463.52927357501,-998.057351834557,-1413.57883052378,-6962.99063234253
2175.81625683047,2549.78512454136,-341.756444914524,7371.64440286455
2446.02743437836,-1712.78373804804,-7233.53467566276,-2308.78817925454
-5008.4018558319,114.741873545614,-6637.6945893594,-7021.94688728515
-2949.27412936356,2613.97631062615,-5763.91088926141,-6140.56066628715
2759.95320545979,2007.33989586084,-6091.30359161292,6598.41447262807
44.3652071091968,7136.43521467441,-1284.89192906822,-4391.01434137344
-7490.04969162349,1157.78379116836,5252.34147987325,25.83203125
787.494711810234,2387.62592050981,-3773.24703342672,7129.11489155044
1848.09836165504,2459.95500532895,4326.43506712823,-7301.67767123911
-4526.41225448988,-1610.46326397919,7089.35647750481,7585.29926449663
-2930.12051425382,-36.6399002462474,3520.36447873668,7043.60489224406
2231.45680764777,954.21625,-4570.79252466931,7070.69527611957
-1457.55351375591,1075.67094421387,1527.65362745005,-8163.64459116962
808.772904816397,-3540.87331455146,3518.93348476718,7216.66570401021
-1564.33691282694,-1157.1530791492,-3972.00908737447,7035.99494013414
-2181.78406246125,2165.35448025975,-7678.87472224223,-2495.30324211456
-4566.6408223674,-2823.79636719471,4580.73418210042,6914.95691599915
-2311.94388129324,-1745.49703593888,-2911.042986055,6685.78739857744
-341.937630914074,6850.3078943424,-899.348388671875,-4670.09613427355
2991.47797034596,-2743.52691709855,7348.70688720232,3427.33117050836
1261.72164700869,143.293683569604,1737.72176072512,-7816.59569092476
-2653.39807733876,-3547.60495082751,-3374.74125697339,7228.34789974829
3391.52690323208,-3514.93503772862,-6887.18207269645,6479.24289813321
2771.1208976834,-2855.08884645451,5446.42245834746,6108.40071440052
-2124.82166482562,-99.1640625,4230.82838808199,-7066.57811142699
-914.771160576176,2823.13771479688,-4207.72345759078,6365.86115519353
987.527162957817,2211.67057254917,-1164.81785459664,7268.61951678205
-1643.44596661978,2298.17864975562,7165.54090849444,-311.538833844147
3296.57169915958,1999.30205643995,-171.766000255863,-7280.64623352358
2488.28477990234,1327.30171083355,-1583.802370692,7062.76682090808
-3332.70066674091,-2515.47659326447,3602.15622816199,-6361.23695369804
-344.580095168083,-7610.64413308997,NaN,NaN
2664.68018069196,590.331155528193,279.515903865964,-7543.43890580647
7644.11093691165,76.84130859375,-2759.67992849567,3221.99440536525
-3684.03708971323,3021.83566436627,7472.66937171661,239.641967773438
-3507.91099965563,3544.53189744629,6789.27866529516,5704.72465547681
4102.71142647763,-435.899231266311,7178.17127674428,5613.03422013499
1467.53461165409,3078.51947680152,-5516.19711284728,-7249.54240008629
-7517.57973085902,180.02099609375,2059.45671463642,-3429.70257765169
3016.64960005878,-3008.44883846888,-4551.54209349583,6669.13665940153
-2436.25754552302,-3080.60910069694,-6031.08992330435,5303.4051604468
3226.31368703646,-2216.06561280693,-6138.44886787887,-5427.16699698026
1496.38635948288,2613.88249753058,6855.05704658772,5279.36461957126
286.256348598585,3843.73858143174,4271.51453144629,-7452.00159820849
-1556.00711248061,-4341.44412830892,4428.16784082967,-7527.26077889314
3326.09864810629,-536.487542009618,3796.68690989358,-6940.94205406372
124.622933575896,-3141.49043612692,-6914.85793016785,4455.0224668053
-2701.78420120561,3427.54577200859,-5078.53422768679,-7019.57719943603
-1905.36517247159,-3559.5607661285,5386.19105833697,7258.8327183227
2410.07550798476,3106.21898791559,4756.05879194315,-7050.24420579357
-2278.4411890255,3967.38949197317,-7512.56587494483,5256.37861442831
-700.166608518613,3401.97018593467,-5016.41175979514,-6767.1494853594
-3209.56095871913,2918.07009563267,5936.87519604456,5422.47511966794
-2063.04848340315,491.187085743192,2861.70585214428,-6213.77215457698
-3111.92993552764,1830.92968941333,-6633.77126638248,-3491.5667297203
2883.40167301025,-2958.95275791503,4752.51268061321,6745.89383863804
-2759.20720919947,1613.91555617316,-6995.05530665847,4165.08793282036
-1871.55398853897,2999.59330461114,-4813.18569065532,-6873.01097115055
-1926.99295823754,-2976.89635781524,5001.4993434211,-7463.13118759179
-2818.48916834559,2721.07006353575,-5633.03445321129,-5751.03408509218
2198.7174027026,-3423.08214815336,-7635.87722735726,-2228.63112842913
3167.9898534149,-837.364798568365,-6655.21809056449,6021.15317654793
-828.625641581076,-2636.8354274218,5877.52906632891,6634.77187791365
-2029.89781240599,-2789.72817933201,-1536.75504747767,7560.53142871419
-3497.58160807169,-1053.88567781697,1648.90030364372,6928.00602767142
-277.849710982659,2504.68520246011,-6167.95880731734,-5110.2557831499
3485.03658907398,-6962.12820696151,NaN,NaN
-1146.67767718611,2597.35801719857,5655.16883932202,6174.85678896711
-3869.95034150897,3056.8004974242,7291.83307746204,6826.24082469716
-596.442073170732,1727.22400116196,-117.366908482143,-7797.2109845355
-267.808484523915,3709.75529801407,4314.91230910665,-7441.360953056
-3773.34719220558,-398.10234375,NaN,NaN
-3754.34577483005,-1949.34228515625,6795.26656795721,-5674.8238536481
-1902.45124659768,-3128.17088545001,-322.093505859375,7309.90180271448
2937.91973876953,-2488.88740732095,4977.09058861233,6371.54017149287
-2877.01457307116,-3136.04585643898,3443.67596662619,-7368.12506577934
-3462.9051612503,2246.00577634146,4600.71111517233,7085.28686904566
-242.227661132812,-965.750069615048,7393.9941710716,3152.68618497845
-3443.95361635091,1020.88731363811,-4833.15111533002,7334.60682643758
2571.09767216895,-984.993821807412,-7525.45307131786,-2681.84420371385
-2701.90876942722,-924.490109577974,-6739.64384524321,6788.88779288195
-6679.67219019112,-2221.9795858117,4240.7569586496,-2391.33936876516
3638.60186996249,5288.23126763442,2173.48702457025,-4842.29582255845
4023.2728969552,-1467.69460029321,-7401.09592518655,6460.78658286052
3501.43544573722,37.9303306935582,-7186.73146175156,2552.9799316725
-1818.6218146729,3039.28658307185,3683.32994870749,-7796.08501579903
-3072.02861375021,2797.22390821295,5184.69597201119,6190.79094304382
1978.07448633071,-2651.37994663808,-6055.47333946841,-6391.99913600774
-3024.36922986472,2983.60546111997,-5949.5222960907,-6391.88687059727
3537.66545059412,-2110.9069915882,7415.66582890164,3089.44205874252
1927.84304323962,2485.75882763802,698,-7492
105.74308013916,2557.62649667217,-131.971014434492,7599.5603678997
-3303.86958771381,97.736328125,7344.52997734178,-2166.23814411367
1053.71539827914,2375.87483248642,2521.5806518234,-7340.58094714695
1877.45895416183,1370.36960625755,-7198.82126253717,1306.16317384348
-190.623208352936,-2631.46556763533,1173.58991899138,7086.26075120037
2558.06743483403,-3256.66328039588,6846.07033449242,-4530.69687319143
-4565.6183474734,3971.90446730345,-3910.14043055244,-3412.00708566614
-635.003201925594,-869.505410486958,-6205.35530858296,-2606.19028312164
1465.16275413508,-3724.95624210147,6915.3874004258,-5475.58932221118
6306.96472192255,2602.4067361181,NaN,NaN
-2658.21843786665,-2884.21978062404,3101.73658113859,-6726.31903471605
3277.5613278051,-1452.91472343897,-6227.63409198086,-3839.42953224207
2202.03356587473,-3695.43907811132,6714.35085409941,-3580.65796177276
2784.26097941657,-24.5332046775707,-3976.55574835959,5811.19796959668
3029.01703398412,-1928.23946757112,-6034.60417060266,-4826.63082442591
504.982147638053,2685.51270630553,-1102.455034792,-7145.27023899456
514.585639804529,2147.66255354194,-2512.15742652423,7173.99484392717
1730.26289465668,-2248.55978158665,-2814.02298040537,6531.13306279368
1507.94700982808,1757.0126953125,3078.14427192744,-7072.42072462646
1181.45640291512,6456.2642189558,4174.0643541317,-2380.3496082602
-1636.7786888419,-1622.06523209911,-6557.5345981698,-3930.95295271111
-3070.91858517262,-2617.9599978739,-3979.3814380884,6620.24293253307
-3177.71592349885,-357.498754372787,4359.77379061885,-6929.38952620192
1385.13911077911,-1737.64375234187,-6607.08752979603,-6205.78949920612
2617.82302959598,1582.56818203593,-841.461067351917,7475.71356612505
-3526.7022795568,-1746.39906055966,6805.65514854348,-5095.94559474942
2773.47288764074,-2444.72344051162,7279.82889113681,2610.20170161334
2442.77950743494,-4091.99873634673,5963.18156603485,-7061.81675145974
-3220.09652742672,3133.53394748375,4313.23414759259,6840.81336174152
-3084.05064895907,2640.45032440891,-5298.11517143587,-6421.61853052124
-1845.33316117214,3313.84628769129,-6801.90757752986,-3901.37002458242
-3885.28830844256,-169.755599754936,-6871.43830362956,-4840.97111601549
3429.51947731986,-2760.77137267063,7222.58440731125,2268.88075728221
-1244.44821826482,2188.36936002124,-5712.42143715753,-6365.0907429818
-2914.46946245606,2709.56033705367,4942.09596549861,6825.14290127785
-2471.04399142012,-832.946456239625,1182.8903240753,-7995.36987390608
-1829.9596388911,3016.40503315225,-7805.18141349313,-1118.79171025661
3321.67829983098,2655.03372541303,-6234.50509459746,6558.59058530202
628.395924773353,-2109.40190124512,-2636.63957014154,7557.98036304488
2692.61786389734,2541.47551322673,2352.26333046441,-7348.26453354501
-3612.81935665027,-2005.53589015063,-6805.30211182163,5492.99202106914
1572.1247909699,2937.327176781,-4362.50179806898,-7299.77091500788
1504.37166621618,1089.69461129708,-7468.07354749288,-2750.300132531
-2978.89684857764,-2219.67711510696,-534.287288146611,-7130.78916386711
2437.52067984357,2830.8028117026,1990.87984765256,-7370.83147361298
1904.82280731201,2032.79895536778,-3096.33522232784,6952.35882182094
-1649.26246140234,1879.86759499684,-466.908507097336,7688.83824887348
529.818215056315,1973.90143169524,-2727.00782575999,7046.11212255491
3961.76553203533,2151.25950329509,-5294.19276685393,-7345.18608639732
-1448.09411107062,4066.06848958657,6767.55751693525,-6700.84794570285
720.876403808594,2948.45778132139,-1201.91542740245,-6883.7418439866
2328.22343858553,3000.24002656422,-5125.85481888792,6858.56349229526
3400.44207208807,-1278.63552623014,-5752.930807573,6906.32794180664
-2450.08621718552,2739.50216373439,-6242.31957606645,-5439.57418068176
-3809.02849843983,-1306.72474871758,5454.98622673109,7324.71902548557
3622.27086941913,-601.770765819376,6664.18109445885,-5167.44995041406
6785.33967877418,306.873896280924,2878.70080999934,4886.80713749688
-4348.33065841833,-3498.73098936137,-6688.78460179959,5673.19059948994
368.469251250208,-3171.80389614763,4581.92530771122,-7113.32589780761
3687.74400590292,-2061.16064590849,-7496.00298514712,1626.13327741861
-2506.45676731419,-2447.6964890699,4774.30150464643,-6800.64059219771
1825.32167526265,-3553.728390643,6909.40465437242,-2402.62335530117
2548.22115599561,2409.71190587733,-5942.02298141586,5655.73625107493
-7135.0928405448,2385.30378799387,4068.79042045971,1623.72892310899
1192.71153703043,-399.440381143527,-3225.48948863636,7145.80985363559
1100.72729316547,-4792.03660218917,-4698.96025616462,7341.39200941934
2439.89234164205,3953.80234053351,3638.12474854621,-6890.59773846672
2047.63087117453,-2470.89840839904,6024.48868081417,5991.76437641043
3789.70274746295,-4253.22365111795,-7574.67925176333,4115.6928842474
-4211.56836312887,-791.597112777815,-7815.63011915413,-5702.21571489365
-1974.29964929605,-2974.49389332738,3242.00814134546,-7581.51199363538
-2692.72689665931,3012.6698799413,-6678.51890998546,-4919.8034098687
-1917.41220746779,-179.19140625,-7441.36810687429,-3160.67243254334
-2332.89515118819,-1787.07895418419,-7354.00476963554,-3436.16688786067
591.636266015008,-4182.79915314518,-3924.35631426057,-7287.20992300191
-2340.44852363225,3128.82956127127,4198.94383429352,6879.1962737219
3024.71524007465,-1304.94518463641,6945.6707271263,3008.78846060885
-4115.74177728635,-277.835140061397,-6881.00761775769,-5422.69963243797
-3023.19753364422,1098.07966119712,-7570.23806818083,423.863868713379
2531.43830623183,-2739.40858051249,-3445.28521448085,6996.55636037751
-2846.73635627132,2722.34256695595,-3534.11411927935,-6975.80711933999
2526.96950524361,1657.97378023047,-3864.38346408239,7185.55955611085
-1721.04059049164,-701.377516216843,6715.08612114892,-1541.14513878888
-2581.36840648652,3009.92093843235,-6473.75537520057,-4953.01114425942
-1235.16959212288,-2989.78769272106,2104.86406805351,-7602.85208437411
1525.6272277832,-3460.67172421277,-2365.29544904626,-7115.2352065576
1169.02379195604,-3952.28099676211,-7271.40433237138,5989.15577349711
6925.99859236341,3924.28749743227,NaN,NaN
-1914.22011077881,2665.07765984412,-3432.23996880642,7292.36701493733
-3263.43511664967,1262.43939565742,7659.30471296707,1078.76526687113
4549.14733477694,3053.79850621732,-7246.19176226848,-7056.11953128545
2469.48373586935,-784.482653125957,-6874.79175853075,-4230.83687597525
3741.39062283836,2453.1028482593,1584.45215083692,7092.17901901628
3158.34077559609,-2323.91537728858,-7256.66659185866,-2748.15621230969
-3000.97249829313,-13.4488372802734,-6847.30949243431,2537.24072523089
-2548.89313410347,2168.02053504145,-7613.75223638614,-2607.09642558214
3796.16965323109,1437.27998919308,2086.54522778342,7158.02466862837
-185.44306579003,3259.94625924803,3003.6017600503,7034.5946198868
1753.16919047061,2822.33535618643,-5845.7614604117,6301.53872028798
-2547.53140650119,2206.48539654292,-6116.55510365235,-5702.60422117847
-1172.91252391914,-2246.80605692203,-2340.61125980422,7104.74011201984
1326.47632955849,3075.30319146976,6985.02112951868,-4357.00902666854
1215.49608187564,-1734.56450577266,1773.62195816631,-7744.25395255253
2471.99968107898,-3582.02587741819,7001.80430190715,-1784.18517252056
1103.81737587071,3777.632406248,-4613.47633357037,6742.46251909173
-1563.17299364812,-1882.2967754918,7937.51314209051,1459.70832501005
-3758.11935564635,-2225.10759125137,7164.27074893677,5524.94515084688
-2807.34315829435,3316.36504109778,-7165.99135436662,742.374113273494
3846.92403619809,420.695997723882,7001.45901459994,-5160.53995189393
-1168.15065229296,2185.46314278243,6403.96484728881,6015.20645403866
-7730.23279054001,-253.989307089311,NaN,NaN
-509.17303006943,2060.22626295491,1863.91753952382,-7544.78155768597
3080.40896152208,3473.43209589192,-6135.35946734838,6438.09835366642
-2008.66943359375,-2324.01872036891,1275.91259420417,-7710.78068920622
3625.4177478853,-1789.37389459976,-7155.23928081695,-3755.83471736035
-1287.74355802562,-3939.68663714482,6230.64640740059,7040.94460351013
2321.93385759448,3011.95625109283,-2548.37688909372,7361.88968691729
-4670.08869138659,-3822.79659032572,3448.8428293804,6807.09993113257
-936.235174093249,3868.35706645814,-3254.69200070854,-7133.344689842
6510.04140527587,-3417.61358797956,-4247.14244351278,-325.258811950684
-2556.84015575584,-2954.49550259051,1177.03363609663,-7595.68943955332
2512.5973310457,2875.59281266074,3143.03511086432,-7660.78208516807
-7449.6250516161,1058.65307263821,-3942.15068436353,1034.18677807995
-1046.82257080078,829.805363558263,7636.89913085329,3643.94438681996
-1303.45315146402,3737.94450396052,-5020.26657746496,7576.93401484675
1515.31821493669,-1390.27215597278,-6616.97477269207,-4214.13579550476
-3674.80071159027,1499.48520720809,6997.64198835007,4640.43293742586
3095.0326272801,-2961.45730676834,-6227.4559529713,-4684.44326373227
-3053.60093538188,-2076.30092592593,-6401.60081779516,5622.78703481547
-2352.62196383989,-2651.47152892685,-6090.90766806525,5911.16165115187
-2610.89921927056,-2850.9778309006,-3380.07765042032,7378.99954725357
-84.5081253051758,3167.78511225387,7259.29450022467,-1262.14918546156
116.488215782123,3378.96391113532,4762.94024546573,7120.63349085894
-2419.26692221468,-2648.4518335638,-2718.21514112903,-7079.91758709382
-3756.21024458061,-6772.1445516823,-1359.55654672476,3534.62100602677
2703.218917877,-2427.40708006105,5812.98751340888,5624.04958306077
3418.20506005309,-6369.65138993802,-2070.88378985775,-4342.33835380031
-1471.23084115982,4375.84062734946,5797.66613736902,-7783.2925803076
5838.81788825207,-4096.89683074734,-4946.6439438268,-4620.49425549096
2741.65285584813,-2840.37247817491,5765.09477982072,5802.3074240661
1572.57348413386,-3845.72132561786,3341.67121044865,-7186.08642056417
-220.875,-2770.50945597765,234.30610931653,-7799.69264121141
-2654.42057448957,-2160.94271557035,3395.95743928,-6809.94401770408
-2080.69170977656,-2975.3032440695,881.633400605774,-7450.03124713286
-3248.19674519262,2923.15989671941,7185.38898760613,199.0633430934
3491.41198461855,162.173828125,4837.98177622452,-6373.75696652447
3893.06607692726,358.45671746874,7231.0985704048,-3692.56299075548
2511.71659320534,-1272.22078704834,7328.10289775404,695.362475238555
1223.54395814436,-6323.43413860393,-2966.51131959133,-4656.5401669414
-3711.40931782806,-1712.51453068592,-7342.95948876138,3736.95521240972
-3337.92217081034,2050.5391536178,7302.32765283469,2699.43072915246
-2143.82002144559,-3089.78713053815,-2778.44126732628,7026.67896168079
-3315.41256062389,2149.67969132155,7293.81543310958,1243.24078597552
-3133.76345919926,2795.52828708108,7143.48932318251,-2788.73781370668
-561.433070799333,2724.69192325368,-8800.48764546435,-1175.06927491297
-2631.10968430923,753.03173828125,-7381.77700203765,-2830.13687646268
3840.72156593589,-3098.27696294782,-6537.19341180818,-6449.47656432558
-3835.83734206313,-3490.82647353936,-6373,7014
-2332.88659983208,-3286.53980151627,6693.51253363449,5982.63164751183
3111.65843273221,317.423933546884,-5401.99160407537,6551.24304000798
809.066045360138,6672.49159376922,-4178.98370986307,2091.29770763912
2461.34439900882,2702.57904718787,-4706.43858738918,6522.45984073428
-3402.09065200279,-2169.46187213382,1349.15064963087,-7458.22742491921
2394.63746795275,-1020.39367612567,-7651.28280854918,-1970.88459097929
2623.98925483173,1967.2159816507,-4561.34870460706,6418.43273018122
2367.88966597667,2449.69582254636,-2666.70830749913,7245.63196332533
3388.76902388261,1272.22560911649,6187.58914782427,-6029.96142332006
2157.99860881467,2432.3589258964,3745.69068674906,-7146.16068363163
-4377.82086300052,-2565.53104395398,6664.47705858064,-6141.38953942738
2167.17714186417,2082.8494232412,-2994.80683919013,6988.66040281734
-5094.58133199785,2254.56748093972,4899.0901679769,1506.33643506066
4335.83131668582,-6256.49855493783,-3883.99203775125,-2158.89225416807
1665.1904600814,3226.66465610444,-3831.840912189,-7135.55719331912
2532.04722489809,-3397.70719694676,6522.0837548002,5870.90492693362
486.668120630187,418.106631976555,-2760.10414154128,7625.05315431749
2585.09858921065,1329.35593577427,-7707.34759256132,408.915833710031
-281.186883751532,3088.07126081958,2826.75348567986,-7346.6799329111
3218.59858527849,-2598.31072140883,7139.48083700499,4610.83723937168
-2493.68830682116,7689.22520215932,NaN,NaN
5103,2061,-6646.6048038667,-7206.78724066184
-3546.378437199,2336.56809097078,-7547.33525513101,-2936.07410589489
3321.54222572428,-3177.90038802246,7518.68471001352,1346.73644010159
-719.300509205058,-6960.51917521964,-1549.48463249607,3020.19435822531
-339.389484180548,3313.46675116738,-3318.71233128659,-7425.51451730866
1367.70564284667,-3087.87774572354,-7140.79703596856,4314.63966746897
-779.217662774958,-3153.20630498944,-2096.89477628057,-7219.4044476363
1896.38757324219,-3008.4262493978,3366.25790182278,7243.8856449775
15.568603515625,-2751.57156113422,-2415.10137944406,-7106.21876745529
-1853.41595642057,241.355426728789,342.712252475248,-7512.87290463452
-2917.96940955403,392.62255859375,-5169.15561741257,5894.58151921618
3350.15639207822,-408.963520665323,-6876.37717559865,3005.64505608127
901.431184909119,2288.10697285925,1665.16488663231,-6864.97576182841
2975,2320,-5509.17961156049,5834.20831464473
2293.45018354604,-1263.89853156405,6579.07572398775,2798.69530198006
-646.999642405357,-2263.76153800116,-6073.3120491041,-4964.62612502336
-3948.09364665384,-392.832560866278,-3918.40537921767,-6954.17838937881
2988.36179158124,-2710.71175685916,7419.71124140679,1733.70684349124
-2687.75564716845,2541.64966125784,5632.96357330268,4607.59755004089
-198.752160390218,-3268.82474431114,3202.97536882405,6986.69914676746
1976.12216532553,-647.714037033166,-2766.92779684108,6182.83430747015
1910.61161085662,2436.99039192024,144.437120053242,-7698.41346361379
1646.11215519602,2624.33019936799,-3567.65937552144,6400.28442713335
-2636.53691532927,3271.23719209823,6827.11690476806,-2015.9524307251
1797.1280401218,3380.5060506196,-312.794874391415,7352.07966947487
-3604,-1637,5528.89096463089,-6148.23027286678
2573.84321913977,-2224.80083161669,6736.40419378182,-5465.3085939424
-3171,3161,-6062.51999552847,-5348.15692772054
2682.9062194978,2221.51672548352,2178.98713302746,-7535.84240425362
-2454.67455362293,1196.58227968645,7142.63598821757,5701.43254855105
-2933.201955493,-2701.94997105499,-2278.79883824641,-7401.57396454667
546.59748840332,-2189.00600443375,6721.74655099267,4929.7153186813
4025.91422434328,1000.97802734375,7137.19113628494,-4468.87454812991
2941.13475802529,-2676.04084508912,5841.23404361601,5820.45069660231
2558.32360177805,3357.27343244904,2140.95818802635,-7405.91274076776
1819.29528493894,2757.22003764134,3375.13156935648,-7128.21236185294
3394.58870086628,-3212.01692502382,-6450.63794734298,-5287.6318452223
-3635.89982902437,852.45768737793,-7407.10163313402,2957.72040601118
2797.13355405397,-3625.97404928294,-7505.73542259552,3087.27459265884
6914.96212785294,-1789.09070261397,4126.50218196663,-1963.36099467057
6102.29385375977,4445.0974404487,1923.72660080909,-3666.11264387048
1314.51158780559,616.10498046875,3646.59073276633,-6970.62705460671
-7272.49869198037,2857.93225217791,2210.18819015775,1241.14172935677
3232.86900851591,-2630.02307745584,-5894.99978652877,-5960.7635229598
6517.02753382266,-3756.48505377169,-731.455056029623,-2162.6112508694
-3114.67374555641,3174.8375085124,3880.92104298146,6850.73943039835
2861.59759892061,-3273.94797702305,-3600.21318879441,-7279.92997881407
597.442900359819,-3366.33730643616,-2838.90717838232,-7022.68034737817
1373.22754400197,-1692.63764448836,524.231211490768,7552.48837592377
7435.24735972883,-837.745413912063,2326.27522873878,-4014.26274717227
271.449482421875,7293.43985787809,926.111465827779,-2728.58750380554
2912.75946949842,2188.07331724613,-6558.78508972804,-6729.16480305396
-1916.91865520097,2577.57649230957,7786.54600773344,1434.08427136323
2247.64150395525,2887.66839577224,3064.6429132974,-6996.83878029887
-3148.0477609862,2751.34635674394,5345.29734417451,6527.55314429685
777.523792763376,1942.61147704572,-7565.49466831002,-811.397169167803
-2260.52644741589,308.315364726735,266.164945199996,7232.70976824792
-1751.70329960751,-3465.14741918729,7079.7607597047,-4107.27709359606
3328.31495668414,-1455.63593363682,6641.38902501072,6601.65158794768
3623.46309027209,1528.27926099923,-6683.50792571658,4713.72271716915
-3252.88972043448,129.915036991786,-5693.56814629794,5720.88861795894
-2846.30862133155,1466.47795553768,7359.87658927925,560.518656764675
2170.04387345446,2863.89968290953,1901.09055624013,-7445.35784415952
-2576.74739738251,-454.478750536942,4220.26841159531,-6826.8227994851
-1807.36875100206,959.614250222636,-1213.06088257346,7570.85296869082
-3299.58935224909,2038.20354411986,-7559.61046801784,2069.99215501841
6334.28630459433,-2937.76825402946,-5398.46318563878,-69.4365469148404
2540.86388104165,2526.431632979,-6030.414403628,-7104.97883224833
3562.49390860002,-272.5896628052,-6690.66104992004,6741.9009334122
-4046.09350341097,67.5258197091266,6534.24337835721,6495.65018606567
1745.41531561117,2345.67897215174,-3239.98461756612,7055.03208795138
-3696.14404143739,-201.939795524501,-6817.35434863396,-4027.32987909019
2439.14823617243,2793.3450876357,-5925.80986684307,5940.65802972099
2858.33783574465,-3128.90054552789,6818.38024755996,4795.70875086783
1159.12005857551,1113.81814656793,7517.6069487748,320.911295810017
2504.25348836186,-3537.9381297109,4758.13860484799,6839.14594897285
2734.86555912888,6545.6228819756,-3831.73283461194,4161.46845123537
2039.99369934196,-693.454515824981,-7697.3194510374,-2042.39763314703
5286.52007839184,2700.15428446633,-5020.65396543676,-5041.77538286151
-1449.25605729332,1659.20541950967,-7496.34500413758,-4853.50305317007
1719.87913862979,2088.1678060579,4351.97615073522,-7191.92881232918
-2080.20250611311,-2771.67959828191,-2813.52483321162,7396.95740265673
-2650.10991569502,-2575.74605214989,3134.42606069289,-7623.40277194863
1914.4930891992,-1765.5309148265,-1063.34512113089,-7394.03070873556
-394.449882507324,-2581.28267574671,-258.020008336807,7415.3521995153
-3140.74516329919,-2546.0175731917,5231.54267465959,-5857.4751736102
2995.66050741665,-1787.84110317688,6821.89951993028,2817.58053580639
2122.98050843586,1688.20081441939,3619.71937037069,-6962.05918287972
289.242617584938,2119.89727518013,-126.123329081633,7557.11776674347
110,-3267,-2531.41454484811,-7266.17456813986
-3312.29063744902,2918.26936743828,-7263.31719466944,-5508.39488153932
-3138.09680751242,-1296.45284559462,6240.16916301481,-5437.57193751009
-2373.55208679935,1410.52682230225,-7667.9210462456,-2453.13648186377
717.520784083983,3226.46294065482,-7106.72742743108,2183.86466202496
7838.22874472208,975.96752166748,101.893841627652,3219.16421187634
-500.38232421875,2420.41507686492,970.915660284514,-7926.69967557139
4063.43322412711,-358.472717285156,-7315.43210188179,2960.72590637435
-3593.88980062883,1822.06538505432,-6902.14760303332,-4738.18702186773
-1934.74767043327,3154.08543220793,-4472.9370810952,-7019.73557112896
-1883.40937684854,-3103.80998899773,-3760.70224404157,6380.57608010183
31.8144836425781,-7524.39450221464,-1864.14671564843,-4567.31737180791
1859.15048041735,6936.81509076081,-1218.27165285746,2962.49383614705
645.339800568245,424.729904174805,2179.03258264378,-7153.31437107753
2650.74363821673,-1014.19140625,7872,2358
7742.34260306077,2785.55567037156,NaN,NaN
-3828.25335428842,-390.885925104005,6494.6991090301,-5734.77590298897
-3186.60266031863,1785.34317426539,-7181.86955295346,2293.92964586361
-1910.63052356278,-6975.91259615756,1068.34585345246,-3316.25414916992
2243.22585274897,-2920.60592929424,-7026.57755867875,-3292.2711758896
-2390.10959398954,-2270.08636340323,1033.07559065641,-7448.44332962243
2438.63922451689,-1730.30990169981,-5863.48480725343,-4853.59481371621
-2118.55636540918,1080.18695627365,-5395.03245063973,6382.97464034064
NaN,NaN,NaN,NaN
-899.639236130904,2237.49868274261,6619.60615887859,-2177.24905626815
-1847.37087396247,-1539.43947520351,-6665.30905599019,-3763.08548705529
3171.64852599973,3543.69038232912,632.054740905762,7400.05240912345
-135.784112053949,2628.01400389506,-7638.41132576543,346.162519860958
6894.74632506608,-708.497039818898,3676.49202379195,-1174.36218954841
462.14525,-2082.38288469265,-7031.29273516784,-4114.80471900736
-2143.91059003557,-2237.75407836016,-6565.75591614408,5337.87060249977
1565.50197238099,2245.03318578401,-2296,7066
-248.665145874023,2170.7025604248,-2650.11917151859,-2587.96451893293
-180.912216186523,2315.50887710076,1199.13922704509,-8299.523326164
-422.414590814374,1004.78801649584,-8477.74446225368,-989.996912867652
263.884400693756,3238.54960682435,-7036.37545521242,4795.64422648385
263.783325567604,-3653.58050921954,2815.47992794699,-6675.16792116232
1943.29061279074,-1882.85800231676,-2070.26042055477,-7000.63353223739
4577.59252087257,-1406.31559139873,NaN,NaN
1593.79185976398,-2588.20827748004,-7241.29623431096,3127.30043520309
3564.72906665076,1764.75268213709,-1879.08593602036,-7485.59898159961
-6680.60762806976,1562.94690409743,-3943.32782816757,1030.88067311884
2826.37745920415,2014.39072709638,-6932.84535993706,3371.14155445284
-1527.55658801953,7094.09080253995,-105.624488830566,-4187.01224491076
-5801.1587748601,3498.17610909781,3979.90360781938,3508.0121686201
-2074.95722813552,-2445.30157163747,5055.04376503239,-6764.73683956834
696.096513521656,6793.70585876235,1641.80547225915,-3353.91079732671
3040.91069495478,-3229.04434847101,7401.12283074498,-2301.32291729731
-2264.31418645341,-2123.78654349661,-3141.08267424405,7234.41340581579
-2780.09607945551,1827.58416365361,7764.81404866581,1236.97576084347
928.659188234716,3520.46537081481,6877.94158137298,-5865.8711340279
-2156.818359375,1601.56651823766,5875.52004457692,5971.83944398151
-2582.17965109952,2993.66470656753,4981.12556229127,6511.06943573496
2039.63635916536,-773.397574366628,-3506.35381099535,6143.58043230903
2828.5253738106,-2499.58490179975,-6798.70588543605,4340.41543780663
1657.4281197777,-6821.41028264555,-584.334131693373,-2320.31210648659
-1447.7824656271,4120.97897980737,5715.01860799826,-5873.42224763413
-1761.83053890616,2968.00698013182,-3193.74281606893,-7144.35076325584
1985.14155044853,-3250.28320149812,-4023.63276728583,-7286.70039567274
-1940.76607721196,957.874293835812,-7043.30295329209,-4622.31814984029
-1634.51038279743,-2146.79879142665,-5056.02608015541,6121.92025771163
2660.84828268814,2748.64990826022,2019.38002336583,-7533.06632480164
-2308.1724249478,-636.206355975137,-7430.58045071849,599.547273942913
2145.3656275373,685.314122402545,3727.69757972309,-7439.15388937522
1922.20055737542,-3942.05913657615,6948.21819495859,-7110.0332294793
-7167.96675064515,1210.43350472782,5555.79384939992,-3123.28564977646
-3503.49466356555,-713.607571889119,-6884.89033528938,5490.94987449392
1564.45359127338,-3158.63584599225,4669.86191642283,6876.13839215804
-2938.85690481767,3367.48149857346,-6182.60204250739,-6267.25805306665
-2947.19259549358,2185.84448664222,7044.36783885422,3469.77848646436
-3149.11269292082,-3172.07632362135,-5586.65954697785,6114.38883408727
3026.69865706403,-543.342464199314,5308.67803092095,-6352.29790578987
NaN,NaN,NaN,NaN
-2999.93891465045,-2350.72176626973,3598.3388231393,-6872.4098205397
-2613.42554587137,1787.61065407127,-6793.9165368475,-6582.52855919439
2020.34593573543,-570.492416650932,7881.70989549481,1562.75518949457
-1207.81299722995,1971.18512198644,1518.58550752872,6688.19905178719
-392.096371239092,2269.68779951735,-335.580617238275,-7491.18760610225
-28.650495217987,7597.27442898578,-3173.51884100517,-3955.64329258517
595,-7425,3179.96806368382,-173.730346842063
-3250.6400898356,-102.785853101718,6488.99890729504,-5750.70753754975
-2775.40355942755,2492.31864646591,6199.19634240216,5293.34230617723
1498.21774075149,-3047.26254778723,-7264.70668995797,5083.45889868417
3164.23352802877,-1275.76624364886,6332.51198190863,2702.92591257357
1918.34679044004,-2134.2088654723,-3724.79169332884,6227.63857922014
598.074656392345,2801.43859144599,-5175.1463031565,-6224.88307592507
2264.70931436923,-2997.79537031227,5128.29119062507,6321.12791894706
3705.74358585203,1399.7787685352,6160.79483720326,7398.46023543633
5214.74889570138,5957.23579884541,-1507.51149225929,3785.24544621233
-787.322622070412,-2463.83616137662,-2681.89453170336,7622.74808103905
2789.47412143234,3307.88907725518,-4619.75311447807,6806.94472833207
-3704.73379826021,-53.759765625,7082.18930789203,-4125.71190139557
1879.86645422641,2548.94488035663,-2803.69746388109,7346.15427467236
-4116.29236965105,-2547.4216407355,5059.22197435508,-6689.32688972134
1349.27044652043,2557.54402156801,-6844.12948780831,4190.92233727472
3093.48945753013,-3157.10710713901,-7513.76078480305,4113.39661022989
3357.73089840284,662.925760288431,6942.84661289252,-5982.73111841807
-3524.76375801005,1883.197007024,-5361.6575298098,-6972.8261950423
1167.78036467812,-3531.72112229214,-6678.95336985694,6765.43233037154
-950.7099609375,-1529.67037896358,1626.94311712803,-7445.58640881641
-4279.85753541095,-237.269949430375,-6087.3045607451,-5859.2403707863
4074.33991674803,1030.27452094296,4222.89158250033,6725.12876951209
-3172.15097063595,-2485.04662798361,-274.920548436311,7781.60764167037
-3530.41300580468,-2263.30873418945,-6906.99130943184,5591.35776069217
3658.55532273447,2630.77309068966,-7161.6959616671,3989.90110136103
-2529.66270509254,2719.27225889511,-7231.41390445374,-3093.1979544241
-2892.95757784268,2587.4218160316,7503.63197700963,3051.31204641063
2129.58381266943,-2821.10065690322,4685.73471286985,6802.09257234318
-1512.26514736179,-1408.35318105521,7573.91758076568,1714.75260381923
-3108.82288967633,-1401.14279024034,-838.726207244091,-7299.25713257315
3988.13431230966,1168.60135492104,-7023.69463332211,4537.09769256462
2165.74721206285,2641.30322259442,6566.27080328761,-5911.16966216598
-2635.96048201231,-3621.40723493458,-1426.98470145347,7412.00750513876
2678.15282994027,-1364.87538149554,2916.34130920782,6775.1549446272
-3093.44926372392,2493.22525357769,7368.93919720596,302.798299469073
1613.68800825429,626.08491316409,-6509.0392229766,-2825.88616993738
3381.16810050278,-719.530424269585,7594.68580730948,-748.048584719433
-3120.378228001,2309.4248046875,7709.79352231778,98.0869496530912
3536.45718773582,-3418.62030641906,7220.49457439334,-1636.51252742003
1747.20878155937,1228.40884372903,-7772.65719898929,-2293.82993130496
3497.89651253356,-1000.78369440544,4299.93692915638,6914.27982471436
2096.13770155607,2684.38715001955,5323.30049691126,-6873.70669630286
3215.42964164716,-2283.71062756371,-6629.00530589266,6511.08940229514
-2192.61216873511,776.830789998576,-7439.68254580147,-2988.38379344107
-45.4458618164062,1313.60052490234,-7746.25911589884,-1789.10878463618
-2299.09028863033,2135.45789961782,2273.50073442303,6823.23007445959
-3156.95871590612,-1696.11684991406,-6258.26235018194,4805.35614553211
-1804.96325671036,-2995.54654137011,-407.010453519399,7345.94839576929
3537.87738593641,2503.37771026402,-7443.47605325417,-6204.60922870217
-3697.539071655,2316.13169000031,7319.3222590295,2100.2178544803
7074.37135700966,683.074699401855,-5391.955246041,2949.77396295466
-6851.7891213503,2862.99175247959,4704.02662136601,609.017216245072
3253,-485,-7047.91138828592,1983.08528704533
-2051.92742511298,-3519.56871251705,3752.61927598963,-7281.15131911016
-1700.12902917321,1964.58766561832,6179.24608028103,4870.22158748616
-2394.35757864188,-1856.97498339043,-5565.54796740236,6299.00212599934
2210.52888660795,1037.65894823808,-913.517424947066,7789.16359336013
5225.93416689129,-5104.03222675843,-4649.11452429595,-1305.09820457839
-902.504829982245,1944.61872311948,-7799.0261586001,-913.549342627992
3035.52205759661,-1650.20354850845,-6594.75532122451,-2063.14703820322
1709.69081253863,-2242.79563171243,6321.85452053677,5193.38208721215
3745.69929797114,-20.8629760742188,6969.71858433014,-4717.7077439369
-1998.86442905235,1948.04339077822,-8231.06254526214,-1093.19105021608
2448.74779745111,-2941.12928818368,-7127.04839998582,557.667320251465
947.686707636788,2138.0691610532,-1956.75978709806,7427.15870942912
2690.70129933903,1993.92713928223,-6434.00623470427,4979.16749249597
-5717.18916263497,7049.07050974447,NaN,NaN
911.379289131552,3414.34978998345,5937.52454199626,-6962.93859895558
3920.24209260507,789.922897459671,6926.60841834777,-4107.05897973242
-3366.6360406956,-3001.95177383592,1597.65939093227,7224.83839801212
-431.111111111111,2881.39622503494,4427.27140183507,6713.20663876102
2645.82023927737,-1445.8062510952,-6499.69153623919,6097.99510502326
199.910917897899,-1500.28043358119,5826.56657087399,3158.05686248625
-2434.30060477995,-3204.9521084726,-2116.36719404999,7389.13840350415
-394.728515625,731.609397843567,-1455.81593890576,7703.08256010345
2753.48524223895,-3679.95417850172,-6368.35287586531,6906.32811694671
-1532.82434855911,4185.71801215095,-5821.67683446805,7211.00270822
-6934.40360602482,3263.87723395378,3697.45347513361,158.653315441616
-4264.78262515144,-591.632887559026,-7414.14377325107,2345.83172458061
-3762.37749714612,4091.60691362596,5920.58654039655,1068.72216510657
6934.65513424688,628.337775191277,3171.73550315746,-3491.25133160979
2403.2499983556,2530.52451752453,-4680.18321501256,6488.51357676942
165.385018813546,-3373.21801915969,2817.93816750698,-7720.20982908475
422.305735440772,1677.77880859375,-2570.872969043,6534.18159777932
2005.71621925892,-3213.29971552949,4792.68887293324,5872.86393522855
56.1388200297472,-1713.79536007612,2381.93477240929,-6548.30822254634
2934.06502549803,1089.41332919155,-6447.31076881626,4996.52673905127
7212.11913825517,-1354.30986478148,4233.59862960329,38.8445910666272
2841.48827889281,2651.52179316029,2894.32015445806,-7273.8230873504
-1435.08775992291,601.236100665594,2517.24096870669,-7573.29110241885
-2871.01952983725,-2215.36311688312,5424.72221471143,-6215.91586389372
2990.25385032385,-2057.87557399613,-6657.49525104806,-3993.23366514201
-2742.75723026262,-2678.40972747918,4891.57640382438,-7288.69112638177
-1857.23667716001,-890.768930288462,7276.39082347312,2777.31982500449
-2486,-2610,2552.38912511144,-6887.44944771694
-52.00390625,2508.01011500528,568.789625360231,7141.48773597282
3411.58370081215,-1123.84244396097,-4149.81107652392,-6711.8741805751
-2951.67464119735,-331.8125,5834.05260195855,-6328.14691483472
-6877.11833806705,2431.81850668855,-4611.57788764544,219.095092773438
-3206.26955445654,274.405484012964,-7597.77964267235,310.247596740723
2571.4820941337,-1720.71044281731,-4981.99236100468,-6348.47760726719
-2794.26284951914,2229.52750066597,-8094.39134771393,-1424.42318273656
-2803.69504759058,2591.11125862527,6341.12070190437,3651.27186679316
-2422.56802855978,-2700.15568910884,4572.57138869185,-6815.56274247144
-2901.12509298918,3298.50418107563,7489.07944985405,1273.68745397192
-1479.68830774949,-1666.84184020996,-8411.64500695779,-1293.74869233528
-2824.28610344237,2296.71589693295,7476.50416204528,1783.34928220141
2807.9411366202,-1369.80662455403,-6534.67706944464,-3344.68035593847
2887.86847792803,-1981.92380387554,-6031.12471841047,-3911.47769062504
-2823.57011672225,-2891.49202419507,3450.87445043618,7274.04511265766
-2758.22878069797,-251.387420598911,-5723.07843413325,6677.92242335714
1782.71682785802,-2732.50059448503,-3449.23959739185,7052.84878417447
-1950.09292568372,-3439.01525133014,-6900.38687534046,4223.29534393897
-2195.0217672897,1076.57832113237,-6208,-4791
317.453703796329,7732.10865221185,1476.60623772455,4605.71057950178
1303.99604310966,3079.26120447605,-3052.25575485064,-7238.44488129975
3962.9054071132,-4130.83357286939,-7324.47428373912,2966.96224097883
1823.41584014893,-1349.27247608603,5220.61165663325,6246.03150633516
-2124.8495667487,964.189345911929,-6643,1360
1547.24656168417,871.465386489342,-7319.87380899788,-1938.71306874988
-2897.26703691708,-2262.45236302066,4391.6742067863,-5944.65978755038
3070.373699375,-2246.68941851266,7358.5606521162,-1785.90300757322
-3630.29576435108,-2733.22576877033,-7186.25924644848,4423.04603902954
-7099.25674675525,1642.1450790373,4216.37883724093,-3756.85227119244
-3003.38679777622,2118.42237569061,6904.96281512591,3622.4316240343
2950.07549361393,-2375.72273145718,6334.120124529,6061.90523632619
-4416.88753306114,-3412.49846454499,6045.14496159457,-6718.71297227844
3047.00035328768,-3363.50323295661,-7006.39879268561,1827.7072884332
-2858.05605045984,-2290.31154534961,-7082.21671271755,-6009.14770751278
135.564877586384,2905.42913048428,-7139.1147964221,1371.91340875852
2880.78992777948,-2337.30492737052,-6560.82185640067,-4050.37342912733
603.229894774052,2729.5544448534,1589.2540486939,7075.36894109748
-9.34522454470201,5506.58015739604,-4888.10250825371,829.556407942238
-1014.89551339453,-1300.29179382324,-3817.36229721264,7701.26697859106
2606.2077261038,1350.97834099598,-4081.47936514687,7273.1091795998
3661.65285553252,728.607578357897,-6634.23739315739,4772.28131981568
3621.34185979389,946.736992830892,7239.13396710366,3648.50852978272
2180.86173751353,-3370.10481200714,7075.22534128212,-1208.10549945579
2844.85884561472,2699.17842200259,5047.90861096061,-6204.92329105411
-2610.91356516272,-1925.61774349002,-984.539906358269,7652.65008972883
1624.62010159652,-1435.63068820225,2069.45986600915,-7820.37643205769
2123.58177454576,3135.95497053113,-4933.54403658851,5939.18936306435
3082.79691641765,51.3818991850088,-4687.96656048918,6276.39117379579
2099.10934820358,2789.50735098354,-2000.70553608671,7277.015181076
-2389.32190165987,-1311.35190468135,-5646.82952919323,5775.99241800459
-520.929009244373,2276.51942912108,4695.48090642101,2773.83647710308
2098.53198240035,-2296.24677766265,7775.59522384379,2101.41328824339
-2359.6114441157,-1830.6506857341,3615.36421995112,-6972.98567573079
829.962878757053,-3401.64782243125,3816.45381716852,-6966.18205110291
-206.275761944315,-3494.26614623593,3880.87276231776,7301.58732632898
1310.35935438802,-2100.14468449823,725.838010693997,-8254.59903380662
-7338.76355446432,716.711036911375,-4400.26454620938,-4759.92546491137
3811.4927372643,2625.59139273055,-3124.59606824602,-7564.04508552261
1002.78077526257,-2131.93956856271,2348.00572260386,-7609.79387480766
2052.20734861427,-1820.1712109296,7273.05587638305,2029.58121922462
149.91887856651,3113.71623860805,-6719.59383697105,3089.93385595296
2202.57791208761,965.520144393191,1954.95047973965,-7380.47444832359
-1957.32669165827,-6702.66968869969,717.53616511126,-4281.34669528687
-2435.53826905215,2584.48598375501,-5101.35755037481,-6422.09852222366
43.23828125,-3555.98307259593,4196.108569965,6967.95345118364
3609.77837205629,17.2647094726562,-2317.67892756228,-7125.95769633767
2288.48924589403,-1414.10116645179,-6750.97387628436,-5463.62831128942
-2848.9127660904,2086.02014923096,-7008.73339881176,1160.83007630305
3530.49739433601,1416.46091211474,-7029.61712305393,4000.49490057606
-1265.44800722843,-2613.71238736013,-4195.19660406815,6397.93898784516
-2487.02659232025,1659.6333336557,5566.98976010928,-6049.03520228068
-5762.47209254029,-6744.46031672816,NaN,NaN
-3089.98440766962,-203.71142578125,-7139.34875093724,2657.00661014129
-2684.89565920892,3255.98597965894,6133.79978609707,-6740.43458034568
-1828.57214085559,-7240.81950334683,-4145.56037361151,3356.63437891673
3262.17698121252,-2740.29014872176,7120.49647595187,-4396.27343948445
2599.84500888171,60.9219503450282,6402.60902785564,2519.2698559361
-3487.851537202,-825.7453125,-3416.5477658142,-7075.38558350633
1880.37197508579,-9.74921227555245,-7132.23421093458,-3117.88013971982
-3107.0276369583,-3085.09261877894,-4921.74347279268,6516.97596836909
-3258.59477117703,3567.95424121324,7220.70553533522,-3072.28796918331
933.361623213892,4663.20355221182,NaN,NaN
3194.60976129306,2123.66070110235,-6109.20247813971,5355.50678008568
-1492.59708475933,3772.26642614168,-6632.53359509009,7935.81279094007
-3436.50439260839,-2198.85238634105,6049.13306791024,6778.96076862686
2262.07136656746,-2766.41653339956,-5036.87399748866,-6449.69494376211
2718.86409244113,-412.107849121094,6724.80196984568,-1818.70156798549
2282.20424830914,-225.660433396423,5061.30988266667,-6380.75210054726
2546.15736078221,1315.21144675711,5768.96129909712,-7066.23646276138
-7587.57871852821,-2208.25666461902,NaN,NaN
2738.36130593913,1301.14010332577,6992.75074735115,-2546.25870873385
-2058.47922485204,-2657.06179530679,4508.30819023664,-6845.4765454535
1422.97909886925,2393.70060956343,7017.07166297469,-2234.24455909944
-1314.49295774648,-2577.28513709776,-6347.06584663713,-5219.75505196694
2845.27155721413,1594.55656120239,-6808.96838888197,5846.04966894913
2829.19679692196,1048.53172717968,5682.19390753199,-5920.82524456264
-3683.64182935466,-1422.13492562088,6752.6341760704,-4466.44463255303
-7479.68534036792,1463.35590141993,5352.10771893941,-943.34375
456.161282633219,3482.90711523831,6092.92210500795,-6607.0575403979
-1837.33136765809,-992.96601632367,7242.47597138929,2872.53558155247
-7311.80500840881,-733.000092683434,4416.1230727813,-1833.08970715145
2079.9545311061,-2525.03397894186,1478.17119779249,6690.68180217513
3245.50411478956,-218.067908450785,6780.40720432272,-2061.78666848722
221.858988694553,7253.45920117527,4588.11669886285,-3427.31924695936
-2492.77335198424,2410.35772830167,5962.33096616042,6025.074774179
1952.44333746494,-1945.63990215808,-7243.28883786461,-237.413226564436
3022.0698287954,2477.46523107999,446.141480844059,-7748.9249111989
1231.39860600449,2561.93171244009,6126.81505577689,7387.46856730269
3332.99340829452,-3009.66031774155,5482.02636282924,6176.29621416937
-2000.55259460252,3716.89501117045,4513.46775703785,-7058.11529796462
-2486.17454085907,-3033.01472790142,-6491.32177245047,5553.73727019214
3521.75924192169,1045.70370854478,6542.28703471262,-5528.34038813508
1612.26048212157,-109.090417117037,-1189.07312488759,8390.88123802758
-3106.41845760143,-198.12850422533,-7226.8927383586,4728.39138429014
-1793.74813960173,-1638.1751191302,-3566.79709311717,6201.35119047498
1582.7379019165,-80.1501298810615,6566.5515709563,2791.44472147684
-3895.8213162606,2388.70350620361,-7572.28012519219,4181.80100984285
3561.59520119385,-7263.58736898716,NaN,NaN
-395.419982327018,-7383.95885323412,402.951887489452,4211.81819692068
3820.81974932916,749.004537482011,7149.63037066608,-3733.43508392462
847.351468441628,-2200.97249685579,1122.61614524456,6933.59366922763
-2539.19666806591,3262.23501128269,-7754.55346291907,5118.1676340046
-7305.18520191096,1067.64204680178,4532.63865481593,-1272.57135009766
879.835862379808,-74.5696868583162,1970.21035479329,-7580.44886027537
2858.04841927649,-1932.9615885899,-6521.18370141737,-5491.53611194857
3083.86234242207,1510.80106292686,6299.52500526816,-6543.60015300153
2801.78728230794,-1776.53065536479,-5447.64005342677,-5964.76249749868
193.751693725586,-3284.72287561785,-4875.25650463538,-6839.51284855166
-2754.58327371529,2129.47540218195,-7290.39285729122,-2734.5965992416
6834.2299602942,-3397.34586542726,3823.47376594422,-276.604751586914
-2537.9195317773,-3244.6638401414,-3256.85912027036,-7253.57619808828
-3103.20881274018,2240.81607791917,-6476.97744972839,-5266.95173403112
-3651.20613790542,3298.86939373783,-7396.13638515521,3038.04198395033
2300.10477901702,-2648.81814359342,-3922.64181728362,-6692.14485397139
-3002.01253787688,180.344123293515,-6581.06383474622,-4641.12780600689
3280.60758668151,-2259.88156890869,-7186.3303604269,-4016.98245663313
-2451.16674203751,2345.42592128543,7603.23656904144,1172.9601245652
3111.36017798306,650.384595673997,-7869.22828148909,-1648.42513006922
7626.73339931313,-1238.14726465444,-4618.23082633764,618.039935481745
2401.88328930057,2927.00771193612,4713.63051042139,-6562.93393457222
2005.66624809521,-6163.72199571205,2018.68148570636,3778.25607180244
-2209.06727160935,-3137.99484218094,3815.33927591758,-7248.22628027109
-2682.03644842969,-436.527407464728,-6846.18976035498,2251.40034315321
2912.7240480116,-2171.46923754179,5907.45307264095,4906.07057224385
-3161.34626398588,1473.51438189064,5542.03179949571,-7102.30544729539
-1928.99231719971,872.612499697243,-6745.38007877811,-4937.72025758786
2756.16544271378,-988.252728342744,-5607.51303309661,6610.53767740106
769.312945856974,2482.67271074118,2550.55861584791,-7715.43164261541
-7295.09260395384,-3658.99885847103,NaN,NaN
2253.86944626527,-2272.07420781558,-8033.92165052178,-389.334914634146
2461.46077114192,-541.022005712255,-7822.31321839393,-2609.23345823677
1699.62100938433,2366.22301990524,-3859.96356548955,6505.44009320542
-2607.90084770099,2922.24940764744,-6010.84253313214,-5713.0709884348
-2690.85001375801,2861.73369284492,-7470.83343278401,-729.223940496575
-1790.97847996766,43.4849017113596,3850.2707487722,-6967.13256909084
-2035.76604394577,-3832.42677552569,-2138.86855518913,7217.64476077132
1961.80164893191,2680.32408092116,2110.01155448244,-7836.93023280988
-1250.65944357788,1460.7695655841,-7009.17320988199,-5198.92176053194
3265.68455217346,989.256994564014,-6418.05404941138,5739.51054408336
-2657.77862070122,-2606.97727938629,-6056.08112235666,5616.47813788368
3496.23166765976,1253.48057268651,7045.07706169141,-5217.95581062798
2943.44133416896,2846.76716627257,1845.41629689391,7185.5852841036
-3437.75479093156,-1143.58041310638,6327.00583319181,5233.0513725691
1650.03086468838,2952.76046042429,2135.81515239076,7105.86926524674
-2932.1508648066,3165.92525864392,4616.91042646681,6905.66874430616
-2806.70624932401,2080.64675235081,6156.92638016713,5839.92306294804
-798.942645415158,-7261.77167679918,1166.70267260579,5009.21557541103
-3676.69452626292,1209.93461539205,7088.48915681351,-2755.50767299384
-2212.79561255394,-3005.51616301364,1169.37135731784,-7773.41013608969
-567.181240394467,-2628.3316431399,816.144469806266,7644.77563207748
419.489535547688,2020.62393212664,7342.60499361442,150.327755746196
2204.22605301969,1541.26939434696,6867.35222274071,-987.906192555147
3941.96577012308,1844.8706484531,6884.34156418968,-5066.77740182083
-2261.15799611175,-1346.3860209369,6992.84729499175,-1686.26538073632
-3046.06999167895,3454.61872878931,5330.06274808686,6516.15669136808
-3553.96400484294,1954.57830960405,-6949.98042037537,-3547.66945339832
2119.54975841809,2375.75730452188,-3665.26562089878,7467.39159154832
63.8520230645136,3529.83741156356,2370.99110912956,-7889.5552306768
-2045.00547758222,2119.5353667299,2007.77219126904,6858.50470200847
2617.09254064692,-2711.5926280517,5484.21239939711,5397.79738809721
-3102.76624049854,2415.66563341137,6990.79144203516,3657.76635603303
3158.53263831013,-1180.625,-7093.01594592713,1265.64430386412
7321.12282504155,-1553.56084402118,-3119.05983591368,-1457.24002075195
-4107.39906167084,-2600.93363329584,6525.18713610881,6961.59185142941
-2737.81314104811,2156.26535237613,6266.53321022542,5533.75466643058
-2386.38975761877,-2852.20161515392,-7043.93920005793,-7369.89512068684
2706.71025366365,-2118.1400951441,-6085.15664797808,-6456.03943032262
-904.019271624357,-2994.62138794492,-6861.69184744471,4278.09536293626
3001.22611074588,-222.882878938717,-5156.04683143818,5663.51985358791
6130.73794876457,-2987.39109441397,613.49693946395,-3683.56428527463
-2361.22542412237,2882.65028781315,7068.34998954825,4326.46076820396
-2725.28545264781,-2460.736328125,-1370.1201006772,7622.2435245202
2030.99404733947,-3250.86059360159,-3833.48988316214,-7144.37884588418
-1080.7816292899,-2398.61245542291,-2830.52463395865,7182.25797208541
-1349.30853690537,-962.878220791056,1662.13500691932,-8242.82734708705
-1782.2795344962,2921.23240699336,-4250.65192644483,-7078.13340486945
2578.11698166876,-1338.59805456409,6813.0182263508,2549.94146989225
3400.66160653456,1212.33368119661,-3957.94649356813,-6964.78088990917
-3569.99775218964,-776.017394457612,7790.91127558207,6170.80279584134
-2402.245436852,-2846.93264610383,5000.24373066581,-6321.88086334248
-1026.98559539927,-3216.10994688403,-5031.99419256316,-6996.87081977241
3501.66817931424,-2121.34282746425,-3939.05802175196,-7140.63627001035
-1754.41711998194,2540.92373584594,5160.4619054816,6256.47241043675
1309.31532894986,-2288.15747337322,-3346.82809726493,6891.65858249822
-3569.20395763475,-42.0545959472656,-7249.6866719464,4967.43348713472
1331.84746760264,-3006.10552913105,-3505.42151401751,6121.73462171628
-2223.16631573187,3702.89329593409,-7498.90281872253,4373.0809649505
834.381226198184,3962.49834400775,-2087.76056356453,-7567.75698226001
-1850.61408915342,-1270.3414559598,-5124.76234495999,6316.40487329279
7254.49207138285,-881.991458377322,-4132.70305154867,767.962535405563
3010.37632436743,-341.767836934578,5159.7962704358,-7402.71917140311
2131.25824120855,3118.24233739684,4814.04617665674,-6956.07352381783
-7004.05397551818,22.5806833920237,2776.77477216593,492.749086660231
170.191132802923,2544.00930669211,-2941.67424714985,6230.74945628703
3563.77475991653,749.904941113662,4932.5758666643,6913.53528303447
1754.49548397304,-188.304444684774,-8078.21912807769,-597.919420613563
-382.015453069982,1057.0166015625,-7957.58639004041,-2847.67743925853
2935.87280849001,-1500.04438075735,-7603.2114091208,-2672.45406287655
1613.77143067088,-2203.33837771282,-634.394582085167,-7631.76113871698
-675.206008888255,1849.13709527301,-7829.01898759999,-2428.33094847246
3089.61516293762,-1840.58355988691,7256.16859394386,1844.52047112518
485.803159916201,-3064.37099883649,3759.76808081228,6653.83649360063
-1700.33032490975,1342.61290322581,3150.06854733571,-7573.21918130823
-1643.5267071476,-1036.86810612243,-2679.35911244914,7566.24871573599
-610.797712524229,-2178.48284076336,1211.61546828003,-7628.8228798328
1199.05836605539,-2862.2094808453,3848.57940386953,6810.61828191968
2439.50031253446,-2900.65899656395,-5457.55075991513,-6252.9621765441
3366.99700753535,-1893.48895369088,-4254.06118344001,-6980.90672090894
-2981.9929963083,1574.09333751692,7426.77580669489,-859.060953975015
-3751.01250991071,1351.61687356173,-5766.42871719183,-7127.52931927751
-2543.6499572582,-3405.35789417313,5256.53519889954,-7488.02686322741
2580.14823845553,1982.71731807318,6473.76512295208,-6631.8025713488
-966.651027513587,2240.18241426701,2688.66512090258,-6236.27117757543
-3084.5805294678,2761.06342537778,5444.73972201336,6890.27025167596
2159.62941521352,2387.13954611287,6997.38521969547,-4186.52456801584
2529.89723212821,3250.36328455791,3009.51889535282,-7048.33446115104
6670.59510683272,4410.03213275704,NaN,NaN
-1643.39447555117,2462.95314782942,-6930.53770612268,-3649.60213864364
-2974.48541994285,2345.17557868473,6964.42041073964,3455.78487436981
-752.241345002043,-2227.25255303867,265.278465346535,7345.88111160926
-2987.33767694215,-348.478235021814,6928.22989505724,3616.73228371795
-2526.62357428397,2247.30178917491,-7535.35205265101,-3011.27774056245
-1891.19571839386,-2546.15737535061,-3947.4593815168,6181.37980444554
3182.32048600503,3261.18080718173,5952.74539971825,-6351.04886370175
-3660.78817782664,295.753887981649,7136.97299635837,-3955.48278441441
-1471.67666011684,-2184.99067936403,2702.99688726293,-6575.86957970379
2556.45511798929,-2354.70359819621,-5214.72111092226,-6467.99134729054
367.630073547363,2714.54784881197,1344.16474422599,-7686.43819162837
475.429016113281,2118.70427713355,-734.034649634104,7890.18610564701
948.821576939664,-5891.36578254794,-5443.32878565696,4389.48291228282
3377.33486658595,-1970.00882298134,-7295.41625900639,-3923.33491740153
-3048.22110989364,1336.01976309211,7198.36595275084,5700.4854893926
2723.5199936489,-2926.88121488309,2795.44662419206,6733.1977054276
-5813.54094448126,3704.85290874126,-3339.72909623081,-2390.185885388
-2159.86938185381,-2580.99694685502,-5895.39557609041,5936.44124127093
2997.45087116559,-2160.68510386162,7212.24477160897,3057.49012545304
-2939.84099321266,1768.91407559162,5925.34666386025,6040.65048827205
-2342.9624686375,-2608.97667630992,3010.50617781246,-7410.84313444537
2758.46990873986,-2348.31931108834,7397.57093496006,672.945351829936
3526.21988286635,656.70458984375,6914.09164940832,-6653.90503212141
3411.91906016219,-2497.22664001557,7138.9829132363,-848.608234997296
359.829803466797,3682.18180369406,1594.3604249426,7400.28377236182
5491.61519303043,2490.55750116209,-1328.53096795178,-4449.50855333783
-2868.3282013444,-2674.18613856402,6139.15097753455,-5952.03583156996
2952.01654260335,-959.311950683594,-7629.61980676119,-1020.50636691997
-2602.66120912876,-2968.03914589926,5543.24832695808,6216.83122228552
274.906686918793,7164.80310495643,-2577.43786236732,-5220.76988802484
3157.93647432504,-2471.46442685411,-7051.68378308842,1836.27667027891
1997.75453759389,-484.882522583008,7536.42589436007,3194.74693092166
2238.48236941339,-2155.60785829184,5942.08364714312,5867.24402480263
-2564.10008160597,1533.32080389371,-6925.44787105897,-2956.01135352582
2657.90764976998,-2714.16041914783,4260.60181737,-5968.7079665798
3490.7247719999,-2012.88375719261,5593.58204542791,-7002.42515856346
2369.59341848452,1272.06223567608,3536.8750363296,-7843.48180885768
-1517.4909871224,-3160.36901105721,-5192.05445667303,6447.99235376095
1118.62289138739,2992.69247837286,1851.5521664589,7254.52185462455
-1019.69457831432,-3269.93366561907,-2106.64746126634,-7414.09655918073
1624.08134157955,2606.3886630282,606.360120917085,-7333.06405987174
-2077.62286974595,1883.65475000538,-7527.40511604923,-1338.51402889489
-1167.79424862669,-2901.04317552017,-3882.93838960112,7330.66105832798
1989.32409911047,-676.774275776734,7847.62794837482,780.141646983197
-3225.65743412903,-635.498588988499,4948.50220175485,-6697.1588957371
-3285.60416245262,-4985.10385863185,1685.76015284516,-3915.85668555868
-3000.57764292973,2125.10374011447,-6049.73207636439,-5330.62568015358
3465.96978428751,1381.41019112723,-6551.82486586659,4431.10234598396
2966.22571253144,-2729.56245552604,6756.27435165663,5464.86325974435
4001.8357827947,1905.37267456773,4151.25209505028,7196.11245831202
3202.96919547094,-1481.21994267303,7080.77215747185,3700.22193444774
-3697.67568567281,2132.61727011582,-7141.36347470925,-1184.18384323224
-1415.3790953074,-2662.57533010023,-6720.07262003235,4597.09262551973
922.770313707625,-3572.10524148821,-4065.33941199402,6833.36261557016
-2020.91759718654,1061.44878546746,-6321.34827966582,-2909.41621991788
-3035.75185904953,1594.07011551216,-7787.29854965417,-594.635065748613
-3947.58119102684,-269.227837319939,7213.91624397999,6844.68287161969
-4183.38368820376,-3710.22121725773,4616.08603757782,7438.06791028184
7116.86639317854,-2478.60286102637,-4038.81412455059,-18.2739028930664
2744.03871308039,-1200.54422307822,6289.7642203747,6538.33081251328
-231.206142449446,-2379.44808714198,-6124.51035775713,-4743.14406591963
-3023.09382962137,3375.65230316218,-5849.79171549516,-6588.04991443161
11.7464218139648,2759.88391954146,1074.60243762918,-7916.18900923911
3638.26767865349,2735.49389648438,-6899.96174292841,-4110.47695529167
-3887.43037200997,-3151.24836523199,4186.7332859451,-6512.47481666603
-3334.69613515609,-3449.18661708619,-6838.17257681797,4808.5318847278
-2605.67956733258,1664.93293819625,7442.19546804367,511.75630517461
-2955.20576093076,2409.99898213798,-6404.45643359823,-5001.19197218139
1062.44911943424,-7309.87603859132,-4063.27477308965,-4024.175090064
-2094.52056916089,-3280.69139663707,-2200.72459221099,7680.6788111954
2115.95386574485,1330.8077045454,2631.73432789329,-7327.63674071456
-3069.46296678645,-2594.22194757126,5260.04618314213,-6393.86085300016
1610.24879247981,-2845.94030015576,7592.09108348379,2550.59703227417
-2624.45034236802,1167.75181485762,-1589.54235281944,-6791.47473824025
-2039.84363208341,-215.751703253374,6729.81746462913,3351.93686614835
2678.23908669716,2386.79494958824,5397.31267116941,-6412.85605324539
3602.40852455548,-345.206465956065,-6789.54514178683,-3228.19605874652
-676.839265055471,2299.59393935884,6184.42797159556,5469.01898125885
-1541.57954506504,1312.14493859061,-987.845530241836,7964.82050039204
-1749.89925635835,-2480.21740379334,-6294.09518323696,6361.35100425903
3540.70147497722,1506.54206013345,1510.71172422285,6815.45883235973
2924.94948678222,-2676.3883918105,-5093.63890246904,6676.62277934098
-3934.28386183877,-251.740566037736,7127.26460089754,-3588.45213112751
-1921.51099703261,1840.46357243137,-8291.93271771476,-1375.7791725606
-317.522102355957,3280.10666255677,-4305.81918090031,-6779.5432044555
3192.91574094789,-2168.74958539054,-7038.90876579967,-3851.02287251005
-1459.39574057982,2936.27534060366,-3554.70202976752,-7098.16958006271
1331.36098118998,3190.80945491784,-901.068441095517,7323.44470285189
5050.94829648198,-2877.34700191722,-3760.73020229566,-3280.49788806858
2530,2552,2918.81025785121,-7477.63128776784
-3681.45087956315,2614.86783611146,-7637.58329571414,-1616.59178860122
-612.340556845719,3000.80426660251,4016.150449565,-6831.13464252122
2394.55119550079,2983.72698442966,4371.7562445645,7370.29213774639
2677.1296584128,-2076.66406181485,-6578.42468261916,-3510.89617821411
3255.6454314684,2568.20979039633,-5588.92558289769,6428.45288377568
1799.93366530028,-2009.26068979261,-5721.11213765166,-6952.67179157745
-1971.99207405491,-3076.98699613222,-4770.13422580968,6217.69383674064
3335.35206234257,-43.0038511880789,6691.94448240365,-5415.05522373141
1893.05341508236,391.420231264323,899.612332503424,-7926.88984308829
1616.66638413915,-1847.53926292387,3229.38169736072,-7320.83203009202
2039.33582975503,2489.7080789347,-6143.84742582952,6189.61940820615
6134.28352811595,-5606.56444834737,2008.71474010442,2579.94286163673
-3882.35196111396,2134.44923846663,-7559.51447625694,-5596.47696929267
536.334346767236,3339.1858871665,-5133.82529917174,7982.64388997799
-2685.51118860284,-2276.58130325858,-4170.95610532441,6579.18964993632
1998.56578661403,3047.81195034326,-4607.21075747299,6886.41026422316
1943.00275660402,2811.88693932287,1231.12537487893,-7457.21550697575
1998.46128451915,-612.817184448242,-7152.53713647508,-3074.74617981264
980.773292541504,2104.99793293851,1933.91933106095,-8206.55884817119
-3174.7686128305,2685.06567980886,-7476.86683166302,-3050.37149629821
-2583.28650707589,2800.91480204781,-6701.70230060664,-3672.10871262345
-6964.640708557,1245.0546760477,-4532.78094985675,-4424.85754779626
-2175.93701215018,-2946.0791900037,-6242.05046659942,6583.09871060668
1535.31326820778,935.844692523663,7182.50557378381,1189.29316524669
-2093.01754645703,1723.79903718299,-7676.19016635136,-2285.44158202551
3107.68754399584,6747.76425099734,229.06859588623,4655.22603294056
1029.82935049862,2373.67561465075,2720.8224942685,-7496.33582603281
-3241.06170990037,-954.511387009633,-7298.08631493066,4552.00168266389
-236.529502868652,-3034.51715244863,4350.54636861034,6769.92518801211
-6125.58078114221,1901.33101645343,-53.593937257088,3179.19688382385
2475.87910461295,2928.25872342981,-5575.42232023781,6618.87441963047
-645.11949641732,-3194.49162335478,-2466.17989788035,7596.82169365586
620.157748818617,-3961.51389677342,-5189.02563644855,6924.76130910988
1372.6136336994,-3188.78488943354,4939.0416469344,6462.52257932347
-1620.69621077492,2815.91153276973,6943.31407680347,-2547.2330049429
-2879.13899082064,-1088.22539265477,7717.47484141221,-131.189338030134
1728.4038010376,3764.07580147766,-5796.1132009715,7776.39084518962
2963.09940785812,6506.6863323851,-1696.72061555748,2792.13348212324
-3026.43772977393,-2239.02793779038,4812.59715238076,-6511.53707516646
-3261.89573919635,-1226.77245561389,-3888.46374511751,-7051.7158264819
-894.758580694555,1612.44809401376,1229.80711072743,-7898.0162269826
1478.19798560159,3344.48028970433,3602.93751531547,-7202.19715176975
-5766.91889937664,-658.036573971766,6637.37121468637,-1549.24863735465
2958.88791747834,-1637.53112047651,5979.08958567182,5693.33109817956
469.411721160691,2921.93939879696,4347.22979940001,6674.85061133285
-3156.61924068363,-2245.75837556784,-6352.08467847764,6810.14095485269
3329.91862740503,-2614.54649432816,-7550.2826999471,-1428.95932257107
3090.03592724387,-415.14111328125,-7555.96680089737,463.853646896168
-2538.47862966266,-2828.6608161983,-5842.72134660063,6901.33617534894
-1129.71885115723,2421.4684058975,5085.93959368055,6535.69038043959
-3286.48446830677,-1938.1181373958,-6622.56207753941,4753.31038431213
-1474.664033173,1086.27041580379,-7865.24900025663,-1768.13744787791
-3242.76557078916,1361.21435397104,-2352.78642938744,-6848.45284580252
1411.95556640625,2997.93622098325,285.935094626266,-7453.52504448152
-2875.1504891339,-6525.21476375262,-1981.63446556315,3470.98834343974
2295.5984718914,-2019.5662382159,-7058.96734231848,-3420.0016879989
6293.21806803594,-2549.607495869,4883.21863375731,-1098.86632753465
-4122.67867419492,-1889.90204833269,6653.94395294633,-5449.04413790354
1317.27952584497,2118.8557363587,-7879.8133935585,-424.702321150182
1371.69521209242,-1676.79809161281,-7387.22797491657,334.784039521929
4531.91522797571,-3786.95857709053,-6184.66901427387,1336.84492510125
-2121.67234068785,-2759.97480551798,-4888.41448697,5609.01578295695
-2932.01879299385,1379.3077012697,-7182.82470766668,-3005.28606116786
-3022.56924053314,2041.23281451786,7362.00609690099,3347.72398915131
-2995.1322573398,2291.30335607151,5708.89546942286,6119.52877268493
3214.02743893689,-2538.08767897703,7042.16130787059,3507.21668166971
2715.51921521981,2606.98201759902,3669.88093421725,-6585.50873559649
1823.29964815094,3020.53023998114,720.812689922274,-7426.56331371428
2266.89051014176,-436.036262557519,-6095.96185369373,-3365.46350439412
-1909.87615444966,-7157.8976590427,-3233.15622504801,-2279.42460241932
-416.432282444478,-4920.56065733368,6202.54412004959,-7647.3187582045
1618.40660198133,2131.53066031288,-7687.20971118016,401.671619647116
-2541.03356559635,-3355.20750776941,2467.88656530876,7534.83836425936
1052.47682558905,2457.42801535108,-4863.97521856399,-6770.81555413893
-3725.40721599921,-5305.44699614074,-2433.86467538168,3012.28982958085
2445.38107187731,-1458.54166384097,-7437.44717387225,-3019.44983057497
2313.52720449075,626.019547360803,4427.44722407342,-6857.15387198547
1458.861328125,-3209.98466280386,6494.79881949002,4524.88133930527
-3229.86923186623,-2997.30521619401,5628.27639975622,-6761.64953031486
-1945.72915685737,-1340.6847826087,-1337.83830430798,7134.41779866953
1118.03916139101,-3432.57487818728,-4234.59301962839,6957.39767743073
2386.81030183128,2735.78777076904,-6641.54562111769,4751.07168968552
-3790.22124376868,1782.88930353301,6999.89806994174,-1811.53533637533
-2155.57187205281,-2255.87160702336,2108.57800899049,-7645.35711066634
3615.26976848136,-280.818230622465,-6583.38554125641,-4077.99336834011
-2784.05683954632,423.56303530532,-7120.74125713937,-4934.54995920907
-4883.62784799088,-1531.85217628974,-7400.36045251772,-6604.93349927541
2742.04682949361,6241.99173469232,-3186.04643974236,2641.17346058538
-3553.49196514519,-2406.89785717919,5737.45679524408,-6379.39880826754
-3082.24525976562,-1199.70067407702,6417.08884179699,5337.20599759513
2294.25737123916,1430.26770653114,4584.22056441952,-7430.79362804372
3164.12220562241,70.396306388132,7173.2067539069,-890.951796669588
-221.78750519593,-2560.77232899152,2664.70865054973,-7393.0983544659
-3128.51647075984,-2084.38589033115,3609.74946024989,-6514.76790809532
-3285.32846826981,-946.812798403662,-6764.30273809413,3546.08412278684
-1521.11347318285,-2635.93852341387,3068.20447897956,-7094.41145401414
-2427.66749226791,1999.9652163684,7666.63253008437,1587.0746278765
-2617.28819702602,1446.02208036598,6533.97411986505,6167.5671738334
2516.26540799004,2713.64661809393,3393.99291072477,-7444.02824360189
-3491.29217196848,-1991.57896299306,-6223.39627104768,5279.42515100495
1627.84726221605,141.85456795528,-7912.19013481019,-2990.86968548168
-3008.22321629462,-1354.46655051491,439.263107417114,-7732.89358682094
761.859622955322,290.441589355469,7366.10774544552,2110.56377439641
-2139.40888451835,3004.18619323491,-6775.60680327932,-4195.57578301164
-2161.93402389105,-3270.22669561333,6602.21652415575,-6182.14238679219
-2110.18072268881,2767.2224756781,-7248.87830243688,-1588.52577740134
1632.8740752346,-1767.56770750239,6990.81719253692,3898.69757797372
46.4185104370117,-3479.4894782189,-1328.90374213713,-7629.15803826557
-55.2582277311896,-3199.33497739943,-2351.54908985058,-7171.39515262524
-6661.92417422447,2804.08417333344,-4498.64984532823,-1177.39068688418
-1179,-2032,-6076.42540854776,-3437.1263566903
3247.52899903238,-2182.13394903719,7041.53473557771,5278.87316394347
2936.73798493074,-2201.16710753272,6552.99639073246,4325.01425369104
780.838725470678,2847.87607724742,-6829.74908903997,3450.53201938186
-1033.54431822661,-6675.95529361116,-2330.09152847968,-4167.99633263771
-2088.06955675745,-2855.35071807076,-3101.43199495901,7003.10834442077
-1256.69211309157,406.866577148438,6503.41061653837,2835.29429846719
-1468.80863154955,1671.27467038252,-7443.2676512112,658.165264273013
-7367.74111061989,995.10984078915,-4226.66064652568,-521.935195287069
4732.26338437479,-4159.69230442182,4476.24380832174,1220.12645216773
1995.74659158673,2910.46410638081,-3064.00147744051,7612.62183724001
1902.10981209572,-2140.60294587355,-6864.38143412105,710.004649772507
-2640.51050123337,3217.35336022463,4762.41551568222,6746.11981165376
-2558.89811675002,1829.04154200171,2162.20543767233,7206.80630955756
-845.818961532028,2526.8944955841,7940.75198591601,948.608762830669
-2397.63386351526,-650.767037767319,-7795.70676100168,523.476912313433
-1237.99383507433,-1738.45737637673,1292.40373115876,-7955.49080549144
3532.63299622599,676.874282389102,3431.29785481657,6744.49759695803
-46.6982345581055,2243.30847715557,2139.72795217719,-7551.40227367873
-3613.40203548636,-324.274762550353,6832.24239102779,3127.23360632732
-2596.8451316032,-2955.29299084195,-5482.04502860214,6003.28939813641
-1678.04638480462,1722.96226011336,-6390.11118112417,-5810.01874738434
3208.31177295207,2728.54393647428,-3773.48311563193,-7671.79427483109
-3201.70649626085,-1921.30362787653,-5933.08668077464,5227.43248601091
-1551.2115466655,934.756031235069,-7262.91923418153,1211.78271272263
3283.29681914044,3643.90536390291,3107.2704707482,-6974.35355214274
2098.09021644984,3667.64796279094,-4143.8129733701,-6964.72026025776
-1760.7848668352,2786.3448168354,-6821.46445191999,-3710.70741754269
-2915.67811060352,-55.1942138671875,5163.63217395334,-5678.33023714012
-2363.45435432259,-2357.22039364767,-5856.66630316563,5839.44610453864
-7162.66132149264,-194.048152911975,1846.68416061771,1768.71388867199
1319.61341879401,2804.42299238254,-6342.52869933294,-5158.31806991921
-110.185894012451,1040.92602073996,7757.91211891333,2787.33991880833
2331.62168144569,2848.10201877032,4770.85048247534,-6671.35340448703
-7370.21139328495,-655.319097314177,NaN,NaN
903.0197037529,6857.83426413308,910.948302249431,4660.12133737625
3362.60658401215,575.396019323411,-6745.26570591375,-3649.52163935008
-3799.41829728561,195.119323730469,7149.81767246706,-3574.77820975179
-2675.28505056766,-2310.14435027136,-7187.47191220758,4090.92159555849
-3424.86090380265,887.703357272523,-7077.47923251587,1461.36368865031
-2976.41288967285,-2961.92883285433,-5911.11720695061,6694.17993753479
2001.36771446381,-951.09814453125,-7681.60179779795,-2385.90828405821
644.074350237165,1417.75629388605,2317.66454624575,-7244.46095856062
-1722.92149888283,-948.349384243272,1430.8014264556,-7686.29668152458
-1540.03477968681,-2629.7051720495,-1436.73948669434,-7367.17922104661
-1112.29761337575,-2941.56893473701,-101.455856810225,7416.76399052882
-1655.52300012959,2076.99683784496,-715.839199118811,7705.27547720457
-3013.34901228818,3488.55265728963,7104.92557446159,-1864.72427070962
-2540.39365883346,-344.47265625,-7305.74165676388,1124.2470771629
-702.74232350297,2431.40221918279,-7616.90275966005,-1684.45358276507
2547.22840602971,2942.40484596274,-4933.82146104207,5559.88422859776
-1542.5497640842,-6406.72651746055,1189.27245691441,-3059.63113314637
3122.86177137302,-1724.68423461914,-7573.171773593,-878.596888846021
-1926.69419540457,-3497.70808326258,-3514.0670896168,7011.05867260433
-1618.64647849313,-2615.09918517314,-5298.31303181168,6169.23943542436
-1097.072578563,-7111.27364888014,1020.04452492544,4540.5027435644
1547.67255272417,-3269.83493017193,-6659.94929618439,3909.42763047149
-1570.54401384553,-1940.7819338725,-2676.43108285006,7748.34278928247
-3372.2656459904,2423.557770763,7504.01175700636,1789.98663455628
-2502.28455004276,-3581.35832930131,3454.72512293956,7015.25057017224
-2582.38076325667,-921.855367181968,-7801.0220248194,4.99230839814697
3326.81548126625,575.972193167009,-6637.95809671329,3349.26258883622
1964.84380854794,3416.00358022296,-6609.44528076552,-7080.51597807186
748.580757141113,3371.89031733832,-4342.43399842253,-6830.37955478584
-277.451965332031,1550.1134329476,2935.76351490261,-7919.59468429395
3475.39013723111,-2969.1531456687,-7247.4674215657,2735.65917095121
-1765.03496124031,-1750.8275334737,-7485.31230625442,277.992358852077
2740.4241495913,-2808.43782719622,-5723.48782955613,6139.74629780712
1893.3251374845,2299.78867815063,-3992.49014685413,6731.6144618281
-3524.26573113766,-398.298026161263,-281.983337402344,-8052.89082791412
-1964.7129440963,-2732.33315408519,-5003.94353315781,6125.13076314813
-2176.93197344244,-3014.49942366471,2656.68129670291,-7889.20196722264
1893,2825,6803.94797327307,5524.78264165554
-1702.35954242535,2725.00212188495,-3648.8787288216,-6912.55126170123
2078.91985237367,2814.53006183791,4037.64641335322,-7320.30429729805
-3141.58948793169,1109.69408863969,-4885.96154395032,6584.36086532485
3481.06355481955,290.447387695312,-2551.12244642103,-6874.5568803411
3017.27748007204,-2757.30941072835,6774.23793938732,6756.65506567015
2594.06919322471,-2573.78961877812,-4693.59209234572,-6480.7524547274
3187.03290928505,-939.199211779981,-6833.13454381884,-3444.84146243722
683.844152499008,-3911.58261675803,7076.34104966707,-3956.19575666182
-1077.20679410645,-7094.23171168635,-130.445383711014,-4191.84777989059
-2777.14202323701,2111.72605105972,-6141.23100368337,-5702.09527804063
-1632.43685652818,2512.34171649256,-7318.27312707242,-2514.69540344135
2445.54811553752,1042.89929496951,-4866.33130260044,6154.52536808819
1880.71587709326,3488.49888465814,2261.17778089336,-7393.85220496856
1431.19591640084,2784.14578281201,4495.97579443862,-6508.56862769498
-7783.12663856262,-1845.52174442874,NaN,NaN
-3006.57074834791,-1583.93567547045,6162.32626808059,-5185.82823409481
